Year,Year_recent,Pathogen,Antimicrobial,Percent_resistant,Region,Percent_resistant_predict,Surveillance,Host,CI_upper,CI_lower,Sample_size.x,icon,p.value,signif_level_raw,recent_years
,,,,,,,,,,,,,,,
2001,N,Escherichia coli,Aminopenicillins,52.72727272,Belgium,52.07357250940818,EARS,human_Blood_CSF,53.77590203267057,50.42513191587514,220,upward_arrow,3.7076363753628163e-7,***,Down
2002,N,Escherichia coli,Aminopenicillins,47.04370179,Belgium,52.41271896562989,EARS,human_Blood_CSF,53.999270839244275,50.872781551961886,1167,upward_arrow,3.7076363753628163e-7,***,Down
2003,N,Escherichia coli,Aminopenicillins,49.73262032,Belgium,52.75407422591915,EARS,human_Blood_CSF,54.22557277968356,51.32250716356614,1309,upward_arrow,3.7076363753628163e-7,***,Down
2004,N,Escherichia coli,Aminopenicillins,50.41009463,Belgium,53.09765267584683,EARS,human_Blood_CSF,54.45538967723429,51.773768150327456,1585,upward_arrow,3.7076363753628163e-7,***,Down
2005,N,Escherichia coli,Aminopenicillins,52.69157694,Belgium,53.443468794674686,EARS,human_Blood_CSF,54.689517482736825,52.22581014193351,1579,upward_arrow,3.7076363753628163e-7,***,Down
2006,N,Escherichia coli,Aminopenicillins,54.2645241,Belgium,53.791537155965564,EARS,human_Blood_CSF,54.92906162921521,52.6775696467139,1618,upward_arrow,3.7076363753628163e-7,***,Down
2007,N,Escherichia coli,Aminopenicillins,57.1230982,Belgium,54.14187242819734,EARS,human_Blood_CSF,55.17557592151678,53.12753516521176,1446,upward_arrow,3.7076363753628163e-7,***,Down
2008,N,Escherichia coli,Aminopenicillins,55.15789473,Belgium,54.49448937538135,EARS,human_Blood_CSF,55.431255644326114,53.573554085411025,1425,upward_arrow,3.7076363753628163e-7,***,Down
2009,N,Escherichia coli,Aminopenicillins,55.94275046,Belgium,54.849402857684396,EARS,human_Blood_CSF,55.699175644774435,54.01259460339614,1607,upward_arrow,3.7076363753628163e-7,***,Down
2010,N,Escherichia coli,Aminopenicillins,56.92386305,Belgium,55.20662783205502,EARS,human_Blood_CSF,55.983496031713834,54.440540027377246,1957,upward_arrow,3.7076363753628163e-7,***,Down
2011,N,Escherichia coli,Aminopenicillins,58.65412033,Belgium,55.566179352854014,EARS,human_Blood_CSF,56.28940496160868,54.852245995128044,3507,upward_arrow,3.7076363753628163e-7,***,Down
2012,N,Escherichia coli,Aminopenicillins,56.25962031,Belgium,55.92807257248856,EARS,human_Blood_CSF,56.62239339878442,55.242265717095215,3898,upward_arrow,3.7076363753628163e-7,***,Down
2013,N,Escherichia coli,Aminopenicillins,56.78160919,Belgium,56.29232274205093,EARS,human_Blood_CSF,56.98664605600875,55.606459039206754,4350,upward_arrow,3.7076363753628163e-7,***,Down
2014,N,Escherichia coli,Aminopenicillins,58.90125173,Belgium,56.65894521196133,EARS,human_Blood_CSF,57.38329275735917,55.94374108342426,2876,upward_arrow,3.7076363753628163e-7,***,Down
2015,N,Escherichia coli,Aminopenicillins,58.04038893,Belgium,57.027955432614505,EARS,human_Blood_CSF,57.81001669161386,56.25647399780187,2674,upward_arrow,3.7076363753628163e-7,***,Down
2016,N,Escherichia coli,Aminopenicillins,58.00321199,Belgium,57.399368955031264,EARS,human_Blood_CSF,58.26238400773145,56.549137364488885,3736,upward_arrow,3.7076363753628163e-7,***,Down
2017,N,Escherichia coli,Aminopenicillins,57.46412508,Belgium,57.773201431513385,EARS,human_Blood_CSF,58.735599884588794,56.82657213350411,4669,upward_arrow,3.7076363753628163e-7,***,Down
2018,N,Escherichia coli,Aminopenicillins,55.79302587,Belgium,58.14946861630354,EARS,human_Blood_CSF,59.225560478601416,57.09292867866025,4445,upward_arrow,3.7076363753628163e-7,***,Down
2019,N,Escherichia coli,Aminopenicillins,56.45653985,Belgium,58.52818636624924,EARS,human_Blood_CSF,59.72913556606107,57.351384158803185,3601,upward_arrow,3.7076363753628163e-7,***,Down
2020,Y,Escherichia coli,Aminopenicillins,56.49787977,Belgium,55.73898590993763,EARS,human_Blood_CSF,57.54920901014391,53.985703777798236,4009,upward_arrow,3.7076363753628163e-7,***,Down
2021,Y,Escherichia coli,Aminopenicillins,55.20619731,Belgium,55.98460969848929,EARS,human_Blood_CSF,57.26942082843777,54.72862267075382,4389,upward_arrow,3.7076363753628163e-7,***,Down
2022,Y,Escherichia coli,Aminopenicillins,56.57550535,Belgium,56.23131587209903,EARS,human_Blood_CSF,57.24318554365172,55.23733270044121,4205,upward_arrow,3.7076363753628163e-7,***,Down
2023,Y,Escherichia coli,Aminopenicillins,55.65834767,Belgium,56.479109200489795,EARS,human_Blood_CSF,57.664192535396616,55.318381058102354,4648,upward_arrow,3.7076363753628163e-7,***,Down
2024,Y,Escherichia coli,Aminopenicillins,57.33962264,Belgium,56.72799447440314,EARS,human_Blood_CSF,58.41045793304269,55.09399294175811,5300,upward_arrow,3.7076363753628163e-7,***,Down
2001,N,Escherichia coli,Fluoroquinolones,8.90052356,Belgium,14.090807888628328,EARS,human_Blood_CSF,15.942035485551498,12.454549303580462,191,upward_arrow,1.4673859088663577e-10,***,Down
2002,N,Escherichia coli,Fluoroquinolones,13.23529411,Belgium,14.598345710985704,EARS,human_Blood_CSF,16.357794974865442,13.028143330131684,952,upward_arrow,1.4673859088663577e-10,***,Down
2003,N,Escherichia coli,Fluoroquinolones,11.56685808,Belgium,15.1241645746545,EARS,human_Blood_CSF,16.789066427125707,13.62436411066095,1219,upward_arrow,1.4673859088663577e-10,***,Down
2004,N,Escherichia coli,Fluoroquinolones,15.37884471,Belgium,15.66892294577597,EARS,human_Blood_CSF,17.237913599868495,14.242741434934308,1333,upward_arrow,1.4673859088663577e-10,***,Down
2005,N,Escherichia coli,Fluoroquinolones,16.83778234,Belgium,16.233303007830653,EARS,human_Blood_CSF,17.707116399946923,14.88215927381793,1461,upward_arrow,1.4673859088663577e-10,***,Down
2006,N,Escherichia coli,Fluoroquinolones,19.36936936,Belgium,16.81801151591491,EARS,human_Blood_CSF,18.200463376345066,15.540566495524377,1554,upward_arrow,1.4673859088663577e-10,***,Down
2007,N,Escherichia coli,Fluoroquinolones,19.16726489,Belgium,17.423780681787747,EARS,human_Blood_CSF,18.72311678498032,16.214615159083888,1393,upward_arrow,1.4673859088663577e-10,***,Down
2008,N,Escherichia coli,Fluoroquinolones,16.8429003,Belgium,18.051369090796133,EARS,human_Blood_CSF,19.281968811473313,16.89930780607108,1324,upward_arrow,1.4673859088663577e-10,***,Down
2009,N,Escherichia coli,Fluoroquinolones,19.94680851,Belgium,18.7015626518272,EARS,human_Blood_CSF,19.885746446227582,17.587896263585662,1504,upward_arrow,1.4673859088663577e-10,***,Down
2010,N,Escherichia coli,Fluoroquinolones,21.54882154,Belgium,19.375175581476785,EARS,human_Blood_CSF,20.544425573709603,18.272471404284225,1782,upward_arrow,1.4673859088663577e-10,***,Down
2011,N,Escherichia coli,Fluoroquinolones,21.52719075,Belgium,20.073051423666822,EARS,human_Blood_CSF,21.267604178879882,18.945593968563035,3549,upward_arrow,1.4673859088663577e-10,***,Down
2012,N,Escherichia coli,Fluoroquinolones,22.16216216,Belgium,20.79606410598842,EARS,human_Blood_CSF,22.062291193583935,19.602509934514458,3515,upward_arrow,1.4673859088663577e-10,***,Down
2013,N,Escherichia coli,Fluoroquinolones,22.95161682,Belgium,21.545119034093414,EARS,human_Blood_CSF,22.931553246325137,20.242508181064565,4113,upward_arrow,1.4673859088663577e-10,***,Down
2014,N,Escherichia coli,Fluoroquinolones,26.70257791,Belgium,22.321154225504902,EARS,human_Blood_CSF,23.87502445469345,20.86841531426497,2599,upward_arrow,1.4673859088663577e-10,***,Down
2015,N,Escherichia coli,Fluoroquinolones,26.58869395,Belgium,23.125141484266592,EARS,human_Blood_CSF,24.89061635097776,21.48489057589531,2565,upward_arrow,1.4673859088663577e-10,***,Down
2016,N,Escherichia coli,Fluoroquinolones,24.54592631,Belgium,23.958087617901903,EARS,human_Blood_CSF,25.97609779066703,22.096850994813153,3854,upward_arrow,1.4673859088663577e-10,***,Down
2017,N,Escherichia coli,Fluoroquinolones,23.80191693,Belgium,24.821035698206817,EARS,human_Blood_CSF,27.129940140662413,22.708631494850568,4382,upward_arrow,1.4673859088663577e-10,***,Down
2018,N,Escherichia coli,Fluoroquinolones,21.80004749,Belgium,25.71506636745533,EARS,human_Blood_CSF,28.351558917469955,23.32374880011156,4211,upward_arrow,1.4673859088663577e-10,***,Down
2019,N,Escherichia coli,Fluoroquinolones,19.05732484,Belgium,26.641299191653182,EARS,human_Blood_CSF,29.64125873666013,23.944962288033835,3925,upward_arrow,1.4673859088663577e-10,***,Down
2020,Y,Escherichia coli,Fluoroquinolones,18.0787037,Belgium,17.69827711018622,EARS,human_Blood_CSF,21.240954439523282,14.746466010308499,4320,upward_arrow,1.4673859088663577e-10,***,Down
2021,Y,Escherichia coli,Fluoroquinolones,18.53420885,Belgium,18.107754765231412,EARS,human_Blood_CSF,20.60166082343617,15.915745116275126,4721,upward_arrow,1.4673859088663577e-10,***,Down
2022,Y,Escherichia coli,Fluoroquinolones,17.54850088,Belgium,18.526706333976644,EARS,human_Blood_CSF,20.57710999501663,16.680614900174803,4536,upward_arrow,1.4673859088663577e-10,***,Down
2023,Y,Escherichia coli,Fluoroquinolones,18.23683679,Belgium,18.955351010411356,EARS,human_Blood_CSF,21.545051068565353,16.67693108660746,4957,upward_arrow,1.4673859088663577e-10,***,Down
2024,Y,Escherichia coli,Fluoroquinolones,20.38396386,Belgium,19.39391305992488,EARS,human_Blood_CSF,23.244046347963035,16.181514102379428,5313,upward_arrow,1.4673859088663577e-10,***,Down
2001,N,Escherichia coli,Third-generation cephalosporins,1.8018018,Belgium,2.4693971335988265,EARS,human_Blood_CSF,2.917941638810505,2.089802661684457,222,upward_arrow,1.094759103952863e-37,***,Down
2002,N,Escherichia coli,Third-generation cephalosporins,2.79424216,Belgium,2.6980887908765263,EARS,human_Blood_CSF,3.1485545159665214,2.312071487578766,1181,upward_arrow,1.094759103952863e-37,***,Down
2003,N,Escherichia coli,Third-generation cephalosporins,3.49544072,Belgium,2.9479596555797247,EARS,human_Blood_CSF,3.39821206177436,2.5573642765507834,1316,upward_arrow,1.094759103952863e-37,***,Down
2004,N,Escherichia coli,Third-generation cephalosporins,2.64650283,Belgium,3.220971140872819,EARS,human_Blood_CSF,3.668799362946501,2.827806610281194,1587,upward_arrow,1.094759103952863e-37,***,Down
2005,N,Escherichia coli,Third-generation cephalosporins,3.61445783,Belgium,3.5192663070198438,EARS,human_Blood_CSF,3.9625272943296865,3.1255899126419053,1577,upward_arrow,1.094759103952863e-37,***,Down
2006,N,Escherichia coli,Third-generation cephalosporins,2.91021671,Belgium,3.845186683780389,EARS,human_Blood_CSF,4.282049926835891,3.452893096939519,1615,upward_arrow,1.094759103952863e-37,***,Down
2007,N,Escherichia coli,Third-generation cephalosporins,3.92832529,Belgium,4.201290650732973,EARS,human_Blood_CSF,4.630639281284574,3.8117508317425686,1451,upward_arrow,1.094759103952863e-37,***,Down
2008,N,Escherichia coli,Third-generation cephalosporins,4.18736692,Belgium,4.590373519806035,EARS,human_Blood_CSF,5.012437656230368,4.2038486055073285,1409,upward_arrow,1.094759103952863e-37,***,Down
2009,N,Escherichia coli,Third-generation cephalosporins,6.45363408,Belgium,5.015489477658547,EARS,human_Blood_CSF,5.432791039958383,4.630241530639894,1596,upward_arrow,1.094759103952863e-37,***,Down
2010,N,Escherichia coli,Third-generation cephalosporins,5.17418032,Belgium,5.479975560151481,EARS,human_Blood_CSF,5.898600277855219,5.091060713606576,1952,upward_arrow,1.094759103952863e-37,***,Down
2011,N,Escherichia coli,Third-generation cephalosporins,6.04767879,Belgium,5.987477847102759,EARS,human_Blood_CSF,6.418481273237981,5.585416462773416,3985,upward_arrow,1.094759103952863e-37,***,Down
2012,N,Escherichia coli,Third-generation cephalosporins,6.88308518,Belgium,6.541980082946812,EARS,human_Blood_CSF,7.002396781174437,6.111836381613155,4097,upward_arrow,1.094759103952863e-37,***,Down
2013,N,Escherichia coli,Third-generation cephalosporins,7.99802517,Belgium,7.147834947962566,EARS,human_Blood_CSF,7.660652564816963,6.669346248381353,4051,upward_arrow,1.094759103952863e-37,***,Down
2014,N,Escherichia coli,Third-generation cephalosporins,9.74304068,Belgium,7.809798225539849,EARS,human_Blood_CSF,8.40284853712953,7.258603800144297,2802,upward_arrow,1.094759103952863e-37,***,Down
2015,N,Escherichia coli,Third-generation cephalosporins,9.67990744,Belgium,8.533066133687221,EARS,human_Blood_CSF,9.237636982735367,7.882234144723771,2593,upward_arrow,1.094759103952863e-37,***,Down
2016,N,Escherichia coli,Third-generation cephalosporins,10.48969761,Belgium,9.323316113822731,EARS,human_Blood_CSF,10.173342422381603,8.544313142063432,3737,upward_arrow,1.094759103952863e-37,***,Down
2017,N,Escherichia coli,Third-generation cephalosporins,9.73886986,Belgium,10.186751397027518,EARS,human_Blood_CSF,11.21879464116783,9.24964823262333,4672,upward_arrow,1.094759103952863e-37,***,Down
2018,N,Escherichia coli,Third-generation cephalosporins,9.02239448,Belgium,11.130149697594522,EARS,human_Blood_CSF,12.383916589917265,10.003316106935362,4644,upward_arrow,1.094759103952863e-37,***,Down
2019,N,Escherichia coli,Third-generation cephalosporins,9.98221996,Belgium,12.160916416102134,EARS,human_Blood_CSF,13.680035568756244,10.810490026589019,3937,upward_arrow,1.094759103952863e-37,***,Down
2020,Y,Escherichia coli,Third-generation cephalosporins,9.88425925,Belgium,8.671102611266743,EARS,human_Blood_CSF,10.506025800421623,7.156656753317654,4320,upward_arrow,1.094759103952863e-37,***,Down
2021,Y,Escherichia coli,Third-generation cephalosporins,8.26096166,Belgium,9.183801690918358,EARS,human_Blood_CSF,10.519038945157462,8.01805316415742,4721,upward_arrow,1.094759103952863e-37,***,Down
2022,Y,Escherichia coli,Third-generation cephalosporins,8.75555555,Belgium,9.726815294346236,EARS,human_Blood_CSF,10.855297281150907,8.71564668566101,4500,upward_arrow,1.094759103952863e-37,***,Down
2023,Y,Escherichia coli,Third-generation cephalosporins,10.08878127,Belgium,10.301935838171065,EARS,human_Blood_CSF,11.768381826699747,9.018222180130925,4956,upward_arrow,1.094759103952863e-37,***,Down
2024,Y,Escherichia coli,Third-generation cephalosporins,11.91865938,Belgium,10.911061719808941,EARS,human_Blood_CSF,13.170329181636598,9.03935400638834,5311,upward_arrow,1.094759103952863e-37,***,Down
2012,N,Acinetobacter spp.,Fluoroquinolones,66.4488017429194,Europe,63.630777003775115,EARS,human_Blood_CSF,68.81299771493052,58.83882284677247,3213,downward_arrow,2.575251828669486e-4,***,Down
2013,N,Acinetobacter spp.,Fluoroquinolones,58.58073859522085,Europe,61.50238596642357,EARS,human_Blood_CSF,65.53255236423607,57.72006953947412,4143,downward_arrow,2.575251828669486e-4,***,Down
2014,N,Acinetobacter spp.,Fluoroquinolones,59.460726846424386,Europe,59.445187654058074,EARS,human_Blood_CSF,62.567311402785585,56.47885862439107,4265,downward_arrow,2.575251828669486e-4,***,Down
2015,N,Acinetobacter spp.,Fluoroquinolones,60.336633663366335,Europe,57.45680073542794,EARS,human_Blood_CSF,60.02022947256681,55.00285453356315,5050,downward_arrow,2.575251828669486e-4,***,Down
2016,N,Acinetobacter spp.,Fluoroquinolones,52.269087026161245,Europe,55.53492353262522,EARS,human_Blood_CSF,57.99807817565188,53.17637805918326,5619,downward_arrow,2.575251828669486e-4,***,Down
2017,N,Acinetobacter spp.,Fluoroquinolones,51.91962097696455,Europe,53.67733135675362,EARS,human_Blood_CSF,56.460206853108744,51.031621422833695,6121,downward_arrow,2.575251828669486e-4,***,Down
2018,N,Acinetobacter spp.,Fluoroquinolones,53.31181804210849,Europe,51.881873932716736,EARS,human_Blood_CSF,55.23383932682249,48.73332861840664,6507,downward_arrow,2.575251828669486e-4,***,Down
2019,N,Acinetobacter spp.,Fluoroquinolones,51.096861289233885,Europe,50.146472910144816,EARS,human_Blood_CSF,54.17733865244727,46.41550891710877,5926,downward_arrow,2.575251828669486e-4,***,Down
2020,Y,Acinetobacter spp.,Fluoroquinolones,63.22336398053001,Europe,70.40921989963826,EARS,human_Blood_CSF,77.0949187121412,64.30330726965144,7396,downward_arrow,2.575251828669486e-4,***,Down
2021,Y,Acinetobacter spp.,Fluoroquinolones,73.64714272978514,Europe,67.05303370844184,EARS,human_Blood_CSF,71.49338314526011,62.88846787919176,11217,downward_arrow,2.575251828669486e-4,***,Down
2022,Y,Acinetobacter spp.,Fluoroquinolones,65.31067445565587,Europe,63.85682636328342,EARS,human_Blood_CSF,67.28868976851666,60.599995143588274,9415,downward_arrow,2.575251828669486e-4,***,Down
2023,Y,Acinetobacter spp.,Fluoroquinolones,64.64761471023567,Europe,60.81297217544317,EARS,human_Blood_CSF,64.84211408091284,57.0341920097859,8783,downward_arrow,2.575251828669486e-4,***,Down
2024,Y,Acinetobacter spp.,Fluoroquinolones,53.09655718242976,Europe,57.91420894881236,EARS,human_Blood_CSF,63.416236230787085,52.88954055804375,10108,downward_arrow,2.575251828669486e-4,***,Down
2000,N,Enterococcus faecalis,Aminopenicillins,3.459119496855346,Europe,3.1831823362600513,EARS,human_Blood_CSF,3.9031364892717835,2.5960275316348134,318,downward_arrow,1.1222395477261643e-11,***,Non
2001,N,Enterococcus faecalis,Aminopenicillins,2.7885633603953406,Europe,3.033002501632671,EARS,human_Blood_CSF,3.673595973703424,2.504114290400924,2833,downward_arrow,1.1222395477261643e-11,***,Non
2002,N,Enterococcus faecalis,Aminopenicillins,2.748565965583174,Europe,2.889908023842,EARS,human_Blood_CSF,3.4585530169089913,2.414757948030651,4184,downward_arrow,1.1222395477261643e-11,***,Non
2003,N,Enterococcus faecalis,Aminopenicillins,2.1532990912682735,Europe,2.753564621780135,EARS,human_Blood_CSF,3.257239857209251,2.3277739616066873,5062,downward_arrow,1.1222395477261643e-11,***,Non
2004,N,Enterococcus faecalis,Aminopenicillins,1.8121911037891267,Europe,2.6236537854374697,EARS,human_Blood_CSF,3.068959993559111,2.2429615245187398,6070,downward_arrow,1.1222395477261643e-11,***,Non
2005,N,Enterococcus faecalis,Aminopenicillins,1.7162974915652045,Europe,2.4998720318356837,EARS,human_Blood_CSF,2.8930889375684745,2.1600995719152025,6817,downward_arrow,1.1222395477261643e-11,***,Non
2006,N,Enterococcus faecalis,Aminopenicillins,2.468346335848574,Europe,2.3819301960651975,EARS,human_Blood_CSF,2.729074629649839,2.078943315542512,7819,downward_arrow,1.1222395477261643e-11,***,Non
2007,N,Enterococcus faecalis,Aminopenicillins,2.0629750271444083,Europe,2.269552755770867,EARS,human_Blood_CSF,2.57643586659348,1.9992229490414324,8289,downward_arrow,1.1222395477261643e-11,***,Non
2008,N,Enterococcus faecalis,Aminopenicillins,2.227305562244161,Europe,2.1624771875078683,EARS,human_Blood_CSF,2.4347556838543776,1.920647569487974,8306,downward_arrow,1.1222395477261643e-11,***,Non
2009,N,Enterococcus faecalis,Aminopenicillins,2.7456987980202685,Europe,2.0604533534641742,EARS,human_Blood_CSF,2.3036649359389845,1.8429190615219784,8486,downward_arrow,1.1222395477261643e-11,***,Non
2010,N,Enterococcus faecalis,Aminopenicillins,2.7708771259315883,Europe,1.9632429171169308,EARS,human_Blood_CSF,2.182810527331265,1.765761481974409,10466,downward_arrow,1.1222395477261643e-11,***,Non
2011,N,Enterococcus faecalis,Aminopenicillins,2.4523657580454006,Europe,1.8706187864576718,EARS,human_Blood_CSF,2.07180565581829,1.6889685740655567,10969,downward_arrow,1.1222395477261643e-11,***,Non
2012,N,Enterococcus faecalis,Aminopenicillins,2.0675572194333363,Europe,1.782364583485702,EARS,human_Blood_CSF,1.970169182565612,1.6124622883031836,11753,downward_arrow,1.1222395477261643e-11,***,Non
2013,N,Enterococcus faecalis,Aminopenicillins,1.9079685746352413,Europe,1.6982741387303202,EARS,human_Blood_CSF,1.8772759081811685,1.5363405228347895,13365,downward_arrow,1.1222395477261643e-11,***,Non
2014,N,Enterococcus faecalis,Aminopenicillins,1.5909263911090814,Europe,1.618151009621063,EARS,human_Blood_CSF,1.7923465575652249,1.4608852729321458,13137,downward_arrow,1.1222395477261643e-11,***,Non
2015,N,Enterococcus faecalis,Aminopenicillins,2.149810708491076,Europe,1.541808021580818,EARS,human_Blood_CSF,1.714491205154905,1.386517450928643,14792,downward_arrow,1.1222395477261643e-11,***,Non
2016,N,Enterococcus faecalis,Aminopenicillins,2.256830601092896,Europe,1.4690668307697934,EARS,human_Blood_CSF,1.6427891110901636,1.3137153994378745,18300,downward_arrow,1.1222395477261643e-11,***,Non
2017,N,Enterococcus faecalis,Aminopenicillins,0.927349829908197,Europe,1.3997575074588358,EARS,human_Blood_CSF,1.5763691950301761,1.24293286487996,21459,downward_arrow,1.1222395477261643e-11,***,Non
2018,N,Enterococcus faecalis,Aminopenicillins,0.9088581669226832,Europe,1.333718139058851,EARS,human_Blood_CSF,1.5144636569415688,1.174543916125968,23436,downward_arrow,1.1222395477261643e-11,***,Non
2019,N,Enterococcus faecalis,Aminopenicillins,0.9089013967062748,Europe,1.270794451878957,EARS,human_Blood_CSF,1.456428604152051,1.1088209434519873,23985,downward_arrow,1.1222395477261643e-11,***,Non
2020,Y,Enterococcus faecalis,Aminopenicillins,0.9219470271114932,Europe,1.2108394507297602,EARS,human_Blood_CSF,1.4017403931048031,1.0459370241847128,25598,downward_arrow,1.1222395477261643e-11,***,Non
2021,Y,Enterococcus faecalis,Aminopenicillins,1.106819435879126,Europe,1.1537130755298548,EARS,human_Blood_CSF,1.3499796519764475,0.9859806840049902,30809,downward_arrow,1.1222395477261643e-11,***,Non
2022,Y,Enterococcus faecalis,Aminopenicillins,0.9536959732836684,Europe,1.0992818741133221,EARS,human_Blood_CSF,1.3008118163136853,0.928974217176616,31142,downward_arrow,1.1222395477261643e-11,***,Non
2023,Y,Enterococcus faecalis,Aminopenicillins,1.1647436833649774,Europe,1.0474186904739013,EARS,human_Blood_CSF,1.2539688735036814,0.8748908655832289,27388,downward_arrow,1.1222395477261643e-11,***,Non
2024,Y,Enterococcus faecalis,Aminopenicillins,0.9543246428468768,Europe,0.9980023677175338,EARS,human_Blood_CSF,1.2092340971638595,0.8236690714443502,34789,downward_arrow,1.1222395477261643e-11,***,Non
2000,N,Enterococcus faecium,Aminopenicillins,70.83333333333334,Europe,71.4031404531594,EARS,human_Blood_CSF,74.54386627467103,68.39474153094709,96,upward_arrow,2.3980835861409233e-16,***,Down
2001,N,Enterococcus faecium,Aminopenicillins,67.72673733804476,Europe,72.4629494990139,EARS,human_Blood_CSF,75.4095348195159,69.63150034891501,849,upward_arrow,2.3980835861409233e-16,***,Down
2002,N,Enterococcus faecium,Aminopenicillins,62.264150943396224,Europe,73.53848887838794,EARS,human_Blood_CSF,76.29097559674184,70.88530857308558,1378,upward_arrow,2.3980835861409233e-16,***,Down
2003,N,Enterococcus faecium,Aminopenicillins,69.69866071428571,Europe,74.62999207050473,EARS,human_Blood_CSF,77.19010849632403,72.15478543742215,1792,upward_arrow,2.3980835861409233e-16,***,Down
2004,N,Enterococcus faecium,Aminopenicillins,74.55731593662628,Europe,75.73769602002857,EARS,human_Blood_CSF,78.10951091780684,73.43790187674257,2146,upward_arrow,2.3980835861409233e-16,***,Down
2005,N,Enterococcus faecium,Aminopenicillins,79.27442528735632,Europe,76.86184118850132,EARS,human_Blood_CSF,79.0526786788202,74.73171978003069,2784,upward_arrow,2.3980835861409233e-16,***,Down
2006,N,Enterococcus faecium,Aminopenicillins,81.21546961325967,Europe,78.00267160654215,EARS,human_Blood_CSF,80.02436420766873,76.0320539625729,3439,upward_arrow,2.3980835861409233e-16,***,Down
2007,N,Enterococcus faecium,Aminopenicillins,83.41756919374248,Europe,79.16043492682155,EARS,human_Blood_CSF,81.03095287756061,77.33309599940365,4155,upward_arrow,2.3980835861409233e-16,***,Down
2008,N,Enterococcus faecium,Aminopenicillins,83.5425053279659,Europe,80.33538247782258,EARS,human_Blood_CSF,82.08072385112766,78.62715355146541,4223,upward_arrow,2.3980835861409233e-16,***,Down
2009,N,Enterococcus faecium,Aminopenicillins,84.41950798446267,Europe,81.52776931839894,EARS,human_Blood_CSF,83.183636953446907,79.90486366632285,4634,upward_arrow,2.3980835861409233e-16,***,Down
2010,N,Enterococcus faecium,Aminopenicillins,86.77275838466804,Europe,82.73785429314398,EARS,human_Blood_CSF,84.35012638041613,81.1563992466392,5844,upward_arrow,2.3980835861409233e-16,***,Down
2011,N,Enterococcus faecium,Aminopenicillins,88.44205679201842,Europe,83.96590008858043,EARS,human_Blood_CSF,85.58871975283233,82.37385017611695,6515,upward_arrow,2.3980835861409233e-16,***,Down
2012,N,Enterococcus faecium,Aminopenicillins,89.55845598444876,Europe,85.21217329018519,EARS,human_Blood_CSF,86.90345403526906,83.55380758386985,7202,upward_arrow,2.3980835861409233e-16,***,Down
2013,N,Enterococcus faecium,Aminopenicillins,87.78761061946902,Europe,86.47694444025942,EARS,human_Blood_CSF,88.29292944266503,84.6983101243672,8475,upward_arrow,2.3980835861409233e-16,***,Down
2014,N,Enterococcus faecium,Aminopenicillins,88.49123667116068,Europe,87.76048809665876,EARS,human_Blood_CSF,89.75171858507035,85.81343502256846,8159,upward_arrow,2.3980835861409233e-16,***,Down
2015,N,Enterococcus faecium,Aminopenicillins,89.00247135475175,Europe,89.06308289239402,EARS,human_Blood_CSF,91.27283419034559,86.90683054450919,8902,upward_arrow,2.3980835861409233e-16,***,Down
2016,N,Enterococcus faecium,Aminopenicillins,87.37124193953605,Europe,90.38501159611776,EARS,human_Blood_CSF,92.84964530842548,87.98579998979295,11941,upward_arrow,2.3980835861409233e-16,***,Down
2017,N,Enterococcus faecium,Aminopenicillins,89.69493504597868,Europe,91.7265611735074,EARS,human_Blood_CSF,94.47674501979354,89.05643418340095,13702,upward_arrow,2.3980835861409233e-16,***,Down
2018,N,Enterococcus faecium,Aminopenicillins,89.38093380153465,Europe,93.08802284956037,EARS,human_Blood_CSF,96.15008285415837,90.12347926089704,15378,upward_arrow,2.3980835861409233e-16,***,Down
2019,N,Enterococcus faecium,Aminopenicillins,89.25728611720464,Europe,94.46969217181369,EARS,human_Blood_CSF,97.86677745004259,91.19052421638055,15955,upward_arrow,2.3980835861409233e-16,***,Down
2020,Y,Enterococcus faecium,Aminopenicillins,89.5373142760296,Europe,90.14572045176762,EARS,human_Blood_CSF,95.71669327002239,84.8989934581589,17701,upward_arrow,2.3980835861409233e-16,***,Down
2021,Y,Enterococcus faecium,Aminopenicillins,90.65730994152048,Europe,90.21631133678558,EARS,human_Blood_CSF,94.12353132198096,86.47128637124459,21375,upward_arrow,2.3980835861409233e-16,***,Down
2022,Y,Enterococcus faecium,Aminopenicillins,90.41562570974337,Europe,90.28695749978039,EARS,human_Blood_CSF,93.4619634193214,87.21981003110342,22015,upward_arrow,2.3980835861409233e-16,***,Down
2023,Y,Enterococcus faecium,Aminopenicillins,91.19752369897466,Europe,90.35765898403878,EARS,human_Blood_CSF,94.25877794806732,86.61799691031585,20676,upward_arrow,2.3980835861409233e-16,***,Down
2024,Y,Enterococcus faecium,Aminopenicillins,89.62759512076904,Europe,90.42841583288163,EARS,human_Blood_CSF,95.99925561247294,85.18085205842054,24758,upward_arrow,2.3980835861409233e-16,***,Down
2000,N,Escherichia coli,Aminopenicillins,34.98498498498498,Europe,44.38649082994357,EARS,human_Blood_CSF,46.489379858688196,42.37872335972814,2664,upward_arrow,1.9113087648090024e-13,***,Down
2001,N,Escherichia coli,Aminopenicillins,42.31903287630841,Europe,45.06474628364709,EARS,human_Blood_CSF,47.03481352433459,43.1771958989225,13566,upward_arrow,1.9113087648090024e-13,***,Down
2002,N,Escherichia coli,Aminopenicillins,45.4686643522748,Europe,45.7533659371753,EARS,human_Blood_CSF,47.592390634578834,43.98540326865004,21892,upward_arrow,1.9113087648090024e-13,***,Down
2003,N,Escherichia coli,Aminopenicillins,46.90443603574592,Europe,46.45250816247708,EARS,human_Blood_CSF,48.164020656122865,44.80181440813091,24842,upward_arrow,1.9113087648090024e-13,***,Down
2004,N,Escherichia coli,Aminopenicillins,47.5724404378622,Europe,47.16233375153114,EARS,human_Blood_CSF,48.75225068645986,45.62426746604691,31060,upward_arrow,1.9113087648090024e-13,***,Down
2005,N,Escherichia coli,Aminopenicillins,49.49857365526571,Europe,47.88300595332597,EARS,human_Blood_CSF,49.36046708214321,46.44976829961349,34003,upward_arrow,1.9113087648090024e-13,***,Down
2006,N,Escherichia coli,Aminopenicillins,51.14053690580872,Europe,48.61469051140445,EARS,human_Blood_CSF,49.99309156342342,47.274294499697824,38666,upward_arrow,1.9113087648090024e-13,***,Down
2007,N,Escherichia coli,Aminopenicillins,51.88043348815054,Europe,49.357555701982314,EARS,human_Blood_CSF,50.65566103234793,48.092715704935465,41985,upward_arrow,1.9113087648090024e-13,***,Down
2008,N,Escherichia coli,Aminopenicillins,52.20229521906797,Europe,50.11177237264916,EARS,human_Blood_CSF,51.35457939289881,48.8990419163173,43046,upward_arrow,1.9113087648090024e-13,***,Down
2009,N,Escherichia coli,Aminopenicillins,54.32903781967684,Europe,50.87751398166078,EARS,human_Blood_CSF,52.09629751611284,49.68724366935071,45241,upward_arrow,1.9113087648090024e-13,***,Down
2010,N,Escherichia coli,Aminopenicillins,54.33562071116656,Europe,51.65495663783173,EARS,human_Blood_CSF,52.88592982142926,50.452635592597886,56105,upward_arrow,1.9113087648090024e-13,***,Down
2011,N,Escherichia coli,Aminopenicillins,55.464567986172874,Europe,52.44427914103789,EARS,human_Blood_CSF,53.72589425912126,51.19323656778695,59593,upward_arrow,1.9113087648090024e-13,***,Down
2012,N,Escherichia coli,Aminopenicillins,55.2279313675882,Europe,53.245663023337556,EARS,human_Blood_CSF,54.6154720360779,51.91021014927792,65217,upward_arrow,1.9113087648090024e-13,***,Down
2013,N,Escherichia coli,Aminopenicillins,55.26456290218338,Europe,54.05929259072104,EARS,human_Blood_CSF,55.551574094061465,52.60709823381218,71174,upward_arrow,1.9113087648090024e-13,***,Down
2014,N,Escherichia coli,Aminopenicillins,54.804222725992304,Europe,54.885354965498266,EARS,human_Blood_CSF,56.53007352111579,53.28848879992199,74549,upward_arrow,1.9113087648090024e-13,***,Down
2015,N,Escherichia coli,Aminopenicillins,55.03666343843938,Europe,55.72404012933402,EARS,human_Blood_CSF,57.54690497379193,53.9589166393881,79507,upward_arrow,1.9113087648090024e-13,***,Down
2016,N,Escherichia coli,Aminopenicillins,55.73314609336746,Europe,56.57554096694061,EARS,human_Blood_CSF,58.598631443934494,54.62229674705632,108239,upward_arrow,1.9113087648090024e-13,***,Down
2017,N,Escherichia coli,Aminopenicillins,55.323121414838006,Europe,57.44005331043878,EARS,human_Blood_CSF,59.68259242008326,55.281776319016096,125866,upward_arrow,1.9113087648090024e-13,***,Down
2018,N,Escherichia coli,Aminopenicillins,55.150336574420344,Europe,58.31777598439577,EARS,human_Blood_CSF,60.7968403444376,55.9397984582488,133700,upward_arrow,1.9113087648090024e-13,***,Down
2019,N,Escherichia coli,Aminopenicillins,54.28282658131896,Europe,59.20891085155209,EARS,human_Blood_CSF,61.940008291917984,56.59823466127095,130603,upward_arrow,1.9113087648090024e-13,***,Down
2020,Y,Escherichia coli,Aminopenicillins,50.768829572230864,Europe,49.73585810833562,EARS,human_Blood_CSF,53.90841667241859,45.88625922374941,107371,upward_arrow,1.9113087648090024e-13,***,Down
2021,Y,Escherichia coli,Aminopenicillins,49.19665103326982,Europe,50.063555881966906,EARS,human_Blood_CSF,52.998326623765855,47.29129742792492,109168,upward_arrow,1.9113087648090024e-13,***,Down
2022,Y,Escherichia coli,Aminopenicillins,49.90816721991002,Europe,50.39341277851129,EARS,human_Blood_CSF,52.792151819103474,48.103666245073924,118694,upward_arrow,1.9113087648090024e-13,***,Down
2023,Y,Escherichia coli,Aminopenicillins,50.124605721747606,Europe,50.72544302391757,EARS,human_Blood_CSF,53.69729237341285,47.91806916593644,108743,upward_arrow,1.9113087648090024e-13,***,Down
2024,Y,Escherichia coli,Aminopenicillins,51.978531610329995,Europe,51.0596609378659,EARS,human_Blood_CSF,55.34076945802264,47.109734841460266,149429,upward_arrow,1.9113087648090024e-13,***,Down
2000,N,Escherichia coli,Fluoroquinolones,3.2715806070161606,Europe,9.850625504357579,EARS,human_Blood_CSF,11.942769723621025,8.124984829539127,2537,upward_arrow,1.6389552578541047e-10,***,Down
2001,N,Escherichia coli,Fluoroquinolones,7.714941868810104,Europe,10.409960756189522,EARS,human_Blood_CSF,12.43817745025702,8.712472818368306,13934,upward_arrow,1.6389552578541047e-10,***,Down
2002,N,Escherichia coli,Fluoroquinolones,9.896963123644252,Europe,11.001056013901652,EARS,human_Blood_CSF,12.96093899084408,9.337535922859868,22128,upward_arrow,1.6389552578541047e-10,***,Down
2003,N,Escherichia coli,Fluoroquinolones,11.883356385431073,Europe,11.62571466458642,EARS,human_Blood_CSF,13.514753190246811,10.000718441526454,26028,upward_arrow,1.6389552578541047e-10,***,Down
2004,N,Escherichia coli,Fluoroquinolones,13.745948448834696,Europe,12.285842494719256,EARS,human_Blood_CSF,14.104467508985847,10.70171034169745,32395,upward_arrow,1.6389552578541047e-10,***,Down
2005,N,Escherichia coli,Fluoroquinolones,15.384174968510248,Europe,12.983453504569498,EARS,human_Blood_CSF,14.73649073703071,11.438955712958531,34932,upward_arrow,1.6389552578541047e-10,***,Down
2006,N,Escherichia coli,Fluoroquinolones,16.837643281747724,Europe,13.720676052763434,EARS,human_Blood_CSF,15.419262691829037,12.209205790665784,39869,upward_arrow,1.6389552578541047e-10,***,Down
2007,N,Escherichia coli,Fluoroquinolones,18.108813031939235,Europe,14.499759349746148,EARS,human_Blood_CSF,16.163637184183028,13.007160381345651,43708,upward_arrow,1.6389552578541047e-10,***,Down
2008,N,Escherichia coli,Fluoroquinolones,18.707271597265382,Europe,15.323080319953084,EARS,human_Blood_CSF,16.98286420760237,13.825511858395883,45052,upward_arrow,1.6389552578541047e-10,***,Down
2009,N,Escherichia coli,Fluoroquinolones,20.11981705353117,Europe,16.19315085362738,EARS,human_Blood_CSF,17.891753546735483,14.655809665798646,46571,upward_arrow,1.6389552578541047e-10,***,Down
2010,N,Escherichia coli,Fluoroquinolones,20.398009950248756,Europe,17.112625470407774,EARS,human_Blood_CSF,18.904889915038012,15.490275362963418,60099,upward_arrow,1.6389552578541047e-10,***,Down
2011,N,Escherichia coli,Fluoroquinolones,20.57499289485887,Europe,18.084309418067953,EARS,human_Blood_CSF,20.0345780180035,16.323889968360408,66853,upward_arrow,1.6389552578541047e-10,***,Down
2012,N,Escherichia coli,Fluoroquinolones,20.75616333347022,Europe,19.111167231116188,EARS,human_Blood_CSF,21.2897613348811,17.155509974519354,73053,upward_arrow,1.6389552578541047e-10,***,Down
2013,N,Escherichia coli,Fluoroquinolones,20.936846711070057,Europe,20.196331775366716,EARS,human_Blood_CSF,22.67651436438303,17.987412466765367,82276,upward_arrow,1.6389552578541047e-10,***,Down
2014,N,Escherichia coli,Fluoroquinolones,21.19463007865634,Europe,21.343113806077252,EARS,human_Blood_CSF,24.199486160861962,18.823891710390757,84545,upward_arrow,1.6389552578541047e-10,***,Down
2015,N,Escherichia coli,Fluoroquinolones,21.445683421900863,Europe,22.55501206881388,EARS,human_Blood_CSF,25.8633035173262,19.66989905537532,91832,upward_arrow,1.6389552578541047e-10,***,Down
2016,N,Escherichia coli,Fluoroquinolones,20.79241936385935,Europe,23.835723973860084,EARS,human_Blood_CSF,27.67345103647813,20.530209138323382,125161,upward_arrow,1.6389552578541047e-10,***,Down
2017,N,Escherichia coli,Fluoroquinolones,21.214026363007022,Europe,25.189156876736956,EARS,human_Blood_CSF,29.63666263961706,21.409078069158156,141562,upward_arrow,1.6389552578541047e-10,***,Down
2018,N,Escherichia coli,Fluoroquinolones,22.47281800669692,Europe,26.61943999925048,EARS,human_Blood_CSF,31.761027490944045,22.310190880182862,154698,upward_arrow,1.6389552578541047e-10,***,Down
2019,N,Escherichia coli,Fluoroquinolones,21.297567370360753,Europe,28.130937027436108,EARS,human_Blood_CSF,34.055975832078275,23.23673301694623,161718,upward_arrow,1.6389552578541047e-10,***,Down
2020,Y,Escherichia coli,Fluoroquinolones,20.4007978647074,Europe,19.598028847608493,EARS,human_Blood_CSF,27.61477810328102,13.908593915736015,139372,upward_arrow,1.6389552578541047e-10,***,Down
2021,Y,Escherichia coli,Fluoroquinolones,19.02758103491376,Europe,19.878719409071856,EARS,human_Blood_CSF,25.333635056666793,15.598372853350906,144012,upward_arrow,1.6389552578541047e-10,***,Down
2022,Y,Escherichia coli,Fluoroquinolones,19.409721094840744,Europe,20.16343012949648,EARS,human_Blood_CSF,24.57799344309871,16.541786274308173,153995,upward_arrow,1.6389552578541047e-10,***,Down
2023,Y,Escherichia coli,Fluoroquinolones,21.260441943136016,Europe,20.45221858715641,EARS,human_Blood_CSF,26.06410410735476,16.048633147486253,147123,upward_arrow,1.6389552578541047e-10,***,Down
2024,Y,Escherichia coli,Fluoroquinolones,20.74061427984571,Europe,20.745143184984055,EARS,human_Blood_CSF,29.230489193624408,14.723016194315294,187439,upward_arrow,1.6389552578541047e-10,***,Down
2000,N,Escherichia coli,Third-generation cephalosporins,0.6972928630024611,Europe,1.631073123904213,EARS,human_Blood_CSF,2.0217219288268895,1.3159077406190842,2438,upward_arrow,2.297564649480652e-45,***,Down
2001,N,Escherichia coli,Third-generation cephalosporins,1.076858108108108,Europe,1.8667212905586175,EARS,human_Blood_CSF,2.276516892282401,1.530692958369035,14208,upward_arrow,2.297564649480652e-45,***,Down
2002,N,Escherichia coli,Third-generation cephalosporins,1.576517724936852,Europe,2.1364145638570844,EARS,human_Blood_CSF,2.5648360064568796,1.779555175134115,22962,upward_arrow,2.297564649480652e-45,***,Down
2003,N,Escherichia coli,Third-generation cephalosporins,2.39370796762795,Europe,2.445071587143464,EARS,human_Blood_CSF,2.8917103353143263,2.0674183694150727,26319,upward_arrow,2.297564649480652e-45,***,Down
2004,N,Escherichia coli,Third-generation cephalosporins,2.749700451626778,Europe,2.7983216213724447,EARS,human_Blood_CSF,3.2632186387901467,2.399656524254145,32549,upward_arrow,2.297564649480652e-45,***,Down
2005,N,Escherichia coli,Third-generation cephalosporins,3.710232280442385,Europe,3.2026072110996417,EARS,human_Blood_CSF,3.686826752186883,2.7819839764652765,35173,upward_arrow,2.297564649480652e-45,***,Down
2006,N,Escherichia coli,Third-generation cephalosporins,4.118616144975288,Europe,3.66530168306994,EARS,human_Blood_CSF,4.171849242363047,3.2202593256475667,39455,upward_arrow,2.297564649480652e-45,***,Down
2007,N,Escherichia coli,Third-generation cephalosporins,5.154639175257731,Europe,4.194843620333482,EARS,human_Blood_CSF,4.73003095094669,3.720210963002393,42098,upward_arrow,2.297564649480652e-45,***,Down
2008,N,Escherichia coli,Third-generation cephalosporins,5.888969761132799,Europe,4.800890764416988,EARS,human_Blood_CSF,5.376168555322045,4.287170667119025,45339,upward_arrow,2.297564649480652e-45,***,Down
2009,N,Escherichia coli,Third-generation cephalosporins,7.729585124111921,Europe,5.494496152405324,EARS,human_Blood_CSF,6.128571122167643,4.926023924173544,45604,upward_arrow,2.297564649480652e-45,***,Down
2010,N,Escherichia coli,Third-generation cephalosporins,8.450492318494124,Europe,6.288309701306661,EARS,human_Blood_CSF,7.009113496700997,5.641631986435835,59819,upward_arrow,2.297564649480652e-45,***,Down
2011,N,Escherichia coli,Third-generation cephalosporins,9.006567767418362,Europe,7.196808916180022,EARS,human_Blood_CSF,8.042870783622574,6.439747693258329,65319,upward_arrow,2.297564649480652e-45,***,Down
2012,N,Escherichia coli,Third-generation cephalosporins,10.431984019088311,Europe,8.236562929660712,EARS,human_Blood_CSF,9.257758637771776,7.328012270428936,72086,upward_arrow,2.297564649480652e-45,***,Down
2013,N,Escherichia coli,Third-generation cephalosporins,11.056653621560228,Europe,9.426534688414408,EARS,human_Blood_CSF,10.684713777391105,8.31651255084692,81001,upward_arrow,2.297564649480652e-45,***,Down
2014,N,Escherichia coli,Third-generation cephalosporins,11.029060068362908,Europe,10.788426797771152,EARS,human_Blood_CSF,12.358531351258135,9.417798075093918,85719,upward_arrow,2.297564649480652e-45,***,Down
2015,N,Escherichia coli,Third-generation cephalosporins,11.879506000740564,Europe,12.347077332024773,EARS,human_Blood_CSF,14.31907977801746,10.646656140364588,91822,upward_arrow,2.297564649480652e-45,***,Down
2016,N,Escherichia coli,Third-generation cephalosporins,11.80129736009811,Europe,14.130912829152772,EARS,human_Blood_CSF,16.612618034684466,12.019941526868863,123944,upward_arrow,2.297564649480652e-45,***,Down
2017,N,Escherichia coli,Third-generation cephalosporins,12.028395834518864,Europe,16.172466731636547,EARS,human_Blood_CSF,19.29313285273656,13.556568660065626,140584,upward_arrow,2.297564649480652e-45,***,Down
2018,N,Escherichia coli,Third-generation cephalosporins,13.362362493452068,Europe,18.508972728662172,EARS,human_Blood_CSF,22.423741365803757,15.277649964015295,152720,upward_arrow,2.297564649480652e-45,***,Down
2019,N,Escherichia coli,Third-generation cephalosporins,13.53740548892463,Europe,21.183043821027095,EARS,human_Blood_CSF,26.078238256582832,17.206735405536268,157918,upward_arrow,2.297564649480652e-45,***,Down
2020,Y,Escherichia coli,Third-generation cephalosporins,12.664590779320712,Europe,12.005278586856996,EARS,human_Blood_CSF,17.392721064286597,8.286611014764686,139057,upward_arrow,2.297564649480652e-45,***,Down
2021,Y,Escherichia coli,Third-generation cephalosporins,11.907935846698605,Europe,12.617699504927138,EARS,human_Blood_CSF,16.399149883149555,9.708206945545763,144030,upward_arrow,2.297564649480652e-45,***,Down
2022,Y,Escherichia coli,Third-generation cephalosporins,12.679441293140206,Europe,13.261361628953164,EARS,human_Blood_CSF,16.42606300495605,10.706382424127437,154786,upward_arrow,2.297564649480652e-45,***,Down
2023,Y,Escherichia coli,Third-generation cephalosporins,14.451696240397036,Europe,13.937858655232493,EARS,human_Blood_CSF,18.11436163824903,10.724303057031008,147090,upward_arrow,2.297564649480652e-45,***,Down
2024,Y,Escherichia coli,Third-generation cephalosporins,14.771186936206632,Europe,14.648865578713139,EARS,human_Blood_CSF,21.22165421797546,10.111806579217667,188123,upward_arrow,2.297564649480652e-45,***,Down
2005,N,Klebsiella pneumoniae,Fluoroquinolones,20.113068058273537,Europe,23.369911882735664,EARS,human_Blood_CSF,25.01659807812791,21.831616741060117,4599,upward_arrow,5.649128867097356e-12,***,Non
2006,N,Klebsiella pneumoniae,Fluoroquinolones,19.724154766263887,Europe,23.86287535005769,EARS,human_Blood_CSF,25.413403295768568,22.40694854384987,8193,upward_arrow,5.649128867097356e-12,***,Non
2007,N,Klebsiella pneumoniae,Fluoroquinolones,22.69226711678447,Europe,24.366237358090256,EARS,human_Blood_CSF,25.82111409942513,22.993334861721227,9479,upward_arrow,5.649128867097356e-12,***,Non
2008,N,Klebsiella pneumoniae,Fluoroquinolones,26.471727343144845,Europe,24.880217253004158,EARS,human_Blood_CSF,26.241361917850153,23.589675432798575,10328,upward_arrow,5.649128867097356e-12,***,Non
2009,N,Klebsiella pneumoniae,Fluoroquinolones,28.797553736846837,Europe,25.405039007844703,EARS,human_Blood_CSF,26.67631726493513,24.19434439095094,11119,upward_arrow,5.649128867097356e-12,***,Non
2010,N,Klebsiella pneumoniae,Fluoroquinolones,28.08862712102089,Europe,25.940931320130666,EARS,human_Blood_CSF,27.128862944262767,24.80501741404714,14262,upward_arrow,5.649128867097356e-12,***,Non
2011,N,Klebsiella pneumoniae,Fluoroquinolones,29.867639782286,Europe,26.48812771151206,EARS,human_Blood_CSF,27.602766752466952,25.418499382807962,16168,upward_arrow,5.649128867097356e-12,***,Non
2012,N,Klebsiella pneumoniae,Fluoroquinolones,28.02784222737819,Europe,27.046866629530054,EARS,human_Blood_CSF,28.102764451798535,26.030641780110336,17240,upward_arrow,5.649128867097356e-12,***,Non
2013,N,Klebsiella pneumoniae,Fluoroquinolones,29.055651899731988,Europe,27.61739155152342,EARS,human_Blood_CSF,28.63438042653125,26.636522416369683,19029,upward_arrow,5.649128867097356e-12,***,Non
2014,N,Klebsiella pneumoniae,Fluoroquinolones,29.139269293518566,Europe,28.19995109072675,EARS,human_Blood_CSF,29.203283446923855,27.23109005755131,20227,upward_arrow,5.649128867097356e-12,***,Non
2015,N,Klebsiella pneumoniae,Fluoroquinolones,30.118465671378868,Europe,28.79479910460676,EARS,human_Blood_CSF,29.81417240507376,27.810279091750335,22707,upward_arrow,5.649128867097356e-12,***,Non
2016,N,Klebsiella pneumoniae,Fluoroquinolones,27.105203289024665,Europe,29.402194805483767,EARS,human_Blood_CSF,30.469651016509196,28.37213524077501,30769,upward_arrow,5.649128867097356e-12,***,Non
2017,N,Klebsiella pneumoniae,Fluoroquinolones,28.435184060259992,Europe,30.02240287348664,EARS,human_Blood_CSF,31.16981404657824,28.917229757964723,32924,upward_arrow,5.649128867097356e-12,***,Non
2018,N,Klebsiella pneumoniae,Fluoroquinolones,31.057518700025792,Europe,30.655693571890456,EARS,human_Blood_CSF,31.912802537578912,29.448104636595872,38770,upward_arrow,5.649128867097356e-12,***,Non
2019,N,Klebsiella pneumoniae,Fluoroquinolones,30.509166926976956,Europe,31.30234286488689,EARS,human_Blood_CSF,32.69584323203995,29.96823363377137,41617,upward_arrow,5.649128867097356e-12,***,Non
2020,Y,Klebsiella pneumoniae,Fluoroquinolones,32.15194928368192,Europe,31.9626325378393,EARS,human_Blood_CSF,33.51613516837921,30.481136133881613,40066,upward_arrow,5.649128867097356e-12,***,Non
2021,Y,Klebsiella pneumoniae,Fluoroquinolones,32.82169938833017,Europe,32.63685032007375,EARS,human_Blood_CSF,34.37132644538952,30.98990085550731,43651,upward_arrow,5.649128867097356e-12,***,Non
2022,Y,Klebsiella pneumoniae,Fluoroquinolones,32.503224732659255,Europe,33.32529001026101,EARS,human_Blood_CSF,35.25965649205599,31.497044065594203,48066,upward_arrow,5.649128867097356e-12,***,Non
2023,Y,Klebsiella pneumoniae,Fluoroquinolones,35.12875225290547,Europe,34.02825160444256,EARS,human_Blood_CSF,36.179922842582094,32.00454330135904,48271,upward_arrow,5.649128867097356e-12,***,Non
2024,Y,Klebsiella pneumoniae,Fluoroquinolones,31.799176741321748,Europe,34.74604142675783,EARS,human_Blood_CSF,37.131386519513704,32.51393249739015,61706,upward_arrow,5.649128867097356e-12,***,Non
2005,N,Klebsiella pneumoniae,Third-generation cephalosporins,22.130254846438685,Europe,23.449509501792964,EARS,human_Blood_CSF,24.99181182330186,22.002386212030533,4591,upward_arrow,7.570280643679552e-16,***,Non
2006,N,Klebsiella pneumoniae,Third-generation cephalosporins,19.462590903488227,Europe,23.990672501813474,EARS,human_Blood_CSF,25.44605384408373,22.61853136898421,8113,upward_arrow,7.570280643679552e-16,***,Non
2007,N,Klebsiella pneumoniae,Third-generation cephalosporins,22.4953567136458,Europe,24.544324351230536,EARS,human_Blood_CSF,25.912844218933774,23.248079321923086,9153,upward_arrow,7.570280643679552e-16,***,Non
2008,N,Klebsiella pneumoniae,Third-generation cephalosporins,25.440369621715277,Europe,25.11075326516466,EARS,human_Blood_CSF,26.393790409736205,23.890086257234906,10389,upward_arrow,7.570280643679552e-16,***,Non
2009,N,Klebsiella pneumoniae,Third-generation cephalosporins,29.17614929449249,Europe,25.690254110106096,EARS,human_Blood_CSF,26.891018280934027,24.543107640879537,10985,upward_arrow,7.570280643679552e-16,***,Non
2010,N,Klebsiella pneumoniae,Third-generation cephalosporins,27.598741698706743,Europe,26.283128557413875,EARS,human_Blood_CSF,27.40734098113889,25.205029821788973,14305,upward_arrow,7.570280643679552e-16,***,Non
2011,N,Klebsiella pneumoniae,Third-generation cephalosporins,29.703032989299057,Europe,26.88968524035716,EARS,human_Blood_CSF,27.946430824559858,25.87289864901271,15793,upward_arrow,7.570280643679552e-16,***,Non
2012,N,Klebsiella pneumoniae,Third-generation cephalosporins,29.210371243370652,Europe,27.510239914780772,EARS,human_Blood_CSF,28.512911066746295,26.54282820849693,16970,upward_arrow,7.570280643679552e-16,***,Non
2013,N,Klebsiella pneumoniae,Third-generation cephalosporins,30.2336747759283,Europe,28.14511562347859,EARS,human_Blood_CSF,29.11220345237662,27.210153802161297,18744,upward_arrow,7.570280643679552e-16,***,Non
2014,N,Klebsiella pneumoniae,Third-generation cephalosporins,30.186274509803923,Europe,28.794642864360153,EARS,human_Blood_CSF,29.749932595228863,27.87002810954331,20400,upward_arrow,7.570280643679552e-16,***,Non
2015,N,Klebsiella pneumoniae,Third-generation cephalosporins,30.954782684969956,Europe,29.459159762498476,EARS,human_Blood_CSF,30.430867002100637,28.518480720661117,22801,upward_arrow,7.570280643679552e-16,***,Non
2016,N,Klebsiella pneumoniae,Third-generation cephalosporins,28.547644696895503,Europe,30.139012246147995,EARS,human_Blood_CSF,31.15782010978322,29.15351767141898,30633,upward_arrow,7.570280643679552e-16,***,Non
2017,N,Klebsiella pneumoniae,Third-generation cephalosporins,28.796748460675182,Europe,30.834554226824945,EARS,human_Blood_CSF,31.93120946560633,29.775562851482306,32969,upward_arrow,7.570280643679552e-16,***,Non
2018,N,Klebsiella pneumoniae,Third-generation cephalosporins,31.405453220938707,Europe,31.546147783543365,EARS,human_Blood_CSF,32.74955027895111,30.38696505767806,38436,upward_arrow,7.570280643679552e-16,***,Non
2019,N,Klebsiella pneumoniae,Third-generation cephalosporins,30.998368122366465,Europe,32.27416335130302,EARS,human_Blood_CSF,33.61043916287455,30.991014874246158,41057,upward_arrow,7.570280643679552e-16,***,Non
2020,Y,Klebsiella pneumoniae,Third-generation cephalosporins,32.4407749447902,Europe,33.018979913926955,EARS,human_Blood_CSF,34.51141194173678,31.59108750453068,39848,upward_arrow,7.570280643679552e-16,***,Non
2021,Y,Klebsiella pneumoniae,Third-generation cephalosporins,33.702867309929516,Europe,33.78098520134978,EARS,human_Blood_CSF,35.45041437540851,32.19017270402958,43839,upward_arrow,7.570280643679552e-16,***,Non
2022,Y,Klebsiella pneumoniae,Third-generation cephalosporins,33.701543171569234,Europe,34.56057589145836,EARS,human_Blood_CSF,36.42594962362531,32.790727991743616,48342,upward_arrow,7.570280643679552e-16,***,Non
2023,Y,Klebsiella pneumoniae,Third-generation cephalosporins,37.005252491831754,Europe,35.358157816591074,EARS,human_Blood_CSF,37.43705337196273,33.394704218875745,48358,upward_arrow,7.570280643679552e-16,***,Non
2024,Y,Klebsiella pneumoniae,Third-generation cephalosporins,34.022347269473244,Europe,36.17414617480222,EARS,human_Blood_CSF,38.48320709708151,34.00363301776886,62021,upward_arrow,7.570280643679552e-16,***,Non
2005,N,Pseudomonas aeruginosa,Fluoroquinolones,25.755208333333336,Europe,25.500457815661775,EARS,human_Blood_CSF,26.554751737653238,24.48802215259623,3840,downward_arrow,2.0068127340248444e-51,***,Non
2006,N,Pseudomonas aeruginosa,Fluoroquinolones,25.012805190370496,Europe,24.828633800772685,EARS,human_Blood_CSF,25.776943119737595,23.915211883322318,5857,downward_arrow,2.0068127340248444e-51,***,Non
2007,N,Pseudomonas aeruginosa,Fluoroquinolones,23.88967468175389,Europe,24.174509370347693,EARS,human_Blood_CSF,25.02434750122567,23.353532125798868,7070,downward_arrow,2.0068127340248444e-51,***,Non
2008,N,Pseudomonas aeruginosa,Fluoroquinolones,24.0316421167485,Europe,23.53761821880193,EARS,human_Blood_CSF,24.29673895987472,22.802215240861,7332,downward_arrow,2.0068127340248444e-51,***,Non
2009,N,Pseudomonas aeruginosa,Fluoroquinolones,23.3083645443196,Europe,22.917506325635447,EARS,human_Blood_CSF,23.59406113666685,22.260351583531488,8010,downward_arrow,2.0068127340248444e-51,***,Non
2010,N,Pseudomonas aeruginosa,Fluoroquinolones,21.941066929565125,Europe,22.3137316317757,EARS,human_Blood_CSF,22.916465299586843,21.726850665049295,9129,downward_arrow,2.0068127340248444e-51,***,Non
2011,N,Pseudomonas aeruginosa,Fluoroquinolones,22.43761805348444,Europe,21.725863724446988,EARS,human_Blood_CSF,22.26433847479712,21.200412269493338,10059,downward_arrow,2.0068127340248444e-51,***,Non
2012,N,Pseudomonas aeruginosa,Fluoroquinolones,21.17581499024798,Europe,21.15348353034213,EARS,human_Blood_CSF,21.6382901557187,20.67953901386222,10767,downward_arrow,2.0068127340248444e-51,***,Non
2013,N,Pseudomonas aeruginosa,Fluoroquinolones,20.78689070038263,Europe,20.596183016877763,EARS,human_Blood_CSF,21.03904190806955,20.162646032946043,12022,downward_arrow,2.0068127340248444e-51,***,Non
2014,N,Pseudomonas aeruginosa,Fluoroquinolones,20.290593933214375,Europe,20.0535649013202,EARS,human_Blood_CSF,20.467160834059026,19.648326825196907,11769,downward_arrow,2.0068127340248444e-51,***,Non
2015,N,Pseudomonas aeruginosa,Fluoroquinolones,19.76099351714442,Europe,19.525242367574574,EARS,human_Blood_CSF,19.9226530245394,19.135759130219714,12803,downward_arrow,2.0068127340248444e-51,***,Non
2016,N,Pseudomonas aeruginosa,Fluoroquinolones,16.795665634674922,Europe,19.010838790435255,EARS,human_Blood_CSF,19.404599772938393,18.625068063498123,15504,downward_arrow,2.0068127340248444e-51,***,Non
2017,N,Pseudomonas aeruginosa,Fluoroquinolones,17.538788272078342,Europe,18.50998746710116,EARS,human_Blood_CSF,18.911108479927364,18.117374578856943,16951,downward_arrow,2.0068127340248444e-51,***,Non
2018,N,Pseudomonas aeruginosa,Fluoroquinolones,18.463380355004947,Europe,18.022331355764326,EARS,human_Blood_CSF,18.439654691224614,17.614452815731934,19211,downward_arrow,2.0068127340248444e-51,***,Non
2019,N,Pseudomonas aeruginosa,Fluoroquinolones,16.78767660910518,Europe,17.547522821085593,EARS,human_Blood_CSF,17.987583673811216,17.118227925456452,20384,downward_arrow,2.0068127340248444e-51,***,Non
2020,Y,Pseudomonas aeruginosa,Fluoroquinolones,16.99877600979192,Europe,17.08522338637587,EARS,human_Blood_CSF,17.55248965807754,16.630396248547694,20425,downward_arrow,2.0068127340248444e-51,***,Non
2021,Y,Pseudomonas aeruginosa,Fluoroquinolones,17.07056783316288,Europe,16.635103492306268,EARS,human_Blood_CSF,17.13237802054208,16.152262567866476,22489,downward_arrow,2.0068127340248444e-51,***,Non
2022,Y,Pseudomonas aeruginosa,Fluoroquinolones,17.215380748931892,Europe,16.196842261975227,EARS,human_Blood_CSF,16.725669792818504,15.684735051504283,23874,downward_arrow,2.0068127340248444e-51,***,Non
2023,Y,Pseudomonas aeruginosa,Fluoroquinolones,17.011692979662403,Europe,15.770127272165022,EARS,human_Blood_CSF,16.33113618637051,15.228390195400992,21979,downward_arrow,2.0068127340248444e-51,***,Non
2024,Y,Pseudomonas aeruginosa,Fluoroquinolones,14.433506354036156,Europe,15.354654330624703,EARS,human_Blood_CSF,15.947819204668484,14.783551693635651,27935,downward_arrow,2.0068127340248444e-51,***,Non
2011,N,Escherichia coli,Aminopenicillins,85,Belgium,83.62590469053674,EFSA,broilers,88.83744376923921,78.72009412468289,836,downward_arrow,0.00644320472468866,**,Non
2012,N,Escherichia coli,Aminopenicillins,80,Belgium,82.58464359136799,EFSA,broilers,87.17984791064804,78.2316500953687,325,downward_arrow,0.00644320472468866,**,Non
2014,N,Escherichia coli,Aminopenicillins,73,Belgium,80.54085548992552,EFSA,broilers,84.21937485964055,77.0230058565499,158,downward_arrow,0.00644320472468866,**,Non
2015,N,Escherichia coli,Aminopenicillins,76,Belgium,79.53800762806051,EFSA,broilers,82.96509585553545,76.25248415860561,152,downward_arrow,0.00644320472468866,**,Non
2016,N,Escherichia coli,Aminopenicillins,82,Belgium,78.54764664416477,EFSA,broilers,81.88734545730402,75.34415432422902,151,downward_arrow,0.00644320472468866,**,Non
2017,N,Escherichia coli,Aminopenicillins,78,Belgium,77.56961705890066,EFSA,broilers,80.98563781445507,74.29768602242845,160,downward_arrow,0.00644320472468866,**,Non
2018,N,Escherichia coli,Aminopenicillins,84,Belgium,76.60376532886862,EFSA,broilers,80.2393185942363,73.13293489236946,146,downward_arrow,0.00644320472468866,**,Non
2019,N,Escherichia coli,Aminopenicillins,79,Belgium,75.64993982250218,EFSA,broilers,79.61660478269897,71.88090236663565,169,downward_arrow,0.00644320472468866,**,Non
2020,Y,Escherichia coli,Aminopenicillins,82,Belgium,74.70799079626292,EFSA,broilers,79.08583670463386,70.57248328369121,165,downward_arrow,0.00644320472468866,**,Non
2021,Y,Escherichia coli,Aminopenicillins,65,Belgium,73.77777037113181,EFSA,broilers,78.62141050863457,69.2325330431163,170,downward_arrow,0.00644320472468866,**,Non
2022,Y,Escherichia coli,Aminopenicillins,79,Belgium,72.85913250939329,EFSA,broilers,78.20463927028042,67.87900615045308,168,downward_arrow,0.00644320472468866,**,Non
2023,Y,Escherichia coli,Aminopenicillins,69,Belgium,71.95193299170846,EFSA,broilers,77.82246310475315,66.52424576018211,171,downward_arrow,0.00644320472468866,**,Non
2024,Y,Escherichia coli,Aminopenicillins,69,Belgium,71.05602939447364,EFSA,broilers,77.46585411574917,65.17657838980473,170,downward_arrow,0.00644320472468866,**,Non
2011,N,Escherichia coli,Fluoroquinolones,63,Belgium,68.19476711257101,EFSA,broilers,72.96502614086626,63.73637491144719,836,downward_arrow,4.623541100278842e-8,***,Non
2012,N,Escherichia coli,Fluoroquinolones,78,Belgium,66.21598470476606,EFSA,broilers,70.34479695613896,62.32950865087648,325,downward_arrow,4.623541100278842e-8,***,Non
2014,N,Escherichia coli,Fluoroquinolones,70,Belgium,62.42900662197063,EFSA,broilers,65.64933606053732,59.36664560037826,158,downward_arrow,4.623541100278842e-8,***,Non
2015,N,Escherichia coli,Fluoroquinolones,64,Belgium,60.61752715997065,EFSA,broilers,63.60459720964199,57.77073922626389,152,downward_arrow,4.623541100278842e-8,***,Non
2016,N,Escherichia coli,Fluoroquinolones,56,Belgium,58.85861072946529,EFSA,broilers,61.76936935307232,56.08501581424052,151,downward_arrow,4.623541100278842e-8,***,Non
2017,N,Escherichia coli,Fluoroquinolones,58,Belgium,57.15073212835432,EFSA,broilers,60.127638418011664,54.32121182109317,160,downward_arrow,4.623541100278842e-8,***,Non
2018,N,Escherichia coli,Fluoroquinolones,60,Belgium,55.49241041076445,EFSA,broilers,58.64805117774935,52.50656332746183,146,downward_arrow,4.623541100278842e-8,***,Non
2019,N,Escherichia coli,Fluoroquinolones,56,Belgium,53.88220760288257,EFSA,broilers,57.29513836791301,50.67257674668721,169,downward_arrow,4.623541100278842e-8,***,Non
2020,Y,Escherichia coli,Fluoroquinolones,50,Belgium,52.31872745605143,EFSA,broilers,56.03825341211045,48.84608416487587,165,downward_arrow,4.623541100278842e-8,***,Non
2021,Y,Escherichia coli,Fluoroquinolones,42,Belgium,50.80061423604614,EFSA,broilers,54.85442423419523,47.04638582553585,170,downward_arrow,4.623541100278842e-8,***,Non
2022,Y,Escherichia coli,Fluoroquinolones,54,Belgium,49.32655154748182,EFSA,broilers,53.72751631542461,45.28608159145189,168,downward_arrow,4.623541100278842e-8,***,Non
2023,Y,Escherichia coli,Fluoroquinolones,46,Belgium,47.89526119233303,EFSA,broilers,52.64642117687994,43.57287719472202,171,downward_arrow,4.623541100278842e-8,***,Non
2024,Y,Escherichia coli,Fluoroquinolones,48,Belgium,46.50550206157502,EFSA,broilers,51.60345476297825,41.91118079076333,170,downward_arrow,4.623541100278842e-8,***,Non
2011,N,Escherichia coli,Third-generation cephalosporins,19,Belgium,21.868688114823993,EFSA,broilers,42.2404045987526,11.321849882980684,836,downward_arrow,5.379179841115244e-4,***,Non
2012,N,Escherichia coli,Third-generation cephalosporins,28,Belgium,18.777003512014197,EFSA,broilers,33.7281174640871,10.45346990580212,325,downward_arrow,5.379179841115244e-4,***,Non
2014,N,Escherichia coli,Third-generation cephalosporins,8,Belgium,13.84310142348116,EFSA,broilers,21.864055135696095,8.764680468991374,158,downward_arrow,5.379179841115244e-4,***,Non
2015,N,Escherichia coli,Third-generation cephalosporins,5,Belgium,11.886033706323524,EFSA,broilers,17.844446662515466,7.917185662283993,152,downward_arrow,5.379179841115244e-4,***,Non
2016,N,Escherichia coli,Third-generation cephalosporins,1,Belgium,10.205646332130339,EFSA,broilers,14.773458192644263,7.050158175449034,151,downward_arrow,5.379179841115244e-4,***,Non
2017,N,Escherichia coli,Third-generation cephalosporins,18,Belgium,8.762823632336966,EFSA,broilers,12.462539808838955,6.161430911296476,160,downward_arrow,5.379179841115244e-4,***,Non
2018,N,Escherichia coli,Third-generation cephalosporins,15,Belgium,7.523979913912476,EFSA,broilers,10.742230099363953,5.269880948492276,146,downward_arrow,5.379179841115244e-4,***,Non
2019,N,Escherichia coli,Third-generation cephalosporins,8,Belgium,6.460277659366851,EFSA,broilers,9.454967693222596,4.414101537970415,169,downward_arrow,5.379179841115244e-4,***,Non
2020,Y,Escherichia coli,Third-generation cephalosporins,7,Belgium,5.54695625368996,EFSA,broilers,8.466704999902209,3.634084768597173,165,downward_arrow,5.379179841115244e-4,***,Non
2021,Y,Escherichia coli,Third-generation cephalosporins,5,Belgium,4.762755612483332,EFSA,broilers,7.678744625746975,2.9541080124193906,170,downward_arrow,5.379179841115244e-4,***,Non
2022,Y,Escherichia coli,Third-generation cephalosporins,4,Belgium,4.089421294633732,EFSA,broilers,7.026161889942788,2.3801567323607467,168,downward_arrow,5.379179841115244e-4,***,Non
2023,Y,Escherichia coli,Third-generation cephalosporins,3,Belgium,3.5112795796558105,EFSA,broilers,6.468413336900259,1.9060445961568886,171,downward_arrow,5.379179841115244e-4,***,Non
2024,Y,Escherichia coli,Third-generation cephalosporins,2,Belgium,3.0148726184525203,EFSA,broilers,5.980265355723587,1.5199086269299786,170,downward_arrow,5.379179841115244e-4,***,Non
2011,N,Escherichia coli,Aminopenicillins,25,Belgium,28.8853164547628,EFSA,calves,34.83265322714281,23.95342959524045,308,upward_arrow,3.2673308388657855e-12,***,Down
2015,N,Escherichia coli,Aminopenicillins,58,Belgium,46.08922192358237,EFSA,calves,50.65413823726674,41.93569274777276,196,upward_arrow,3.2673308388657855e-12,***,Down
2016,N,Escherichia coli,Aminopenicillins,54,Belgium,51.800021272447104,EFSA,calves,56.64995606568025,47.36530070235196,167,upward_arrow,3.2673308388657855e-12,***,Down
2017,N,Escherichia coli,Aminopenicillins,57,Belgium,58.218431378053836,EFSA,calves,64.12944407323482,52.85225532675034,185,upward_arrow,3.2673308388657855e-12,***,Down
2019,N,Escherichia coli,Aminopenicillins,67,Belgium,73.5396609155366,EFSA,calves,84.3413655347605,64.12134417414919,172,upward_arrow,3.2673308388657855e-12,***,Down
2020,Y,Escherichia coli,Aminopenicillins,56,Belgium,57.01050588827348,EFSA,calves,66.9763614794267,48.52753583270175,168,upward_arrow,3.2673308388657855e-12,***,Down
2021,Y,Escherichia coli,Aminopenicillins,50,Belgium,53.309975280027835,EFSA,calves,59.74701178045627,47.566453612778076,173,upward_arrow,3.2673308388657855e-12,***,Down
2022,Y,Escherichia coli,Aminopenicillins,60,Belgium,49.849644729108455,EFSA,calves,54.9505030064837,45.222280846548806,166,upward_arrow,3.2673308388657855e-12,***,Down
2023,Y,Escherichia coli,Aminopenicillins,43,Belgium,46.61392293965875,EFSA,calves,52.78179753979657,41.166802062513064,171,upward_arrow,3.2673308388657855e-12,***,Down
2024,Y,Escherichia coli,Aminopenicillins,43,Belgium,43.588230641003115,EFSA,calves,51.957517827436725,36.56706343677568,171,upward_arrow,3.2673308388657855e-12,***,Down
2011,N,Escherichia coli,Fluoroquinolones,11,Belgium,12.293404590281265,EFSA,calves,16.447431462414613,9.188534803486071,308,upward_arrow,5.508871889091634e-4,***,Down
2015,N,Escherichia coli,Fluoroquinolones,24,Belgium,17.77499760069149,EFSA,calves,20.66262824169282,15.290917302914389,196,upward_arrow,5.508871889091634e-4,***,Down
2016,N,Escherichia coli,Fluoroquinolones,19,Belgium,19.491438624924946,EFSA,calves,22.560328512352577,16.840010971524574,167,upward_arrow,5.508871889091634e-4,***,Down
2017,N,Escherichia coli,Fluoroquinolones,20,Belgium,21.373627620317453,EFSA,calves,25.097420768576477,18.202346841312828,185,upward_arrow,5.508871889091634e-4,***,Down
2019,N,Escherichia coli,Fluoroquinolones,24,Belgium,25.700816839166563,EFSA,calves,32.26318854750909,20.473239501040712,172,upward_arrow,5.508871889091634e-4,***,Down
2020,Y,Escherichia coli,Fluoroquinolones,17,Belgium,18.03489192891679,EFSA,calves,23.766272129372975,13.685668712247015,168,upward_arrow,5.508871889091634e-4,***,Down
2021,Y,Escherichia coli,Fluoroquinolones,19,Belgium,18.869756450969255,EFSA,calves,22.937745861954465,15.523221447382287,173,upward_arrow,5.508871889091634e-4,***,Down
2022,Y,Escherichia coli,Fluoroquinolones,25,Belgium,19.743268211548525,EFSA,calves,23.045395255524614,16.914296125153136,166,upward_arrow,5.508871889091634e-4,***,Down
2023,Y,Escherichia coli,Fluoroquinolones,18,Belgium,20.657216254273408,EFSA,calves,24.810965376133453,17.198870616549854,171,upward_arrow,5.508871889091634e-4,***,Down
2024,Y,Escherichia coli,Fluoroquinolones,22,Belgium,21.61347244050575,EFSA,calves,28.002494277264717,16.682163606967517,171,upward_arrow,5.508871889091634e-4,***,Down
2011,N,Escherichia coli,Third-generation cephalosporins,5,Belgium,4.160775134236427,EFSA,calves,6.841431362415803,2.530471885282064,308,downward_arrow,0.0017524667899168052,**,Non
2015,N,Escherichia coli,Third-generation cephalosporins,3,Belgium,2.5894911835503978,EFSA,calves,3.6117326402971024,1.8565783399553206,196,downward_arrow,0.0017524667899168052,**,Non
2016,N,Escherichia coli,Third-generation cephalosporins,0,Belgium,2.299982250922006,EFSA,calves,3.181491700844502,1.6627163770856577,167,downward_arrow,0.0017524667899168052,**,Non
2017,N,Escherichia coli,Third-generation cephalosporins,3,Belgium,2.042840843853872,EFSA,calves,2.8518686464966976,1.4633208014135068,185,downward_arrow,0.0017524667899168052,**,Non
2019,N,Escherichia coli,Third-generation cephalosporins,2,Belgium,1.611590238201087,EFSA,calves,2.3977362178518304,1.0831980084080846,172,downward_arrow,0.0017524667899168052,**,Non
2020,Y,Escherichia coli,Third-generation cephalosporins,1,Belgium,1.431412073216478,EFSA,calves,2.234508340149389,0.9169536253388576,168,downward_arrow,0.0017524667899168052,**,Non
2021,Y,Escherichia coli,Third-generation cephalosporins,2,Belgium,1.2713780927569989,EFSA,calves,2.096827679116348,0.7708798728866519,173,downward_arrow,0.0017524667899168052,**,Non
2022,Y,Escherichia coli,Third-generation cephalosporins,1,Belgium,1.1292361472893422,EFSA,calves,1.9772525144396833,0.6449223187389588,166,downward_arrow,0.0017524667899168052,**,Non
2023,Y,Escherichia coli,Third-generation cephalosporins,0,Belgium,1.002985880918906,EFSA,calves,1.8709871576323707,0.5376737479030513,171,downward_arrow,0.0017524667899168052,**,Non
2024,Y,Escherichia coli,Third-generation cephalosporins,3,Belgium,0.8908505804897089,EFSA,calves,1.7748969127827967,0.44713287348873204,171,downward_arrow,0.0017524667899168052,**,Non
2011,N,Escherichia coli,Aminopenicillins,49,Belgium,48.97638118299293,EFSA,fattening pigs,62.54699838281637,38.35013631031123,312,oscilate,0.127657455289415,,Non
2015,N,Escherichia coli,Aminopenicillins,35,Belgium,44.858089724735606,EFSA,fattening pigs,52.26005953618862,38.504514376968984,186,oscilate,0.127657455289415,,Non
2016,N,Escherichia coli,Aminopenicillins,46,Belgium,43.883806962018014,EFSA,fattening pigs,50.25132707596928,38.323137428157466,169,oscilate,0.127657455289415,,Non
2017,N,Escherichia coli,Aminopenicillins,51,Belgium,42.9306848619045,EFSA,fattening pigs,48.53444612663543,37.9739308841253,176,oscilate,0.127657455289415,,Non
2019,N,Escherichia coli,Aminopenicillins,39,Belgium,41.0860942590667,EFSA,fattening pigs,46.13369197792168,36.59076629446385,175,oscilate,0.127657455289415,,Non
2020,Y,Escherichia coli,Aminopenicillins,53,Belgium,40.19373629934012,EFSA,fattening pigs,45.450453892011495,35.5450011905127,170,oscilate,0.127657455289415,,Non
2021,Y,Escherichia coli,Aminopenicillins,30,Belgium,39.320759659319044,EFSA,fattening pigs,45.0414497233296,34.32665133300772,170,oscilate,0.127657455289415,,Non
2022,Y,Escherichia coli,Aminopenicillins,49,Belgium,38.466743391838286,EFSA,fattening pigs,44.83295558979063,33.00452374169349,168,oscilate,0.127657455289415,,Non
2023,Y,Escherichia coli,Aminopenicillins,31,Belgium,37.63127569237712,EFSA,fattening pigs,44.76343032522394,31.635486823665566,176,oscilate,0.127657455289415,,Non
2024,Y,Escherichia coli,Aminopenicillins,34,Belgium,36.81395370048813,EFSA,fattening pigs,44.789136911962174,30.258836863179695,170,oscilate,0.127657455289415,,Non
2011,N,Escherichia coli,Fluoroquinolones,14,Belgium,9.10133276182457,EFSA,fattening pigs,17.77050047760851,4.66133512366945,312,oscilate,0.3751114955386755,,Non
2015,N,Escherichia coli,Fluoroquinolones,2,Belgium,7.912763399572377,EFSA,fattening pigs,12.007174947349919,5.214534217428984,186,oscilate,0.3751114955386755,,Non
2016,N,Escherichia coli,Fluoroquinolones,5,Belgium,7.640714577694801,EFSA,fattening pigs,11.05692590198634,5.2799955227438025,169,oscilate,0.3751114955386755,,Non
2017,N,Escherichia coli,Fluoroquinolones,9,Belgium,7.378019069918464,EFSA,fattening pigs,10.3058471774269,5.281969008361673,176,oscilate,0.3751114955386755,,Non
2019,N,Escherichia coli,Fluoroquinolones,9,Belgium,6.879412747134878,EFSA,fattening pigs,9.42720270630904,5.0201869228683575,175,oscilate,0.3751114955386755,,Non
2020,Y,Escherichia coli,Fluoroquinolones,7,Belgium,6.642891567546876,EFSA,fattening pigs,9.279426205641554,4.7554673532892755,170,oscilate,0.3751114955386755,,Non
2021,Y,Escherichia coli,Fluoroquinolones,4,Belgium,6.414502225726132,EFSA,fattening pigs,9.283111727012976,4.43233260719194,170,oscilate,0.3751114955386755,,Non
2022,Y,Escherichia coli,Fluoroquinolones,11,Belgium,6.193965140852068,EFSA,fattening pigs,9.399805702351529,4.081489062746567,168,oscilate,0.3751114955386755,,Non
2023,Y,Escherichia coli,Fluoroquinolones,7,Belgium,5.981010344375955,EFSA,fattening pigs,9.598900057585729,3.726727492204926,176,oscilate,0.3751114955386755,,Non
2024,Y,Escherichia coli,Fluoroquinolones,5,Belgium,5.775377149541262,EFSA,fattening pigs,9.859393719198678,3.3830661569476583,170,oscilate,0.3751114955386755,,Non
2011,N,Escherichia coli,Third-generation cephalosporins,4,Belgium,4.645426625541912,EFSA,fattening pigs,49.05638583125896,0.4399017205939954,312,oscilate,0.22236228200420166,,Non
2015,N,Escherichia coli,Third-generation cephalosporins,1,Belgium,2.332641258014662,EFSA,fattening pigs,10.008416206424787,0.5436639650436698,186,oscilate,0.22236228200420166,,Non
2016,N,Escherichia coli,Third-generation cephalosporins,0,Belgium,1.9636023349059541,EFSA,fattening pigs,7.1244284527663115,0.5411990807699094,169,oscilate,0.22236228200420166,,Non
2017,N,Escherichia coli,Third-generation cephalosporins,7,Belgium,1.6529477545680442,EFSA,fattening pigs,5.305355072656798,0.5149959318299311,176,oscilate,0.22236228200420166,,Non
2019,N,Escherichia coli,Third-generation cephalosporins,1,Belgium,1.1713058190769459,EFSA,fattening pigs,3.560503271110767,0.3853267971792951,175,oscilate,0.22236228200420166,,Non
2020,Y,Escherichia coli,Third-generation cephalosporins,0,Belgium,0.9859976682338033,EFSA,fattening pigs,3.2370416748542867,0.30033329793514624,170,oscilate,0.22236228200420166,,Non
2021,Y,Escherichia coli,Third-generation cephalosporins,0,Belgium,0.8300064645189229,EFSA,fattening pigs,3.115533018292255,0.2211213064019527,170,oscilate,0.22236228200420166,,Non
2022,Y,Escherichia coli,Third-generation cephalosporins,3,Belgium,0.6986940774182899,EFSA,fattening pigs,3.1265111145677245,0.15613998988994185,168,oscilate,0.22236228200420166,,Non
2023,Y,Escherichia coli,Third-generation cephalosporins,0,Belgium,0.5881561586419013,EFSA,fattening pigs,3.2295033560186854,0.10711481884782902,176,oscilate,0.22236228200420166,,Non
2024,Y,Escherichia coli,Third-generation cephalosporins,0,Belgium,0.49510605303342153,EFSA,fattening pigs,3.40229936564558,0.07204833478955788,170,oscilate,0.22236228200420166,,Non
2014,N,Escherichia coli,Aminopenicillins,59,Europe,59.24948650241449,EFSA,broilers,60.9118690029177,57.63247308388524,5046,downward_arrow,1.595643607936369e-24,***,Non
2016,N,Escherichia coli,Aminopenicillins,58,Europe,56.38674838195244,EFSA,broilers,57.57374965109109,55.22421958545062,4727,downward_arrow,1.595643607936369e-24,***,Non
2018,N,Escherichia coli,Aminopenicillins,53,Europe,53.66232824583289,EFSA,broilers,54.5841763888369,52.75604879058752,4255,downward_arrow,1.595643607936369e-24,***,Non
2020,Y,Escherichia coli,Aminopenicillins,50,Europe,51.069543029106434,EFSA,broilers,52.01151528346688,50.144630683943944,3924,downward_arrow,1.595643607936369e-24,***,Non
2022,Y,Escherichia coli,Aminopenicillins,47,Europe,48.602032570293545,EFSA,broilers,49.771941756188475,47.45962256274986,4341,downward_arrow,1.595643607936369e-24,***,Non
2024,Y,Escherichia coli,Aminopenicillins,48,Europe,46.25374400976314,EFSA,broilers,47.72866453039989,44.82440177135152,4451,downward_arrow,1.595643607936369e-24,***,Non
2014,N,Escherichia coli,Fluoroquinolones,66,Europe,66.1986721424336,EFSA,broilers,67.96518908423292,64.47806961870198,5018,downward_arrow,7.890456030321284e-39,***,Non
2016,N,Escherichia coli,Fluoroquinolones,64,Europe,62.30160470338917,EFSA,broilers,63.54856273622402,61.07911464069715,4727,downward_arrow,7.890456030321284e-39,***,Non
2018,N,Escherichia coli,Fluoroquinolones,57,Europe,58.63395477579849,EFSA,broilers,59.596738710799734,57.68672459299155,4255,downward_arrow,7.890456030321284e-39,***,Non
2020,Y,Escherichia coli,Fluoroquinolones,55,Europe,55.182216718462165,EFSA,broilers,56.164267179018665,54.217337729297,3924,downward_arrow,7.890456030321284e-39,***,Non
2022,Y,Escherichia coli,Fluoroquinolones,51,Europe,51.93367995740582,EFSA,broilers,53.1436612324636,50.75124768164613,4341,downward_arrow,7.890456030321284e-39,***,Non
2024,Y,Escherichia coli,Fluoroquinolones,50,Europe,48.87638218085382,EFSA,broilers,50.38414334793014,47.413741235852996,4451,downward_arrow,7.890456030321284e-39,***,Non
2014,N,Escherichia coli,Third-generation cephalosporins,5,Europe,5.031588902096407,EFSA,broilers,5.661903480167984,4.471444447680445,5031,downward_arrow,1.9028174223429582e-6,***,Up
2016,N,Escherichia coli,Third-generation cephalosporins,4,Europe,3.9077961639741763,EFSA,broilers,4.263597542038251,3.5816867583310668,4727,downward_arrow,1.9028174223429582e-6,***,Up
2018,N,Escherichia coli,Third-generation cephalosporins,3,Europe,3.034999710093306,EFSA,broilers,3.541057257003504,2.601263569530962,4255,downward_arrow,1.9028174223429582e-6,***,Up
2020,Y,Escherichia coli,Third-generation cephalosporins,1,Europe,0.8461419915674263,EFSA,broilers,1.1403252369242423,0.6278526921186218,3924,downward_arrow,1.9028174223429582e-6,***,Up
2022,Y,Escherichia coli,Third-generation cephalosporins,1,Europe,1.2576543769128856,EFSA,broilers,1.481133685046077,1.067894510628818,4341,downward_arrow,1.9028174223429582e-6,***,Up
2024,Y,Escherichia coli,Third-generation cephalosporins,2,Europe,1.8693015445766337,EFSA,broilers,2.300426436804741,1.5189741382950306,4451,downward_arrow,1.9028174223429582e-6,***,Up
2015,NA,Escherichia coli,Aminopenicillins,32,Europe,31.340317227186702,EFSA,calves,33.51370636277216,29.30787401633872,1657,downward_arrow,0.042786427270404125,*,Non
2017,NA,Escherichia coli,Aminopenicillins,29,Europe,30.481639704668538,EFSA,calves,31.96897320458849,29.063503326777717,1893,downward_arrow,0.042786427270404125,*,Non
2019,NA,Escherichia coli,Aminopenicillins,30,Europe,29.646488653893876,EFSA,calves,30.836287960292935,28.50259702585515,1605,downward_arrow,0.042786427270404125,*,Non
2021,NA,Escherichia coli,Aminopenicillins,31,Europe,28.83421948494604,EFSA,calves,30.260630590523903,27.475045862606645,1599,downward_arrow,0.042786427270404125,*,Non
2023,NA,Escherichia coli,Aminopenicillins,27,Europe,28.044205268701905,EFSA,calves,30.016444761845584,26.20155236215025,1964,downward_arrow,0.042786427270404125,*,Non
2015,NA,Escherichia coli,Fluoroquinolones,12,Europe,12.194967574035969,EFSA,calves,13.59753609374553,10.937072209736167,1657,downward_arrow,0.0037419107005425365,**,Non
2017,NA,Escherichia coli,Fluoroquinolones,11,Europe,11.412164019733918,EFSA,calves,12.330101909324746,10.562563762333237,1893,downward_arrow,0.0037419107005425365,**,Non
2019,NA,Escherichia coli,Fluoroquinolones,12,Europe,10.679609176706224,EFSA,calves,11.404089157737047,10.001154023757207,1605,downward_arrow,0.0037419107005425365,**,Non
2021,NA,Escherichia coli,Fluoroquinolones,10,Europe,9.994077544799175,EFSA,calves,10.854480855568163,9.201875916545706,1599,downward_arrow,0.0037419107005425365,**,Non
2023,NA,Escherichia coli,Fluoroquinolones,9,Europe,9.352550670984787,EFSA,calves,10.505860295289507,8.325848773427609,1964,downward_arrow,0.0037419107005425365,**,Non
2015,NA,Escherichia coli,Third-generation cephalosporins,2,Europe,1.7822369775865825,EFSA,calves,2.3663819528389083,1.3422890757201393,1657,oscilate,0.37306421635500353,,Non
2017,NA,Escherichia coli,Third-generation cephalosporins,2,Europe,1.6909848576339748,EFSA,calves,2.0683555548137176,1.3824653029758822,1893,oscilate,0.37306421635500353,,Non
2019,NA,Escherichia coli,Third-generation cephalosporins,1,Europe,1.6044049274634014,EFSA,calves,1.9002656478824038,1.3546080644763299,1605,oscilate,0.37306421635500353,,Non
2021,NA,Escherichia coli,Third-generation cephalosporins,1,Europe,1.5222579667984402,EFSA,calves,1.8800198276769768,1.232577062947589,1599,oscilate,0.37306421635500353,,Non
2023,NA,Escherichia coli,Third-generation cephalosporins,2,Europe,1.4443170036537927,EFSA,calves,1.9441659873632162,1.0729801985028486,1964,oscilate,0.37306421635500353,,Non
2015,NA,Escherichia coli,Aminopenicillins,39,Europe,39.3872924160377,EFSA,fattening pigs,40.90864083455422,37.922521311343054,4271,equals,0.34998867060016176,,Non
2017,NA,Escherichia coli,Aminopenicillins,39,Europe,39.102656360116256,EFSA,fattening pigs,40.16666165600987,38.066836310967446,4211,equals,0.34998867060016176,,Non
2019,NA,Escherichia coli,Aminopenicillins,41,Europe,38.82007725402205,EFSA,fattening pigs,39.68630805344987,37.9727536252201,4295,equals,0.34998867060016176,,Non
2021,NA,Escherichia coli,Aminopenicillins,36,Europe,38.53954023300937,EFSA,fattening pigs,39.59872371969636,37.50868770128981,4013,equals,0.34998867060016176,,Non
2023,NA,Escherichia coli,Aminopenicillins,39,Europe,38.26103053975398,EFSA,fattening pigs,39.753811501887334,36.824304454290804,4368,equals,0.34998867060016176,,Non
2015,NA,Escherichia coli,Fluoroquinolones,11,Europe,11.188639236216112,EFSA,fattening pigs,12.01351187627922,10.420404062310437,4271,equals,0.5642103059576795,,Non
2017,NA,Escherichia coli,Fluoroquinolones,11,Europe,11.094991245795885,EFSA,fattening pigs,11.668401523698423,10.549759578831313,4211,equals,0.5642103059576795,,Non
2019,NA,Escherichia coli,Fluoroquinolones,12,Europe,11.002127081355265,EFSA,fattening pigs,11.467798277617732,10.55536532679895,4295,equals,0.5642103059576795,,Non
2021,NA,Escherichia coli,Fluoroquinolones,10,Europe,10.910040182335244,EFSA,fattening pigs,11.480506250492358,10.367920558822476,4013,equals,0.5642103059576795,,Non
2023,NA,Escherichia coli,Fluoroquinolones,11,Europe,10.818724043088173,EFSA,fattening pigs,11.625813587647892,10.067664429511495,4368,equals,0.5642103059576795,,Non
2015,NA,Escherichia coli,Third-generation cephalosporins,1,Europe,0.9876213339727612,EFSA,fattening pigs,1.2539430358180483,0.7778630060988431,4271,equals,0.9984663889288214,,Non
2017,NA,Escherichia coli,Third-generation cephalosporins,1,Europe,0.9877136824420182,EFSA,fattening pigs,1.169721550861764,0.8340261131073785,4211,equals,0.9984663889288214,,Non
2019,NA,Escherichia coli,Third-generation cephalosporins,1,Europe,0.9878060395464054,EFSA,fattening pigs,1.1343660810199152,0.8601815481709775,4295,equals,0.9984663889288214,,Non
2021,NA,Escherichia coli,Third-generation cephalosporins,1,Europe,0.9878984052867323,EFSA,fattening pigs,1.169940312946258,0.8341820931961508,4013,equals,0.9984663889288214,,Non
2023,NA,Escherichia coli,Third-generation cephalosporins,1,Europe,0.9879907796638054,EFSA,fattening pigs,1.2544121061521594,0.7781539861687933,4368,equals,0.9984663889288214,,Non
2001,N,Escherichia coli,Aminopenicillins,44.4723618,Slovenia,43.35548191190858,EARS,human_Blood_CSF,45.657277505705856,41.16973053373416,398,upward_arrow,4.8502848664618235e-11,***,Down
2002,N,Escherichia coli,Aminopenicillins,43.27628361,Slovenia,43.94830518686328,EARS,human_Blood_CSF,46.10770776836008,41.89003579403856,409,upward_arrow,4.8502848664618235e-11,***,Down
2003,N,Escherichia coli,Aminopenicillins,41.39650872,Slovenia,44.54923445948729,EARS,human_Blood_CSF,46.56563155784706,42.62015191313187,401,upward_arrow,4.8502848664618235e-11,***,Down
2004,N,Escherichia coli,Aminopenicillins,39.61605584,Slovenia,45.158380567530976,EARS,human_Blood_CSF,47.03202447404102,43.359378174493095,573,upward_arrow,4.8502848664618235e-11,***,Down
2005,N,Escherichia coli,Aminopenicillins,42.07317073,Slovenia,45.775855864290186,EARS,human_Blood_CSF,47.508206314825685,44.10667424954662,656,upward_arrow,4.8502848664618235e-11,***,Down
2006,N,Escherichia coli,Aminopenicillins,44.35146443,Slovenia,46.40177423932891,EARS,human_Blood_CSF,47.99599054761051,44.86051080499769,717,upward_arrow,4.8502848664618235e-11,***,Down
2007,N,Escherichia coli,Aminopenicillins,49.1186839,Slovenia,47.03625113948561,EARS,human_Blood_CSF,48.49789769078832,45.618656201606555,851,upward_arrow,4.8502848664618235e-11,***,Down
2008,N,Escherichia coli,Aminopenicillins,49.42791762,Slovenia,47.679403590166686,EARS,human_Blood_CSF,49.017442390169926,46.377889499389674,874,upward_arrow,4.8502848664618235e-11,***,Down
2009,N,Escherichia coli,Aminopenicillins,52.85554311,Slovenia,48.331350216930986,EARS,human_Blood_CSF,49.559466375471494,47.13366758419645,893,upward_arrow,4.8502848664618235e-11,***,Down
2010,N,Escherichia coli,Aminopenicillins,48.03400637,Slovenia,48.99221126736977,EARS,human_Blood_CSF,50.13037999955377,47.87988371298918,941,upward_arrow,4.8502848664618235e-11,***,Down
2011,N,Escherichia coli,Aminopenicillins,53.89221556,Slovenia,49.662108633285534,EARS,human_Blood_CSF,50.737963375813834,48.60906646244931,1002,upward_arrow,4.8502848664618235e-11,***,Down
2012,N,Escherichia coli,Aminopenicillins,50.42808219,Slovenia,50.341165873174134,EARS,human_Blood_CSF,51.390209718822824,49.31353647584379,1168,upward_arrow,4.8502848664618235e-11,***,Down
2013,N,Escherichia coli,Aminopenicillins,51.47058823,Slovenia,51.02950823501454,EARS,human_Blood_CSF,52.09309830646719,49.98763358992102,1224,upward_arrow,4.8502848664618235e-11,***,Down
2014,N,Escherichia coli,Aminopenicillins,52.63157894,Slovenia,51.72726267937004,EARS,human_Blood_CSF,52.84844760775841,50.6298637976973,1216,upward_arrow,4.8502848664618235e-11,***,Down
2015,N,Escherichia coli,Aminopenicillins,54.826546,Slovenia,52.43455790280529,EARS,human_Blood_CSF,53.65363221821426,51.24318240525911,1326,upward_arrow,4.8502848664618235e-11,***,Down
2016,N,Escherichia coli,Aminopenicillins,57.11267605,Slovenia,53.15152436162366,EARS,human_Blood_CSF,54.50333878383105,51.83323820159001,1420,upward_arrow,4.8502848664618235e-11,***,Down
2017,N,Escherichia coli,Aminopenicillins,51.56794425,Slovenia,53.87829429592895,EARS,human_Blood_CSF,55.39173460909906,52.40620494599717,1435,upward_arrow,4.8502848664618235e-11,***,Down
2018,N,Escherichia coli,Aminopenicillins,53.47721822,Slovenia,54.615001754016554,EARS,human_Blood_CSF,56.313776029904375,52.96747309232599,1668,upward_arrow,4.8502848664618235e-11,***,Down
2019,N,Escherichia coli,Aminopenicillins,51.67701863,Slovenia,55.361782617097674,EARS,human_Blood_CSF,57.265598620987475,53.52125968031881,1610,upward_arrow,4.8502848664618235e-11,***,Down
2020,Y,Escherichia coli,Aminopenicillins,51.26777983,Slovenia,50.82247833777035,EARS,human_Blood_CSF,53.629991645258826,48.16193747480251,1617,upward_arrow,4.8502848664618235e-11,***,Down
2021,Y,Escherichia coli,Aminopenicillins,50.80309339,Slovenia,50.384079822543896,EARS,human_Blood_CSF,52.336838744480254,48.50418100256783,1681,upward_arrow,4.8502848664618235e-11,***,Down
2022,Y,Escherichia coli,Aminopenicillins,49.00542495,Slovenia,49.9494629658363,EARS,human_Blood_CSF,51.52490374624307,48.422193331265966,1659,upward_arrow,4.8502848664618235e-11,***,Down
2023,Y,Escherichia coli,Aminopenicillins,48.99328859,Slovenia,49.518595146777045,EARS,human_Blood_CSF,51.43812431658144,47.67069752035967,1639,upward_arrow,4.8502848664618235e-11,***,Down
2024,Y,Escherichia coli,Aminopenicillins,49.97074312,Slovenia,49.0914440258859,EARS,human_Blood_CSF,51.8037798912742,46.52112030443983,1709,upward_arrow,4.8502848664618235e-11,***,Down
2001,N,Escherichia coli,Fluoroquinolones,8.040201,Slovenia,11.596073652341557,EARS,human_Blood_CSF,13.170835494759329,10.209597121157215,398,upward_arrow,1.4846471733417285e-17,***,Down
2002,N,Escherichia coli,Fluoroquinolones,11.98044009,Slovenia,12.145410565852151,EARS,human_Blood_CSF,13.662189712723197,10.797024555715282,409,upward_arrow,1.4846471733417285e-17,***,Down
2003,N,Escherichia coli,Fluoroquinolones,11.22194513,Slovenia,12.720771032988962,EARS,human_Blood_CSF,14.17509194506287,11.41565898132263,401,upward_arrow,1.4846471733417285e-17,***,Down
2004,N,Escherichia coli,Fluoroquinolones,12.39092495,Slovenia,13.32338785884243,EARS,human_Blood_CSF,14.711541982722077,12.066217412534257,573,upward_arrow,1.4846471733417285e-17,***,Down
2005,N,Escherichia coli,Fluoroquinolones,12.02435312,Slovenia,13.954552249765657,EARS,human_Blood_CSF,15.274103180321074,12.74899915186682,657,upward_arrow,1.4846471733417285e-17,***,Down
2006,N,Escherichia coli,Fluoroquinolones,15.20223152,Slovenia,14.615616579997859,EARS,human_Blood_CSF,15.866143363981076,13.46365295667595,717,upward_arrow,1.4846471733417285e-17,***,Down
2007,N,Escherichia coli,Fluoroquinolones,17.15628672,Slovenia,15.307997289350194,EARS,human_Blood_CSF,16.492167951093723,14.208852450790884,851,upward_arrow,1.4846471733417285e-17,***,Down
2008,N,Escherichia coli,Fluoroquinolones,16.93363844,Slovenia,16.033177918162615,EARS,human_Blood_CSF,17.15823350126449,14.981891587878952,874,upward_arrow,1.4846471733417285e-17,***,Down
2009,N,Escherichia coli,Fluoroquinolones,18.2530795,Slovenia,16.79271228603472,EARS,human_Blood_CSF,17.872335285284585,15.778306607403774,893,upward_arrow,1.4846471733417285e-17,***,Down
2010,N,Escherichia coli,Fluoroquinolones,19.32773109,Slovenia,17.58822782114164,EARS,human_Blood_CSF,18.64446778417602,16.591825600456637,952,upward_arrow,1.4846471733417285e-17,***,Down
2011,N,Escherichia coli,Fluoroquinolones,20.65868263,Slovenia,18.42142904726838,EARS,human_Blood_CSF,19.485863139539276,17.41514069525415,1002,upward_arrow,1.4846471733417285e-17,***,Down
2012,N,Escherichia coli,Fluoroquinolones,21.40410958,Slovenia,19.294101236034393,EARS,human_Blood_CSF,20.407149661744853,18.241760788582106,1168,upward_arrow,1.4846471733417285e-17,***,Down
2013,N,Escherichia coli,Fluoroquinolones,19.85294117,Slovenia,20.208114232133614,EARS,human_Blood_CSF,21.416188949437846,19.068186304439582,1224,upward_arrow,1.4846471733417285e-17,***,Down
2014,N,Escherichia coli,Fluoroquinolones,23.27302631,Slovenia,21.165426459786474,EARS,human_Blood_CSF,22.51714666106522,19.894850975911222,1216,upward_arrow,1.4846471733417285e-17,***,Down
2015,N,Escherichia coli,Fluoroquinolones,24.60377358,Slovenia,22.16808911898809,EARS,human_Blood_CSF,23.71139570712615,20.72523192043507,1325,upward_arrow,1.4846471733417285e-17,***,Down
2016,N,Escherichia coli,Fluoroquinolones,25.56338028,Slovenia,23.21825058054396,EARS,human_Blood_CSF,24.999225168088596,21.56415474464674,1420,upward_arrow,1.4846471733417285e-17,***,Down
2017,N,Escherichia coli,Fluoroquinolones,24.87346348,Slovenia,24.318160989310297,EARS,human_Blood_CSF,26.381165065500888,22.41648359478111,1383,upward_arrow,1.4846471733417285e-17,***,Down
2018,N,Escherichia coli,Fluoroquinolones,22.78177458,Slovenia,25.470177085501938,EARS,human_Blood_CSF,27.858603069471243,23.286520115494827,1668,upward_arrow,1.4846471733417285e-17,***,Down
2019,N,Escherichia coli,Fluoroquinolones,19.00621118,Slovenia,26.67676725439868,EARS,human_Blood_CSF,29.433921377884626,24.17788313045031,1610,upward_arrow,1.4846471733417285e-17,***,Down
2020,Y,Escherichia coli,Fluoroquinolones,18.11997526,Slovenia,17.606147873713756,EARS,human_Blood_CSF,20.84768874703454,14.868623889790552,1617,upward_arrow,1.4846471733417285e-17,***,Down
2021,Y,Escherichia coli,Fluoroquinolones,16.65675193,Slovenia,17.075239930776316,EARS,human_Blood_CSF,19.242673532051878,15.151939163127718,1681,upward_arrow,1.4846471733417285e-17,***,Down
2022,Y,Escherichia coli,Fluoroquinolones,16.56626506,Slovenia,16.560341352629855,EARS,human_Blood_CSF,18.265672560191557,15.01422434963141,1660,upward_arrow,1.4846471733417285e-17,***,Down
2023,Y,Escherichia coli,Fluoroquinolones,15.92434411,Slovenia,16.06096938183135,EARS,human_Blood_CSF,18.11903409662311,14.236671563645862,1639,upward_arrow,1.4846471733417285e-17,***,Down
2024,Y,Escherichia coli,Fluoroquinolones,15.91574019,Slovenia,15.576655818339127,EARS,human_Blood_CSF,18.472470623943604,13.134799963817711,1709,upward_arrow,1.4846471733417285e-17,***,Down
2001,N,Escherichia coli,Third-generation cephalosporins,0.25125628,Slovenia,1.0673630360790298,EARS,human_Blood_CSF,1.5421619036597245,0.7387446467742733,398,upward_arrow,8.02672706855372e-27,***,Down
2002,N,Escherichia coli,Third-generation cephalosporins,1.22249388,Slovenia,1.2614342201103625,EARS,human_Blood_CSF,1.7721898941584813,0.8978813709018594,409,upward_arrow,8.02672706855372e-27,***,Down
2003,N,Escherichia coli,Third-generation cephalosporins,0.74812967,Slovenia,1.4907920153491458,EARS,human_Blood_CSF,2.037739132013513,1.090650318342137,401,upward_arrow,8.02672706855372e-27,***,Down
2004,N,Escherichia coli,Third-generation cephalosporins,1.39616055,Slovenia,1.7618523404528563,EARS,human_Blood_CSF,2.3448727121482635,1.3237919710854387,573,upward_arrow,8.02672706855372e-27,***,Down
2005,N,Escherichia coli,Third-generation cephalosporins,1.67427701,Slovenia,2.0821976758657494,EARS,human_Blood_CSF,2.70099981372981,1.6051638135412427,657,upward_arrow,8.02672706855372e-27,***,Down
2006,N,Escherichia coli,Third-generation cephalosporins,1.67364016,Slovenia,2.4607891716205605,EARS,human_Blood_CSF,3.115346897957411,1.9437589281422578,717,upward_arrow,8.02672706855372e-27,***,Down
2007,N,Escherichia coli,Third-generation cephalosporins,4.23031727,Slovenia,2.9082173212239404,EARS,human_Blood_CSF,3.5996679240602134,2.3495856189776347,851,upward_arrow,8.02672706855372e-27,***,Down
2008,N,Escherichia coli,Third-generation cephalosporins,4.23340961,Slovenia,3.436998213827918,EARS,human_Blood_CSF,4.169311086673431,2.833311421547464,874,upward_arrow,8.02672706855372e-27,***,Down
2009,N,Escherichia coli,Third-generation cephalosporins,4.59126539,Slovenia,4.0619236518695745,EARS,human_Blood_CSF,4.8447519679881585,3.4055868830100215,893,upward_arrow,8.02672706855372e-27,***,Down
2010,N,Escherichia coli,Third-generation cephalosporins,6.61764705,Slovenia,4.8004749281617,EARS,human_Blood_CSF,5.653553070059625,4.076119787032623,952,upward_arrow,8.02672706855372e-27,***,Down
2011,N,Escherichia coli,Third-generation cephalosporins,8.78243512,Slovenia,5.673311837188864,EARS,human_Blood_CSF,6.632298029457924,4.852988671351667,1002,upward_arrow,8.02672706855372e-27,***,Down
2012,N,Escherichia coli,Third-generation cephalosporins,9.50342465,Slovenia,6.704850599920288,EARS,human_Blood_CSF,7.827595476955546,5.743145733526867,1168,upward_arrow,8.02672706855372e-27,***,Down
2013,N,Escherichia coli,Third-generation cephalosporins,8.74183006,Slovenia,7.923946868664769,EARS,human_Blood_CSF,9.295681527929554,6.754634804211854,1224,upward_arrow,8.02672706855372e-27,***,Down
2014,N,Escherichia coli,Third-generation cephalosporins,12.74671052,Slovenia,9.364702917939535,EARS,human_Blood_CSF,11.101808520914265,7.899403108606588,1216,upward_arrow,8.02672706855372e-27,***,Down
2015,N,Escherichia coli,Third-generation cephalosporins,13.65007541,Slovenia,11.067421601230757,EARS,human_Blood_CSF,13.321372293283595,9.19483505172702,1326,upward_arrow,8.02672706855372e-27,***,Down
2016,N,Escherichia coli,Third-generation cephalosporins,12.53521126,Slovenia,13.079733759065093,EARS,human_Blood_CSF,16.043232823913808,10.663650966469714,1420,upward_arrow,8.02672706855372e-27,***,Down
2017,N,Escherichia coli,Third-generation cephalosporins,12.47386759,Slovenia,15.45793061583578,EARS,human_Blood_CSF,19.374277661232803,12.33324013943076,1435,upward_arrow,8.02672706855372e-27,***,Down
2018,N,Escherichia coli,Third-generation cephalosporins,11.33093525,Slovenia,18.26853843706009,EARS,human_Blood_CSF,23.444500584819313,14.235299891286383,1668,upward_arrow,8.02672706855372e-27,***,Down
2019,N,Escherichia coli,Third-generation cephalosporins,9.81366459,Slovenia,21.590179495594608,EARS,human_Blood_CSF,28.412590437117192,16.405961001114857,1610,upward_arrow,8.02672706855372e-27,***,Down
2020,Y,Escherichia coli,Third-generation cephalosporins,10.57513914,Slovenia,10.043680584263253,EARS,human_Blood_CSF,15.86994261387907,6.35638843397492,1617,upward_arrow,8.02672706855372e-27,***,Down
2021,Y,Escherichia coli,Third-generation cephalosporins,9.28019036,Slovenia,9.670563037491874,EARS,human_Blood_CSF,13.364176063277396,6.997796872721647,1681,upward_arrow,8.02672706855372e-27,***,Down
2022,Y,Escherichia coli,Third-generation cephalosporins,9.33734939,Slovenia,9.311306614891146,EARS,human_Blood_CSF,12.130740231086879,7.1471673801350155,1660,upward_arrow,8.02672706855372e-27,***,Down
2023,Y,Escherichia coli,Third-generation cephalosporins,8.6638194,Slovenia,8.96539638285651,EARS,human_Blood_CSF,12.401282210391036,6.481453364103556,1639,upward_arrow,8.02672706855372e-27,***,Down
2024,Y,Escherichia coli,Third-generation cephalosporins,9.06963136,Slovenia,8.632336537300922,EARS,human_Blood_CSF,13.657963370135825,5.455955040570548,1709,upward_arrow,8.02672706855372e-27,***,Down
2012,N,Acinetobacter spp.,Fluoroquinolones,66.4488017429194,Europe,63.630777003775115,EARS,human_Blood_CSF,68.81299771493052,58.83882284677247,3213,downward_arrow,2.575251828669486e-4,***,Down
2013,N,Acinetobacter spp.,Fluoroquinolones,58.58073859522085,Europe,61.50238596642357,EARS,human_Blood_CSF,65.53255236423607,57.72006953947412,4143,downward_arrow,2.575251828669486e-4,***,Down
2014,N,Acinetobacter spp.,Fluoroquinolones,59.460726846424386,Europe,59.445187654058074,EARS,human_Blood_CSF,62.567311402785585,56.47885862439107,4265,downward_arrow,2.575251828669486e-4,***,Down
2015,N,Acinetobacter spp.,Fluoroquinolones,60.336633663366335,Europe,57.45680073542794,EARS,human_Blood_CSF,60.02022947256681,55.00285453356315,5050,downward_arrow,2.575251828669486e-4,***,Down
2016,N,Acinetobacter spp.,Fluoroquinolones,52.269087026161245,Europe,55.53492353262522,EARS,human_Blood_CSF,57.99807817565188,53.17637805918326,5619,downward_arrow,2.575251828669486e-4,***,Down
2017,N,Acinetobacter spp.,Fluoroquinolones,51.91962097696455,Europe,53.67733135675362,EARS,human_Blood_CSF,56.460206853108744,51.031621422833695,6121,downward_arrow,2.575251828669486e-4,***,Down
2018,N,Acinetobacter spp.,Fluoroquinolones,53.31181804210849,Europe,51.881873932716736,EARS,human_Blood_CSF,55.23383932682249,48.73332861840664,6507,downward_arrow,2.575251828669486e-4,***,Down
2019,N,Acinetobacter spp.,Fluoroquinolones,51.096861289233885,Europe,50.146472910144816,EARS,human_Blood_CSF,54.17733865244727,46.41550891710877,5926,downward_arrow,2.575251828669486e-4,***,Down
2020,Y,Acinetobacter spp.,Fluoroquinolones,63.22336398053001,Europe,70.40921989963826,EARS,human_Blood_CSF,77.0949187121412,64.30330726965144,7396,downward_arrow,2.575251828669486e-4,***,Down
2021,Y,Acinetobacter spp.,Fluoroquinolones,73.64714272978514,Europe,67.05303370844184,EARS,human_Blood_CSF,71.49338314526011,62.88846787919176,11217,downward_arrow,2.575251828669486e-4,***,Down
2022,Y,Acinetobacter spp.,Fluoroquinolones,65.31067445565587,Europe,63.85682636328342,EARS,human_Blood_CSF,67.28868976851666,60.599995143588274,9415,downward_arrow,2.575251828669486e-4,***,Down
2023,Y,Acinetobacter spp.,Fluoroquinolones,64.64761471023567,Europe,60.81297217544317,EARS,human_Blood_CSF,64.84211408091284,57.0341920097859,8783,downward_arrow,2.575251828669486e-4,***,Down
2024,Y,Acinetobacter spp.,Fluoroquinolones,53.09655718242976,Europe,57.91420894881236,EARS,human_Blood_CSF,63.416236230787085,52.88954055804375,10108,downward_arrow,2.575251828669486e-4,***,Down
2000,N,Enterococcus faecalis,Aminopenicillins,3.459119496855346,Europe,3.1831823362600513,EARS,human_Blood_CSF,3.9031364892717835,2.5960275316348134,318,downward_arrow,1.1222395477261643e-11,***,Non
2001,N,Enterococcus faecalis,Aminopenicillins,2.7885633603953406,Europe,3.033002501632671,EARS,human_Blood_CSF,3.673595973703424,2.504114290400924,2833,downward_arrow,1.1222395477261643e-11,***,Non
2002,N,Enterococcus faecalis,Aminopenicillins,2.748565965583174,Europe,2.889908023842,EARS,human_Blood_CSF,3.4585530169089913,2.414757948030651,4184,downward_arrow,1.1222395477261643e-11,***,Non
2003,N,Enterococcus faecalis,Aminopenicillins,2.1532990912682735,Europe,2.753564621780135,EARS,human_Blood_CSF,3.257239857209251,2.3277739616066873,5062,downward_arrow,1.1222395477261643e-11,***,Non
2004,N,Enterococcus faecalis,Aminopenicillins,1.8121911037891267,Europe,2.6236537854374697,EARS,human_Blood_CSF,3.068959993559111,2.2429615245187398,6070,downward_arrow,1.1222395477261643e-11,***,Non
2005,N,Enterococcus faecalis,Aminopenicillins,1.7162974915652045,Europe,2.4998720318356837,EARS,human_Blood_CSF,2.8930889375684745,2.1600995719152025,6817,downward_arrow,1.1222395477261643e-11,***,Non
2006,N,Enterococcus faecalis,Aminopenicillins,2.468346335848574,Europe,2.3819301960651975,EARS,human_Blood_CSF,2.729074629649839,2.078943315542512,7819,downward_arrow,1.1222395477261643e-11,***,Non
2007,N,Enterococcus faecalis,Aminopenicillins,2.0629750271444083,Europe,2.269552755770867,EARS,human_Blood_CSF,2.57643586659348,1.9992229490414324,8289,downward_arrow,1.1222395477261643e-11,***,Non
2008,N,Enterococcus faecalis,Aminopenicillins,2.227305562244161,Europe,2.1624771875078683,EARS,human_Blood_CSF,2.4347556838543776,1.920647569487974,8306,downward_arrow,1.1222395477261643e-11,***,Non
2009,N,Enterococcus faecalis,Aminopenicillins,2.7456987980202685,Europe,2.0604533534641742,EARS,human_Blood_CSF,2.3036649359389845,1.8429190615219784,8486,downward_arrow,1.1222395477261643e-11,***,Non
2010,N,Enterococcus faecalis,Aminopenicillins,2.7708771259315883,Europe,1.9632429171169308,EARS,human_Blood_CSF,2.182810527331265,1.765761481974409,10466,downward_arrow,1.1222395477261643e-11,***,Non
2011,N,Enterococcus faecalis,Aminopenicillins,2.4523657580454006,Europe,1.8706187864576718,EARS,human_Blood_CSF,2.07180565581829,1.6889685740655567,10969,downward_arrow,1.1222395477261643e-11,***,Non
2012,N,Enterococcus faecalis,Aminopenicillins,2.0675572194333363,Europe,1.782364583485702,EARS,human_Blood_CSF,1.970169182565612,1.6124622883031836,11753,downward_arrow,1.1222395477261643e-11,***,Non
2013,N,Enterococcus faecalis,Aminopenicillins,1.9079685746352413,Europe,1.6982741387303202,EARS,human_Blood_CSF,1.8772759081811685,1.5363405228347895,13365,downward_arrow,1.1222395477261643e-11,***,Non
2014,N,Enterococcus faecalis,Aminopenicillins,1.5909263911090814,Europe,1.618151009621063,EARS,human_Blood_CSF,1.7923465575652249,1.4608852729321458,13137,downward_arrow,1.1222395477261643e-11,***,Non
2015,N,Enterococcus faecalis,Aminopenicillins,2.149810708491076,Europe,1.541808021580818,EARS,human_Blood_CSF,1.714491205154905,1.386517450928643,14792,downward_arrow,1.1222395477261643e-11,***,Non
2016,N,Enterococcus faecalis,Aminopenicillins,2.256830601092896,Europe,1.4690668307697934,EARS,human_Blood_CSF,1.6427891110901636,1.3137153994378745,18300,downward_arrow,1.1222395477261643e-11,***,Non
2017,N,Enterococcus faecalis,Aminopenicillins,0.927349829908197,Europe,1.3997575074588358,EARS,human_Blood_CSF,1.5763691950301761,1.24293286487996,21459,downward_arrow,1.1222395477261643e-11,***,Non
2018,N,Enterococcus faecalis,Aminopenicillins,0.9088581669226832,Europe,1.333718139058851,EARS,human_Blood_CSF,1.5144636569415688,1.174543916125968,23436,downward_arrow,1.1222395477261643e-11,***,Non
2019,N,Enterococcus faecalis,Aminopenicillins,0.9089013967062748,Europe,1.270794451878957,EARS,human_Blood_CSF,1.456428604152051,1.1088209434519873,23985,downward_arrow,1.1222395477261643e-11,***,Non
2020,Y,Enterococcus faecalis,Aminopenicillins,0.9219470271114932,Europe,1.2108394507297602,EARS,human_Blood_CSF,1.4017403931048031,1.0459370241847128,25598,downward_arrow,1.1222395477261643e-11,***,Non
2021,Y,Enterococcus faecalis,Aminopenicillins,1.106819435879126,Europe,1.1537130755298548,EARS,human_Blood_CSF,1.3499796519764475,0.9859806840049902,30809,downward_arrow,1.1222395477261643e-11,***,Non
2022,Y,Enterococcus faecalis,Aminopenicillins,0.9536959732836684,Europe,1.0992818741133221,EARS,human_Blood_CSF,1.3008118163136853,0.928974217176616,31142,downward_arrow,1.1222395477261643e-11,***,Non
2023,Y,Enterococcus faecalis,Aminopenicillins,1.1647436833649774,Europe,1.0474186904739013,EARS,human_Blood_CSF,1.2539688735036814,0.8748908655832289,27388,downward_arrow,1.1222395477261643e-11,***,Non
2024,Y,Enterococcus faecalis,Aminopenicillins,0.9543246428468768,Europe,0.9980023677175338,EARS,human_Blood_CSF,1.2092340971638595,0.8236690714443502,34789,downward_arrow,1.1222395477261643e-11,***,Non
2000,N,Enterococcus faecium,Aminopenicillins,70.83333333333334,Europe,71.4031404531594,EARS,human_Blood_CSF,74.54386627467103,68.39474153094709,96,upward_arrow,2.3980835861409233e-16,***,Down
2001,N,Enterococcus faecium,Aminopenicillins,67.72673733804476,Europe,72.4629494990139,EARS,human_Blood_CSF,75.4095348195159,69.63150034891501,849,upward_arrow,2.3980835861409233e-16,***,Down
2002,N,Enterococcus faecium,Aminopenicillins,62.264150943396224,Europe,73.53848887838794,EARS,human_Blood_CSF,76.29097559674184,70.88530857308558,1378,upward_arrow,2.3980835861409233e-16,***,Down
2003,N,Enterococcus faecium,Aminopenicillins,69.69866071428571,Europe,74.62999207050473,EARS,human_Blood_CSF,77.19010849632403,72.15478543742215,1792,upward_arrow,2.3980835861409233e-16,***,Down
2004,N,Enterococcus faecium,Aminopenicillins,74.55731593662628,Europe,75.73769602002857,EARS,human_Blood_CSF,78.10951091780684,73.43790187674257,2146,upward_arrow,2.3980835861409233e-16,***,Down
2005,N,Enterococcus faecium,Aminopenicillins,79.27442528735632,Europe,76.86184118850132,EARS,human_Blood_CSF,79.0526786788202,74.73171978003069,2784,upward_arrow,2.3980835861409233e-16,***,Down
2006,N,Enterococcus faecium,Aminopenicillins,81.21546961325967,Europe,78.00267160654215,EARS,human_Blood_CSF,80.02436420766873,76.0320539625729,3439,upward_arrow,2.3980835861409233e-16,***,Down
2007,N,Enterococcus faecium,Aminopenicillins,83.41756919374248,Europe,79.16043492682155,EARS,human_Blood_CSF,81.03095287756061,77.33309599940365,4155,upward_arrow,2.3980835861409233e-16,***,Down
2008,N,Enterococcus faecium,Aminopenicillins,83.5425053279659,Europe,80.33538247782258,EARS,human_Blood_CSF,82.08072385112766,78.62715355146541,4223,upward_arrow,2.3980835861409233e-16,***,Down
2009,N,Enterococcus faecium,Aminopenicillins,84.41950798446267,Europe,81.52776931839894,EARS,human_Blood_CSF,83.183636953446907,79.90486366632285,4634,upward_arrow,2.3980835861409233e-16,***,Down
2010,N,Enterococcus faecium,Aminopenicillins,86.77275838466804,Europe,82.73785429314398,EARS,human_Blood_CSF,84.35012638041613,81.1563992466392,5844,upward_arrow,2.3980835861409233e-16,***,Down
2011,N,Enterococcus faecium,Aminopenicillins,88.44205679201842,Europe,83.96590008858043,EARS,human_Blood_CSF,85.58871975283233,82.37385017611695,6515,upward_arrow,2.3980835861409233e-16,***,Down
2012,N,Enterococcus faecium,Aminopenicillins,89.55845598444876,Europe,85.21217329018519,EARS,human_Blood_CSF,86.90345403526906,83.55380758386985,7202,upward_arrow,2.3980835861409233e-16,***,Down
2013,N,Enterococcus faecium,Aminopenicillins,87.78761061946902,Europe,86.47694444025942,EARS,human_Blood_CSF,88.29292944266503,84.6983101243672,8475,upward_arrow,2.3980835861409233e-16,***,Down
2014,N,Enterococcus faecium,Aminopenicillins,88.49123667116068,Europe,87.76048809665876,EARS,human_Blood_CSF,89.75171858507035,85.81343502256846,8159,upward_arrow,2.3980835861409233e-16,***,Down
2015,N,Enterococcus faecium,Aminopenicillins,89.00247135475175,Europe,89.06308289239402,EARS,human_Blood_CSF,91.27283419034559,86.90683054450919,8902,upward_arrow,2.3980835861409233e-16,***,Down
2016,N,Enterococcus faecium,Aminopenicillins,87.37124193953605,Europe,90.38501159611776,EARS,human_Blood_CSF,92.84964530842548,87.98579998979295,11941,upward_arrow,2.3980835861409233e-16,***,Down
2017,N,Enterococcus faecium,Aminopenicillins,89.69493504597868,Europe,91.7265611735074,EARS,human_Blood_CSF,94.47674501979354,89.05643418340095,13702,upward_arrow,2.3980835861409233e-16,***,Down
2018,N,Enterococcus faecium,Aminopenicillins,89.38093380153465,Europe,93.08802284956037,EARS,human_Blood_CSF,96.15008285415837,90.12347926089704,15378,upward_arrow,2.3980835861409233e-16,***,Down
2019,N,Enterococcus faecium,Aminopenicillins,89.25728611720464,Europe,94.46969217181369,EARS,human_Blood_CSF,97.86677745004259,91.19052421638055,15955,upward_arrow,2.3980835861409233e-16,***,Down
2020,Y,Enterococcus faecium,Aminopenicillins,89.5373142760296,Europe,90.14572045176762,EARS,human_Blood_CSF,95.71669327002239,84.8989934581589,17701,upward_arrow,2.3980835861409233e-16,***,Down
2021,Y,Enterococcus faecium,Aminopenicillins,90.65730994152048,Europe,90.21631133678558,EARS,human_Blood_CSF,94.12353132198096,86.47128637124459,21375,upward_arrow,2.3980835861409233e-16,***,Down
2022,Y,Enterococcus faecium,Aminopenicillins,90.41562570974337,Europe,90.28695749978039,EARS,human_Blood_CSF,93.4619634193214,87.21981003110342,22015,upward_arrow,2.3980835861409233e-16,***,Down
2023,Y,Enterococcus faecium,Aminopenicillins,91.19752369897466,Europe,90.35765898403878,EARS,human_Blood_CSF,94.25877794806732,86.61799691031585,20676,upward_arrow,2.3980835861409233e-16,***,Down
2024,Y,Enterococcus faecium,Aminopenicillins,89.62759512076904,Europe,90.42841583288163,EARS,human_Blood_CSF,95.99925561247294,85.18085205842054,24758,upward_arrow,2.3980835861409233e-16,***,Down
2000,N,Escherichia coli,Aminopenicillins,34.98498498498498,Europe,44.38649082994357,EARS,human_Blood_CSF,46.489379858688196,42.37872335972814,2664,upward_arrow,1.9113087648090024e-13,***,Down
2001,N,Escherichia coli,Aminopenicillins,42.31903287630841,Europe,45.06474628364709,EARS,human_Blood_CSF,47.03481352433459,43.1771958989225,13566,upward_arrow,1.9113087648090024e-13,***,Down
2002,N,Escherichia coli,Aminopenicillins,45.4686643522748,Europe,45.7533659371753,EARS,human_Blood_CSF,47.592390634578834,43.98540326865004,21892,upward_arrow,1.9113087648090024e-13,***,Down
2003,N,Escherichia coli,Aminopenicillins,46.90443603574592,Europe,46.45250816247708,EARS,human_Blood_CSF,48.164020656122865,44.80181440813091,24842,upward_arrow,1.9113087648090024e-13,***,Down
2004,N,Escherichia coli,Aminopenicillins,47.5724404378622,Europe,47.16233375153114,EARS,human_Blood_CSF,48.75225068645986,45.62426746604691,31060,upward_arrow,1.9113087648090024e-13,***,Down
2005,N,Escherichia coli,Aminopenicillins,49.49857365526571,Europe,47.88300595332597,EARS,human_Blood_CSF,49.36046708214321,46.44976829961349,34003,upward_arrow,1.9113087648090024e-13,***,Down
2006,N,Escherichia coli,Aminopenicillins,51.14053690580872,Europe,48.61469051140445,EARS,human_Blood_CSF,49.99309156342342,47.274294499697824,38666,upward_arrow,1.9113087648090024e-13,***,Down
2007,N,Escherichia coli,Aminopenicillins,51.88043348815054,Europe,49.357555701982314,EARS,human_Blood_CSF,50.65566103234793,48.092715704935465,41985,upward_arrow,1.9113087648090024e-13,***,Down
2008,N,Escherichia coli,Aminopenicillins,52.20229521906797,Europe,50.11177237264916,EARS,human_Blood_CSF,51.35457939289881,48.8990419163173,43046,upward_arrow,1.9113087648090024e-13,***,Down
2009,N,Escherichia coli,Aminopenicillins,54.32903781967684,Europe,50.87751398166078,EARS,human_Blood_CSF,52.09629751611284,49.68724366935071,45241,upward_arrow,1.9113087648090024e-13,***,Down
2010,N,Escherichia coli,Aminopenicillins,54.33562071116656,Europe,51.65495663783173,EARS,human_Blood_CSF,52.88592982142926,50.452635592597886,56105,upward_arrow,1.9113087648090024e-13,***,Down
2011,N,Escherichia coli,Aminopenicillins,55.464567986172874,Europe,52.44427914103789,EARS,human_Blood_CSF,53.72589425912126,51.19323656778695,59593,upward_arrow,1.9113087648090024e-13,***,Down
2012,N,Escherichia coli,Aminopenicillins,55.2279313675882,Europe,53.245663023337556,EARS,human_Blood_CSF,54.6154720360779,51.91021014927792,65217,upward_arrow,1.9113087648090024e-13,***,Down
2013,N,Escherichia coli,Aminopenicillins,55.26456290218338,Europe,54.05929259072104,EARS,human_Blood_CSF,55.551574094061465,52.60709823381218,71174,upward_arrow,1.9113087648090024e-13,***,Down
2014,N,Escherichia coli,Aminopenicillins,54.804222725992304,Europe,54.885354965498266,EARS,human_Blood_CSF,56.53007352111579,53.28848879992199,74549,upward_arrow,1.9113087648090024e-13,***,Down
2015,N,Escherichia coli,Aminopenicillins,55.03666343843938,Europe,55.72404012933402,EARS,human_Blood_CSF,57.54690497379193,53.9589166393881,79507,upward_arrow,1.9113087648090024e-13,***,Down
2016,N,Escherichia coli,Aminopenicillins,55.73314609336746,Europe,56.57554096694061,EARS,human_Blood_CSF,58.598631443934494,54.62229674705632,108239,upward_arrow,1.9113087648090024e-13,***,Down
2017,N,Escherichia coli,Aminopenicillins,55.323121414838006,Europe,57.44005331043878,EARS,human_Blood_CSF,59.68259242008326,55.281776319016096,125866,upward_arrow,1.9113087648090024e-13,***,Down
2018,N,Escherichia coli,Aminopenicillins,55.150336574420344,Europe,58.31777598439577,EARS,human_Blood_CSF,60.7968403444376,55.9397984582488,133700,upward_arrow,1.9113087648090024e-13,***,Down
2019,N,Escherichia coli,Aminopenicillins,54.28282658131896,Europe,59.20891085155209,EARS,human_Blood_CSF,61.940008291917984,56.59823466127095,130603,upward_arrow,1.9113087648090024e-13,***,Down
2020,Y,Escherichia coli,Aminopenicillins,50.768829572230864,Europe,49.73585810833562,EARS,human_Blood_CSF,53.90841667241859,45.88625922374941,107371,upward_arrow,1.9113087648090024e-13,***,Down
2021,Y,Escherichia coli,Aminopenicillins,49.19665103326982,Europe,50.063555881966906,EARS,human_Blood_CSF,52.998326623765855,47.29129742792492,109168,upward_arrow,1.9113087648090024e-13,***,Down
2022,Y,Escherichia coli,Aminopenicillins,49.90816721991002,Europe,50.39341277851129,EARS,human_Blood_CSF,52.792151819103474,48.103666245073924,118694,upward_arrow,1.9113087648090024e-13,***,Down
2023,Y,Escherichia coli,Aminopenicillins,50.124605721747606,Europe,50.72544302391757,EARS,human_Blood_CSF,53.69729237341285,47.91806916593644,108743,upward_arrow,1.9113087648090024e-13,***,Down
2024,Y,Escherichia coli,Aminopenicillins,51.978531610329995,Europe,51.0596609378659,EARS,human_Blood_CSF,55.34076945802264,47.109734841460266,149429,upward_arrow,1.9113087648090024e-13,***,Down
2000,N,Escherichia coli,Fluoroquinolones,3.2715806070161606,Europe,9.850625504357579,EARS,human_Blood_CSF,11.942769723621025,8.124984829539127,2537,upward_arrow,1.6389552578541047e-10,***,Down
2001,N,Escherichia coli,Fluoroquinolones,7.714941868810104,Europe,10.409960756189522,EARS,human_Blood_CSF,12.43817745025702,8.712472818368306,13934,upward_arrow,1.6389552578541047e-10,***,Down
2002,N,Escherichia coli,Fluoroquinolones,9.896963123644252,Europe,11.001056013901652,EARS,human_Blood_CSF,12.96093899084408,9.337535922859868,22128,upward_arrow,1.6389552578541047e-10,***,Down
2003,N,Escherichia coli,Fluoroquinolones,11.883356385431073,Europe,11.62571466458642,EARS,human_Blood_CSF,13.514753190246811,10.000718441526454,26028,upward_arrow,1.6389552578541047e-10,***,Down
2004,N,Escherichia coli,Fluoroquinolones,13.745948448834696,Europe,12.285842494719256,EARS,human_Blood_CSF,14.104467508985847,10.70171034169745,32395,upward_arrow,1.6389552578541047e-10,***,Down
2005,N,Escherichia coli,Fluoroquinolones,15.384174968510248,Europe,12.983453504569498,EARS,human_Blood_CSF,14.73649073703071,11.438955712958531,34932,upward_arrow,1.6389552578541047e-10,***,Down
2006,N,Escherichia coli,Fluoroquinolones,16.837643281747724,Europe,13.720676052763434,EARS,human_Blood_CSF,15.419262691829037,12.209205790665784,39869,upward_arrow,1.6389552578541047e-10,***,Down
2007,N,Escherichia coli,Fluoroquinolones,18.108813031939235,Europe,14.499759349746148,EARS,human_Blood_CSF,16.163637184183028,13.007160381345651,43708,upward_arrow,1.6389552578541047e-10,***,Down
2008,N,Escherichia coli,Fluoroquinolones,18.707271597265382,Europe,15.323080319953084,EARS,human_Blood_CSF,16.98286420760237,13.825511858395883,45052,upward_arrow,1.6389552578541047e-10,***,Down
2009,N,Escherichia coli,Fluoroquinolones,20.11981705353117,Europe,16.19315085362738,EARS,human_Blood_CSF,17.891753546735483,14.655809665798646,46571,upward_arrow,1.6389552578541047e-10,***,Down
2010,N,Escherichia coli,Fluoroquinolones,20.398009950248756,Europe,17.112625470407774,EARS,human_Blood_CSF,18.904889915038012,15.490275362963418,60099,upward_arrow,1.6389552578541047e-10,***,Down
2011,N,Escherichia coli,Fluoroquinolones,20.57499289485887,Europe,18.084309418067953,EARS,human_Blood_CSF,20.0345780180035,16.323889968360408,66853,upward_arrow,1.6389552578541047e-10,***,Down
2012,N,Escherichia coli,Fluoroquinolones,20.75616333347022,Europe,19.111167231116188,EARS,human_Blood_CSF,21.2897613348811,17.155509974519354,73053,upward_arrow,1.6389552578541047e-10,***,Down
2013,N,Escherichia coli,Fluoroquinolones,20.936846711070057,Europe,20.196331775366716,EARS,human_Blood_CSF,22.67651436438303,17.987412466765367,82276,upward_arrow,1.6389552578541047e-10,***,Down
2014,N,Escherichia coli,Fluoroquinolones,21.19463007865634,Europe,21.343113806077252,EARS,human_Blood_CSF,24.199486160861962,18.823891710390757,84545,upward_arrow,1.6389552578541047e-10,***,Down
2015,N,Escherichia coli,Fluoroquinolones,21.445683421900863,Europe,22.55501206881388,EARS,human_Blood_CSF,25.8633035173262,19.66989905537532,91832,upward_arrow,1.6389552578541047e-10,***,Down
2016,N,Escherichia coli,Fluoroquinolones,20.79241936385935,Europe,23.835723973860084,EARS,human_Blood_CSF,27.67345103647813,20.530209138323382,125161,upward_arrow,1.6389552578541047e-10,***,Down
2017,N,Escherichia coli,Fluoroquinolones,21.214026363007022,Europe,25.189156876736956,EARS,human_Blood_CSF,29.63666263961706,21.409078069158156,141562,upward_arrow,1.6389552578541047e-10,***,Down
2018,N,Escherichia coli,Fluoroquinolones,22.47281800669692,Europe,26.61943999925048,EARS,human_Blood_CSF,31.761027490944045,22.310190880182862,154698,upward_arrow,1.6389552578541047e-10,***,Down
2019,N,Escherichia coli,Fluoroquinolones,21.297567370360753,Europe,28.130937027436108,EARS,human_Blood_CSF,34.055975832078275,23.23673301694623,161718,upward_arrow,1.6389552578541047e-10,***,Down
2020,Y,Escherichia coli,Fluoroquinolones,20.4007978647074,Europe,19.598028847608493,EARS,human_Blood_CSF,27.61477810328102,13.908593915736015,139372,upward_arrow,1.6389552578541047e-10,***,Down
2021,Y,Escherichia coli,Fluoroquinolones,19.02758103491376,Europe,19.878719409071856,EARS,human_Blood_CSF,25.333635056666793,15.598372853350906,144012,upward_arrow,1.6389552578541047e-10,***,Down
2022,Y,Escherichia coli,Fluoroquinolones,19.409721094840744,Europe,20.16343012949648,EARS,human_Blood_CSF,24.57799344309871,16.541786274308173,153995,upward_arrow,1.6389552578541047e-10,***,Down
2023,Y,Escherichia coli,Fluoroquinolones,21.260441943136016,Europe,20.45221858715641,EARS,human_Blood_CSF,26.06410410735476,16.048633147486253,147123,upward_arrow,1.6389552578541047e-10,***,Down
2024,Y,Escherichia coli,Fluoroquinolones,20.74061427984571,Europe,20.745143184984055,EARS,human_Blood_CSF,29.230489193624408,14.723016194315294,187439,upward_arrow,1.6389552578541047e-10,***,Down
2000,N,Escherichia coli,Third-generation cephalosporins,0.6972928630024611,Europe,1.631073123904213,EARS,human_Blood_CSF,2.0217219288268895,1.3159077406190842,2438,upward_arrow,2.297564649480652e-45,***,Down
2001,N,Escherichia coli,Third-generation cephalosporins,1.076858108108108,Europe,1.8667212905586175,EARS,human_Blood_CSF,2.276516892282401,1.530692958369035,14208,upward_arrow,2.297564649480652e-45,***,Down
2002,N,Escherichia coli,Third-generation cephalosporins,1.576517724936852,Europe,2.1364145638570844,EARS,human_Blood_CSF,2.5648360064568796,1.779555175134115,22962,upward_arrow,2.297564649480652e-45,***,Down
2003,N,Escherichia coli,Third-generation cephalosporins,2.39370796762795,Europe,2.445071587143464,EARS,human_Blood_CSF,2.8917103353143263,2.0674183694150727,26319,upward_arrow,2.297564649480652e-45,***,Down
2004,N,Escherichia coli,Third-generation cephalosporins,2.749700451626778,Europe,2.7983216213724447,EARS,human_Blood_CSF,3.2632186387901467,2.399656524254145,32549,upward_arrow,2.297564649480652e-45,***,Down
2005,N,Escherichia coli,Third-generation cephalosporins,3.710232280442385,Europe,3.2026072110996417,EARS,human_Blood_CSF,3.686826752186883,2.7819839764652765,35173,upward_arrow,2.297564649480652e-45,***,Down
2006,N,Escherichia coli,Third-generation cephalosporins,4.118616144975288,Europe,3.66530168306994,EARS,human_Blood_CSF,4.171849242363047,3.2202593256475667,39455,upward_arrow,2.297564649480652e-45,***,Down
2007,N,Escherichia coli,Third-generation cephalosporins,5.154639175257731,Europe,4.194843620333482,EARS,human_Blood_CSF,4.73003095094669,3.720210963002393,42098,upward_arrow,2.297564649480652e-45,***,Down
2008,N,Escherichia coli,Third-generation cephalosporins,5.888969761132799,Europe,4.800890764416988,EARS,human_Blood_CSF,5.376168555322045,4.287170667119025,45339,upward_arrow,2.297564649480652e-45,***,Down
2009,N,Escherichia coli,Third-generation cephalosporins,7.729585124111921,Europe,5.494496152405324,EARS,human_Blood_CSF,6.128571122167643,4.926023924173544,45604,upward_arrow,2.297564649480652e-45,***,Down
2010,N,Escherichia coli,Third-generation cephalosporins,8.450492318494124,Europe,6.288309701306661,EARS,human_Blood_CSF,7.009113496700997,5.641631986435835,59819,upward_arrow,2.297564649480652e-45,***,Down
2011,N,Escherichia coli,Third-generation cephalosporins,9.006567767418362,Europe,7.196808916180022,EARS,human_Blood_CSF,8.042870783622574,6.439747693258329,65319,upward_arrow,2.297564649480652e-45,***,Down
2012,N,Escherichia coli,Third-generation cephalosporins,10.431984019088311,Europe,8.236562929660712,EARS,human_Blood_CSF,9.257758637771776,7.328012270428936,72086,upward_arrow,2.297564649480652e-45,***,Down
2013,N,Escherichia coli,Third-generation cephalosporins,11.056653621560228,Europe,9.426534688414408,EARS,human_Blood_CSF,10.684713777391105,8.31651255084692,81001,upward_arrow,2.297564649480652e-45,***,Down
2014,N,Escherichia coli,Third-generation cephalosporins,11.029060068362908,Europe,10.788426797771152,EARS,human_Blood_CSF,12.358531351258135,9.417798075093918,85719,upward_arrow,2.297564649480652e-45,***,Down
2015,N,Escherichia coli,Third-generation cephalosporins,11.879506000740564,Europe,12.347077332024773,EARS,human_Blood_CSF,14.31907977801746,10.646656140364588,91822,upward_arrow,2.297564649480652e-45,***,Down
2016,N,Escherichia coli,Third-generation cephalosporins,11.80129736009811,Europe,14.130912829152772,EARS,human_Blood_CSF,16.612618034684466,12.019941526868863,123944,upward_arrow,2.297564649480652e-45,***,Down
2017,N,Escherichia coli,Third-generation cephalosporins,12.028395834518864,Europe,16.172466731636547,EARS,human_Blood_CSF,19.29313285273656,13.556568660065626,140584,upward_arrow,2.297564649480652e-45,***,Down
2018,N,Escherichia coli,Third-generation cephalosporins,13.362362493452068,Europe,18.508972728662172,EARS,human_Blood_CSF,22.423741365803757,15.277649964015295,152720,upward_arrow,2.297564649480652e-45,***,Down
2019,N,Escherichia coli,Third-generation cephalosporins,13.53740548892463,Europe,21.183043821027095,EARS,human_Blood_CSF,26.078238256582832,17.206735405536268,157918,upward_arrow,2.297564649480652e-45,***,Down
2020,Y,Escherichia coli,Third-generation cephalosporins,12.664590779320712,Europe,12.005278586856996,EARS,human_Blood_CSF,17.392721064286597,8.286611014764686,139057,upward_arrow,2.297564649480652e-45,***,Down
2021,Y,Escherichia coli,Third-generation cephalosporins,11.907935846698605,Europe,12.617699504927138,EARS,human_Blood_CSF,16.399149883149555,9.708206945545763,144030,upward_arrow,2.297564649480652e-45,***,Down
2022,Y,Escherichia coli,Third-generation cephalosporins,12.679441293140206,Europe,13.261361628953164,EARS,human_Blood_CSF,16.42606300495605,10.706382424127437,154786,upward_arrow,2.297564649480652e-45,***,Down
2023,Y,Escherichia coli,Third-generation cephalosporins,14.451696240397036,Europe,13.937858655232493,EARS,human_Blood_CSF,18.11436163824903,10.724303057031008,147090,upward_arrow,2.297564649480652e-45,***,Down
2024,Y,Escherichia coli,Third-generation cephalosporins,14.771186936206632,Europe,14.648865578713139,EARS,human_Blood_CSF,21.22165421797546,10.111806579217667,188123,upward_arrow,2.297564649480652e-45,***,Down
2005,N,Klebsiella pneumoniae,Fluoroquinolones,20.113068058273537,Europe,23.369911882735664,EARS,human_Blood_CSF,25.01659807812791,21.831616741060117,4599,upward_arrow,5.649128867097356e-12,***,Non
2006,N,Klebsiella pneumoniae,Fluoroquinolones,19.724154766263887,Europe,23.86287535005769,EARS,human_Blood_CSF,25.413403295768568,22.40694854384987,8193,upward_arrow,5.649128867097356e-12,***,Non
2007,N,Klebsiella pneumoniae,Fluoroquinolones,22.69226711678447,Europe,24.366237358090256,EARS,human_Blood_CSF,25.82111409942513,22.993334861721227,9479,upward_arrow,5.649128867097356e-12,***,Non
2008,N,Klebsiella pneumoniae,Fluoroquinolones,26.471727343144845,Europe,24.880217253004158,EARS,human_Blood_CSF,26.241361917850153,23.589675432798575,10328,upward_arrow,5.649128867097356e-12,***,Non
2009,N,Klebsiella pneumoniae,Fluoroquinolones,28.797553736846837,Europe,25.405039007844703,EARS,human_Blood_CSF,26.67631726493513,24.19434439095094,11119,upward_arrow,5.649128867097356e-12,***,Non
2010,N,Klebsiella pneumoniae,Fluoroquinolones,28.08862712102089,Europe,25.940931320130666,EARS,human_Blood_CSF,27.128862944262767,24.80501741404714,14262,upward_arrow,5.649128867097356e-12,***,Non
2011,N,Klebsiella pneumoniae,Fluoroquinolones,29.867639782286,Europe,26.48812771151206,EARS,human_Blood_CSF,27.602766752466952,25.418499382807962,16168,upward_arrow,5.649128867097356e-12,***,Non
2012,N,Klebsiella pneumoniae,Fluoroquinolones,28.02784222737819,Europe,27.046866629530054,EARS,human_Blood_CSF,28.102764451798535,26.030641780110336,17240,upward_arrow,5.649128867097356e-12,***,Non
2013,N,Klebsiella pneumoniae,Fluoroquinolones,29.055651899731988,Europe,27.61739155152342,EARS,human_Blood_CSF,28.63438042653125,26.636522416369683,19029,upward_arrow,5.649128867097356e-12,***,Non
2014,N,Klebsiella pneumoniae,Fluoroquinolones,29.139269293518566,Europe,28.19995109072675,EARS,human_Blood_CSF,29.203283446923855,27.23109005755131,20227,upward_arrow,5.649128867097356e-12,***,Non
2015,N,Klebsiella pneumoniae,Fluoroquinolones,30.118465671378868,Europe,28.79479910460676,EARS,human_Blood_CSF,29.81417240507376,27.810279091750335,22707,upward_arrow,5.649128867097356e-12,***,Non
2016,N,Klebsiella pneumoniae,Fluoroquinolones,27.105203289024665,Europe,29.402194805483767,EARS,human_Blood_CSF,30.469651016509196,28.37213524077501,30769,upward_arrow,5.649128867097356e-12,***,Non
2017,N,Klebsiella pneumoniae,Fluoroquinolones,28.435184060259992,Europe,30.02240287348664,EARS,human_Blood_CSF,31.16981404657824,28.917229757964723,32924,upward_arrow,5.649128867097356e-12,***,Non
2018,N,Klebsiella pneumoniae,Fluoroquinolones,31.057518700025792,Europe,30.655693571890456,EARS,human_Blood_CSF,31.912802537578912,29.448104636595872,38770,upward_arrow,5.649128867097356e-12,***,Non
2019,N,Klebsiella pneumoniae,Fluoroquinolones,30.509166926976956,Europe,31.30234286488689,EARS,human_Blood_CSF,32.69584323203995,29.96823363377137,41617,upward_arrow,5.649128867097356e-12,***,Non
2020,Y,Klebsiella pneumoniae,Fluoroquinolones,32.15194928368192,Europe,31.9626325378393,EARS,human_Blood_CSF,33.51613516837921,30.481136133881613,40066,upward_arrow,5.649128867097356e-12,***,Non
2021,Y,Klebsiella pneumoniae,Fluoroquinolones,32.82169938833017,Europe,32.63685032007375,EARS,human_Blood_CSF,34.37132644538952,30.98990085550731,43651,upward_arrow,5.649128867097356e-12,***,Non
2022,Y,Klebsiella pneumoniae,Fluoroquinolones,32.503224732659255,Europe,33.32529001026101,EARS,human_Blood_CSF,35.25965649205599,31.497044065594203,48066,upward_arrow,5.649128867097356e-12,***,Non
2023,Y,Klebsiella pneumoniae,Fluoroquinolones,35.12875225290547,Europe,34.02825160444256,EARS,human_Blood_CSF,36.179922842582094,32.00454330135904,48271,upward_arrow,5.649128867097356e-12,***,Non
2024,Y,Klebsiella pneumoniae,Fluoroquinolones,31.799176741321748,Europe,34.74604142675783,EARS,human_Blood_CSF,37.131386519513704,32.51393249739015,61706,upward_arrow,5.649128867097356e-12,***,Non
2005,N,Klebsiella pneumoniae,Third-generation cephalosporins,22.130254846438685,Europe,23.449509501792964,EARS,human_Blood_CSF,24.99181182330186,22.002386212030533,4591,upward_arrow,7.570280643679552e-16,***,Non
2006,N,Klebsiella pneumoniae,Third-generation cephalosporins,19.462590903488227,Europe,23.990672501813474,EARS,human_Blood_CSF,25.44605384408373,22.61853136898421,8113,upward_arrow,7.570280643679552e-16,***,Non
2007,N,Klebsiella pneumoniae,Third-generation cephalosporins,22.4953567136458,Europe,24.544324351230536,EARS,human_Blood_CSF,25.912844218933774,23.248079321923086,9153,upward_arrow,7.570280643679552e-16,***,Non
2008,N,Klebsiella pneumoniae,Third-generation cephalosporins,25.440369621715277,Europe,25.11075326516466,EARS,human_Blood_CSF,26.393790409736205,23.890086257234906,10389,upward_arrow,7.570280643679552e-16,***,Non
2009,N,Klebsiella pneumoniae,Third-generation cephalosporins,29.17614929449249,Europe,25.690254110106096,EARS,human_Blood_CSF,26.891018280934027,24.543107640879537,10985,upward_arrow,7.570280643679552e-16,***,Non
2010,N,Klebsiella pneumoniae,Third-generation cephalosporins,27.598741698706743,Europe,26.283128557413875,EARS,human_Blood_CSF,27.40734098113889,25.205029821788973,14305,upward_arrow,7.570280643679552e-16,***,Non
2011,N,Klebsiella pneumoniae,Third-generation cephalosporins,29.703032989299057,Europe,26.88968524035716,EARS,human_Blood_CSF,27.946430824559858,25.87289864901271,15793,upward_arrow,7.570280643679552e-16,***,Non
2012,N,Klebsiella pneumoniae,Third-generation cephalosporins,29.210371243370652,Europe,27.510239914780772,EARS,human_Blood_CSF,28.512911066746295,26.54282820849693,16970,upward_arrow,7.570280643679552e-16,***,Non
2013,N,Klebsiella pneumoniae,Third-generation cephalosporins,30.2336747759283,Europe,28.14511562347859,EARS,human_Blood_CSF,29.11220345237662,27.210153802161297,18744,upward_arrow,7.570280643679552e-16,***,Non
2014,N,Klebsiella pneumoniae,Third-generation cephalosporins,30.186274509803923,Europe,28.794642864360153,EARS,human_Blood_CSF,29.749932595228863,27.87002810954331,20400,upward_arrow,7.570280643679552e-16,***,Non
2015,N,Klebsiella pneumoniae,Third-generation cephalosporins,30.954782684969956,Europe,29.459159762498476,EARS,human_Blood_CSF,30.430867002100637,28.518480720661117,22801,upward_arrow,7.570280643679552e-16,***,Non
2016,N,Klebsiella pneumoniae,Third-generation cephalosporins,28.547644696895503,Europe,30.139012246147995,EARS,human_Blood_CSF,31.15782010978322,29.15351767141898,30633,upward_arrow,7.570280643679552e-16,***,Non
2017,N,Klebsiella pneumoniae,Third-generation cephalosporins,28.796748460675182,Europe,30.834554226824945,EARS,human_Blood_CSF,31.93120946560633,29.775562851482306,32969,upward_arrow,7.570280643679552e-16,***,Non
2018,N,Klebsiella pneumoniae,Third-generation cephalosporins,31.405453220938707,Europe,31.546147783543365,EARS,human_Blood_CSF,32.74955027895111,30.38696505767806,38436,upward_arrow,7.570280643679552e-16,***,Non
2019,N,Klebsiella pneumoniae,Third-generation cephalosporins,30.998368122366465,Europe,32.27416335130302,EARS,human_Blood_CSF,33.61043916287455,30.991014874246158,41057,upward_arrow,7.570280643679552e-16,***,Non
2020,Y,Klebsiella pneumoniae,Third-generation cephalosporins,32.4407749447902,Europe,33.018979913926955,EARS,human_Blood_CSF,34.51141194173678,31.59108750453068,39848,upward_arrow,7.570280643679552e-16,***,Non
2021,Y,Klebsiella pneumoniae,Third-generation cephalosporins,33.702867309929516,Europe,33.78098520134978,EARS,human_Blood_CSF,35.45041437540851,32.19017270402958,43839,upward_arrow,7.570280643679552e-16,***,Non
2022,Y,Klebsiella pneumoniae,Third-generation cephalosporins,33.701543171569234,Europe,34.56057589145836,EARS,human_Blood_CSF,36.42594962362531,32.790727991743616,48342,upward_arrow,7.570280643679552e-16,***,Non
2023,Y,Klebsiella pneumoniae,Third-generation cephalosporins,37.005252491831754,Europe,35.358157816591074,EARS,human_Blood_CSF,37.43705337196273,33.394704218875745,48358,upward_arrow,7.570280643679552e-16,***,Non
2024,Y,Klebsiella pneumoniae,Third-generation cephalosporins,34.022347269473244,Europe,36.17414617480222,EARS,human_Blood_CSF,38.48320709708151,34.00363301776886,62021,upward_arrow,7.570280643679552e-16,***,Non
2005,N,Pseudomonas aeruginosa,Fluoroquinolones,25.755208333333336,Europe,25.500457815661775,EARS,human_Blood_CSF,26.554751737653238,24.48802215259623,3840,downward_arrow,2.0068127340248444e-51,***,Non
2006,N,Pseudomonas aeruginosa,Fluoroquinolones,25.012805190370496,Europe,24.828633800772685,EARS,human_Blood_CSF,25.776943119737595,23.915211883322318,5857,downward_arrow,2.0068127340248444e-51,***,Non
2007,N,Pseudomonas aeruginosa,Fluoroquinolones,23.88967468175389,Europe,24.174509370347693,EARS,human_Blood_CSF,25.02434750122567,23.353532125798868,7070,downward_arrow,2.0068127340248444e-51,***,Non
2008,N,Pseudomonas aeruginosa,Fluoroquinolones,24.0316421167485,Europe,23.53761821880193,EARS,human_Blood_CSF,24.29673895987472,22.802215240861,7332,downward_arrow,2.0068127340248444e-51,***,Non
2009,N,Pseudomonas aeruginosa,Fluoroquinolones,23.3083645443196,Europe,22.917506325635447,EARS,human_Blood_CSF,23.59406113666685,22.260351583531488,8010,downward_arrow,2.0068127340248444e-51,***,Non
2010,N,Pseudomonas aeruginosa,Fluoroquinolones,21.941066929565125,Europe,22.3137316317757,EARS,human_Blood_CSF,22.916465299586843,21.726850665049295,9129,downward_arrow,2.0068127340248444e-51,***,Non
2011,N,Pseudomonas aeruginosa,Fluoroquinolones,22.43761805348444,Europe,21.725863724446988,EARS,human_Blood_CSF,22.26433847479712,21.200412269493338,10059,downward_arrow,2.0068127340248444e-51,***,Non
2012,N,Pseudomonas aeruginosa,Fluoroquinolones,21.17581499024798,Europe,21.15348353034213,EARS,human_Blood_CSF,21.6382901557187,20.67953901386222,10767,downward_arrow,2.0068127340248444e-51,***,Non
2013,N,Pseudomonas aeruginosa,Fluoroquinolones,20.78689070038263,Europe,20.596183016877763,EARS,human_Blood_CSF,21.03904190806955,20.162646032946043,12022,downward_arrow,2.0068127340248444e-51,***,Non
2014,N,Pseudomonas aeruginosa,Fluoroquinolones,20.290593933214375,Europe,20.0535649013202,EARS,human_Blood_CSF,20.467160834059026,19.648326825196907,11769,downward_arrow,2.0068127340248444e-51,***,Non
2015,N,Pseudomonas aeruginosa,Fluoroquinolones,19.76099351714442,Europe,19.525242367574574,EARS,human_Blood_CSF,19.9226530245394,19.135759130219714,12803,downward_arrow,2.0068127340248444e-51,***,Non
2016,N,Pseudomonas aeruginosa,Fluoroquinolones,16.795665634674922,Europe,19.010838790435255,EARS,human_Blood_CSF,19.404599772938393,18.625068063498123,15504,downward_arrow,2.0068127340248444e-51,***,Non
2017,N,Pseudomonas aeruginosa,Fluoroquinolones,17.538788272078342,Europe,18.50998746710116,EARS,human_Blood_CSF,18.911108479927364,18.117374578856943,16951,downward_arrow,2.0068127340248444e-51,***,Non
2018,N,Pseudomonas aeruginosa,Fluoroquinolones,18.463380355004947,Europe,18.022331355764326,EARS,human_Blood_CSF,18.439654691224614,17.614452815731934,19211,downward_arrow,2.0068127340248444e-51,***,Non
2019,N,Pseudomonas aeruginosa,Fluoroquinolones,16.78767660910518,Europe,17.547522821085593,EARS,human_Blood_CSF,17.987583673811216,17.118227925456452,20384,downward_arrow,2.0068127340248444e-51,***,Non
2020,Y,Pseudomonas aeruginosa,Fluoroquinolones,16.99877600979192,Europe,17.08522338637587,EARS,human_Blood_CSF,17.55248965807754,16.630396248547694,20425,downward_arrow,2.0068127340248444e-51,***,Non
2021,Y,Pseudomonas aeruginosa,Fluoroquinolones,17.07056783316288,Europe,16.635103492306268,EARS,human_Blood_CSF,17.13237802054208,16.152262567866476,22489,downward_arrow,2.0068127340248444e-51,***,Non
2022,Y,Pseudomonas aeruginosa,Fluoroquinolones,17.215380748931892,Europe,16.196842261975227,EARS,human_Blood_CSF,16.725669792818504,15.684735051504283,23874,downward_arrow,2.0068127340248444e-51,***,Non
2023,Y,Pseudomonas aeruginosa,Fluoroquinolones,17.011692979662403,Europe,15.770127272165022,EARS,human_Blood_CSF,16.33113618637051,15.228390195400992,21979,downward_arrow,2.0068127340248444e-51,***,Non
2024,Y,Pseudomonas aeruginosa,Fluoroquinolones,14.433506354036156,Europe,15.354654330624703,EARS,human_Blood_CSF,15.947819204668484,14.783551693635651,27935,downward_arrow,2.0068127340248444e-51,***,Non
2011,N,Escherichia coli,Aminopenicillins,85,Slovenia,83.62590469053674,EFSA,broilers,88.83744376923921,78.72009412468289,836,downward_arrow,0.00644320472468866,**,Non
2012,N,Escherichia coli,Aminopenicillins,80,Slovenia,82.58464359136799,EFSA,broilers,87.17984791064804,78.2316500953687,325,downward_arrow,0.00644320472468866,**,Non
2014,N,Escherichia coli,Aminopenicillins,73,Slovenia,80.54085548992552,EFSA,broilers,84.21937485964055,77.0230058565499,158,downward_arrow,0.00644320472468866,**,Non
2015,N,Escherichia coli,Aminopenicillins,76,Slovenia,79.53800762806051,EFSA,broilers,82.96509585553545,76.25248415860561,152,downward_arrow,0.00644320472468866,**,Non
2016,N,Escherichia coli,Aminopenicillins,82,Slovenia,78.54764664416477,EFSA,broilers,81.88734545730402,75.34415432422902,151,downward_arrow,0.00644320472468866,**,Non
2017,N,Escherichia coli,Aminopenicillins,78,Slovenia,77.56961705890066,EFSA,broilers,80.98563781445507,74.29768602242845,160,downward_arrow,0.00644320472468866,**,Non
2018,N,Escherichia coli,Aminopenicillins,84,Slovenia,76.60376532886862,EFSA,broilers,80.2393185942363,73.13293489236946,146,downward_arrow,0.00644320472468866,**,Non
2019,N,Escherichia coli,Aminopenicillins,79,Slovenia,75.64993982250218,EFSA,broilers,79.61660478269897,71.88090236663565,169,downward_arrow,0.00644320472468866,**,Non
2020,Y,Escherichia coli,Aminopenicillins,82,Slovenia,74.70799079626292,EFSA,broilers,79.08583670463386,70.57248328369121,165,downward_arrow,0.00644320472468866,**,Non
2021,Y,Escherichia coli,Aminopenicillins,65,Slovenia,73.77777037113181,EFSA,broilers,78.62141050863457,69.2325330431163,170,downward_arrow,0.00644320472468866,**,Non
2022,Y,Escherichia coli,Aminopenicillins,79,Slovenia,72.85913250939329,EFSA,broilers,78.20463927028042,67.87900615045308,168,downward_arrow,0.00644320472468866,**,Non
2023,Y,Escherichia coli,Aminopenicillins,69,Slovenia,71.95193299170846,EFSA,broilers,77.82246310475315,66.52424576018211,171,downward_arrow,0.00644320472468866,**,Non
2024,Y,Escherichia coli,Aminopenicillins,69,Slovenia,71.05602939447364,EFSA,broilers,77.46585411574917,65.17657838980473,170,downward_arrow,0.00644320472468866,**,Non
2011,N,Escherichia coli,Fluoroquinolones,63,Slovenia,68.19476711257101,EFSA,broilers,72.96502614086626,63.73637491144719,836,downward_arrow,4.623541100278842e-8,***,Non
2012,N,Escherichia coli,Fluoroquinolones,78,Slovenia,66.21598470476606,EFSA,broilers,70.34479695613896,62.32950865087648,325,downward_arrow,4.623541100278842e-8,***,Non
2014,N,Escherichia coli,Fluoroquinolones,70,Slovenia,62.42900662197063,EFSA,broilers,65.64933606053732,59.36664560037826,158,downward_arrow,4.623541100278842e-8,***,Non
2015,N,Escherichia coli,Fluoroquinolones,64,Slovenia,60.61752715997065,EFSA,broilers,63.60459720964199,57.77073922626389,152,downward_arrow,4.623541100278842e-8,***,Non
2016,N,Escherichia coli,Fluoroquinolones,56,Slovenia,58.85861072946529,EFSA,broilers,61.76936935307232,56.08501581424052,151,downward_arrow,4.623541100278842e-8,***,Non
2017,N,Escherichia coli,Fluoroquinolones,58,Slovenia,57.15073212835432,EFSA,broilers,60.127638418011664,54.32121182109317,160,downward_arrow,4.623541100278842e-8,***,Non
2018,N,Escherichia coli,Fluoroquinolones,60,Slovenia,55.49241041076445,EFSA,broilers,58.64805117774935,52.50656332746183,146,downward_arrow,4.623541100278842e-8,***,Non
2019,N,Escherichia coli,Fluoroquinolones,56,Slovenia,53.88220760288257,EFSA,broilers,57.29513836791301,50.67257674668721,169,downward_arrow,4.623541100278842e-8,***,Non
2020,Y,Escherichia coli,Fluoroquinolones,50,Slovenia,52.31872745605143,EFSA,broilers,56.03825341211045,48.84608416487587,165,downward_arrow,4.623541100278842e-8,***,Non
2021,Y,Escherichia coli,Fluoroquinolones,42,Slovenia,50.80061423604614,EFSA,broilers,54.85442423419523,47.04638582553585,170,downward_arrow,4.623541100278842e-8,***,Non
2022,Y,Escherichia coli,Fluoroquinolones,54,Slovenia,49.32655154748182,EFSA,broilers,53.72751631542461,45.28608159145189,168,downward_arrow,4.623541100278842e-8,***,Non
2023,Y,Escherichia coli,Fluoroquinolones,46,Slovenia,47.89526119233303,EFSA,broilers,52.64642117687994,43.57287719472202,171,downward_arrow,4.623541100278842e-8,***,Non
2024,Y,Escherichia coli,Fluoroquinolones,48,Slovenia,46.50550206157502,EFSA,broilers,51.60345476297825,41.91118079076333,170,downward_arrow,4.623541100278842e-8,***,Non
2011,N,Escherichia coli,Third-generation cephalosporins,19,Slovenia,21.868688114823993,EFSA,broilers,42.2404045987526,11.321849882980684,836,downward_arrow,5.379179841115244e-4,***,Non
2012,N,Escherichia coli,Third-generation cephalosporins,28,Slovenia,18.777003512014197,EFSA,broilers,33.7281174640871,10.45346990580212,325,downward_arrow,5.379179841115244e-4,***,Non
2014,N,Escherichia coli,Third-generation cephalosporins,8,Slovenia,13.84310142348116,EFSA,broilers,21.864055135696095,8.764680468991374,158,downward_arrow,5.379179841115244e-4,***,Non
2015,N,Escherichia coli,Third-generation cephalosporins,5,Slovenia,11.886033706323524,EFSA,broilers,17.844446662515466,7.917185662283993,152,downward_arrow,5.379179841115244e-4,***,Non
2016,N,Escherichia coli,Third-generation cephalosporins,1,Slovenia,10.205646332130339,EFSA,broilers,14.773458192644263,7.050158175449034,151,downward_arrow,5.379179841115244e-4,***,Non
2017,N,Escherichia coli,Third-generation cephalosporins,18,Slovenia,8.762823632336966,EFSA,broilers,12.462539808838955,6.161430911296476,160,downward_arrow,5.379179841115244e-4,***,Non
2018,N,Escherichia coli,Third-generation cephalosporins,15,Slovenia,7.523979913912476,EFSA,broilers,10.742230099363953,5.269880948492276,146,downward_arrow,5.379179841115244e-4,***,Non
2019,N,Escherichia coli,Third-generation cephalosporins,8,Slovenia,6.460277659366851,EFSA,broilers,9.454967693222596,4.414101537970415,169,downward_arrow,5.379179841115244e-4,***,Non
2020,Y,Escherichia coli,Third-generation cephalosporins,7,Slovenia,5.54695625368996,EFSA,broilers,8.466704999902209,3.634084768597173,165,downward_arrow,5.379179841115244e-4,***,Non
2021,Y,Escherichia coli,Third-generation cephalosporins,5,Slovenia,4.762755612483332,EFSA,broilers,7.678744625746975,2.9541080124193906,170,downward_arrow,5.379179841115244e-4,***,Non
2022,Y,Escherichia coli,Third-generation cephalosporins,4,Slovenia,4.089421294633732,EFSA,broilers,7.026161889942788,2.3801567323607467,168,downward_arrow,5.379179841115244e-4,***,Non
2023,Y,Escherichia coli,Third-generation cephalosporins,3,Slovenia,3.5112795796558105,EFSA,broilers,6.468413336900259,1.9060445961568886,171,downward_arrow,5.379179841115244e-4,***,Non
2024,Y,Escherichia coli,Third-generation cephalosporins,2,Slovenia,3.0148726184525203,EFSA,broilers,5.980265355723587,1.5199086269299786,170,downward_arrow,5.379179841115244e-4,***,Non
2011,N,Escherichia coli,Aminopenicillins,25,Slovenia,28.8853164547628,EFSA,calves,34.83265322714281,23.95342959524045,308,upward_arrow,3.2673308388657855e-12,***,Down
2015,N,Escherichia coli,Aminopenicillins,58,Slovenia,46.08922192358237,EFSA,calves,50.65413823726674,41.93569274777276,196,upward_arrow,3.2673308388657855e-12,***,Down
2016,N,Escherichia coli,Aminopenicillins,54,Slovenia,51.800021272447104,EFSA,calves,56.64995606568025,47.36530070235196,167,upward_arrow,3.2673308388657855e-12,***,Down
2017,N,Escherichia coli,Aminopenicillins,57,Slovenia,58.218431378053836,EFSA,calves,64.12944407323482,52.85225532675034,185,upward_arrow,3.2673308388657855e-12,***,Down
2019,N,Escherichia coli,Aminopenicillins,67,Slovenia,73.5396609155366,EFSA,calves,84.3413655347605,64.12134417414919,172,upward_arrow,3.2673308388657855e-12,***,Down
2020,Y,Escherichia coli,Aminopenicillins,56,Slovenia,57.01050588827348,EFSA,calves,66.9763614794267,48.52753583270175,168,upward_arrow,3.2673308388657855e-12,***,Down
2021,Y,Escherichia coli,Aminopenicillins,50,Slovenia,53.309975280027835,EFSA,calves,59.74701178045627,47.566453612778076,173,upward_arrow,3.2673308388657855e-12,***,Down
2022,Y,Escherichia coli,Aminopenicillins,60,Slovenia,49.849644729108455,EFSA,calves,54.9505030064837,45.222280846548806,166,upward_arrow,3.2673308388657855e-12,***,Down
2023,Y,Escherichia coli,Aminopenicillins,43,Slovenia,46.61392293965875,EFSA,calves,52.78179753979657,41.166802062513064,171,upward_arrow,3.2673308388657855e-12,***,Down
2024,Y,Escherichia coli,Aminopenicillins,43,Slovenia,43.588230641003115,EFSA,calves,51.957517827436725,36.56706343677568,171,upward_arrow,3.2673308388657855e-12,***,Down
2011,N,Escherichia coli,Fluoroquinolones,11,Slovenia,12.293404590281265,EFSA,calves,16.447431462414613,9.188534803486071,308,upward_arrow,5.508871889091634e-4,***,Down
2015,N,Escherichia coli,Fluoroquinolones,24,Slovenia,17.77499760069149,EFSA,calves,20.66262824169282,15.290917302914389,196,upward_arrow,5.508871889091634e-4,***,Down
2016,N,Escherichia coli,Fluoroquinolones,19,Slovenia,19.491438624924946,EFSA,calves,22.560328512352577,16.840010971524574,167,upward_arrow,5.508871889091634e-4,***,Down
2017,N,Escherichia coli,Fluoroquinolones,20,Slovenia,21.373627620317453,EFSA,calves,25.097420768576477,18.202346841312828,185,upward_arrow,5.508871889091634e-4,***,Down
2019,N,Escherichia coli,Fluoroquinolones,24,Slovenia,25.700816839166563,EFSA,calves,32.26318854750909,20.473239501040712,172,upward_arrow,5.508871889091634e-4,***,Down
2020,Y,Escherichia coli,Fluoroquinolones,17,Slovenia,18.03489192891679,EFSA,calves,23.766272129372975,13.685668712247015,168,upward_arrow,5.508871889091634e-4,***,Down
2021,Y,Escherichia coli,Fluoroquinolones,19,Slovenia,18.869756450969255,EFSA,calves,22.937745861954465,15.523221447382287,173,upward_arrow,5.508871889091634e-4,***,Down
2022,Y,Escherichia coli,Fluoroquinolones,25,Slovenia,19.743268211548525,EFSA,calves,23.045395255524614,16.914296125153136,166,upward_arrow,5.508871889091634e-4,***,Down
2023,Y,Escherichia coli,Fluoroquinolones,18,Slovenia,20.657216254273408,EFSA,calves,24.810965376133453,17.198870616549854,171,upward_arrow,5.508871889091634e-4,***,Down
2024,Y,Escherichia coli,Fluoroquinolones,22,Slovenia,21.61347244050575,EFSA,calves,28.002494277264717,16.682163606967517,171,upward_arrow,5.508871889091634e-4,***,Down
2011,N,Escherichia coli,Third-generation cephalosporins,5,Slovenia,4.160775134236427,EFSA,calves,6.841431362415803,2.530471885282064,308,downward_arrow,0.0017524667899168052,**,Non
2015,N,Escherichia coli,Third-generation cephalosporins,3,Slovenia,2.5894911835503978,EFSA,calves,3.6117326402971024,1.8565783399553206,196,downward_arrow,0.0017524667899168052,**,Non
2016,N,Escherichia coli,Third-generation cephalosporins,0,Slovenia,2.299982250922006,EFSA,calves,3.181491700844502,1.6627163770856577,167,downward_arrow,0.0017524667899168052,**,Non
2017,N,Escherichia coli,Third-generation cephalosporins,3,Slovenia,2.042840843853872,EFSA,calves,2.8518686464966976,1.4633208014135068,185,downward_arrow,0.0017524667899168052,**,Non
2019,N,Escherichia coli,Third-generation cephalosporins,2,Slovenia,1.611590238201087,EFSA,calves,2.3977362178518304,1.0831980084080846,172,downward_arrow,0.0017524667899168052,**,Non
2020,Y,Escherichia coli,Third-generation cephalosporins,1,Slovenia,1.431412073216478,EFSA,calves,2.234508340149389,0.9169536253388576,168,downward_arrow,0.0017524667899168052,**,Non
2021,Y,Escherichia coli,Third-generation cephalosporins,2,Slovenia,1.2713780927569989,EFSA,calves,2.096827679116348,0.7708798728866519,173,downward_arrow,0.0017524667899168052,**,Non
2022,Y,Escherichia coli,Third-generation cephalosporins,1,Slovenia,1.1292361472893422,EFSA,calves,1.9772525144396833,0.6449223187389588,166,downward_arrow,0.0017524667899168052,**,Non
2023,Y,Escherichia coli,Third-generation cephalosporins,0,Slovenia,1.002985880918906,EFSA,calves,1.8709871576323707,0.5376737479030513,171,downward_arrow,0.0017524667899168052,**,Non
2024,Y,Escherichia coli,Third-generation cephalosporins,3,Slovenia,0.8908505804897089,EFSA,calves,1.7748969127827967,0.44713287348873204,171,downward_arrow,0.0017524667899168052,**,Non
2011,N,Escherichia coli,Aminopenicillins,49,Slovenia,48.97638118299293,EFSA,fattening pigs,62.54699838281637,38.35013631031123,312,oscilate,0.127657455289415,,Non
2015,N,Escherichia coli,Aminopenicillins,35,Slovenia,44.858089724735606,EFSA,fattening pigs,52.26005953618862,38.504514376968984,186,oscilate,0.127657455289415,,Non
2016,N,Escherichia coli,Aminopenicillins,46,Slovenia,43.883806962018014,EFSA,fattening pigs,50.25132707596928,38.323137428157466,169,oscilate,0.127657455289415,,Non
2017,N,Escherichia coli,Aminopenicillins,51,Slovenia,42.9306848619045,EFSA,fattening pigs,48.53444612663543,37.9739308841253,176,oscilate,0.127657455289415,,Non
2019,N,Escherichia coli,Aminopenicillins,39,Slovenia,41.0860942590667,EFSA,fattening pigs,46.13369197792168,36.59076629446385,175,oscilate,0.127657455289415,,Non
2020,Y,Escherichia coli,Aminopenicillins,53,Slovenia,40.19373629934012,EFSA,fattening pigs,45.450453892011495,35.5450011905127,170,oscilate,0.127657455289415,,Non
2021,Y,Escherichia coli,Aminopenicillins,30,Slovenia,39.320759659319044,EFSA,fattening pigs,45.0414497233296,34.32665133300772,170,oscilate,0.127657455289415,,Non
2022,Y,Escherichia coli,Aminopenicillins,49,Slovenia,38.466743391838286,EFSA,fattening pigs,44.83295558979063,33.00452374169349,168,oscilate,0.127657455289415,,Non
2023,Y,Escherichia coli,Aminopenicillins,31,Slovenia,37.63127569237712,EFSA,fattening pigs,44.76343032522394,31.635486823665566,176,oscilate,0.127657455289415,,Non
2024,Y,Escherichia coli,Aminopenicillins,34,Slovenia,36.81395370048813,EFSA,fattening pigs,44.789136911962174,30.258836863179695,170,oscilate,0.127657455289415,,Non
2011,N,Escherichia coli,Fluoroquinolones,14,Slovenia,9.10133276182457,EFSA,fattening pigs,17.77050047760851,4.66133512366945,312,oscilate,0.3751114955386755,,Non
2015,N,Escherichia coli,Fluoroquinolones,2,Slovenia,7.912763399572377,EFSA,fattening pigs,12.007174947349919,5.214534217428984,186,oscilate,0.3751114955386755,,Non
2016,N,Escherichia coli,Fluoroquinolones,5,Slovenia,7.640714577694801,EFSA,fattening pigs,11.05692590198634,5.2799955227438025,169,oscilate,0.3751114955386755,,Non
2017,N,Escherichia coli,Fluoroquinolones,9,Slovenia,7.378019069918464,EFSA,fattening pigs,10.3058471774269,5.281969008361673,176,oscilate,0.3751114955386755,,Non
2019,N,Escherichia coli,Fluoroquinolones,9,Slovenia,6.879412747134878,EFSA,fattening pigs,9.42720270630904,5.0201869228683575,175,oscilate,0.3751114955386755,,Non
2020,Y,Escherichia coli,Fluoroquinolones,7,Slovenia,6.642891567546876,EFSA,fattening pigs,9.279426205641554,4.7554673532892755,170,oscilate,0.3751114955386755,,Non
2021,Y,Escherichia coli,Fluoroquinolones,4,Slovenia,6.414502225726132,EFSA,fattening pigs,9.283111727012976,4.43233260719194,170,oscilate,0.3751114955386755,,Non
2022,Y,Escherichia coli,Fluoroquinolones,11,Slovenia,6.193965140852068,EFSA,fattening pigs,9.399805702351529,4.081489062746567,168,oscilate,0.3751114955386755,,Non
2023,Y,Escherichia coli,Fluoroquinolones,7,Slovenia,5.981010344375955,EFSA,fattening pigs,9.598900057585729,3.726727492204926,176,oscilate,0.3751114955386755,,Non
2024,Y,Escherichia coli,Fluoroquinolones,5,Slovenia,5.775377149541262,EFSA,fattening pigs,9.859393719198678,3.3830661569476583,170,oscilate,0.3751114955386755,,Non
2011,N,Escherichia coli,Third-generation cephalosporins,4,Slovenia,4.645426625541912,EFSA,fattening pigs,49.05638583125896,0.4399017205939954,312,oscilate,0.22236228200420166,,Non
2015,N,Escherichia coli,Third-generation cephalosporins,1,Slovenia,2.332641258014662,EFSA,fattening pigs,10.008416206424787,0.5436639650436698,186,oscilate,0.22236228200420166,,Non
2016,N,Escherichia coli,Third-generation cephalosporins,0,Slovenia,1.9636023349059541,EFSA,fattening pigs,7.1244284527663115,0.5411990807699094,169,oscilate,0.22236228200420166,,Non
2017,N,Escherichia coli,Third-generation cephalosporins,7,Slovenia,1.6529477545680442,EFSA,fattening pigs,5.305355072656798,0.5149959318299311,176,oscilate,0.22236228200420166,,Non
2019,N,Escherichia coli,Third-generation cephalosporins,1,Slovenia,1.1713058190769459,EFSA,fattening pigs,3.560503271110767,0.3853267971792951,175,oscilate,0.22236228200420166,,Non
2020,Y,Escherichia coli,Third-generation cephalosporins,0,Slovenia,0.9859976682338033,EFSA,fattening pigs,3.2370416748542867,0.30033329793514624,170,oscilate,0.22236228200420166,,Non
2021,Y,Escherichia coli,Third-generation cephalosporins,0,Slovenia,0.8300064645189229,EFSA,fattening pigs,3.115533018292255,0.2211213064019527,170,oscilate,0.22236228200420166,,Non
2022,Y,Escherichia coli,Third-generation cephalosporins,3,Slovenia,0.6986940774182899,EFSA,fattening pigs,3.1265111145677245,0.15613998988994185,168,oscilate,0.22236228200420166,,Non
2023,Y,Escherichia coli,Third-generation cephalosporins,0,Slovenia,0.5881561586419013,EFSA,fattening pigs,3.2295033560186854,0.10711481884782902,176,oscilate,0.22236228200420166,,Non
2024,Y,Escherichia coli,Third-generation cephalosporins,0,Slovenia,0.49510605303342153,EFSA,fattening pigs,3.40229936564558,0.07204833478955788,170,oscilate,0.22236228200420166,,Non
2014,N,Escherichia coli,Aminopenicillins,59,Europe,59.24948650241449,EFSA,broilers,60.9118690029177,57.63247308388524,5046,downward_arrow,1.595643607936369e-24,***,Non
2016,N,Escherichia coli,Aminopenicillins,58,Europe,56.38674838195244,EFSA,broilers,57.57374965109109,55.22421958545062,4727,downward_arrow,1.595643607936369e-24,***,Non
2018,N,Escherichia coli,Aminopenicillins,53,Europe,53.66232824583289,EFSA,broilers,54.5841763888369,52.75604879058752,4255,downward_arrow,1.595643607936369e-24,***,Non
2020,Y,Escherichia coli,Aminopenicillins,50,Europe,51.069543029106434,EFSA,broilers,52.01151528346688,50.144630683943944,3924,downward_arrow,1.595643607936369e-24,***,Non
2022,Y,Escherichia coli,Aminopenicillins,47,Europe,48.602032570293545,EFSA,broilers,49.771941756188475,47.45962256274986,4341,downward_arrow,1.595643607936369e-24,***,Non
2024,Y,Escherichia coli,Aminopenicillins,48,Europe,46.25374400976314,EFSA,broilers,47.72866453039989,44.82440177135152,4451,downward_arrow,1.595643607936369e-24,***,Non
2014,N,Escherichia coli,Fluoroquinolones,66,Europe,66.1986721424336,EFSA,broilers,67.96518908423292,64.47806961870198,5018,downward_arrow,7.890456030321284e-39,***,Non
2016,N,Escherichia coli,Fluoroquinolones,64,Europe,62.30160470338917,EFSA,broilers,63.54856273622402,61.07911464069715,4727,downward_arrow,7.890456030321284e-39,***,Non
2018,N,Escherichia coli,Fluoroquinolones,57,Europe,58.63395477579849,EFSA,broilers,59.596738710799734,57.68672459299155,4255,downward_arrow,7.890456030321284e-39,***,Non
2020,Y,Escherichia coli,Fluoroquinolones,55,Europe,55.182216718462165,EFSA,broilers,56.164267179018665,54.217337729297,3924,downward_arrow,7.890456030321284e-39,***,Non
2022,Y,Escherichia coli,Fluoroquinolones,51,Europe,51.93367995740582,EFSA,broilers,53.1436612324636,50.75124768164613,4341,downward_arrow,7.890456030321284e-39,***,Non
2024,Y,Escherichia coli,Fluoroquinolones,50,Europe,48.87638218085382,EFSA,broilers,50.38414334793014,47.413741235852996,4451,downward_arrow,7.890456030321284e-39,***,Non
2014,N,Escherichia coli,Third-generation cephalosporins,5,Europe,5.031588902096407,EFSA,broilers,5.661903480167984,4.471444447680445,5031,downward_arrow,1.9028174223429582e-6,***,Up
2016,N,Escherichia coli,Third-generation cephalosporins,4,Europe,3.9077961639741763,EFSA,broilers,4.263597542038251,3.5816867583310668,4727,downward_arrow,1.9028174223429582e-6,***,Up
2018,N,Escherichia coli,Third-generation cephalosporins,3,Europe,3.034999710093306,EFSA,broilers,3.541057257003504,2.601263569530962,4255,downward_arrow,1.9028174223429582e-6,***,Up
2020,Y,Escherichia coli,Third-generation cephalosporins,1,Europe,0.8461419915674263,EFSA,broilers,1.1403252369242423,0.6278526921186218,3924,downward_arrow,1.9028174223429582e-6,***,Up
2022,Y,Escherichia coli,Third-generation cephalosporins,1,Europe,1.2576543769128856,EFSA,broilers,1.481133685046077,1.067894510628818,4341,downward_arrow,1.9028174223429582e-6,***,Up
2024,Y,Escherichia coli,Third-generation cephalosporins,2,Europe,1.8693015445766337,EFSA,broilers,2.300426436804741,1.5189741382950306,4451,downward_arrow,1.9028174223429582e-6,***,Up
2015,NA,Escherichia coli,Aminopenicillins,32,Europe,31.340317227186702,EFSA,calves,33.51370636277216,29.30787401633872,1657,downward_arrow,0.042786427270404125,*,Non
2017,NA,Escherichia coli,Aminopenicillins,29,Europe,30.481639704668538,EFSA,calves,31.96897320458849,29.063503326777717,1893,downward_arrow,0.042786427270404125,*,Non
2019,NA,Escherichia coli,Aminopenicillins,30,Europe,29.646488653893876,EFSA,calves,30.836287960292935,28.50259702585515,1605,downward_arrow,0.042786427270404125,*,Non
2021,NA,Escherichia coli,Aminopenicillins,31,Europe,28.83421948494604,EFSA,calves,30.260630590523903,27.475045862606645,1599,downward_arrow,0.042786427270404125,*,Non
2023,NA,Escherichia coli,Aminopenicillins,27,Europe,28.044205268701905,EFSA,calves,30.016444761845584,26.20155236215025,1964,downward_arrow,0.042786427270404125,*,Non
2015,NA,Escherichia coli,Fluoroquinolones,12,Europe,12.194967574035969,EFSA,calves,13.59753609374553,10.937072209736167,1657,downward_arrow,0.0037419107005425365,**,Non
2017,NA,Escherichia coli,Fluoroquinolones,11,Europe,11.412164019733918,EFSA,calves,12.330101909324746,10.562563762333237,1893,downward_arrow,0.0037419107005425365,**,Non
2019,NA,Escherichia coli,Fluoroquinolones,12,Europe,10.679609176706224,EFSA,calves,11.404089157737047,10.001154023757207,1605,downward_arrow,0.0037419107005425365,**,Non
2021,NA,Escherichia coli,Fluoroquinolones,10,Europe,9.994077544799175,EFSA,calves,10.854480855568163,9.201875916545706,1599,downward_arrow,0.0037419107005425365,**,Non
2023,NA,Escherichia coli,Fluoroquinolones,9,Europe,9.352550670984787,EFSA,calves,10.505860295289507,8.325848773427609,1964,downward_arrow,0.0037419107005425365,**,Non
2015,NA,Escherichia coli,Third-generation cephalosporins,2,Europe,1.7822369775865825,EFSA,calves,2.3663819528389083,1.3422890757201393,1657,oscilate,0.37306421635500353,,Non
2017,NA,Escherichia coli,Third-generation cephalosporins,2,Europe,1.6909848576339748,EFSA,calves,2.0683555548137176,1.3824653029758822,1893,oscilate,0.37306421635500353,,Non
2019,NA,Escherichia coli,Third-generation cephalosporins,1,Europe,1.6044049274634014,EFSA,calves,1.9002656478824038,1.3546080644763299,1605,oscilate,0.37306421635500353,,Non
2021,NA,Escherichia coli,Third-generation cephalosporins,1,Europe,1.5222579667984402,EFSA,calves,1.8800198276769768,1.232577062947589,1599,oscilate,0.37306421635500353,,Non
2023,NA,Escherichia coli,Third-generation cephalosporins,2,Europe,1.4443170036537927,EFSA,calves,1.9441659873632162,1.0729801985028486,1964,oscilate,0.37306421635500353,,Non
2015,NA,Escherichia coli,Aminopenicillins,39,Europe,39.3872924160377,EFSA,fattening pigs,40.90864083455422,37.922521311343054,4271,equals,0.34998867060016176,,Non
2017,NA,Escherichia coli,Aminopenicillins,39,Europe,39.102656360116256,EFSA,fattening pigs,40.16666165600987,38.066836310967446,4211,equals,0.34998867060016176,,Non
2019,NA,Escherichia coli,Aminopenicillins,41,Europe,38.82007725402205,EFSA,fattening pigs,39.68630805344987,37.9727536252201,4295,equals,0.34998867060016176,,Non
2021,NA,Escherichia coli,Aminopenicillins,36,Europe,38.53954023300937,EFSA,fattening pigs,39.59872371969636,37.50868770128981,4013,equals,0.34998867060016176,,Non
2023,NA,Escherichia coli,Aminopenicillins,39,Europe,38.26103053975398,EFSA,fattening pigs,39.753811501887334,36.824304454290804,4368,equals,0.34998867060016176,,Non
2015,NA,Escherichia coli,Fluoroquinolones,11,Europe,11.188639236216112,EFSA,fattening pigs,12.01351187627922,10.420404062310437,4271,equals,0.5642103059576795,,Non
2017,NA,Escherichia coli,Fluoroquinolones,11,Europe,11.094991245795885,EFSA,fattening pigs,11.668401523698423,10.549759578831313,4211,equals,0.5642103059576795,,Non
2019,NA,Escherichia coli,Fluoroquinolones,12,Europe,11.002127081355265,EFSA,fattening pigs,11.467798277617732,10.55536532679895,4295,equals,0.5642103059576795,,Non
2021,NA,Escherichia coli,Fluoroquinolones,10,Europe,10.910040182335244,EFSA,fattening pigs,11.480506250492358,10.367920558822476,4013,equals,0.5642103059576795,,Non
2023,NA,Escherichia coli,Fluoroquinolones,11,Europe,10.818724043088173,EFSA,fattening pigs,11.625813587647892,10.067664429511495,4368,equals,0.5642103059576795,,Non
2015,NA,Escherichia coli,Third-generation cephalosporins,1,Europe,0.9876213339727612,EFSA,fattening pigs,1.2539430358180483,0.7778630060988431,4271,equals,0.9984663889288214,,Non
2017,NA,Escherichia coli,Third-generation cephalosporins,1,Europe,0.9877136824420182,EFSA,fattening pigs,1.169721550861764,0.8340261131073785,4211,equals,0.9984663889288214,,Non
2019,NA,Escherichia coli,Third-generation cephalosporins,1,Europe,0.9878060395464054,EFSA,fattening pigs,1.1343660810199152,0.8601815481709775,4295,equals,0.9984663889288214,,Non
2021,NA,Escherichia coli,Third-generation cephalosporins,1,Europe,0.9878984052867323,EFSA,fattening pigs,1.169940312946258,0.8341820931961508,4013,equals,0.9984663889288214,,Non
2023,NA,Escherichia coli,Third-generation cephalosporins,1,Europe,0.9879907796638054,EFSA,fattening pigs,1.2544121061521594,0.7781539861687933,4368,equals,0.9984663889288214,,Non
