DATAFLOW,LAST UPDATE,freq,unit,age,sex,geo,TIME_PERIOD,OBS_VALUE,OBS_FLAG,CONF_STATUS
ESTAT:DEMO_PJAN(1.0),30/05/26 11:00:00,Annual,Number,Total,Females,Belgium,2005,5334527,,
ESTAT:DEMO_PJAN(1.0),30/05/26 11:00:00,Annual,Number,Total,Females,Belgium,2006,5367561,,
ESTAT:DEMO_PJAN(1.0),30/05/26 11:00:00,Annual,Number,Total,Females,Belgium,2007,5403126,,
ESTAT:DEMO_PJAN(1.0),30/05/26 11:00:00,Annual,Number,Total,Females,Belgium,2008,5442557,,
ESTAT:DEMO_PJAN(1.0),30/05/26 11:00:00,Annual,Number,Total,Females,Belgium,2009,5484429,,
ESTAT:DEMO_PJAN(1.0),30/05/26 11:00:00,Annual,Number,Total,Females,Belgium,2010,5527684,,
ESTAT:DEMO_PJAN(1.0),30/05/26 11:00:00,Annual,Number,Total,Females,Belgium,2011,5598920,b,
ESTAT:DEMO_PJAN(1.0),30/05/26 11:00:00,Annual,Number,Total,Females,Belgium,2012,5635601,b,
ESTAT:DEMO_PJAN(1.0),30/05/26 11:00:00,Annual,Number,Total,Females,Belgium,2013,5665118,,
ESTAT:DEMO_PJAN(1.0),30/05/26 11:00:00,Annual,Number,Total,Females,Belgium,2014,5687048,,
ESTAT:DEMO_PJAN(1.0),30/05/26 11:00:00,Annual,Number,Total,Females,Belgium,2015,5713206,,
ESTAT:DEMO_PJAN(1.0),30/05/26 11:00:00,Annual,Number,Total,Females,Belgium,2016,5741853,,
ESTAT:DEMO_PJAN(1.0),30/05/26 11:00:00,Annual,Number,Total,Females,Belgium,2017,5762455,,
ESTAT:DEMO_PJAN(1.0),30/05/26 11:00:00,Annual,Number,Total,Females,Belgium,2018,5784371,,
ESTAT:DEMO_PJAN(1.0),30/05/26 11:00:00,Annual,Number,Total,Females,Belgium,2019,5810693,,
ESTAT:DEMO_PJAN(1.0),30/05/26 11:00:00,Annual,Number,Total,Females,Belgium,2020,5841215,,
ESTAT:DEMO_PJAN(1.0),30/05/26 11:00:00,Annual,Number,Total,Females,Belgium,2021,5854293,,
ESTAT:DEMO_PJAN(1.0),30/05/26 11:00:00,Annual,Number,Total,Females,Belgium,2022,5883978,,
ESTAT:DEMO_PJAN(1.0),30/05/26 11:00:00,Annual,Number,Total,Females,Belgium,2023,5946649,,
ESTAT:DEMO_PJAN(1.0),30/05/26 11:00:00,Annual,Number,Total,Females,Belgium,2024,5981093,,
ESTAT:DEMO_PJAN(1.0),30/05/26 11:00:00,Annual,Number,Total,Females,Belgium,2025,6012626,,
ESTAT:DEMO_PJAN(1.0),30/05/26 11:00:00,Annual,Number,Total,Males,Belgium,2005,5111325,,
ESTAT:DEMO_PJAN(1.0),30/05/26 11:00:00,Annual,Number,Total,Males,Belgium,2006,5143821,,
ESTAT:DEMO_PJAN(1.0),30/05/26 11:00:00,Annual,Number,Total,Males,Belgium,2007,5181408,,
ESTAT:DEMO_PJAN(1.0),30/05/26 11:00:00,Annual,Number,Total,Males,Belgium,2008,5224309,,
ESTAT:DEMO_PJAN(1.0),30/05/26 11:00:00,Annual,Number,Total,Males,Belgium,2009,5268651,,
ESTAT:DEMO_PJAN(1.0),30/05/26 11:00:00,Annual,Number,Total,Males,Belgium,2010,5312221,,
ESTAT:DEMO_PJAN(1.0),30/05/26 11:00:00,Annual,Number,Total,Males,Belgium,2011,5401718,b,
ESTAT:DEMO_PJAN(1.0),30/05/26 11:00:00,Annual,Number,Total,Males,Belgium,2012,5440288,b,
ESTAT:DEMO_PJAN(1.0),30/05/26 11:00:00,Annual,Number,Total,Males,Belgium,2013,5472856,,
ESTAT:DEMO_PJAN(1.0),30/05/26 11:00:00,Annual,Number,Total,Males,Belgium,2014,5493792,,
ESTAT:DEMO_PJAN(1.0),30/05/26 11:00:00,Annual,Number,Total,Males,Belgium,2015,5524068,,
ESTAT:DEMO_PJAN(1.0),30/05/26 11:00:00,Annual,Number,Total,Males,Belgium,2016,5569264,,
ESTAT:DEMO_PJAN(1.0),30/05/26 11:00:00,Annual,Number,Total,Males,Belgium,2017,5589272,,
ESTAT:DEMO_PJAN(1.0),30/05/26 11:00:00,Annual,Number,Total,Males,Belgium,2018,5614218,,
ESTAT:DEMO_PJAN(1.0),30/05/26 11:00:00,Annual,Number,Total,Males,Belgium,2019,5644826,,
ESTAT:DEMO_PJAN(1.0),30/05/26 11:00:00,Annual,Number,Total,Males,Belgium,2020,5681225,,
ESTAT:DEMO_PJAN(1.0),30/05/26 11:00:00,Annual,Number,Total,Males,Belgium,2021,5700474,,
ESTAT:DEMO_PJAN(1.0),30/05/26 11:00:00,Annual,Number,Total,Males,Belgium,2022,5733645,,
ESTAT:DEMO_PJAN(1.0),30/05/26 11:00:00,Annual,Number,Total,Males,Belgium,2023,5796147,,
ESTAT:DEMO_PJAN(1.0),30/05/26 11:00:00,Annual,Number,Total,Males,Belgium,2024,5836003,,
ESTAT:DEMO_PJAN(1.0),30/05/26 11:00:00,Annual,Number,Total,Males,Belgium,2025,5870869,,
ESTAT:DEMO_PJAN(1.0),30/05/26 11:00:00,Annual,Number,Total,Total,Belgium,2005,10445852,,
ESTAT:DEMO_PJAN(1.0),30/05/26 11:00:00,Annual,Number,Total,Total,Belgium,2006,10511382,,
ESTAT:DEMO_PJAN(1.0),30/05/26 11:00:00,Annual,Number,Total,Total,Belgium,2007,10584534,,
ESTAT:DEMO_PJAN(1.0),30/05/26 11:00:00,Annual,Number,Total,Total,Belgium,2008,10666866,,
ESTAT:DEMO_PJAN(1.0),30/05/26 11:00:00,Annual,Number,Total,Total,Belgium,2009,10753080,,
ESTAT:DEMO_PJAN(1.0),30/05/26 11:00:00,Annual,Number,Total,Total,Belgium,2010,10839905,,
ESTAT:DEMO_PJAN(1.0),30/05/26 11:00:00,Annual,Number,Total,Total,Belgium,2011,11000638,b,
ESTAT:DEMO_PJAN(1.0),30/05/26 11:00:00,Annual,Number,Total,Total,Belgium,2012,11075889,b,
ESTAT:DEMO_PJAN(1.0),30/05/26 11:00:00,Annual,Number,Total,Total,Belgium,2013,11137974,,
ESTAT:DEMO_PJAN(1.0),30/05/26 11:00:00,Annual,Number,Total,Total,Belgium,2014,11180840,,
ESTAT:DEMO_PJAN(1.0),30/05/26 11:00:00,Annual,Number,Total,Total,Belgium,2015,11237274,,
ESTAT:DEMO_PJAN(1.0),30/05/26 11:00:00,Annual,Number,Total,Total,Belgium,2016,11311117,,
ESTAT:DEMO_PJAN(1.0),30/05/26 11:00:00,Annual,Number,Total,Total,Belgium,2017,11351727,,
ESTAT:DEMO_PJAN(1.0),30/05/26 11:00:00,Annual,Number,Total,Total,Belgium,2018,11398589,,
ESTAT:DEMO_PJAN(1.0),30/05/26 11:00:00,Annual,Number,Total,Total,Belgium,2019,11455519,,
ESTAT:DEMO_PJAN(1.0),30/05/26 11:00:00,Annual,Number,Total,Total,Belgium,2020,11522440,,
ESTAT:DEMO_PJAN(1.0),30/05/26 11:00:00,Annual,Number,Total,Total,Belgium,2021,11554767,,
ESTAT:DEMO_PJAN(1.0),30/05/26 11:00:00,Annual,Number,Total,Total,Belgium,2022,11617623,,
ESTAT:DEMO_PJAN(1.0),30/05/26 11:00:00,Annual,Number,Total,Total,Belgium,2023,11742796,,
ESTAT:DEMO_PJAN(1.0),30/05/26 11:00:00,Annual,Number,Total,Total,Belgium,2024,11817096,,
ESTAT:DEMO_PJAN(1.0),30/05/26 11:00:00,Annual,Number,Total,Total,Belgium,2025,11883495,,
ESTAT:DEMO_PJAN(1.0),30/05/26 11:00:00,Annual,Number,Unknown,Females,Belgium,2005,0,,
ESTAT:DEMO_PJAN(1.0),30/05/26 11:00:00,Annual,Number,Unknown,Females,Belgium,2006,0,,
ESTAT:DEMO_PJAN(1.0),30/05/26 11:00:00,Annual,Number,Unknown,Females,Belgium,2007,0,,
ESTAT:DEMO_PJAN(1.0),30/05/26 11:00:00,Annual,Number,Unknown,Females,Belgium,2008,0,,
ESTAT:DEMO_PJAN(1.0),30/05/26 11:00:00,Annual,Number,Unknown,Females,Belgium,2009,0,,
ESTAT:DEMO_PJAN(1.0),30/05/26 11:00:00,Annual,Number,Unknown,Females,Belgium,2010,0,,
ESTAT:DEMO_PJAN(1.0),30/05/26 11:00:00,Annual,Number,Unknown,Females,Belgium,2011,0,,
ESTAT:DEMO_PJAN(1.0),30/05/26 11:00:00,Annual,Number,Unknown,Females,Belgium,2012,0,,
ESTAT:DEMO_PJAN(1.0),30/05/26 11:00:00,Annual,Number,Unknown,Females,Belgium,2013,0,,
ESTAT:DEMO_PJAN(1.0),30/05/26 11:00:00,Annual,Number,Unknown,Females,Belgium,2014,0,,
ESTAT:DEMO_PJAN(1.0),30/05/26 11:00:00,Annual,Number,Unknown,Females,Belgium,2015,0,,
ESTAT:DEMO_PJAN(1.0),30/05/26 11:00:00,Annual,Number,Unknown,Females,Belgium,2016,0,,
ESTAT:DEMO_PJAN(1.0),30/05/26 11:00:00,Annual,Number,Unknown,Females,Belgium,2017,0,,
ESTAT:DEMO_PJAN(1.0),30/05/26 11:00:00,Annual,Number,Unknown,Females,Belgium,2018,0,,
ESTAT:DEMO_PJAN(1.0),30/05/26 11:00:00,Annual,Number,Unknown,Females,Belgium,2019,0,,
ESTAT:DEMO_PJAN(1.0),30/05/26 11:00:00,Annual,Number,Unknown,Females,Belgium,2020,0,,
ESTAT:DEMO_PJAN(1.0),30/05/26 11:00:00,Annual,Number,Unknown,Females,Belgium,2021,0,,
ESTAT:DEMO_PJAN(1.0),30/05/26 11:00:00,Annual,Number,Unknown,Females,Belgium,2022,0,,
ESTAT:DEMO_PJAN(1.0),30/05/26 11:00:00,Annual,Number,Unknown,Females,Belgium,2023,0,,
ESTAT:DEMO_PJAN(1.0),30/05/26 11:00:00,Annual,Number,Unknown,Females,Belgium,2024,0,,
ESTAT:DEMO_PJAN(1.0),30/05/26 11:00:00,Annual,Number,Unknown,Females,Belgium,2025,0,,
ESTAT:DEMO_PJAN(1.0),30/05/26 11:00:00,Annual,Number,Unknown,Males,Belgium,2005,0,,
ESTAT:DEMO_PJAN(1.0),30/05/26 11:00:00,Annual,Number,Unknown,Males,Belgium,2006,0,,
ESTAT:DEMO_PJAN(1.0),30/05/26 11:00:00,Annual,Number,Unknown,Males,Belgium,2007,0,,
ESTAT:DEMO_PJAN(1.0),30/05/26 11:00:00,Annual,Number,Unknown,Males,Belgium,2008,0,,
ESTAT:DEMO_PJAN(1.0),30/05/26 11:00:00,Annual,Number,Unknown,Males,Belgium,2009,0,,
ESTAT:DEMO_PJAN(1.0),30/05/26 11:00:00,Annual,Number,Unknown,Males,Belgium,2010,0,,
ESTAT:DEMO_PJAN(1.0),30/05/26 11:00:00,Annual,Number,Unknown,Males,Belgium,2011,0,,
ESTAT:DEMO_PJAN(1.0),30/05/26 11:00:00,Annual,Number,Unknown,Males,Belgium,2012,0,,
ESTAT:DEMO_PJAN(1.0),30/05/26 11:00:00,Annual,Number,Unknown,Males,Belgium,2013,0,,
ESTAT:DEMO_PJAN(1.0),30/05/26 11:00:00,Annual,Number,Unknown,Males,Belgium,2014,0,,
ESTAT:DEMO_PJAN(1.0),30/05/26 11:00:00,Annual,Number,Unknown,Males,Belgium,2015,0,,
ESTAT:DEMO_PJAN(1.0),30/05/26 11:00:00,Annual,Number,Unknown,Males,Belgium,2016,0,,
ESTAT:DEMO_PJAN(1.0),30/05/26 11:00:00,Annual,Number,Unknown,Males,Belgium,2017,0,,
ESTAT:DEMO_PJAN(1.0),30/05/26 11:00:00,Annual,Number,Unknown,Males,Belgium,2018,0,,
ESTAT:DEMO_PJAN(1.0),30/05/26 11:00:00,Annual,Number,Unknown,Males,Belgium,2019,0,,
ESTAT:DEMO_PJAN(1.0),30/05/26 11:00:00,Annual,Number,Unknown,Males,Belgium,2020,0,,
ESTAT:DEMO_PJAN(1.0),30/05/26 11:00:00,Annual,Number,Unknown,Males,Belgium,2021,0,,
ESTAT:DEMO_PJAN(1.0),30/05/26 11:00:00,Annual,Number,Unknown,Males,Belgium,2022,0,,
ESTAT:DEMO_PJAN(1.0),30/05/26 11:00:00,Annual,Number,Unknown,Males,Belgium,2023,0,,
ESTAT:DEMO_PJAN(1.0),30/05/26 11:00:00,Annual,Number,Unknown,Males,Belgium,2024,0,,
ESTAT:DEMO_PJAN(1.0),30/05/26 11:00:00,Annual,Number,Unknown,Males,Belgium,2025,0,,
ESTAT:DEMO_PJAN(1.0),30/05/26 11:00:00,Annual,Number,Unknown,Total,Belgium,2005,0,,
ESTAT:DEMO_PJAN(1.0),30/05/26 11:00:00,Annual,Number,Unknown,Total,Belgium,2006,0,,
ESTAT:DEMO_PJAN(1.0),30/05/26 11:00:00,Annual,Number,Unknown,Total,Belgium,2007,0,,
ESTAT:DEMO_PJAN(1.0),30/05/26 11:00:00,Annual,Number,Unknown,Total,Belgium,2008,0,,
ESTAT:DEMO_PJAN(1.0),30/05/26 11:00:00,Annual,Number,Unknown,Total,Belgium,2009,0,,
ESTAT:DEMO_PJAN(1.0),30/05/26 11:00:00,Annual,Number,Unknown,Total,Belgium,2010,0,,
ESTAT:DEMO_PJAN(1.0),30/05/26 11:00:00,Annual,Number,Unknown,Total,Belgium,2011,0,,
ESTAT:DEMO_PJAN(1.0),30/05/26 11:00:00,Annual,Number,Unknown,Total,Belgium,2012,0,,
ESTAT:DEMO_PJAN(1.0),30/05/26 11:00:00,Annual,Number,Unknown,Total,Belgium,2013,0,,
ESTAT:DEMO_PJAN(1.0),30/05/26 11:00:00,Annual,Number,Unknown,Total,Belgium,2014,0,,
ESTAT:DEMO_PJAN(1.0),30/05/26 11:00:00,Annual,Number,Unknown,Total,Belgium,2015,0,,
ESTAT:DEMO_PJAN(1.0),30/05/26 11:00:00,Annual,Number,Unknown,Total,Belgium,2016,0,,
ESTAT:DEMO_PJAN(1.0),30/05/26 11:00:00,Annual,Number,Unknown,Total,Belgium,2017,0,,
ESTAT:DEMO_PJAN(1.0),30/05/26 11:00:00,Annual,Number,Unknown,Total,Belgium,2018,0,,
ESTAT:DEMO_PJAN(1.0),30/05/26 11:00:00,Annual,Number,Unknown,Total,Belgium,2019,0,,
ESTAT:DEMO_PJAN(1.0),30/05/26 11:00:00,Annual,Number,Unknown,Total,Belgium,2020,0,,
ESTAT:DEMO_PJAN(1.0),30/05/26 11:00:00,Annual,Number,Unknown,Total,Belgium,2021,0,,
ESTAT:DEMO_PJAN(1.0),30/05/26 11:00:00,Annual,Number,Unknown,Total,Belgium,2022,0,,
ESTAT:DEMO_PJAN(1.0),30/05/26 11:00:00,Annual,Number,Unknown,Total,Belgium,2023,0,,
ESTAT:DEMO_PJAN(1.0),30/05/26 11:00:00,Annual,Number,Unknown,Total,Belgium,2024,0,,
ESTAT:DEMO_PJAN(1.0),30/05/26 11:00:00,Annual,Number,Unknown,Total,Belgium,2025,0,,
ESTAT:DEMO_PJAN(1.0),30/05/26 11:00:00,Annual,Number,1 year,Females,Belgium,2005,55637,,
ESTAT:DEMO_PJAN(1.0),30/05/26 11:00:00,Annual,Number,1 year,Females,Belgium,2006,57077,,
ESTAT:DEMO_PJAN(1.0),30/05/26 11:00:00,Annual,Number,1 year,Females,Belgium,2007,58389,,
ESTAT:DEMO_PJAN(1.0),30/05/26 11:00:00,Annual,Number,1 year,Females,Belgium,2008,60355,,
ESTAT:DEMO_PJAN(1.0),30/05/26 11:00:00,Annual,Number,1 year,Females,Belgium,2009,60949,,
ESTAT:DEMO_PJAN(1.0),30/05/26 11:00:00,Annual,Number,1 year,Females,Belgium,2010,62366,,
ESTAT:DEMO_PJAN(1.0),30/05/26 11:00:00,Annual,Number,1 year,Females,Belgium,2011,63241,,
ESTAT:DEMO_PJAN(1.0),30/05/26 11:00:00,Annual,Number,1 year,Females,Belgium,2012,64238,,
ESTAT:DEMO_PJAN(1.0),30/05/26 11:00:00,Annual,Number,1 year,Females,Belgium,2013,63306,,
ESTAT:DEMO_PJAN(1.0),30/05/26 11:00:00,Annual,Number,1 year,Females,Belgium,2014,62992,,
ESTAT:DEMO_PJAN(1.0),30/05/26 11:00:00,Annual,Number,1 year,Females,Belgium,2015,61532,,
ESTAT:DEMO_PJAN(1.0),30/05/26 11:00:00,Annual,Number,1 year,Females,Belgium,2016,61491,,
ESTAT:DEMO_PJAN(1.0),30/05/26 11:00:00,Annual,Number,1 year,Females,Belgium,2017,60213,,
ESTAT:DEMO_PJAN(1.0),30/05/26 11:00:00,Annual,Number,1 year,Females,Belgium,2018,59832,,
ESTAT:DEMO_PJAN(1.0),30/05/26 11:00:00,Annual,Number,1 year,Females,Belgium,2019,58977,,
ESTAT:DEMO_PJAN(1.0),30/05/26 11:00:00,Annual,Number,1 year,Females,Belgium,2020,58594,,
ESTAT:DEMO_PJAN(1.0),30/05/26 11:00:00,Annual,Number,1 year,Females,Belgium,2021,58196,,
ESTAT:DEMO_PJAN(1.0),30/05/26 11:00:00,Annual,Number,1 year,Females,Belgium,2022,56466,,
ESTAT:DEMO_PJAN(1.0),30/05/26 11:00:00,Annual,Number,1 year,Females,Belgium,2023,58896,,
ESTAT:DEMO_PJAN(1.0),30/05/26 11:00:00,Annual,Number,1 year,Females,Belgium,2024,56682,,
ESTAT:DEMO_PJAN(1.0),30/05/26 11:00:00,Annual,Number,1 year,Females,Belgium,2025,55138,,
ESTAT:DEMO_PJAN(1.0),30/05/26 11:00:00,Annual,Number,1 year,Males,Belgium,2005,57866,,
ESTAT:DEMO_PJAN(1.0),30/05/26 11:00:00,Annual,Number,1 year,Males,Belgium,2006,60194,,
ESTAT:DEMO_PJAN(1.0),30/05/26 11:00:00,Annual,Number,1 year,Males,Belgium,2007,61406,,
ESTAT:DEMO_PJAN(1.0),30/05/26 11:00:00,Annual,Number,1 year,Males,Belgium,2008,62850,,
ESTAT:DEMO_PJAN(1.0),30/05/26 11:00:00,Annual,Number,1 year,Males,Belgium,2009,63726,,
ESTAT:DEMO_PJAN(1.0),30/05/26 11:00:00,Annual,Number,1 year,Males,Belgium,2010,65716,,
ESTAT:DEMO_PJAN(1.0),30/05/26 11:00:00,Annual,Number,1 year,Males,Belgium,2011,66339,,
ESTAT:DEMO_PJAN(1.0),30/05/26 11:00:00,Annual,Number,1 year,Males,Belgium,2012,67168,,
ESTAT:DEMO_PJAN(1.0),30/05/26 11:00:00,Annual,Number,1 year,Males,Belgium,2013,66349,,
ESTAT:DEMO_PJAN(1.0),30/05/26 11:00:00,Annual,Number,1 year,Males,Belgium,2014,65561,,
ESTAT:DEMO_PJAN(1.0),30/05/26 11:00:00,Annual,Number,1 year,Males,Belgium,2015,64555,,
ESTAT:DEMO_PJAN(1.0),30/05/26 11:00:00,Annual,Number,1 year,Males,Belgium,2016,64797,,
ESTAT:DEMO_PJAN(1.0),30/05/26 11:00:00,Annual,Number,1 year,Males,Belgium,2017,63150,,
ESTAT:DEMO_PJAN(1.0),30/05/26 11:00:00,Annual,Number,1 year,Males,Belgium,2018,62866,,
ESTAT:DEMO_PJAN(1.0),30/05/26 11:00:00,Annual,Number,1 year,Males,Belgium,2019,61619,,
ESTAT:DEMO_PJAN(1.0),30/05/26 11:00:00,Annual,Number,1 year,Males,Belgium,2020,61025,,
ESTAT:DEMO_PJAN(1.0),30/05/26 11:00:00,Annual,Number,1 year,Males,Belgium,2021,60291,,
ESTAT:DEMO_PJAN(1.0),30/05/26 11:00:00,Annual,Number,1 year,Males,Belgium,2022,59083,,
ESTAT:DEMO_PJAN(1.0),30/05/26 11:00:00,Annual,Number,1 year,Males,Belgium,2023,61594,,
ESTAT:DEMO_PJAN(1.0),30/05/26 11:00:00,Annual,Number,1 year,Males,Belgium,2024,59331,,
ESTAT:DEMO_PJAN(1.0),30/05/26 11:00:00,Annual,Number,1 year,Males,Belgium,2025,57260,,
ESTAT:DEMO_PJAN(1.0),30/05/26 11:00:00,Annual,Number,1 year,Total,Belgium,2005,113503,,
ESTAT:DEMO_PJAN(1.0),30/05/26 11:00:00,Annual,Number,1 year,Total,Belgium,2006,117271,,
ESTAT:DEMO_PJAN(1.0),30/05/26 11:00:00,Annual,Number,1 year,Total,Belgium,2007,119795,,
ESTAT:DEMO_PJAN(1.0),30/05/26 11:00:00,Annual,Number,1 year,Total,Belgium,2008,123205,,
ESTAT:DEMO_PJAN(1.0),30/05/26 11:00:00,Annual,Number,1 year,Total,Belgium,2009,124675,,
ESTAT:DEMO_PJAN(1.0),30/05/26 11:00:00,Annual,Number,1 year,Total,Belgium,2010,128082,,
ESTAT:DEMO_PJAN(1.0),30/05/26 11:00:00,Annual,Number,1 year,Total,Belgium,2011,129580,,
ESTAT:DEMO_PJAN(1.0),30/05/26 11:00:00,Annual,Number,1 year,Total,Belgium,2012,131406,,
ESTAT:DEMO_PJAN(1.0),30/05/26 11:00:00,Annual,Number,1 year,Total,Belgium,2013,129655,,
ESTAT:DEMO_PJAN(1.0),30/05/26 11:00:00,Annual,Number,1 year,Total,Belgium,2014,128553,,
ESTAT:DEMO_PJAN(1.0),30/05/26 11:00:00,Annual,Number,1 year,Total,Belgium,2015,126087,,
ESTAT:DEMO_PJAN(1.0),30/05/26 11:00:00,Annual,Number,1 year,Total,Belgium,2016,126288,,
ESTAT:DEMO_PJAN(1.0),30/05/26 11:00:00,Annual,Number,1 year,Total,Belgium,2017,123363,,
ESTAT:DEMO_PJAN(1.0),30/05/26 11:00:00,Annual,Number,1 year,Total,Belgium,2018,122698,,
ESTAT:DEMO_PJAN(1.0),30/05/26 11:00:00,Annual,Number,1 year,Total,Belgium,2019,120596,,
ESTAT:DEMO_PJAN(1.0),30/05/26 11:00:00,Annual,Number,1 year,Total,Belgium,2020,119619,,
ESTAT:DEMO_PJAN(1.0),30/05/26 11:00:00,Annual,Number,1 year,Total,Belgium,2021,118487,,
ESTAT:DEMO_PJAN(1.0),30/05/26 11:00:00,Annual,Number,1 year,Total,Belgium,2022,115549,,
ESTAT:DEMO_PJAN(1.0),30/05/26 11:00:00,Annual,Number,1 year,Total,Belgium,2023,120490,,
ESTAT:DEMO_PJAN(1.0),30/05/26 11:00:00,Annual,Number,1 year,Total,Belgium,2024,116013,,
ESTAT:DEMO_PJAN(1.0),30/05/26 11:00:00,Annual,Number,1 year,Total,Belgium,2025,112398,,
ESTAT:DEMO_PJAN(1.0),30/05/26 11:00:00,Annual,Number,10 years,Females,Belgium,2005,57937,,
ESTAT:DEMO_PJAN(1.0),30/05/26 11:00:00,Annual,Number,10 years,Females,Belgium,2006,58170,,
ESTAT:DEMO_PJAN(1.0),30/05/26 11:00:00,Annual,Number,10 years,Females,Belgium,2007,59103,,
ESTAT:DEMO_PJAN(1.0),30/05/26 11:00:00,Annual,Number,10 years,Females,Belgium,2008,59265,,
ESTAT:DEMO_PJAN(1.0),30/05/26 11:00:00,Annual,Number,10 years,Females,Belgium,2009,58583,,
ESTAT:DEMO_PJAN(1.0),30/05/26 11:00:00,Annual,Number,10 years,Females,Belgium,2010,58672,,
ESTAT:DEMO_PJAN(1.0),30/05/26 11:00:00,Annual,Number,10 years,Females,Belgium,2011,59965,,
ESTAT:DEMO_PJAN(1.0),30/05/26 11:00:00,Annual,Number,10 years,Females,Belgium,2012,59567,,
ESTAT:DEMO_PJAN(1.0),30/05/26 11:00:00,Annual,Number,10 years,Females,Belgium,2013,58596,,
ESTAT:DEMO_PJAN(1.0),30/05/26 11:00:00,Annual,Number,10 years,Females,Belgium,2014,59259,,
ESTAT:DEMO_PJAN(1.0),30/05/26 11:00:00,Annual,Number,10 years,Females,Belgium,2015,60863,,
ESTAT:DEMO_PJAN(1.0),30/05/26 11:00:00,Annual,Number,10 years,Females,Belgium,2016,62020,,
ESTAT:DEMO_PJAN(1.0),30/05/26 11:00:00,Annual,Number,10 years,Females,Belgium,2017,64108,,
ESTAT:DEMO_PJAN(1.0),30/05/26 11:00:00,Annual,Number,10 years,Females,Belgium,2018,64686,,
ESTAT:DEMO_PJAN(1.0),30/05/26 11:00:00,Annual,Number,10 years,Females,Belgium,2019,65982,,
ESTAT:DEMO_PJAN(1.0),30/05/26 11:00:00,Annual,Number,10 years,Females,Belgium,2020,66304,,
ESTAT:DEMO_PJAN(1.0),30/05/26 11:00:00,Annual,Number,10 years,Females,Belgium,2021,67241,,
ESTAT:DEMO_PJAN(1.0),30/05/26 11:00:00,Annual,Number,10 years,Females,Belgium,2022,66457,,
ESTAT:DEMO_PJAN(1.0),30/05/26 11:00:00,Annual,Number,10 years,Females,Belgium,2023,66909,,
ESTAT:DEMO_PJAN(1.0),30/05/26 11:00:00,Annual,Number,10 years,Females,Belgium,2024,65471,,
ESTAT:DEMO_PJAN(1.0),30/05/26 11:00:00,Annual,Number,10 years,Females,Belgium,2025,65568,,
ESTAT:DEMO_PJAN(1.0),30/05/26 11:00:00,Annual,Number,10 years,Males,Belgium,2005,61257,,
ESTAT:DEMO_PJAN(1.0),30/05/26 11:00:00,Annual,Number,10 years,Males,Belgium,2006,60793,,
ESTAT:DEMO_PJAN(1.0),30/05/26 11:00:00,Annual,Number,10 years,Males,Belgium,2007,61427,,
ESTAT:DEMO_PJAN(1.0),30/05/26 11:00:00,Annual,Number,10 years,Males,Belgium,2008,61740,,
ESTAT:DEMO_PJAN(1.0),30/05/26 11:00:00,Annual,Number,10 years,Males,Belgium,2009,61246,,
ESTAT:DEMO_PJAN(1.0),30/05/26 11:00:00,Annual,Number,10 years,Males,Belgium,2010,61011,,
ESTAT:DEMO_PJAN(1.0),30/05/26 11:00:00,Annual,Number,10 years,Males,Belgium,2011,62844,,
ESTAT:DEMO_PJAN(1.0),30/05/26 11:00:00,Annual,Number,10 years,Males,Belgium,2012,61913,,
ESTAT:DEMO_PJAN(1.0),30/05/26 11:00:00,Annual,Number,10 years,Males,Belgium,2013,61299,,
ESTAT:DEMO_PJAN(1.0),30/05/26 11:00:00,Annual,Number,10 years,Males,Belgium,2014,61897,,
ESTAT:DEMO_PJAN(1.0),30/05/26 11:00:00,Annual,Number,10 years,Males,Belgium,2015,63918,,
ESTAT:DEMO_PJAN(1.0),30/05/26 11:00:00,Annual,Number,10 years,Males,Belgium,2016,65281,,
ESTAT:DEMO_PJAN(1.0),30/05/26 11:00:00,Annual,Number,10 years,Males,Belgium,2017,66705,,
ESTAT:DEMO_PJAN(1.0),30/05/26 11:00:00,Annual,Number,10 years,Males,Belgium,2018,67576,,
ESTAT:DEMO_PJAN(1.0),30/05/26 11:00:00,Annual,Number,10 years,Males,Belgium,2019,69683,,
ESTAT:DEMO_PJAN(1.0),30/05/26 11:00:00,Annual,Number,10 years,Males,Belgium,2020,69535,,
ESTAT:DEMO_PJAN(1.0),30/05/26 11:00:00,Annual,Number,10 years,Males,Belgium,2021,70279,,
ESTAT:DEMO_PJAN(1.0),30/05/26 11:00:00,Annual,Number,10 years,Males,Belgium,2022,69516,,
ESTAT:DEMO_PJAN(1.0),30/05/26 11:00:00,Annual,Number,10 years,Males,Belgium,2023,69644,,
ESTAT:DEMO_PJAN(1.0),30/05/26 11:00:00,Annual,Number,10 years,Males,Belgium,2024,68819,,
ESTAT:DEMO_PJAN(1.0),30/05/26 11:00:00,Annual,Number,10 years,Males,Belgium,2025,69163,,
ESTAT:DEMO_PJAN(1.0),30/05/26 11:00:00,Annual,Number,10 years,Total,Belgium,2005,119194,,
ESTAT:DEMO_PJAN(1.0),30/05/26 11:00:00,Annual,Number,10 years,Total,Belgium,2006,118963,,
ESTAT:DEMO_PJAN(1.0),30/05/26 11:00:00,Annual,Number,10 years,Total,Belgium,2007,120530,,
ESTAT:DEMO_PJAN(1.0),30/05/26 11:00:00,Annual,Number,10 years,Total,Belgium,2008,121005,,
ESTAT:DEMO_PJAN(1.0),30/05/26 11:00:00,Annual,Number,10 years,Total,Belgium,2009,119829,,
ESTAT:DEMO_PJAN(1.0),30/05/26 11:00:00,Annual,Number,10 years,Total,Belgium,2010,119683,,
ESTAT:DEMO_PJAN(1.0),30/05/26 11:00:00,Annual,Number,10 years,Total,Belgium,2011,122809,,
ESTAT:DEMO_PJAN(1.0),30/05/26 11:00:00,Annual,Number,10 years,Total,Belgium,2012,121480,,
ESTAT:DEMO_PJAN(1.0),30/05/26 11:00:00,Annual,Number,10 years,Total,Belgium,2013,119895,,
ESTAT:DEMO_PJAN(1.0),30/05/26 11:00:00,Annual,Number,10 years,Total,Belgium,2014,121156,,
ESTAT:DEMO_PJAN(1.0),30/05/26 11:00:00,Annual,Number,10 years,Total,Belgium,2015,124781,,
ESTAT:DEMO_PJAN(1.0),30/05/26 11:00:00,Annual,Number,10 years,Total,Belgium,2016,127301,,
ESTAT:DEMO_PJAN(1.0),30/05/26 11:00:00,Annual,Number,10 years,Total,Belgium,2017,130813,,
ESTAT:DEMO_PJAN(1.0),30/05/26 11:00:00,Annual,Number,10 years,Total,Belgium,2018,132262,,
ESTAT:DEMO_PJAN(1.0),30/05/26 11:00:00,Annual,Number,10 years,Total,Belgium,2019,135665,,
ESTAT:DEMO_PJAN(1.0),30/05/26 11:00:00,Annual,Number,10 years,Total,Belgium,2020,135839,,
ESTAT:DEMO_PJAN(1.0),30/05/26 11:00:00,Annual,Number,10 years,Total,Belgium,2021,137520,,
ESTAT:DEMO_PJAN(1.0),30/05/26 11:00:00,Annual,Number,10 years,Total,Belgium,2022,135973,,
ESTAT:DEMO_PJAN(1.0),30/05/26 11:00:00,Annual,Number,10 years,Total,Belgium,2023,136553,,
ESTAT:DEMO_PJAN(1.0),30/05/26 11:00:00,Annual,Number,10 years,Total,Belgium,2024,134290,,
ESTAT:DEMO_PJAN(1.0),30/05/26 11:00:00,Annual,Number,10 years,Total,Belgium,2025,134731,,
ESTAT:DEMO_PJAN(1.0),30/05/26 11:00:00,Annual,Number,11 years,Females,Belgium,2005,60669,,
ESTAT:DEMO_PJAN(1.0),30/05/26 11:00:00,Annual,Number,11 years,Females,Belgium,2006,58277,,
ESTAT:DEMO_PJAN(1.0),30/05/26 11:00:00,Annual,Number,11 years,Females,Belgium,2007,58484,,
ESTAT:DEMO_PJAN(1.0),30/05/26 11:00:00,Annual,Number,11 years,Females,Belgium,2008,59415,,
ESTAT:DEMO_PJAN(1.0),30/05/26 11:00:00,Annual,Number,11 years,Females,Belgium,2009,59579,,
ESTAT:DEMO_PJAN(1.0),30/05/26 11:00:00,Annual,Number,11 years,Females,Belgium,2010,58955,,
ESTAT:DEMO_PJAN(1.0),30/05/26 11:00:00,Annual,Number,11 years,Females,Belgium,2011,59458,,
ESTAT:DEMO_PJAN(1.0),30/05/26 11:00:00,Annual,Number,11 years,Females,Belgium,2012,60279,,
ESTAT:DEMO_PJAN(1.0),30/05/26 11:00:00,Annual,Number,11 years,Females,Belgium,2013,59798,,
ESTAT:DEMO_PJAN(1.0),30/05/26 11:00:00,Annual,Number,11 years,Females,Belgium,2014,58782,,
ESTAT:DEMO_PJAN(1.0),30/05/26 11:00:00,Annual,Number,11 years,Females,Belgium,2015,59530,,
ESTAT:DEMO_PJAN(1.0),30/05/26 11:00:00,Annual,Number,11 years,Females,Belgium,2016,61190,,
ESTAT:DEMO_PJAN(1.0),30/05/26 11:00:00,Annual,Number,11 years,Females,Belgium,2017,62252,,
ESTAT:DEMO_PJAN(1.0),30/05/26 11:00:00,Annual,Number,11 years,Females,Belgium,2018,64346,,
ESTAT:DEMO_PJAN(1.0),30/05/26 11:00:00,Annual,Number,11 years,Females,Belgium,2019,65037,,
ESTAT:DEMO_PJAN(1.0),30/05/26 11:00:00,Annual,Number,11 years,Females,Belgium,2020,66351,,
ESTAT:DEMO_PJAN(1.0),30/05/26 11:00:00,Annual,Number,11 years,Females,Belgium,2021,66604,,
ESTAT:DEMO_PJAN(1.0),30/05/26 11:00:00,Annual,Number,11 years,Females,Belgium,2022,67594,,
ESTAT:DEMO_PJAN(1.0),30/05/26 11:00:00,Annual,Number,11 years,Females,Belgium,2023,67396,,
ESTAT:DEMO_PJAN(1.0),30/05/26 11:00:00,Annual,Number,11 years,Females,Belgium,2024,67348,,
ESTAT:DEMO_PJAN(1.0),30/05/26 11:00:00,Annual,Number,11 years,Females,Belgium,2025,65976,,
ESTAT:DEMO_PJAN(1.0),30/05/26 11:00:00,Annual,Number,11 years,Males,Belgium,2005,63228,,
ESTAT:DEMO_PJAN(1.0),30/05/26 11:00:00,Annual,Number,11 years,Males,Belgium,2006,61681,,
ESTAT:DEMO_PJAN(1.0),30/05/26 11:00:00,Annual,Number,11 years,Males,Belgium,2007,61080,,
ESTAT:DEMO_PJAN(1.0),30/05/26 11:00:00,Annual,Number,11 years,Males,Belgium,2008,61827,,
ESTAT:DEMO_PJAN(1.0),30/05/26 11:00:00,Annual,Number,11 years,Males,Belgium,2009,62187,,
ESTAT:DEMO_PJAN(1.0),30/05/26 11:00:00,Annual,Number,11 years,Males,Belgium,2010,61634,,
ESTAT:DEMO_PJAN(1.0),30/05/26 11:00:00,Annual,Number,11 years,Males,Belgium,2011,61872,,
ESTAT:DEMO_PJAN(1.0),30/05/26 11:00:00,Annual,Number,11 years,Males,Belgium,2012,63166,,
ESTAT:DEMO_PJAN(1.0),30/05/26 11:00:00,Annual,Number,11 years,Males,Belgium,2013,62114,,
ESTAT:DEMO_PJAN(1.0),30/05/26 11:00:00,Annual,Number,11 years,Males,Belgium,2014,61514,,
ESTAT:DEMO_PJAN(1.0),30/05/26 11:00:00,Annual,Number,11 years,Males,Belgium,2015,62145,,
ESTAT:DEMO_PJAN(1.0),30/05/26 11:00:00,Annual,Number,11 years,Males,Belgium,2016,64371,,
ESTAT:DEMO_PJAN(1.0),30/05/26 11:00:00,Annual,Number,11 years,Males,Belgium,2017,65535,,
ESTAT:DEMO_PJAN(1.0),30/05/26 11:00:00,Annual,Number,11 years,Males,Belgium,2018,66973,,
ESTAT:DEMO_PJAN(1.0),30/05/26 11:00:00,Annual,Number,11 years,Males,Belgium,2019,67890,,
ESTAT:DEMO_PJAN(1.0),30/05/26 11:00:00,Annual,Number,11 years,Males,Belgium,2020,70073,,
ESTAT:DEMO_PJAN(1.0),30/05/26 11:00:00,Annual,Number,11 years,Males,Belgium,2021,69912,,
ESTAT:DEMO_PJAN(1.0),30/05/26 11:00:00,Annual,Number,11 years,Males,Belgium,2022,70681,,
ESTAT:DEMO_PJAN(1.0),30/05/26 11:00:00,Annual,Number,11 years,Males,Belgium,2023,70559,,
ESTAT:DEMO_PJAN(1.0),30/05/26 11:00:00,Annual,Number,11 years,Males,Belgium,2024,70102,,
ESTAT:DEMO_PJAN(1.0),30/05/26 11:00:00,Annual,Number,11 years,Males,Belgium,2025,69405,,
ESTAT:DEMO_PJAN(1.0),30/05/26 11:00:00,Annual,Number,11 years,Total,Belgium,2005,123897,,
ESTAT:DEMO_PJAN(1.0),30/05/26 11:00:00,Annual,Number,11 years,Total,Belgium,2006,119958,,
ESTAT:DEMO_PJAN(1.0),30/05/26 11:00:00,Annual,Number,11 years,Total,Belgium,2007,119564,,
ESTAT:DEMO_PJAN(1.0),30/05/26 11:00:00,Annual,Number,11 years,Total,Belgium,2008,121242,,
ESTAT:DEMO_PJAN(1.0),30/05/26 11:00:00,Annual,Number,11 years,Total,Belgium,2009,121766,,
ESTAT:DEMO_PJAN(1.0),30/05/26 11:00:00,Annual,Number,11 years,Total,Belgium,2010,120589,,
ESTAT:DEMO_PJAN(1.0),30/05/26 11:00:00,Annual,Number,11 years,Total,Belgium,2011,121330,,
ESTAT:DEMO_PJAN(1.0),30/05/26 11:00:00,Annual,Number,11 years,Total,Belgium,2012,123445,,
ESTAT:DEMO_PJAN(1.0),30/05/26 11:00:00,Annual,Number,11 years,Total,Belgium,2013,121912,,
ESTAT:DEMO_PJAN(1.0),30/05/26 11:00:00,Annual,Number,11 years,Total,Belgium,2014,120296,,
ESTAT:DEMO_PJAN(1.0),30/05/26 11:00:00,Annual,Number,11 years,Total,Belgium,2015,121675,,
ESTAT:DEMO_PJAN(1.0),30/05/26 11:00:00,Annual,Number,11 years,Total,Belgium,2016,125561,,
ESTAT:DEMO_PJAN(1.0),30/05/26 11:00:00,Annual,Number,11 years,Total,Belgium,2017,127787,,
ESTAT:DEMO_PJAN(1.0),30/05/26 11:00:00,Annual,Number,11 years,Total,Belgium,2018,131319,,
ESTAT:DEMO_PJAN(1.0),30/05/26 11:00:00,Annual,Number,11 years,Total,Belgium,2019,132927,,
ESTAT:DEMO_PJAN(1.0),30/05/26 11:00:00,Annual,Number,11 years,Total,Belgium,2020,136424,,
ESTAT:DEMO_PJAN(1.0),30/05/26 11:00:00,Annual,Number,11 years,Total,Belgium,2021,136516,,
ESTAT:DEMO_PJAN(1.0),30/05/26 11:00:00,Annual,Number,11 years,Total,Belgium,2022,138275,,
ESTAT:DEMO_PJAN(1.0),30/05/26 11:00:00,Annual,Number,11 years,Total,Belgium,2023,137955,,
ESTAT:DEMO_PJAN(1.0),30/05/26 11:00:00,Annual,Number,11 years,Total,Belgium,2024,137450,,
ESTAT:DEMO_PJAN(1.0),30/05/26 11:00:00,Annual,Number,11 years,Total,Belgium,2025,135381,,
ESTAT:DEMO_PJAN(1.0),30/05/26 11:00:00,Annual,Number,12 years,Females,Belgium,2005,62787,,
ESTAT:DEMO_PJAN(1.0),30/05/26 11:00:00,Annual,Number,12 years,Females,Belgium,2006,61050,,
ESTAT:DEMO_PJAN(1.0),30/05/26 11:00:00,Annual,Number,12 years,Females,Belgium,2007,58636,,
ESTAT:DEMO_PJAN(1.0),30/05/26 11:00:00,Annual,Number,12 years,Females,Belgium,2008,58840,,
ESTAT:DEMO_PJAN(1.0),30/05/26 11:00:00,Annual,Number,12 years,Females,Belgium,2009,59755,,
ESTAT:DEMO_PJAN(1.0),30/05/26 11:00:00,Annual,Number,12 years,Females,Belgium,2010,59964,,
ESTAT:DEMO_PJAN(1.0),30/05/26 11:00:00,Annual,Number,12 years,Females,Belgium,2011,59745,,
ESTAT:DEMO_PJAN(1.0),30/05/26 11:00:00,Annual,Number,12 years,Females,Belgium,2012,59705,,
ESTAT:DEMO_PJAN(1.0),30/05/26 11:00:00,Annual,Number,12 years,Females,Belgium,2013,60519,,
ESTAT:DEMO_PJAN(1.0),30/05/26 11:00:00,Annual,Number,12 years,Females,Belgium,2014,60021,,
ESTAT:DEMO_PJAN(1.0),30/05/26 11:00:00,Annual,Number,12 years,Females,Belgium,2015,59012,,
ESTAT:DEMO_PJAN(1.0),30/05/26 11:00:00,Annual,Number,12 years,Females,Belgium,2016,59839,,
ESTAT:DEMO_PJAN(1.0),30/05/26 11:00:00,Annual,Number,12 years,Females,Belgium,2017,61433,,
ESTAT:DEMO_PJAN(1.0),30/05/26 11:00:00,Annual,Number,12 years,Females,Belgium,2018,62503,,
ESTAT:DEMO_PJAN(1.0),30/05/26 11:00:00,Annual,Number,12 years,Females,Belgium,2019,64721,,
ESTAT:DEMO_PJAN(1.0),30/05/26 11:00:00,Annual,Number,12 years,Females,Belgium,2020,65399,,
ESTAT:DEMO_PJAN(1.0),30/05/26 11:00:00,Annual,Number,12 years,Females,Belgium,2021,66626,,
ESTAT:DEMO_PJAN(1.0),30/05/26 11:00:00,Annual,Number,12 years,Females,Belgium,2022,66961,,
ESTAT:DEMO_PJAN(1.0),30/05/26 11:00:00,Annual,Number,12 years,Females,Belgium,2023,68582,,
ESTAT:DEMO_PJAN(1.0),30/05/26 11:00:00,Annual,Number,12 years,Females,Belgium,2024,67814,,
ESTAT:DEMO_PJAN(1.0),30/05/26 11:00:00,Annual,Number,12 years,Females,Belgium,2025,67842,,
ESTAT:DEMO_PJAN(1.0),30/05/26 11:00:00,Annual,Number,12 years,Males,Belgium,2005,65615,,
ESTAT:DEMO_PJAN(1.0),30/05/26 11:00:00,Annual,Number,12 years,Males,Belgium,2006,63587,,
ESTAT:DEMO_PJAN(1.0),30/05/26 11:00:00,Annual,Number,12 years,Males,Belgium,2007,61999,,
ESTAT:DEMO_PJAN(1.0),30/05/26 11:00:00,Annual,Number,12 years,Males,Belgium,2008,61462,,
ESTAT:DEMO_PJAN(1.0),30/05/26 11:00:00,Annual,Number,12 years,Males,Belgium,2009,62111,,
ESTAT:DEMO_PJAN(1.0),30/05/26 11:00:00,Annual,Number,12 years,Males,Belgium,2010,62535,,
ESTAT:DEMO_PJAN(1.0),30/05/26 11:00:00,Annual,Number,12 years,Males,Belgium,2011,62445,,
ESTAT:DEMO_PJAN(1.0),30/05/26 11:00:00,Annual,Number,12 years,Males,Belgium,2012,62162,,
ESTAT:DEMO_PJAN(1.0),30/05/26 11:00:00,Annual,Number,12 years,Males,Belgium,2013,63429,,
ESTAT:DEMO_PJAN(1.0),30/05/26 11:00:00,Annual,Number,12 years,Males,Belgium,2014,62294,,
ESTAT:DEMO_PJAN(1.0),30/05/26 11:00:00,Annual,Number,12 years,Males,Belgium,2015,61802,,
ESTAT:DEMO_PJAN(1.0),30/05/26 11:00:00,Annual,Number,12 years,Males,Belgium,2016,62509,,
ESTAT:DEMO_PJAN(1.0),30/05/26 11:00:00,Annual,Number,12 years,Males,Belgium,2017,64616,,
ESTAT:DEMO_PJAN(1.0),30/05/26 11:00:00,Annual,Number,12 years,Males,Belgium,2018,65745,,
ESTAT:DEMO_PJAN(1.0),30/05/26 11:00:00,Annual,Number,12 years,Males,Belgium,2019,67302,,
ESTAT:DEMO_PJAN(1.0),30/05/26 11:00:00,Annual,Number,12 years,Males,Belgium,2020,68350,,
ESTAT:DEMO_PJAN(1.0),30/05/26 11:00:00,Annual,Number,12 years,Males,Belgium,2021,70419,,
ESTAT:DEMO_PJAN(1.0),30/05/26 11:00:00,Annual,Number,12 years,Males,Belgium,2022,70309,,
ESTAT:DEMO_PJAN(1.0),30/05/26 11:00:00,Annual,Number,12 years,Males,Belgium,2023,71636,,
ESTAT:DEMO_PJAN(1.0),30/05/26 11:00:00,Annual,Number,12 years,Males,Belgium,2024,71041,,
ESTAT:DEMO_PJAN(1.0),30/05/26 11:00:00,Annual,Number,12 years,Males,Belgium,2025,70685,,
ESTAT:DEMO_PJAN(1.0),30/05/26 11:00:00,Annual,Number,12 years,Total,Belgium,2005,128402,,
ESTAT:DEMO_PJAN(1.0),30/05/26 11:00:00,Annual,Number,12 years,Total,Belgium,2006,124637,,
ESTAT:DEMO_PJAN(1.0),30/05/26 11:00:00,Annual,Number,12 years,Total,Belgium,2007,120635,,
ESTAT:DEMO_PJAN(1.0),30/05/26 11:00:00,Annual,Number,12 years,Total,Belgium,2008,120302,,
ESTAT:DEMO_PJAN(1.0),30/05/26 11:00:00,Annual,Number,12 years,Total,Belgium,2009,121866,,
ESTAT:DEMO_PJAN(1.0),30/05/26 11:00:00,Annual,Number,12 years,Total,Belgium,2010,122499,,
ESTAT:DEMO_PJAN(1.0),30/05/26 11:00:00,Annual,Number,12 years,Total,Belgium,2011,122190,,
ESTAT:DEMO_PJAN(1.0),30/05/26 11:00:00,Annual,Number,12 years,Total,Belgium,2012,121867,,
ESTAT:DEMO_PJAN(1.0),30/05/26 11:00:00,Annual,Number,12 years,Total,Belgium,2013,123948,,
ESTAT:DEMO_PJAN(1.0),30/05/26 11:00:00,Annual,Number,12 years,Total,Belgium,2014,122315,,
ESTAT:DEMO_PJAN(1.0),30/05/26 11:00:00,Annual,Number,12 years,Total,Belgium,2015,120814,,
ESTAT:DEMO_PJAN(1.0),30/05/26 11:00:00,Annual,Number,12 years,Total,Belgium,2016,122348,,
ESTAT:DEMO_PJAN(1.0),30/05/26 11:00:00,Annual,Number,12 years,Total,Belgium,2017,126049,,
ESTAT:DEMO_PJAN(1.0),30/05/26 11:00:00,Annual,Number,12 years,Total,Belgium,2018,128248,,
ESTAT:DEMO_PJAN(1.0),30/05/26 11:00:00,Annual,Number,12 years,Total,Belgium,2019,132023,,
ESTAT:DEMO_PJAN(1.0),30/05/26 11:00:00,Annual,Number,12 years,Total,Belgium,2020,133749,,
ESTAT:DEMO_PJAN(1.0),30/05/26 11:00:00,Annual,Number,12 years,Total,Belgium,2021,137045,,
ESTAT:DEMO_PJAN(1.0),30/05/26 11:00:00,Annual,Number,12 years,Total,Belgium,2022,137270,,
ESTAT:DEMO_PJAN(1.0),30/05/26 11:00:00,Annual,Number,12 years,Total,Belgium,2023,140218,,
ESTAT:DEMO_PJAN(1.0),30/05/26 11:00:00,Annual,Number,12 years,Total,Belgium,2024,138855,,
ESTAT:DEMO_PJAN(1.0),30/05/26 11:00:00,Annual,Number,12 years,Total,Belgium,2025,138527,,
ESTAT:DEMO_PJAN(1.0),30/05/26 11:00:00,Annual,Number,13 years,Females,Belgium,2005,63704,,
ESTAT:DEMO_PJAN(1.0),30/05/26 11:00:00,Annual,Number,13 years,Females,Belgium,2006,63191,,
ESTAT:DEMO_PJAN(1.0),30/05/26 11:00:00,Annual,Number,13 years,Females,Belgium,2007,61342,,
ESTAT:DEMO_PJAN(1.0),30/05/26 11:00:00,Annual,Number,13 years,Females,Belgium,2008,58955,,
ESTAT:DEMO_PJAN(1.0),30/05/26 11:00:00,Annual,Number,13 years,Females,Belgium,2009,59164,,
ESTAT:DEMO_PJAN(1.0),30/05/26 11:00:00,Annual,Number,13 years,Females,Belgium,2010,60106,,
ESTAT:DEMO_PJAN(1.0),30/05/26 11:00:00,Annual,Number,13 years,Females,Belgium,2011,60716,,
ESTAT:DEMO_PJAN(1.0),30/05/26 11:00:00,Annual,Number,13 years,Females,Belgium,2012,60032,,
ESTAT:DEMO_PJAN(1.0),30/05/26 11:00:00,Annual,Number,13 years,Females,Belgium,2013,59951,,
ESTAT:DEMO_PJAN(1.0),30/05/26 11:00:00,Annual,Number,13 years,Females,Belgium,2014,60774,,
ESTAT:DEMO_PJAN(1.0),30/05/26 11:00:00,Annual,Number,13 years,Females,Belgium,2015,60205,,
ESTAT:DEMO_PJAN(1.0),30/05/26 11:00:00,Annual,Number,13 years,Females,Belgium,2016,59330,,
ESTAT:DEMO_PJAN(1.0),30/05/26 11:00:00,Annual,Number,13 years,Females,Belgium,2017,60125,,
ESTAT:DEMO_PJAN(1.0),30/05/26 11:00:00,Annual,Number,13 years,Females,Belgium,2018,61663,,
ESTAT:DEMO_PJAN(1.0),30/05/26 11:00:00,Annual,Number,13 years,Females,Belgium,2019,62831,,
ESTAT:DEMO_PJAN(1.0),30/05/26 11:00:00,Annual,Number,13 years,Females,Belgium,2020,65087,,
ESTAT:DEMO_PJAN(1.0),30/05/26 11:00:00,Annual,Number,13 years,Females,Belgium,2021,65725,,
ESTAT:DEMO_PJAN(1.0),30/05/26 11:00:00,Annual,Number,13 years,Females,Belgium,2022,66975,,
ESTAT:DEMO_PJAN(1.0),30/05/26 11:00:00,Annual,Number,13 years,Females,Belgium,2023,67886,,
ESTAT:DEMO_PJAN(1.0),30/05/26 11:00:00,Annual,Number,13 years,Females,Belgium,2024,69038,,
ESTAT:DEMO_PJAN(1.0),30/05/26 11:00:00,Annual,Number,13 years,Females,Belgium,2025,68244,,
ESTAT:DEMO_PJAN(1.0),30/05/26 11:00:00,Annual,Number,13 years,Males,Belgium,2005,66652,,
ESTAT:DEMO_PJAN(1.0),30/05/26 11:00:00,Annual,Number,13 years,Males,Belgium,2006,65952,,
ESTAT:DEMO_PJAN(1.0),30/05/26 11:00:00,Annual,Number,13 years,Males,Belgium,2007,63888,,
ESTAT:DEMO_PJAN(1.0),30/05/26 11:00:00,Annual,Number,13 years,Males,Belgium,2008,62317,,
ESTAT:DEMO_PJAN(1.0),30/05/26 11:00:00,Annual,Number,13 years,Males,Belgium,2009,61785,,
ESTAT:DEMO_PJAN(1.0),30/05/26 11:00:00,Annual,Number,13 years,Males,Belgium,2010,62512,,
ESTAT:DEMO_PJAN(1.0),30/05/26 11:00:00,Annual,Number,13 years,Males,Belgium,2011,63268,,
ESTAT:DEMO_PJAN(1.0),30/05/26 11:00:00,Annual,Number,13 years,Males,Belgium,2012,62702,,
ESTAT:DEMO_PJAN(1.0),30/05/26 11:00:00,Annual,Number,13 years,Males,Belgium,2013,62405,,
ESTAT:DEMO_PJAN(1.0),30/05/26 11:00:00,Annual,Number,13 years,Males,Belgium,2014,63678,,
ESTAT:DEMO_PJAN(1.0),30/05/26 11:00:00,Annual,Number,13 years,Males,Belgium,2015,62591,,
ESTAT:DEMO_PJAN(1.0),30/05/26 11:00:00,Annual,Number,13 years,Males,Belgium,2016,62221,,
ESTAT:DEMO_PJAN(1.0),30/05/26 11:00:00,Annual,Number,13 years,Males,Belgium,2017,62829,,
ESTAT:DEMO_PJAN(1.0),30/05/26 11:00:00,Annual,Number,13 years,Males,Belgium,2018,64878,,
ESTAT:DEMO_PJAN(1.0),30/05/26 11:00:00,Annual,Number,13 years,Males,Belgium,2019,66106,,
ESTAT:DEMO_PJAN(1.0),30/05/26 11:00:00,Annual,Number,13 years,Males,Belgium,2020,67687,,
ESTAT:DEMO_PJAN(1.0),30/05/26 11:00:00,Annual,Number,13 years,Males,Belgium,2021,68590,,
ESTAT:DEMO_PJAN(1.0),30/05/26 11:00:00,Annual,Number,13 years,Males,Belgium,2022,70807,,
ESTAT:DEMO_PJAN(1.0),30/05/26 11:00:00,Annual,Number,13 years,Males,Belgium,2023,71365,,
ESTAT:DEMO_PJAN(1.0),30/05/26 11:00:00,Annual,Number,13 years,Males,Belgium,2024,72101,,
ESTAT:DEMO_PJAN(1.0),30/05/26 11:00:00,Annual,Number,13 years,Males,Belgium,2025,71588,,
ESTAT:DEMO_PJAN(1.0),30/05/26 11:00:00,Annual,Number,13 years,Total,Belgium,2005,130356,,
ESTAT:DEMO_PJAN(1.0),30/05/26 11:00:00,Annual,Number,13 years,Total,Belgium,2006,129143,,
ESTAT:DEMO_PJAN(1.0),30/05/26 11:00:00,Annual,Number,13 years,Total,Belgium,2007,125230,,
ESTAT:DEMO_PJAN(1.0),30/05/26 11:00:00,Annual,Number,13 years,Total,Belgium,2008,121272,,
ESTAT:DEMO_PJAN(1.0),30/05/26 11:00:00,Annual,Number,13 years,Total,Belgium,2009,120949,,
ESTAT:DEMO_PJAN(1.0),30/05/26 11:00:00,Annual,Number,13 years,Total,Belgium,2010,122618,,
ESTAT:DEMO_PJAN(1.0),30/05/26 11:00:00,Annual,Number,13 years,Total,Belgium,2011,123984,,
ESTAT:DEMO_PJAN(1.0),30/05/26 11:00:00,Annual,Number,13 years,Total,Belgium,2012,122734,,
ESTAT:DEMO_PJAN(1.0),30/05/26 11:00:00,Annual,Number,13 years,Total,Belgium,2013,122356,,
ESTAT:DEMO_PJAN(1.0),30/05/26 11:00:00,Annual,Number,13 years,Total,Belgium,2014,124452,,
ESTAT:DEMO_PJAN(1.0),30/05/26 11:00:00,Annual,Number,13 years,Total,Belgium,2015,122796,,
ESTAT:DEMO_PJAN(1.0),30/05/26 11:00:00,Annual,Number,13 years,Total,Belgium,2016,121551,,
ESTAT:DEMO_PJAN(1.0),30/05/26 11:00:00,Annual,Number,13 years,Total,Belgium,2017,122954,,
ESTAT:DEMO_PJAN(1.0),30/05/26 11:00:00,Annual,Number,13 years,Total,Belgium,2018,126541,,
ESTAT:DEMO_PJAN(1.0),30/05/26 11:00:00,Annual,Number,13 years,Total,Belgium,2019,128937,,
ESTAT:DEMO_PJAN(1.0),30/05/26 11:00:00,Annual,Number,13 years,Total,Belgium,2020,132774,,
ESTAT:DEMO_PJAN(1.0),30/05/26 11:00:00,Annual,Number,13 years,Total,Belgium,2021,134315,,
ESTAT:DEMO_PJAN(1.0),30/05/26 11:00:00,Annual,Number,13 years,Total,Belgium,2022,137782,,
ESTAT:DEMO_PJAN(1.0),30/05/26 11:00:00,Annual,Number,13 years,Total,Belgium,2023,139251,,
ESTAT:DEMO_PJAN(1.0),30/05/26 11:00:00,Annual,Number,13 years,Total,Belgium,2024,141139,,
ESTAT:DEMO_PJAN(1.0),30/05/26 11:00:00,Annual,Number,13 years,Total,Belgium,2025,139832,,
ESTAT:DEMO_PJAN(1.0),30/05/26 11:00:00,Annual,Number,14 years,Females,Belgium,2005,63037,,
ESTAT:DEMO_PJAN(1.0),30/05/26 11:00:00,Annual,Number,14 years,Females,Belgium,2006,64035,,
ESTAT:DEMO_PJAN(1.0),30/05/26 11:00:00,Annual,Number,14 years,Females,Belgium,2007,63470,,
ESTAT:DEMO_PJAN(1.0),30/05/26 11:00:00,Annual,Number,14 years,Females,Belgium,2008,61625,,
ESTAT:DEMO_PJAN(1.0),30/05/26 11:00:00,Annual,Number,14 years,Females,Belgium,2009,59271,,
ESTAT:DEMO_PJAN(1.0),30/05/26 11:00:00,Annual,Number,14 years,Females,Belgium,2010,59472,,
ESTAT:DEMO_PJAN(1.0),30/05/26 11:00:00,Annual,Number,14 years,Females,Belgium,2011,60838,,
ESTAT:DEMO_PJAN(1.0),30/05/26 11:00:00,Annual,Number,14 years,Females,Belgium,2012,61010,,
ESTAT:DEMO_PJAN(1.0),30/05/26 11:00:00,Annual,Number,14 years,Females,Belgium,2013,60252,,
ESTAT:DEMO_PJAN(1.0),30/05/26 11:00:00,Annual,Number,14 years,Females,Belgium,2014,60149,,
ESTAT:DEMO_PJAN(1.0),30/05/26 11:00:00,Annual,Number,14 years,Females,Belgium,2015,61017,,
ESTAT:DEMO_PJAN(1.0),30/05/26 11:00:00,Annual,Number,14 years,Females,Belgium,2016,60549,,
ESTAT:DEMO_PJAN(1.0),30/05/26 11:00:00,Annual,Number,14 years,Females,Belgium,2017,59557,,
ESTAT:DEMO_PJAN(1.0),30/05/26 11:00:00,Annual,Number,14 years,Females,Belgium,2018,60351,,
ESTAT:DEMO_PJAN(1.0),30/05/26 11:00:00,Annual,Number,14 years,Females,Belgium,2019,61950,,
ESTAT:DEMO_PJAN(1.0),30/05/26 11:00:00,Annual,Number,14 years,Females,Belgium,2020,63096,,
ESTAT:DEMO_PJAN(1.0),30/05/26 11:00:00,Annual,Number,14 years,Females,Belgium,2021,65390,,
ESTAT:DEMO_PJAN(1.0),30/05/26 11:00:00,Annual,Number,14 years,Females,Belgium,2022,66035,,
ESTAT:DEMO_PJAN(1.0),30/05/26 11:00:00,Annual,Number,14 years,Females,Belgium,2023,67873,,
ESTAT:DEMO_PJAN(1.0),30/05/26 11:00:00,Annual,Number,14 years,Females,Belgium,2024,68332,,
ESTAT:DEMO_PJAN(1.0),30/05/26 11:00:00,Annual,Number,14 years,Females,Belgium,2025,69532,,
ESTAT:DEMO_PJAN(1.0),30/05/26 11:00:00,Annual,Number,14 years,Males,Belgium,2005,65999,,
ESTAT:DEMO_PJAN(1.0),30/05/26 11:00:00,Annual,Number,14 years,Males,Belgium,2006,66995,,
ESTAT:DEMO_PJAN(1.0),30/05/26 11:00:00,Annual,Number,14 years,Males,Belgium,2007,66284,,
ESTAT:DEMO_PJAN(1.0),30/05/26 11:00:00,Annual,Number,14 years,Males,Belgium,2008,64173,,
ESTAT:DEMO_PJAN(1.0),30/05/26 11:00:00,Annual,Number,14 years,Males,Belgium,2009,62657,,
ESTAT:DEMO_PJAN(1.0),30/05/26 11:00:00,Annual,Number,14 years,Males,Belgium,2010,62133,,
ESTAT:DEMO_PJAN(1.0),30/05/26 11:00:00,Annual,Number,14 years,Males,Belgium,2011,63309,,
ESTAT:DEMO_PJAN(1.0),30/05/26 11:00:00,Annual,Number,14 years,Males,Belgium,2012,63619,,
ESTAT:DEMO_PJAN(1.0),30/05/26 11:00:00,Annual,Number,14 years,Males,Belgium,2013,62942,,
ESTAT:DEMO_PJAN(1.0),30/05/26 11:00:00,Annual,Number,14 years,Males,Belgium,2014,62632,,
ESTAT:DEMO_PJAN(1.0),30/05/26 11:00:00,Annual,Number,14 years,Males,Belgium,2015,63870,,
ESTAT:DEMO_PJAN(1.0),30/05/26 11:00:00,Annual,Number,14 years,Males,Belgium,2016,63148,,
ESTAT:DEMO_PJAN(1.0),30/05/26 11:00:00,Annual,Number,14 years,Males,Belgium,2017,62537,,
ESTAT:DEMO_PJAN(1.0),30/05/26 11:00:00,Annual,Number,14 years,Males,Belgium,2018,63109,,
ESTAT:DEMO_PJAN(1.0),30/05/26 11:00:00,Annual,Number,14 years,Males,Belgium,2019,65303,,
ESTAT:DEMO_PJAN(1.0),30/05/26 11:00:00,Annual,Number,14 years,Males,Belgium,2020,66487,,
ESTAT:DEMO_PJAN(1.0),30/05/26 11:00:00,Annual,Number,14 years,Males,Belgium,2021,68050,,
ESTAT:DEMO_PJAN(1.0),30/05/26 11:00:00,Annual,Number,14 years,Males,Belgium,2022,69042,,
ESTAT:DEMO_PJAN(1.0),30/05/26 11:00:00,Annual,Number,14 years,Males,Belgium,2023,71908,,
ESTAT:DEMO_PJAN(1.0),30/05/26 11:00:00,Annual,Number,14 years,Males,Belgium,2024,71905,,
ESTAT:DEMO_PJAN(1.0),30/05/26 11:00:00,Annual,Number,14 years,Males,Belgium,2025,72777,,
ESTAT:DEMO_PJAN(1.0),30/05/26 11:00:00,Annual,Number,14 years,Total,Belgium,2005,129036,,
ESTAT:DEMO_PJAN(1.0),30/05/26 11:00:00,Annual,Number,14 years,Total,Belgium,2006,131030,,
ESTAT:DEMO_PJAN(1.0),30/05/26 11:00:00,Annual,Number,14 years,Total,Belgium,2007,129754,,
ESTAT:DEMO_PJAN(1.0),30/05/26 11:00:00,Annual,Number,14 years,Total,Belgium,2008,125798,,
ESTAT:DEMO_PJAN(1.0),30/05/26 11:00:00,Annual,Number,14 years,Total,Belgium,2009,121928,,
ESTAT:DEMO_PJAN(1.0),30/05/26 11:00:00,Annual,Number,14 years,Total,Belgium,2010,121605,,
ESTAT:DEMO_PJAN(1.0),30/05/26 11:00:00,Annual,Number,14 years,Total,Belgium,2011,124147,,
ESTAT:DEMO_PJAN(1.0),30/05/26 11:00:00,Annual,Number,14 years,Total,Belgium,2012,124629,,
ESTAT:DEMO_PJAN(1.0),30/05/26 11:00:00,Annual,Number,14 years,Total,Belgium,2013,123194,,
ESTAT:DEMO_PJAN(1.0),30/05/26 11:00:00,Annual,Number,14 years,Total,Belgium,2014,122781,,
ESTAT:DEMO_PJAN(1.0),30/05/26 11:00:00,Annual,Number,14 years,Total,Belgium,2015,124887,,
ESTAT:DEMO_PJAN(1.0),30/05/26 11:00:00,Annual,Number,14 years,Total,Belgium,2016,123697,,
ESTAT:DEMO_PJAN(1.0),30/05/26 11:00:00,Annual,Number,14 years,Total,Belgium,2017,122094,,
ESTAT:DEMO_PJAN(1.0),30/05/26 11:00:00,Annual,Number,14 years,Total,Belgium,2018,123460,,
ESTAT:DEMO_PJAN(1.0),30/05/26 11:00:00,Annual,Number,14 years,Total,Belgium,2019,127253,,
ESTAT:DEMO_PJAN(1.0),30/05/26 11:00:00,Annual,Number,14 years,Total,Belgium,2020,129583,,
ESTAT:DEMO_PJAN(1.0),30/05/26 11:00:00,Annual,Number,14 years,Total,Belgium,2021,133440,,
ESTAT:DEMO_PJAN(1.0),30/05/26 11:00:00,Annual,Number,14 years,Total,Belgium,2022,135077,,
ESTAT:DEMO_PJAN(1.0),30/05/26 11:00:00,Annual,Number,14 years,Total,Belgium,2023,139781,,
ESTAT:DEMO_PJAN(1.0),30/05/26 11:00:00,Annual,Number,14 years,Total,Belgium,2024,140237,,
ESTAT:DEMO_PJAN(1.0),30/05/26 11:00:00,Annual,Number,14 years,Total,Belgium,2025,142309,,
ESTAT:DEMO_PJAN(1.0),30/05/26 11:00:00,Annual,Number,15 years,Females,Belgium,2005,61765,,
ESTAT:DEMO_PJAN(1.0),30/05/26 11:00:00,Annual,Number,15 years,Females,Belgium,2006,63358,,
ESTAT:DEMO_PJAN(1.0),30/05/26 11:00:00,Annual,Number,15 years,Females,Belgium,2007,64281,,
ESTAT:DEMO_PJAN(1.0),30/05/26 11:00:00,Annual,Number,15 years,Females,Belgium,2008,63842,,
ESTAT:DEMO_PJAN(1.0),30/05/26 11:00:00,Annual,Number,15 years,Females,Belgium,2009,61961,,
ESTAT:DEMO_PJAN(1.0),30/05/26 11:00:00,Annual,Number,15 years,Females,Belgium,2010,59629,,
ESTAT:DEMO_PJAN(1.0),30/05/26 11:00:00,Annual,Number,15 years,Females,Belgium,2011,60159,,
ESTAT:DEMO_PJAN(1.0),30/05/26 11:00:00,Annual,Number,15 years,Females,Belgium,2012,61157,,
ESTAT:DEMO_PJAN(1.0),30/05/26 11:00:00,Annual,Number,15 years,Females,Belgium,2013,61224,,
ESTAT:DEMO_PJAN(1.0),30/05/26 11:00:00,Annual,Number,15 years,Females,Belgium,2014,60420,,
ESTAT:DEMO_PJAN(1.0),30/05/26 11:00:00,Annual,Number,15 years,Females,Belgium,2015,60439,,
ESTAT:DEMO_PJAN(1.0),30/05/26 11:00:00,Annual,Number,15 years,Females,Belgium,2016,61359,,
ESTAT:DEMO_PJAN(1.0),30/05/26 11:00:00,Annual,Number,15 years,Females,Belgium,2017,60732,,
ESTAT:DEMO_PJAN(1.0),30/05/26 11:00:00,Annual,Number,15 years,Females,Belgium,2018,59781,,
ESTAT:DEMO_PJAN(1.0),30/05/26 11:00:00,Annual,Number,15 years,Females,Belgium,2019,60742,,
ESTAT:DEMO_PJAN(1.0),30/05/26 11:00:00,Annual,Number,15 years,Females,Belgium,2020,62287,,
ESTAT:DEMO_PJAN(1.0),30/05/26 11:00:00,Annual,Number,15 years,Females,Belgium,2021,63387,,
ESTAT:DEMO_PJAN(1.0),30/05/26 11:00:00,Annual,Number,15 years,Females,Belgium,2022,65714,,
ESTAT:DEMO_PJAN(1.0),30/05/26 11:00:00,Annual,Number,15 years,Females,Belgium,2023,66937,,
ESTAT:DEMO_PJAN(1.0),30/05/26 11:00:00,Annual,Number,15 years,Females,Belgium,2024,68365,,
ESTAT:DEMO_PJAN(1.0),30/05/26 11:00:00,Annual,Number,15 years,Females,Belgium,2025,68851,,
ESTAT:DEMO_PJAN(1.0),30/05/26 11:00:00,Annual,Number,15 years,Males,Belgium,2005,64641,,
ESTAT:DEMO_PJAN(1.0),30/05/26 11:00:00,Annual,Number,15 years,Males,Belgium,2006,66366,,
ESTAT:DEMO_PJAN(1.0),30/05/26 11:00:00,Annual,Number,15 years,Males,Belgium,2007,67309,,
ESTAT:DEMO_PJAN(1.0),30/05/26 11:00:00,Annual,Number,15 years,Males,Belgium,2008,66593,,
ESTAT:DEMO_PJAN(1.0),30/05/26 11:00:00,Annual,Number,15 years,Males,Belgium,2009,64480,,
ESTAT:DEMO_PJAN(1.0),30/05/26 11:00:00,Annual,Number,15 years,Males,Belgium,2010,63012,,
ESTAT:DEMO_PJAN(1.0),30/05/26 11:00:00,Annual,Number,15 years,Males,Belgium,2011,62913,,
ESTAT:DEMO_PJAN(1.0),30/05/26 11:00:00,Annual,Number,15 years,Males,Belgium,2012,63697,,
ESTAT:DEMO_PJAN(1.0),30/05/26 11:00:00,Annual,Number,15 years,Males,Belgium,2013,63880,,
ESTAT:DEMO_PJAN(1.0),30/05/26 11:00:00,Annual,Number,15 years,Males,Belgium,2014,63150,,
ESTAT:DEMO_PJAN(1.0),30/05/26 11:00:00,Annual,Number,15 years,Males,Belgium,2015,62877,,
ESTAT:DEMO_PJAN(1.0),30/05/26 11:00:00,Annual,Number,15 years,Males,Belgium,2016,64748,,
ESTAT:DEMO_PJAN(1.0),30/05/26 11:00:00,Annual,Number,15 years,Males,Belgium,2017,63551,,
ESTAT:DEMO_PJAN(1.0),30/05/26 11:00:00,Annual,Number,15 years,Males,Belgium,2018,62912,,
ESTAT:DEMO_PJAN(1.0),30/05/26 11:00:00,Annual,Number,15 years,Males,Belgium,2019,63507,,
ESTAT:DEMO_PJAN(1.0),30/05/26 11:00:00,Annual,Number,15 years,Males,Belgium,2020,65863,,
ESTAT:DEMO_PJAN(1.0),30/05/26 11:00:00,Annual,Number,15 years,Males,Belgium,2021,66993,,
ESTAT:DEMO_PJAN(1.0),30/05/26 11:00:00,Annual,Number,15 years,Males,Belgium,2022,68687,,
ESTAT:DEMO_PJAN(1.0),30/05/26 11:00:00,Annual,Number,15 years,Males,Belgium,2023,70226,,
ESTAT:DEMO_PJAN(1.0),30/05/26 11:00:00,Annual,Number,15 years,Males,Belgium,2024,72525,,
ESTAT:DEMO_PJAN(1.0),30/05/26 11:00:00,Annual,Number,15 years,Males,Belgium,2025,72551,,
ESTAT:DEMO_PJAN(1.0),30/05/26 11:00:00,Annual,Number,15 years,Total,Belgium,2005,126406,,
ESTAT:DEMO_PJAN(1.0),30/05/26 11:00:00,Annual,Number,15 years,Total,Belgium,2006,129724,,
ESTAT:DEMO_PJAN(1.0),30/05/26 11:00:00,Annual,Number,15 years,Total,Belgium,2007,131590,,
ESTAT:DEMO_PJAN(1.0),30/05/26 11:00:00,Annual,Number,15 years,Total,Belgium,2008,130435,,
ESTAT:DEMO_PJAN(1.0),30/05/26 11:00:00,Annual,Number,15 years,Total,Belgium,2009,126441,,
ESTAT:DEMO_PJAN(1.0),30/05/26 11:00:00,Annual,Number,15 years,Total,Belgium,2010,122641,,
ESTAT:DEMO_PJAN(1.0),30/05/26 11:00:00,Annual,Number,15 years,Total,Belgium,2011,123072,,
ESTAT:DEMO_PJAN(1.0),30/05/26 11:00:00,Annual,Number,15 years,Total,Belgium,2012,124854,,
ESTAT:DEMO_PJAN(1.0),30/05/26 11:00:00,Annual,Number,15 years,Total,Belgium,2013,125104,,
ESTAT:DEMO_PJAN(1.0),30/05/26 11:00:00,Annual,Number,15 years,Total,Belgium,2014,123570,,
ESTAT:DEMO_PJAN(1.0),30/05/26 11:00:00,Annual,Number,15 years,Total,Belgium,2015,123316,,
ESTAT:DEMO_PJAN(1.0),30/05/26 11:00:00,Annual,Number,15 years,Total,Belgium,2016,126107,,
ESTAT:DEMO_PJAN(1.0),30/05/26 11:00:00,Annual,Number,15 years,Total,Belgium,2017,124283,,
ESTAT:DEMO_PJAN(1.0),30/05/26 11:00:00,Annual,Number,15 years,Total,Belgium,2018,122693,,
ESTAT:DEMO_PJAN(1.0),30/05/26 11:00:00,Annual,Number,15 years,Total,Belgium,2019,124249,,
ESTAT:DEMO_PJAN(1.0),30/05/26 11:00:00,Annual,Number,15 years,Total,Belgium,2020,128150,,
ESTAT:DEMO_PJAN(1.0),30/05/26 11:00:00,Annual,Number,15 years,Total,Belgium,2021,130380,,
ESTAT:DEMO_PJAN(1.0),30/05/26 11:00:00,Annual,Number,15 years,Total,Belgium,2022,134401,,
ESTAT:DEMO_PJAN(1.0),30/05/26 11:00:00,Annual,Number,15 years,Total,Belgium,2023,137163,,
ESTAT:DEMO_PJAN(1.0),30/05/26 11:00:00,Annual,Number,15 years,Total,Belgium,2024,140890,,
ESTAT:DEMO_PJAN(1.0),30/05/26 11:00:00,Annual,Number,15 years,Total,Belgium,2025,141402,,
ESTAT:DEMO_PJAN(1.0),30/05/26 11:00:00,Annual,Number,16 years,Females,Belgium,2005,61294,,
ESTAT:DEMO_PJAN(1.0),30/05/26 11:00:00,Annual,Number,16 years,Females,Belgium,2006,62149,,
ESTAT:DEMO_PJAN(1.0),30/05/26 11:00:00,Annual,Number,16 years,Females,Belgium,2007,63721,,
ESTAT:DEMO_PJAN(1.0),30/05/26 11:00:00,Annual,Number,16 years,Females,Belgium,2008,64621,,
ESTAT:DEMO_PJAN(1.0),30/05/26 11:00:00,Annual,Number,16 years,Females,Belgium,2009,64179,,
ESTAT:DEMO_PJAN(1.0),30/05/26 11:00:00,Annual,Number,16 years,Females,Belgium,2010,62381,,
ESTAT:DEMO_PJAN(1.0),30/05/26 11:00:00,Annual,Number,16 years,Females,Belgium,2011,60393,,
ESTAT:DEMO_PJAN(1.0),30/05/26 11:00:00,Annual,Number,16 years,Females,Belgium,2012,60560,,
ESTAT:DEMO_PJAN(1.0),30/05/26 11:00:00,Annual,Number,16 years,Females,Belgium,2013,61504,,
ESTAT:DEMO_PJAN(1.0),30/05/26 11:00:00,Annual,Number,16 years,Females,Belgium,2014,61551,,
ESTAT:DEMO_PJAN(1.0),30/05/26 11:00:00,Annual,Number,16 years,Females,Belgium,2015,60653,,
ESTAT:DEMO_PJAN(1.0),30/05/26 11:00:00,Annual,Number,16 years,Females,Belgium,2016,60805,,
ESTAT:DEMO_PJAN(1.0),30/05/26 11:00:00,Annual,Number,16 years,Females,Belgium,2017,61633,,
ESTAT:DEMO_PJAN(1.0),30/05/26 11:00:00,Annual,Number,16 years,Females,Belgium,2018,61008,,
ESTAT:DEMO_PJAN(1.0),30/05/26 11:00:00,Annual,Number,16 years,Females,Belgium,2019,60184,,
ESTAT:DEMO_PJAN(1.0),30/05/26 11:00:00,Annual,Number,16 years,Females,Belgium,2020,61160,,
ESTAT:DEMO_PJAN(1.0),30/05/26 11:00:00,Annual,Number,16 years,Females,Belgium,2021,62544,,
ESTAT:DEMO_PJAN(1.0),30/05/26 11:00:00,Annual,Number,16 years,Females,Belgium,2022,63704,,
ESTAT:DEMO_PJAN(1.0),30/05/26 11:00:00,Annual,Number,16 years,Females,Belgium,2023,66509,,
ESTAT:DEMO_PJAN(1.0),30/05/26 11:00:00,Annual,Number,16 years,Females,Belgium,2024,67346,,
ESTAT:DEMO_PJAN(1.0),30/05/26 11:00:00,Annual,Number,16 years,Females,Belgium,2025,68952,,
ESTAT:DEMO_PJAN(1.0),30/05/26 11:00:00,Annual,Number,16 years,Males,Belgium,2005,64201,,
ESTAT:DEMO_PJAN(1.0),30/05/26 11:00:00,Annual,Number,16 years,Males,Belgium,2006,65038,,
ESTAT:DEMO_PJAN(1.0),30/05/26 11:00:00,Annual,Number,16 years,Males,Belgium,2007,66685,,
ESTAT:DEMO_PJAN(1.0),30/05/26 11:00:00,Annual,Number,16 years,Males,Belgium,2008,67731,,
ESTAT:DEMO_PJAN(1.0),30/05/26 11:00:00,Annual,Number,16 years,Males,Belgium,2009,66897,,
ESTAT:DEMO_PJAN(1.0),30/05/26 11:00:00,Annual,Number,16 years,Males,Belgium,2010,64858,,
ESTAT:DEMO_PJAN(1.0),30/05/26 11:00:00,Annual,Number,16 years,Males,Belgium,2011,64040,,
ESTAT:DEMO_PJAN(1.0),30/05/26 11:00:00,Annual,Number,16 years,Males,Belgium,2012,63700,,
ESTAT:DEMO_PJAN(1.0),30/05/26 11:00:00,Annual,Number,16 years,Males,Belgium,2013,64151,,
ESTAT:DEMO_PJAN(1.0),30/05/26 11:00:00,Annual,Number,16 years,Males,Belgium,2014,64145,,
ESTAT:DEMO_PJAN(1.0),30/05/26 11:00:00,Annual,Number,16 years,Males,Belgium,2015,63478,,
ESTAT:DEMO_PJAN(1.0),30/05/26 11:00:00,Annual,Number,16 years,Males,Belgium,2016,64347,,
ESTAT:DEMO_PJAN(1.0),30/05/26 11:00:00,Annual,Number,16 years,Males,Belgium,2017,65267,,
ESTAT:DEMO_PJAN(1.0),30/05/26 11:00:00,Annual,Number,16 years,Males,Belgium,2018,63940,,
ESTAT:DEMO_PJAN(1.0),30/05/26 11:00:00,Annual,Number,16 years,Males,Belgium,2019,63533,,
ESTAT:DEMO_PJAN(1.0),30/05/26 11:00:00,Annual,Number,16 years,Males,Belgium,2020,64253,,
ESTAT:DEMO_PJAN(1.0),30/05/26 11:00:00,Annual,Number,16 years,Males,Belgium,2021,66638,,
ESTAT:DEMO_PJAN(1.0),30/05/26 11:00:00,Annual,Number,16 years,Males,Belgium,2022,67957,,
ESTAT:DEMO_PJAN(1.0),30/05/26 11:00:00,Annual,Number,16 years,Males,Belgium,2023,70242,,
ESTAT:DEMO_PJAN(1.0),30/05/26 11:00:00,Annual,Number,16 years,Males,Belgium,2024,71169,,
ESTAT:DEMO_PJAN(1.0),30/05/26 11:00:00,Annual,Number,16 years,Males,Belgium,2025,73424,,
ESTAT:DEMO_PJAN(1.0),30/05/26 11:00:00,Annual,Number,16 years,Total,Belgium,2005,125495,,
ESTAT:DEMO_PJAN(1.0),30/05/26 11:00:00,Annual,Number,16 years,Total,Belgium,2006,127187,,
ESTAT:DEMO_PJAN(1.0),30/05/26 11:00:00,Annual,Number,16 years,Total,Belgium,2007,130406,,
ESTAT:DEMO_PJAN(1.0),30/05/26 11:00:00,Annual,Number,16 years,Total,Belgium,2008,132352,,
ESTAT:DEMO_PJAN(1.0),30/05/26 11:00:00,Annual,Number,16 years,Total,Belgium,2009,131076,,
ESTAT:DEMO_PJAN(1.0),30/05/26 11:00:00,Annual,Number,16 years,Total,Belgium,2010,127239,,
ESTAT:DEMO_PJAN(1.0),30/05/26 11:00:00,Annual,Number,16 years,Total,Belgium,2011,124433,,
ESTAT:DEMO_PJAN(1.0),30/05/26 11:00:00,Annual,Number,16 years,Total,Belgium,2012,124260,,
ESTAT:DEMO_PJAN(1.0),30/05/26 11:00:00,Annual,Number,16 years,Total,Belgium,2013,125655,,
ESTAT:DEMO_PJAN(1.0),30/05/26 11:00:00,Annual,Number,16 years,Total,Belgium,2014,125696,,
ESTAT:DEMO_PJAN(1.0),30/05/26 11:00:00,Annual,Number,16 years,Total,Belgium,2015,124131,,
ESTAT:DEMO_PJAN(1.0),30/05/26 11:00:00,Annual,Number,16 years,Total,Belgium,2016,125152,,
ESTAT:DEMO_PJAN(1.0),30/05/26 11:00:00,Annual,Number,16 years,Total,Belgium,2017,126900,,
ESTAT:DEMO_PJAN(1.0),30/05/26 11:00:00,Annual,Number,16 years,Total,Belgium,2018,124948,,
ESTAT:DEMO_PJAN(1.0),30/05/26 11:00:00,Annual,Number,16 years,Total,Belgium,2019,123717,,
ESTAT:DEMO_PJAN(1.0),30/05/26 11:00:00,Annual,Number,16 years,Total,Belgium,2020,125413,,
ESTAT:DEMO_PJAN(1.0),30/05/26 11:00:00,Annual,Number,16 years,Total,Belgium,2021,129182,,
ESTAT:DEMO_PJAN(1.0),30/05/26 11:00:00,Annual,Number,16 years,Total,Belgium,2022,131661,,
ESTAT:DEMO_PJAN(1.0),30/05/26 11:00:00,Annual,Number,16 years,Total,Belgium,2023,136751,,
ESTAT:DEMO_PJAN(1.0),30/05/26 11:00:00,Annual,Number,16 years,Total,Belgium,2024,138515,,
ESTAT:DEMO_PJAN(1.0),30/05/26 11:00:00,Annual,Number,16 years,Total,Belgium,2025,142376,,
ESTAT:DEMO_PJAN(1.0),30/05/26 11:00:00,Annual,Number,17 years,Females,Belgium,2005,60177,,
ESTAT:DEMO_PJAN(1.0),30/05/26 11:00:00,Annual,Number,17 years,Females,Belgium,2006,61789,,
ESTAT:DEMO_PJAN(1.0),30/05/26 11:00:00,Annual,Number,17 years,Females,Belgium,2007,62657,,
ESTAT:DEMO_PJAN(1.0),30/05/26 11:00:00,Annual,Number,17 years,Females,Belgium,2008,64218,,
ESTAT:DEMO_PJAN(1.0),30/05/26 11:00:00,Annual,Number,17 years,Females,Belgium,2009,65076,,
ESTAT:DEMO_PJAN(1.0),30/05/26 11:00:00,Annual,Number,17 years,Females,Belgium,2010,64696,,
ESTAT:DEMO_PJAN(1.0),30/05/26 11:00:00,Annual,Number,17 years,Females,Belgium,2011,63321,,
ESTAT:DEMO_PJAN(1.0),30/05/26 11:00:00,Annual,Number,17 years,Females,Belgium,2012,60950,,
ESTAT:DEMO_PJAN(1.0),30/05/26 11:00:00,Annual,Number,17 years,Females,Belgium,2013,61057,,
ESTAT:DEMO_PJAN(1.0),30/05/26 11:00:00,Annual,Number,17 years,Females,Belgium,2014,61846,,
ESTAT:DEMO_PJAN(1.0),30/05/26 11:00:00,Annual,Number,17 years,Females,Belgium,2015,61809,,
ESTAT:DEMO_PJAN(1.0),30/05/26 11:00:00,Annual,Number,17 years,Females,Belgium,2016,61100,,
ESTAT:DEMO_PJAN(1.0),30/05/26 11:00:00,Annual,Number,17 years,Females,Belgium,2017,61143,,
ESTAT:DEMO_PJAN(1.0),30/05/26 11:00:00,Annual,Number,17 years,Females,Belgium,2018,61977,,
ESTAT:DEMO_PJAN(1.0),30/05/26 11:00:00,Annual,Number,17 years,Females,Belgium,2019,61436,,
ESTAT:DEMO_PJAN(1.0),30/05/26 11:00:00,Annual,Number,17 years,Females,Belgium,2020,60522,,
ESTAT:DEMO_PJAN(1.0),30/05/26 11:00:00,Annual,Number,17 years,Females,Belgium,2021,61454,,
ESTAT:DEMO_PJAN(1.0),30/05/26 11:00:00,Annual,Number,17 years,Females,Belgium,2022,62929,,
ESTAT:DEMO_PJAN(1.0),30/05/26 11:00:00,Annual,Number,17 years,Females,Belgium,2023,64607,,
ESTAT:DEMO_PJAN(1.0),30/05/26 11:00:00,Annual,Number,17 years,Females,Belgium,2024,67035,,
ESTAT:DEMO_PJAN(1.0),30/05/26 11:00:00,Annual,Number,17 years,Females,Belgium,2025,67902,,
ESTAT:DEMO_PJAN(1.0),30/05/26 11:00:00,Annual,Number,17 years,Males,Belgium,2005,62997,,
ESTAT:DEMO_PJAN(1.0),30/05/26 11:00:00,Annual,Number,17 years,Males,Belgium,2006,64644,,
ESTAT:DEMO_PJAN(1.0),30/05/26 11:00:00,Annual,Number,17 years,Males,Belgium,2007,65404,,
ESTAT:DEMO_PJAN(1.0),30/05/26 11:00:00,Annual,Number,17 years,Males,Belgium,2008,67047,,
ESTAT:DEMO_PJAN(1.0),30/05/26 11:00:00,Annual,Number,17 years,Males,Belgium,2009,68144,,
ESTAT:DEMO_PJAN(1.0),30/05/26 11:00:00,Annual,Number,17 years,Males,Belgium,2010,67346,,
ESTAT:DEMO_PJAN(1.0),30/05/26 11:00:00,Annual,Number,17 years,Males,Belgium,2011,66171,,
ESTAT:DEMO_PJAN(1.0),30/05/26 11:00:00,Annual,Number,17 years,Males,Belgium,2012,64925,,
ESTAT:DEMO_PJAN(1.0),30/05/26 11:00:00,Annual,Number,17 years,Males,Belgium,2013,64194,,
ESTAT:DEMO_PJAN(1.0),30/05/26 11:00:00,Annual,Number,17 years,Males,Belgium,2014,64382,,
ESTAT:DEMO_PJAN(1.0),30/05/26 11:00:00,Annual,Number,17 years,Males,Belgium,2015,64515,,
ESTAT:DEMO_PJAN(1.0),30/05/26 11:00:00,Annual,Number,17 years,Males,Belgium,2016,64577,,
ESTAT:DEMO_PJAN(1.0),30/05/26 11:00:00,Annual,Number,17 years,Males,Belgium,2017,64562,,
ESTAT:DEMO_PJAN(1.0),30/05/26 11:00:00,Annual,Number,17 years,Males,Belgium,2018,65654,,
ESTAT:DEMO_PJAN(1.0),30/05/26 11:00:00,Annual,Number,17 years,Males,Belgium,2019,64534,,
ESTAT:DEMO_PJAN(1.0),30/05/26 11:00:00,Annual,Number,17 years,Males,Belgium,2020,64045,,
ESTAT:DEMO_PJAN(1.0),30/05/26 11:00:00,Annual,Number,17 years,Males,Belgium,2021,64759,,
ESTAT:DEMO_PJAN(1.0),30/05/26 11:00:00,Annual,Number,17 years,Males,Belgium,2022,67335,,
ESTAT:DEMO_PJAN(1.0),30/05/26 11:00:00,Annual,Number,17 years,Males,Belgium,2023,69491,,
ESTAT:DEMO_PJAN(1.0),30/05/26 11:00:00,Annual,Number,17 years,Males,Belgium,2024,71176,,
ESTAT:DEMO_PJAN(1.0),30/05/26 11:00:00,Annual,Number,17 years,Males,Belgium,2025,72138,,
ESTAT:DEMO_PJAN(1.0),30/05/26 11:00:00,Annual,Number,17 years,Total,Belgium,2005,123174,,
ESTAT:DEMO_PJAN(1.0),30/05/26 11:00:00,Annual,Number,17 years,Total,Belgium,2006,126433,,
ESTAT:DEMO_PJAN(1.0),30/05/26 11:00:00,Annual,Number,17 years,Total,Belgium,2007,128061,,
ESTAT:DEMO_PJAN(1.0),30/05/26 11:00:00,Annual,Number,17 years,Total,Belgium,2008,131265,,
ESTAT:DEMO_PJAN(1.0),30/05/26 11:00:00,Annual,Number,17 years,Total,Belgium,2009,133220,,
ESTAT:DEMO_PJAN(1.0),30/05/26 11:00:00,Annual,Number,17 years,Total,Belgium,2010,132042,,
ESTAT:DEMO_PJAN(1.0),30/05/26 11:00:00,Annual,Number,17 years,Total,Belgium,2011,129492,,
ESTAT:DEMO_PJAN(1.0),30/05/26 11:00:00,Annual,Number,17 years,Total,Belgium,2012,125875,,
ESTAT:DEMO_PJAN(1.0),30/05/26 11:00:00,Annual,Number,17 years,Total,Belgium,2013,125251,,
ESTAT:DEMO_PJAN(1.0),30/05/26 11:00:00,Annual,Number,17 years,Total,Belgium,2014,126228,,
ESTAT:DEMO_PJAN(1.0),30/05/26 11:00:00,Annual,Number,17 years,Total,Belgium,2015,126324,,
ESTAT:DEMO_PJAN(1.0),30/05/26 11:00:00,Annual,Number,17 years,Total,Belgium,2016,125677,,
ESTAT:DEMO_PJAN(1.0),30/05/26 11:00:00,Annual,Number,17 years,Total,Belgium,2017,125705,,
ESTAT:DEMO_PJAN(1.0),30/05/26 11:00:00,Annual,Number,17 years,Total,Belgium,2018,127631,,
ESTAT:DEMO_PJAN(1.0),30/05/26 11:00:00,Annual,Number,17 years,Total,Belgium,2019,125970,,
ESTAT:DEMO_PJAN(1.0),30/05/26 11:00:00,Annual,Number,17 years,Total,Belgium,2020,124567,,
ESTAT:DEMO_PJAN(1.0),30/05/26 11:00:00,Annual,Number,17 years,Total,Belgium,2021,126213,,
ESTAT:DEMO_PJAN(1.0),30/05/26 11:00:00,Annual,Number,17 years,Total,Belgium,2022,130264,,
ESTAT:DEMO_PJAN(1.0),30/05/26 11:00:00,Annual,Number,17 years,Total,Belgium,2023,134098,,
ESTAT:DEMO_PJAN(1.0),30/05/26 11:00:00,Annual,Number,17 years,Total,Belgium,2024,138211,,
ESTAT:DEMO_PJAN(1.0),30/05/26 11:00:00,Annual,Number,17 years,Total,Belgium,2025,140040,,
ESTAT:DEMO_PJAN(1.0),30/05/26 11:00:00,Annual,Number,18 years,Females,Belgium,2005,60283,,
ESTAT:DEMO_PJAN(1.0),30/05/26 11:00:00,Annual,Number,18 years,Females,Belgium,2006,60973,,
ESTAT:DEMO_PJAN(1.0),30/05/26 11:00:00,Annual,Number,18 years,Females,Belgium,2007,62549,,
ESTAT:DEMO_PJAN(1.0),30/05/26 11:00:00,Annual,Number,18 years,Females,Belgium,2008,63414,,
ESTAT:DEMO_PJAN(1.0),30/05/26 11:00:00,Annual,Number,18 years,Females,Belgium,2009,64948,,
ESTAT:DEMO_PJAN(1.0),30/05/26 11:00:00,Annual,Number,18 years,Females,Belgium,2010,65855,,
ESTAT:DEMO_PJAN(1.0),30/05/26 11:00:00,Annual,Number,18 years,Females,Belgium,2011,65981,,
ESTAT:DEMO_PJAN(1.0),30/05/26 11:00:00,Annual,Number,18 years,Females,Belgium,2012,64133,,
ESTAT:DEMO_PJAN(1.0),30/05/26 11:00:00,Annual,Number,18 years,Females,Belgium,2013,61640,,
ESTAT:DEMO_PJAN(1.0),30/05/26 11:00:00,Annual,Number,18 years,Females,Belgium,2014,61666,,
ESTAT:DEMO_PJAN(1.0),30/05/26 11:00:00,Annual,Number,18 years,Females,Belgium,2015,62396,,
ESTAT:DEMO_PJAN(1.0),30/05/26 11:00:00,Annual,Number,18 years,Females,Belgium,2016,62632,,
ESTAT:DEMO_PJAN(1.0),30/05/26 11:00:00,Annual,Number,18 years,Females,Belgium,2017,61684,,
ESTAT:DEMO_PJAN(1.0),30/05/26 11:00:00,Annual,Number,18 years,Females,Belgium,2018,61806,,
ESTAT:DEMO_PJAN(1.0),30/05/26 11:00:00,Annual,Number,18 years,Females,Belgium,2019,62760,,
ESTAT:DEMO_PJAN(1.0),30/05/26 11:00:00,Annual,Number,18 years,Females,Belgium,2020,62125,,
ESTAT:DEMO_PJAN(1.0),30/05/26 11:00:00,Annual,Number,18 years,Females,Belgium,2021,61187,,
ESTAT:DEMO_PJAN(1.0),30/05/26 11:00:00,Annual,Number,18 years,Females,Belgium,2022,62318,,
ESTAT:DEMO_PJAN(1.0),30/05/26 11:00:00,Annual,Number,18 years,Females,Belgium,2023,64369,,
ESTAT:DEMO_PJAN(1.0),30/05/26 11:00:00,Annual,Number,18 years,Females,Belgium,2024,65665,,
ESTAT:DEMO_PJAN(1.0),30/05/26 11:00:00,Annual,Number,18 years,Females,Belgium,2025,68337,,
ESTAT:DEMO_PJAN(1.0),30/05/26 11:00:00,Annual,Number,18 years,Males,Belgium,2005,63232,,
ESTAT:DEMO_PJAN(1.0),30/05/26 11:00:00,Annual,Number,18 years,Males,Belgium,2006,63404,,
ESTAT:DEMO_PJAN(1.0),30/05/26 11:00:00,Annual,Number,18 years,Males,Belgium,2007,65045,,
ESTAT:DEMO_PJAN(1.0),30/05/26 11:00:00,Annual,Number,18 years,Males,Belgium,2008,65940,,
ESTAT:DEMO_PJAN(1.0),30/05/26 11:00:00,Annual,Number,18 years,Males,Belgium,2009,67584,,
ESTAT:DEMO_PJAN(1.0),30/05/26 11:00:00,Annual,Number,18 years,Males,Belgium,2010,68760,,
ESTAT:DEMO_PJAN(1.0),30/05/26 11:00:00,Annual,Number,18 years,Males,Belgium,2011,68700,,
ESTAT:DEMO_PJAN(1.0),30/05/26 11:00:00,Annual,Number,18 years,Males,Belgium,2012,66806,,
ESTAT:DEMO_PJAN(1.0),30/05/26 11:00:00,Annual,Number,18 years,Males,Belgium,2013,65440,,
ESTAT:DEMO_PJAN(1.0),30/05/26 11:00:00,Annual,Number,18 years,Males,Belgium,2014,64491,,
ESTAT:DEMO_PJAN(1.0),30/05/26 11:00:00,Annual,Number,18 years,Males,Belgium,2015,64938,,
ESTAT:DEMO_PJAN(1.0),30/05/26 11:00:00,Annual,Number,18 years,Males,Belgium,2016,65740,,
ESTAT:DEMO_PJAN(1.0),30/05/26 11:00:00,Annual,Number,18 years,Males,Belgium,2017,64959,,
ESTAT:DEMO_PJAN(1.0),30/05/26 11:00:00,Annual,Number,18 years,Males,Belgium,2018,65141,,
ESTAT:DEMO_PJAN(1.0),30/05/26 11:00:00,Annual,Number,18 years,Males,Belgium,2019,66381,,
ESTAT:DEMO_PJAN(1.0),30/05/26 11:00:00,Annual,Number,18 years,Males,Belgium,2020,65319,,
ESTAT:DEMO_PJAN(1.0),30/05/26 11:00:00,Annual,Number,18 years,Males,Belgium,2021,64744,,
ESTAT:DEMO_PJAN(1.0),30/05/26 11:00:00,Annual,Number,18 years,Males,Belgium,2022,65808,,
ESTAT:DEMO_PJAN(1.0),30/05/26 11:00:00,Annual,Number,18 years,Males,Belgium,2023,69202,,
ESTAT:DEMO_PJAN(1.0),30/05/26 11:00:00,Annual,Number,18 years,Males,Belgium,2024,70789,,
ESTAT:DEMO_PJAN(1.0),30/05/26 11:00:00,Annual,Number,18 years,Males,Belgium,2025,72653,,
ESTAT:DEMO_PJAN(1.0),30/05/26 11:00:00,Annual,Number,18 years,Total,Belgium,2005,123515,,
ESTAT:DEMO_PJAN(1.0),30/05/26 11:00:00,Annual,Number,18 years,Total,Belgium,2006,124377,,
ESTAT:DEMO_PJAN(1.0),30/05/26 11:00:00,Annual,Number,18 years,Total,Belgium,2007,127594,,
ESTAT:DEMO_PJAN(1.0),30/05/26 11:00:00,Annual,Number,18 years,Total,Belgium,2008,129354,,
ESTAT:DEMO_PJAN(1.0),30/05/26 11:00:00,Annual,Number,18 years,Total,Belgium,2009,132532,,
ESTAT:DEMO_PJAN(1.0),30/05/26 11:00:00,Annual,Number,18 years,Total,Belgium,2010,134615,,
ESTAT:DEMO_PJAN(1.0),30/05/26 11:00:00,Annual,Number,18 years,Total,Belgium,2011,134681,,
ESTAT:DEMO_PJAN(1.0),30/05/26 11:00:00,Annual,Number,18 years,Total,Belgium,2012,130939,,
ESTAT:DEMO_PJAN(1.0),30/05/26 11:00:00,Annual,Number,18 years,Total,Belgium,2013,127080,,
ESTAT:DEMO_PJAN(1.0),30/05/26 11:00:00,Annual,Number,18 years,Total,Belgium,2014,126157,,
ESTAT:DEMO_PJAN(1.0),30/05/26 11:00:00,Annual,Number,18 years,Total,Belgium,2015,127334,,
ESTAT:DEMO_PJAN(1.0),30/05/26 11:00:00,Annual,Number,18 years,Total,Belgium,2016,128372,,
ESTAT:DEMO_PJAN(1.0),30/05/26 11:00:00,Annual,Number,18 years,Total,Belgium,2017,126643,,
ESTAT:DEMO_PJAN(1.0),30/05/26 11:00:00,Annual,Number,18 years,Total,Belgium,2018,126947,,
ESTAT:DEMO_PJAN(1.0),30/05/26 11:00:00,Annual,Number,18 years,Total,Belgium,2019,129141,,
ESTAT:DEMO_PJAN(1.0),30/05/26 11:00:00,Annual,Number,18 years,Total,Belgium,2020,127444,,
ESTAT:DEMO_PJAN(1.0),30/05/26 11:00:00,Annual,Number,18 years,Total,Belgium,2021,125931,,
ESTAT:DEMO_PJAN(1.0),30/05/26 11:00:00,Annual,Number,18 years,Total,Belgium,2022,128126,,
ESTAT:DEMO_PJAN(1.0),30/05/26 11:00:00,Annual,Number,18 years,Total,Belgium,2023,133571,,
ESTAT:DEMO_PJAN(1.0),30/05/26 11:00:00,Annual,Number,18 years,Total,Belgium,2024,136454,,
ESTAT:DEMO_PJAN(1.0),30/05/26 11:00:00,Annual,Number,18 years,Total,Belgium,2025,140990,,
ESTAT:DEMO_PJAN(1.0),30/05/26 11:00:00,Annual,Number,19 years,Females,Belgium,2005,59467,,
ESTAT:DEMO_PJAN(1.0),30/05/26 11:00:00,Annual,Number,19 years,Females,Belgium,2006,61229,,
ESTAT:DEMO_PJAN(1.0),30/05/26 11:00:00,Annual,Number,19 years,Females,Belgium,2007,61882,,
ESTAT:DEMO_PJAN(1.0),30/05/26 11:00:00,Annual,Number,19 years,Females,Belgium,2008,63350,,
ESTAT:DEMO_PJAN(1.0),30/05/26 11:00:00,Annual,Number,19 years,Females,Belgium,2009,64318,,
ESTAT:DEMO_PJAN(1.0),30/05/26 11:00:00,Annual,Number,19 years,Females,Belgium,2010,65888,,
ESTAT:DEMO_PJAN(1.0),30/05/26 11:00:00,Annual,Number,19 years,Females,Belgium,2011,67374,,
ESTAT:DEMO_PJAN(1.0),30/05/26 11:00:00,Annual,Number,19 years,Females,Belgium,2012,66940,,
ESTAT:DEMO_PJAN(1.0),30/05/26 11:00:00,Annual,Number,19 years,Females,Belgium,2013,64872,,
ESTAT:DEMO_PJAN(1.0),30/05/26 11:00:00,Annual,Number,19 years,Females,Belgium,2014,62274,,
ESTAT:DEMO_PJAN(1.0),30/05/26 11:00:00,Annual,Number,19 years,Females,Belgium,2015,62262,,
ESTAT:DEMO_PJAN(1.0),30/05/26 11:00:00,Annual,Number,19 years,Females,Belgium,2016,63295,,
ESTAT:DEMO_PJAN(1.0),30/05/26 11:00:00,Annual,Number,19 years,Females,Belgium,2017,63216,,
ESTAT:DEMO_PJAN(1.0),30/05/26 11:00:00,Annual,Number,19 years,Females,Belgium,2018,62384,,
ESTAT:DEMO_PJAN(1.0),30/05/26 11:00:00,Annual,Number,19 years,Females,Belgium,2019,62590,,
ESTAT:DEMO_PJAN(1.0),30/05/26 11:00:00,Annual,Number,19 years,Females,Belgium,2020,63558,,
ESTAT:DEMO_PJAN(1.0),30/05/26 11:00:00,Annual,Number,19 years,Females,Belgium,2021,62816,,
ESTAT:DEMO_PJAN(1.0),30/05/26 11:00:00,Annual,Number,19 years,Females,Belgium,2022,62210,,
ESTAT:DEMO_PJAN(1.0),30/05/26 11:00:00,Annual,Number,19 years,Females,Belgium,2023,63934,,
ESTAT:DEMO_PJAN(1.0),30/05/26 11:00:00,Annual,Number,19 years,Females,Belgium,2024,65743,,
ESTAT:DEMO_PJAN(1.0),30/05/26 11:00:00,Annual,Number,19 years,Females,Belgium,2025,67100,,
ESTAT:DEMO_PJAN(1.0),30/05/26 11:00:00,Annual,Number,19 years,Males,Belgium,2005,61126,,
ESTAT:DEMO_PJAN(1.0),30/05/26 11:00:00,Annual,Number,19 years,Males,Belgium,2006,63654,,
ESTAT:DEMO_PJAN(1.0),30/05/26 11:00:00,Annual,Number,19 years,Males,Belgium,2007,63867,,
ESTAT:DEMO_PJAN(1.0),30/05/26 11:00:00,Annual,Number,19 years,Males,Belgium,2008,65559,,
ESTAT:DEMO_PJAN(1.0),30/05/26 11:00:00,Annual,Number,19 years,Males,Belgium,2009,66459,,
ESTAT:DEMO_PJAN(1.0),30/05/26 11:00:00,Annual,Number,19 years,Males,Belgium,2010,68207,,
ESTAT:DEMO_PJAN(1.0),30/05/26 11:00:00,Annual,Number,19 years,Males,Belgium,2011,69966,,
ESTAT:DEMO_PJAN(1.0),30/05/26 11:00:00,Annual,Number,19 years,Males,Belgium,2012,69446,,
ESTAT:DEMO_PJAN(1.0),30/05/26 11:00:00,Annual,Number,19 years,Males,Belgium,2013,67318,,
ESTAT:DEMO_PJAN(1.0),30/05/26 11:00:00,Annual,Number,19 years,Males,Belgium,2014,65701,,
ESTAT:DEMO_PJAN(1.0),30/05/26 11:00:00,Annual,Number,19 years,Males,Belgium,2015,65021,,
ESTAT:DEMO_PJAN(1.0),30/05/26 11:00:00,Annual,Number,19 years,Males,Belgium,2016,66234,,
ESTAT:DEMO_PJAN(1.0),30/05/26 11:00:00,Annual,Number,19 years,Males,Belgium,2017,66241,,
ESTAT:DEMO_PJAN(1.0),30/05/26 11:00:00,Annual,Number,19 years,Males,Belgium,2018,65550,,
ESTAT:DEMO_PJAN(1.0),30/05/26 11:00:00,Annual,Number,19 years,Males,Belgium,2019,65835,,
ESTAT:DEMO_PJAN(1.0),30/05/26 11:00:00,Annual,Number,19 years,Males,Belgium,2020,67310,,
ESTAT:DEMO_PJAN(1.0),30/05/26 11:00:00,Annual,Number,19 years,Males,Belgium,2021,66009,,
ESTAT:DEMO_PJAN(1.0),30/05/26 11:00:00,Annual,Number,19 years,Males,Belgium,2022,66258,,
ESTAT:DEMO_PJAN(1.0),30/05/26 11:00:00,Annual,Number,19 years,Males,Belgium,2023,68092,,
ESTAT:DEMO_PJAN(1.0),30/05/26 11:00:00,Annual,Number,19 years,Males,Belgium,2024,70900,,
ESTAT:DEMO_PJAN(1.0),30/05/26 11:00:00,Annual,Number,19 years,Males,Belgium,2025,72232,,
ESTAT:DEMO_PJAN(1.0),30/05/26 11:00:00,Annual,Number,19 years,Total,Belgium,2005,120593,,
ESTAT:DEMO_PJAN(1.0),30/05/26 11:00:00,Annual,Number,19 years,Total,Belgium,2006,124883,,
ESTAT:DEMO_PJAN(1.0),30/05/26 11:00:00,Annual,Number,19 years,Total,Belgium,2007,125749,,
ESTAT:DEMO_PJAN(1.0),30/05/26 11:00:00,Annual,Number,19 years,Total,Belgium,2008,128909,,
ESTAT:DEMO_PJAN(1.0),30/05/26 11:00:00,Annual,Number,19 years,Total,Belgium,2009,130777,,
ESTAT:DEMO_PJAN(1.0),30/05/26 11:00:00,Annual,Number,19 years,Total,Belgium,2010,134095,,
ESTAT:DEMO_PJAN(1.0),30/05/26 11:00:00,Annual,Number,19 years,Total,Belgium,2011,137340,,
ESTAT:DEMO_PJAN(1.0),30/05/26 11:00:00,Annual,Number,19 years,Total,Belgium,2012,136386,,
ESTAT:DEMO_PJAN(1.0),30/05/26 11:00:00,Annual,Number,19 years,Total,Belgium,2013,132190,,
ESTAT:DEMO_PJAN(1.0),30/05/26 11:00:00,Annual,Number,19 years,Total,Belgium,2014,127975,,
ESTAT:DEMO_PJAN(1.0),30/05/26 11:00:00,Annual,Number,19 years,Total,Belgium,2015,127283,,
ESTAT:DEMO_PJAN(1.0),30/05/26 11:00:00,Annual,Number,19 years,Total,Belgium,2016,129529,,
ESTAT:DEMO_PJAN(1.0),30/05/26 11:00:00,Annual,Number,19 years,Total,Belgium,2017,129457,,
ESTAT:DEMO_PJAN(1.0),30/05/26 11:00:00,Annual,Number,19 years,Total,Belgium,2018,127934,,
ESTAT:DEMO_PJAN(1.0),30/05/26 11:00:00,Annual,Number,19 years,Total,Belgium,2019,128425,,
ESTAT:DEMO_PJAN(1.0),30/05/26 11:00:00,Annual,Number,19 years,Total,Belgium,2020,130868,,
ESTAT:DEMO_PJAN(1.0),30/05/26 11:00:00,Annual,Number,19 years,Total,Belgium,2021,128825,,
ESTAT:DEMO_PJAN(1.0),30/05/26 11:00:00,Annual,Number,19 years,Total,Belgium,2022,128468,,
ESTAT:DEMO_PJAN(1.0),30/05/26 11:00:00,Annual,Number,19 years,Total,Belgium,2023,132026,,
ESTAT:DEMO_PJAN(1.0),30/05/26 11:00:00,Annual,Number,19 years,Total,Belgium,2024,136643,,
ESTAT:DEMO_PJAN(1.0),30/05/26 11:00:00,Annual,Number,19 years,Total,Belgium,2025,139332,,
ESTAT:DEMO_PJAN(1.0),30/05/26 11:00:00,Annual,Number,2 years,Females,Belgium,2005,55095,,
ESTAT:DEMO_PJAN(1.0),30/05/26 11:00:00,Annual,Number,2 years,Females,Belgium,2006,56161,,
ESTAT:DEMO_PJAN(1.0),30/05/26 11:00:00,Annual,Number,2 years,Females,Belgium,2007,57702,,
ESTAT:DEMO_PJAN(1.0),30/05/26 11:00:00,Annual,Number,2 years,Females,Belgium,2008,58899,,
ESTAT:DEMO_PJAN(1.0),30/05/26 11:00:00,Annual,Number,2 years,Females,Belgium,2009,60880,,
ESTAT:DEMO_PJAN(1.0),30/05/26 11:00:00,Annual,Number,2 years,Females,Belgium,2010,61537,,
ESTAT:DEMO_PJAN(1.0),30/05/26 11:00:00,Annual,Number,2 years,Females,Belgium,2011,63440,,
ESTAT:DEMO_PJAN(1.0),30/05/26 11:00:00,Annual,Number,2 years,Females,Belgium,2012,63685,,
ESTAT:DEMO_PJAN(1.0),30/05/26 11:00:00,Annual,Number,2 years,Females,Belgium,2013,64596,,
ESTAT:DEMO_PJAN(1.0),30/05/26 11:00:00,Annual,Number,2 years,Females,Belgium,2014,63615,,
ESTAT:DEMO_PJAN(1.0),30/05/26 11:00:00,Annual,Number,2 years,Females,Belgium,2015,63394,,
ESTAT:DEMO_PJAN(1.0),30/05/26 11:00:00,Annual,Number,2 years,Females,Belgium,2016,62103,,
ESTAT:DEMO_PJAN(1.0),30/05/26 11:00:00,Annual,Number,2 years,Females,Belgium,2017,61898,,
ESTAT:DEMO_PJAN(1.0),30/05/26 11:00:00,Annual,Number,2 years,Females,Belgium,2018,60651,,
ESTAT:DEMO_PJAN(1.0),30/05/26 11:00:00,Annual,Number,2 years,Females,Belgium,2019,60251,,
ESTAT:DEMO_PJAN(1.0),30/05/26 11:00:00,Annual,Number,2 years,Females,Belgium,2020,59475,,
ESTAT:DEMO_PJAN(1.0),30/05/26 11:00:00,Annual,Number,2 years,Females,Belgium,2021,58936,,
ESTAT:DEMO_PJAN(1.0),30/05/26 11:00:00,Annual,Number,2 years,Females,Belgium,2022,58617,,
ESTAT:DEMO_PJAN(1.0),30/05/26 11:00:00,Annual,Number,2 years,Females,Belgium,2023,57419,,
ESTAT:DEMO_PJAN(1.0),30/05/26 11:00:00,Annual,Number,2 years,Females,Belgium,2024,59437,,
ESTAT:DEMO_PJAN(1.0),30/05/26 11:00:00,Annual,Number,2 years,Females,Belgium,2025,57219,,
ESTAT:DEMO_PJAN(1.0),30/05/26 11:00:00,Annual,Number,2 years,Males,Belgium,2005,57854,,
ESTAT:DEMO_PJAN(1.0),30/05/26 11:00:00,Annual,Number,2 years,Males,Belgium,2006,58401,,
ESTAT:DEMO_PJAN(1.0),30/05/26 11:00:00,Annual,Number,2 years,Males,Belgium,2007,60724,,
ESTAT:DEMO_PJAN(1.0),30/05/26 11:00:00,Annual,Number,2 years,Males,Belgium,2008,61932,,
ESTAT:DEMO_PJAN(1.0),30/05/26 11:00:00,Annual,Number,2 years,Males,Belgium,2009,63409,,
ESTAT:DEMO_PJAN(1.0),30/05/26 11:00:00,Annual,Number,2 years,Males,Belgium,2010,64309,,
ESTAT:DEMO_PJAN(1.0),30/05/26 11:00:00,Annual,Number,2 years,Males,Belgium,2011,66873,,
ESTAT:DEMO_PJAN(1.0),30/05/26 11:00:00,Annual,Number,2 years,Males,Belgium,2012,66840,,
ESTAT:DEMO_PJAN(1.0),30/05/26 11:00:00,Annual,Number,2 years,Males,Belgium,2013,67515,,
ESTAT:DEMO_PJAN(1.0),30/05/26 11:00:00,Annual,Number,2 years,Males,Belgium,2014,66633,,
ESTAT:DEMO_PJAN(1.0),30/05/26 11:00:00,Annual,Number,2 years,Males,Belgium,2015,65969,,
ESTAT:DEMO_PJAN(1.0),30/05/26 11:00:00,Annual,Number,2 years,Males,Belgium,2016,65175,,
ESTAT:DEMO_PJAN(1.0),30/05/26 11:00:00,Annual,Number,2 years,Males,Belgium,2017,65222,,
ESTAT:DEMO_PJAN(1.0),30/05/26 11:00:00,Annual,Number,2 years,Males,Belgium,2018,63561,,
ESTAT:DEMO_PJAN(1.0),30/05/26 11:00:00,Annual,Number,2 years,Males,Belgium,2019,63303,,
ESTAT:DEMO_PJAN(1.0),30/05/26 11:00:00,Annual,Number,2 years,Males,Belgium,2020,62120,,
ESTAT:DEMO_PJAN(1.0),30/05/26 11:00:00,Annual,Number,2 years,Males,Belgium,2021,61335,,
ESTAT:DEMO_PJAN(1.0),30/05/26 11:00:00,Annual,Number,2 years,Males,Belgium,2022,60748,,
ESTAT:DEMO_PJAN(1.0),30/05/26 11:00:00,Annual,Number,2 years,Males,Belgium,2023,60055,,
ESTAT:DEMO_PJAN(1.0),30/05/26 11:00:00,Annual,Number,2 years,Males,Belgium,2024,62162,,
ESTAT:DEMO_PJAN(1.0),30/05/26 11:00:00,Annual,Number,2 years,Males,Belgium,2025,59856,,
ESTAT:DEMO_PJAN(1.0),30/05/26 11:00:00,Annual,Number,2 years,Total,Belgium,2005,112949,,
ESTAT:DEMO_PJAN(1.0),30/05/26 11:00:00,Annual,Number,2 years,Total,Belgium,2006,114562,,
ESTAT:DEMO_PJAN(1.0),30/05/26 11:00:00,Annual,Number,2 years,Total,Belgium,2007,118426,,
ESTAT:DEMO_PJAN(1.0),30/05/26 11:00:00,Annual,Number,2 years,Total,Belgium,2008,120831,,
ESTAT:DEMO_PJAN(1.0),30/05/26 11:00:00,Annual,Number,2 years,Total,Belgium,2009,124289,,
ESTAT:DEMO_PJAN(1.0),30/05/26 11:00:00,Annual,Number,2 years,Total,Belgium,2010,125846,,
ESTAT:DEMO_PJAN(1.0),30/05/26 11:00:00,Annual,Number,2 years,Total,Belgium,2011,130313,,
ESTAT:DEMO_PJAN(1.0),30/05/26 11:00:00,Annual,Number,2 years,Total,Belgium,2012,130525,,
ESTAT:DEMO_PJAN(1.0),30/05/26 11:00:00,Annual,Number,2 years,Total,Belgium,2013,132111,,
ESTAT:DEMO_PJAN(1.0),30/05/26 11:00:00,Annual,Number,2 years,Total,Belgium,2014,130248,,
ESTAT:DEMO_PJAN(1.0),30/05/26 11:00:00,Annual,Number,2 years,Total,Belgium,2015,129363,,
ESTAT:DEMO_PJAN(1.0),30/05/26 11:00:00,Annual,Number,2 years,Total,Belgium,2016,127278,,
ESTAT:DEMO_PJAN(1.0),30/05/26 11:00:00,Annual,Number,2 years,Total,Belgium,2017,127120,,
ESTAT:DEMO_PJAN(1.0),30/05/26 11:00:00,Annual,Number,2 years,Total,Belgium,2018,124212,,
ESTAT:DEMO_PJAN(1.0),30/05/26 11:00:00,Annual,Number,2 years,Total,Belgium,2019,123554,,
ESTAT:DEMO_PJAN(1.0),30/05/26 11:00:00,Annual,Number,2 years,Total,Belgium,2020,121595,,
ESTAT:DEMO_PJAN(1.0),30/05/26 11:00:00,Annual,Number,2 years,Total,Belgium,2021,120271,,
ESTAT:DEMO_PJAN(1.0),30/05/26 11:00:00,Annual,Number,2 years,Total,Belgium,2022,119365,,
ESTAT:DEMO_PJAN(1.0),30/05/26 11:00:00,Annual,Number,2 years,Total,Belgium,2023,117474,,
ESTAT:DEMO_PJAN(1.0),30/05/26 11:00:00,Annual,Number,2 years,Total,Belgium,2024,121599,,
ESTAT:DEMO_PJAN(1.0),30/05/26 11:00:00,Annual,Number,2 years,Total,Belgium,2025,117075,,
ESTAT:DEMO_PJAN(1.0),30/05/26 11:00:00,Annual,Number,20 years,Females,Belgium,2005,60800,,
ESTAT:DEMO_PJAN(1.0),30/05/26 11:00:00,Annual,Number,20 years,Females,Belgium,2006,60566,,
ESTAT:DEMO_PJAN(1.0),30/05/26 11:00:00,Annual,Number,20 years,Females,Belgium,2007,62325,,
ESTAT:DEMO_PJAN(1.0),30/05/26 11:00:00,Annual,Number,20 years,Females,Belgium,2008,62930,,
ESTAT:DEMO_PJAN(1.0),30/05/26 11:00:00,Annual,Number,20 years,Females,Belgium,2009,64619,,
ESTAT:DEMO_PJAN(1.0),30/05/26 11:00:00,Annual,Number,20 years,Females,Belgium,2010,65478,,
ESTAT:DEMO_PJAN(1.0),30/05/26 11:00:00,Annual,Number,20 years,Females,Belgium,2011,67767,,
ESTAT:DEMO_PJAN(1.0),30/05/26 11:00:00,Annual,Number,20 years,Females,Belgium,2012,68514,,
ESTAT:DEMO_PJAN(1.0),30/05/26 11:00:00,Annual,Number,20 years,Females,Belgium,2013,67895,,
ESTAT:DEMO_PJAN(1.0),30/05/26 11:00:00,Annual,Number,20 years,Females,Belgium,2014,65744,,
ESTAT:DEMO_PJAN(1.0),30/05/26 11:00:00,Annual,Number,20 years,Females,Belgium,2015,63066,,
ESTAT:DEMO_PJAN(1.0),30/05/26 11:00:00,Annual,Number,20 years,Females,Belgium,2016,63301,,
ESTAT:DEMO_PJAN(1.0),30/05/26 11:00:00,Annual,Number,20 years,Females,Belgium,2017,63978,,
ESTAT:DEMO_PJAN(1.0),30/05/26 11:00:00,Annual,Number,20 years,Females,Belgium,2018,63984,,
ESTAT:DEMO_PJAN(1.0),30/05/26 11:00:00,Annual,Number,20 years,Females,Belgium,2019,63284,,
ESTAT:DEMO_PJAN(1.0),30/05/26 11:00:00,Annual,Number,20 years,Females,Belgium,2020,63591,,
ESTAT:DEMO_PJAN(1.0),30/05/26 11:00:00,Annual,Number,20 years,Females,Belgium,2021,64310,,
ESTAT:DEMO_PJAN(1.0),30/05/26 11:00:00,Annual,Number,20 years,Females,Belgium,2022,63864,,
ESTAT:DEMO_PJAN(1.0),30/05/26 11:00:00,Annual,Number,20 years,Females,Belgium,2023,63798,,
ESTAT:DEMO_PJAN(1.0),30/05/26 11:00:00,Annual,Number,20 years,Females,Belgium,2024,65231,,
ESTAT:DEMO_PJAN(1.0),30/05/26 11:00:00,Annual,Number,20 years,Females,Belgium,2025,67142,,
ESTAT:DEMO_PJAN(1.0),30/05/26 11:00:00,Annual,Number,20 years,Males,Belgium,2005,61995,,
ESTAT:DEMO_PJAN(1.0),30/05/26 11:00:00,Annual,Number,20 years,Males,Belgium,2006,61635,,
ESTAT:DEMO_PJAN(1.0),30/05/26 11:00:00,Annual,Number,20 years,Males,Belgium,2007,64156,,
ESTAT:DEMO_PJAN(1.0),30/05/26 11:00:00,Annual,Number,20 years,Males,Belgium,2008,64446,,
ESTAT:DEMO_PJAN(1.0),30/05/26 11:00:00,Annual,Number,20 years,Males,Belgium,2009,66210,,
ESTAT:DEMO_PJAN(1.0),30/05/26 11:00:00,Annual,Number,20 years,Males,Belgium,2010,67128,,
ESTAT:DEMO_PJAN(1.0),30/05/26 11:00:00,Annual,Number,20 years,Males,Belgium,2011,69882,,
ESTAT:DEMO_PJAN(1.0),30/05/26 11:00:00,Annual,Number,20 years,Males,Belgium,2012,70840,,
ESTAT:DEMO_PJAN(1.0),30/05/26 11:00:00,Annual,Number,20 years,Males,Belgium,2013,70288,,
ESTAT:DEMO_PJAN(1.0),30/05/26 11:00:00,Annual,Number,20 years,Males,Belgium,2014,67902,,
ESTAT:DEMO_PJAN(1.0),30/05/26 11:00:00,Annual,Number,20 years,Males,Belgium,2015,66403,,
ESTAT:DEMO_PJAN(1.0),30/05/26 11:00:00,Annual,Number,20 years,Males,Belgium,2016,66815,,
ESTAT:DEMO_PJAN(1.0),30/05/26 11:00:00,Annual,Number,20 years,Males,Belgium,2017,67091,,
ESTAT:DEMO_PJAN(1.0),30/05/26 11:00:00,Annual,Number,20 years,Males,Belgium,2018,66904,,
ESTAT:DEMO_PJAN(1.0),30/05/26 11:00:00,Annual,Number,20 years,Males,Belgium,2019,66532,,
ESTAT:DEMO_PJAN(1.0),30/05/26 11:00:00,Annual,Number,20 years,Males,Belgium,2020,66897,,
ESTAT:DEMO_PJAN(1.0),30/05/26 11:00:00,Annual,Number,20 years,Males,Belgium,2021,68131,,
ESTAT:DEMO_PJAN(1.0),30/05/26 11:00:00,Annual,Number,20 years,Males,Belgium,2022,67245,,
ESTAT:DEMO_PJAN(1.0),30/05/26 11:00:00,Annual,Number,20 years,Males,Belgium,2023,67871,,
ESTAT:DEMO_PJAN(1.0),30/05/26 11:00:00,Annual,Number,20 years,Males,Belgium,2024,69404,,
ESTAT:DEMO_PJAN(1.0),30/05/26 11:00:00,Annual,Number,20 years,Males,Belgium,2025,72156,,
ESTAT:DEMO_PJAN(1.0),30/05/26 11:00:00,Annual,Number,20 years,Total,Belgium,2005,122795,,
ESTAT:DEMO_PJAN(1.0),30/05/26 11:00:00,Annual,Number,20 years,Total,Belgium,2006,122201,,
ESTAT:DEMO_PJAN(1.0),30/05/26 11:00:00,Annual,Number,20 years,Total,Belgium,2007,126481,,
ESTAT:DEMO_PJAN(1.0),30/05/26 11:00:00,Annual,Number,20 years,Total,Belgium,2008,127376,,
ESTAT:DEMO_PJAN(1.0),30/05/26 11:00:00,Annual,Number,20 years,Total,Belgium,2009,130829,,
ESTAT:DEMO_PJAN(1.0),30/05/26 11:00:00,Annual,Number,20 years,Total,Belgium,2010,132606,,
ESTAT:DEMO_PJAN(1.0),30/05/26 11:00:00,Annual,Number,20 years,Total,Belgium,2011,137649,,
ESTAT:DEMO_PJAN(1.0),30/05/26 11:00:00,Annual,Number,20 years,Total,Belgium,2012,139354,,
ESTAT:DEMO_PJAN(1.0),30/05/26 11:00:00,Annual,Number,20 years,Total,Belgium,2013,138183,,
ESTAT:DEMO_PJAN(1.0),30/05/26 11:00:00,Annual,Number,20 years,Total,Belgium,2014,133646,,
ESTAT:DEMO_PJAN(1.0),30/05/26 11:00:00,Annual,Number,20 years,Total,Belgium,2015,129469,,
ESTAT:DEMO_PJAN(1.0),30/05/26 11:00:00,Annual,Number,20 years,Total,Belgium,2016,130116,,
ESTAT:DEMO_PJAN(1.0),30/05/26 11:00:00,Annual,Number,20 years,Total,Belgium,2017,131069,,
ESTAT:DEMO_PJAN(1.0),30/05/26 11:00:00,Annual,Number,20 years,Total,Belgium,2018,130888,,
ESTAT:DEMO_PJAN(1.0),30/05/26 11:00:00,Annual,Number,20 years,Total,Belgium,2019,129816,,
ESTAT:DEMO_PJAN(1.0),30/05/26 11:00:00,Annual,Number,20 years,Total,Belgium,2020,130488,,
ESTAT:DEMO_PJAN(1.0),30/05/26 11:00:00,Annual,Number,20 years,Total,Belgium,2021,132441,,
ESTAT:DEMO_PJAN(1.0),30/05/26 11:00:00,Annual,Number,20 years,Total,Belgium,2022,131109,,
ESTAT:DEMO_PJAN(1.0),30/05/26 11:00:00,Annual,Number,20 years,Total,Belgium,2023,131669,,
ESTAT:DEMO_PJAN(1.0),30/05/26 11:00:00,Annual,Number,20 years,Total,Belgium,2024,134635,,
ESTAT:DEMO_PJAN(1.0),30/05/26 11:00:00,Annual,Number,20 years,Total,Belgium,2025,139298,,
ESTAT:DEMO_PJAN(1.0),30/05/26 11:00:00,Annual,Number,21 years,Females,Belgium,2005,61829,,
ESTAT:DEMO_PJAN(1.0),30/05/26 11:00:00,Annual,Number,21 years,Females,Belgium,2006,61922,,
ESTAT:DEMO_PJAN(1.0),30/05/26 11:00:00,Annual,Number,21 years,Females,Belgium,2007,61907,,
ESTAT:DEMO_PJAN(1.0),30/05/26 11:00:00,Annual,Number,21 years,Females,Belgium,2008,63518,,
ESTAT:DEMO_PJAN(1.0),30/05/26 11:00:00,Annual,Number,21 years,Females,Belgium,2009,64473,,
ESTAT:DEMO_PJAN(1.0),30/05/26 11:00:00,Annual,Number,21 years,Females,Belgium,2010,65965,,
ESTAT:DEMO_PJAN(1.0),30/05/26 11:00:00,Annual,Number,21 years,Females,Belgium,2011,67532,,
ESTAT:DEMO_PJAN(1.0),30/05/26 11:00:00,Annual,Number,21 years,Females,Belgium,2012,69010,,
ESTAT:DEMO_PJAN(1.0),30/05/26 11:00:00,Annual,Number,21 years,Females,Belgium,2013,69519,,
ESTAT:DEMO_PJAN(1.0),30/05/26 11:00:00,Annual,Number,21 years,Females,Belgium,2014,68831,,
ESTAT:DEMO_PJAN(1.0),30/05/26 11:00:00,Annual,Number,21 years,Females,Belgium,2015,66682,,
ESTAT:DEMO_PJAN(1.0),30/05/26 11:00:00,Annual,Number,21 years,Females,Belgium,2016,64224,,
ESTAT:DEMO_PJAN(1.0),30/05/26 11:00:00,Annual,Number,21 years,Females,Belgium,2017,64147,,
ESTAT:DEMO_PJAN(1.0),30/05/26 11:00:00,Annual,Number,21 years,Females,Belgium,2018,64838,,
ESTAT:DEMO_PJAN(1.0),30/05/26 11:00:00,Annual,Number,21 years,Females,Belgium,2019,65044,,
ESTAT:DEMO_PJAN(1.0),30/05/26 11:00:00,Annual,Number,21 years,Females,Belgium,2020,64316,,
ESTAT:DEMO_PJAN(1.0),30/05/26 11:00:00,Annual,Number,21 years,Females,Belgium,2021,64349,,
ESTAT:DEMO_PJAN(1.0),30/05/26 11:00:00,Annual,Number,21 years,Females,Belgium,2022,65567,,
ESTAT:DEMO_PJAN(1.0),30/05/26 11:00:00,Annual,Number,21 years,Females,Belgium,2023,65614,,
ESTAT:DEMO_PJAN(1.0),30/05/26 11:00:00,Annual,Number,21 years,Females,Belgium,2024,65182,,
ESTAT:DEMO_PJAN(1.0),30/05/26 11:00:00,Annual,Number,21 years,Females,Belgium,2025,66489,,
ESTAT:DEMO_PJAN(1.0),30/05/26 11:00:00,Annual,Number,21 years,Males,Belgium,2005,62917,,
ESTAT:DEMO_PJAN(1.0),30/05/26 11:00:00,Annual,Number,21 years,Males,Belgium,2006,62560,,
ESTAT:DEMO_PJAN(1.0),30/05/26 11:00:00,Annual,Number,21 years,Males,Belgium,2007,62224,,
ESTAT:DEMO_PJAN(1.0),30/05/26 11:00:00,Annual,Number,21 years,Males,Belgium,2008,64657,,
ESTAT:DEMO_PJAN(1.0),30/05/26 11:00:00,Annual,Number,21 years,Males,Belgium,2009,65285,,
ESTAT:DEMO_PJAN(1.0),30/05/26 11:00:00,Annual,Number,21 years,Males,Belgium,2010,66945,,
ESTAT:DEMO_PJAN(1.0),30/05/26 11:00:00,Annual,Number,21 years,Males,Belgium,2011,68802,,
ESTAT:DEMO_PJAN(1.0),30/05/26 11:00:00,Annual,Number,21 years,Males,Belgium,2012,70790,,
ESTAT:DEMO_PJAN(1.0),30/05/26 11:00:00,Annual,Number,21 years,Males,Belgium,2013,71601,,
ESTAT:DEMO_PJAN(1.0),30/05/26 11:00:00,Annual,Number,21 years,Males,Belgium,2014,70594,,
ESTAT:DEMO_PJAN(1.0),30/05/26 11:00:00,Annual,Number,21 years,Males,Belgium,2015,68520,,
ESTAT:DEMO_PJAN(1.0),30/05/26 11:00:00,Annual,Number,21 years,Males,Belgium,2016,67781,,
ESTAT:DEMO_PJAN(1.0),30/05/26 11:00:00,Annual,Number,21 years,Males,Belgium,2017,67417,,
ESTAT:DEMO_PJAN(1.0),30/05/26 11:00:00,Annual,Number,21 years,Males,Belgium,2018,67652,,
ESTAT:DEMO_PJAN(1.0),30/05/26 11:00:00,Annual,Number,21 years,Males,Belgium,2019,67766,,
ESTAT:DEMO_PJAN(1.0),30/05/26 11:00:00,Annual,Number,21 years,Males,Belgium,2020,67614,,
ESTAT:DEMO_PJAN(1.0),30/05/26 11:00:00,Annual,Number,21 years,Males,Belgium,2021,67685,,
ESTAT:DEMO_PJAN(1.0),30/05/26 11:00:00,Annual,Number,21 years,Males,Belgium,2022,69426,,
ESTAT:DEMO_PJAN(1.0),30/05/26 11:00:00,Annual,Number,21 years,Males,Belgium,2023,68841,,
ESTAT:DEMO_PJAN(1.0),30/05/26 11:00:00,Annual,Number,21 years,Males,Belgium,2024,69010,,
ESTAT:DEMO_PJAN(1.0),30/05/26 11:00:00,Annual,Number,21 years,Males,Belgium,2025,70493,,
ESTAT:DEMO_PJAN(1.0),30/05/26 11:00:00,Annual,Number,21 years,Total,Belgium,2005,124746,,
ESTAT:DEMO_PJAN(1.0),30/05/26 11:00:00,Annual,Number,21 years,Total,Belgium,2006,124482,,
ESTAT:DEMO_PJAN(1.0),30/05/26 11:00:00,Annual,Number,21 years,Total,Belgium,2007,124131,,
ESTAT:DEMO_PJAN(1.0),30/05/26 11:00:00,Annual,Number,21 years,Total,Belgium,2008,128175,,
ESTAT:DEMO_PJAN(1.0),30/05/26 11:00:00,Annual,Number,21 years,Total,Belgium,2009,129758,,
ESTAT:DEMO_PJAN(1.0),30/05/26 11:00:00,Annual,Number,21 years,Total,Belgium,2010,132910,,
ESTAT:DEMO_PJAN(1.0),30/05/26 11:00:00,Annual,Number,21 years,Total,Belgium,2011,136334,,
ESTAT:DEMO_PJAN(1.0),30/05/26 11:00:00,Annual,Number,21 years,Total,Belgium,2012,139800,,
ESTAT:DEMO_PJAN(1.0),30/05/26 11:00:00,Annual,Number,21 years,Total,Belgium,2013,141120,,
ESTAT:DEMO_PJAN(1.0),30/05/26 11:00:00,Annual,Number,21 years,Total,Belgium,2014,139425,,
ESTAT:DEMO_PJAN(1.0),30/05/26 11:00:00,Annual,Number,21 years,Total,Belgium,2015,135202,,
ESTAT:DEMO_PJAN(1.0),30/05/26 11:00:00,Annual,Number,21 years,Total,Belgium,2016,132005,,
ESTAT:DEMO_PJAN(1.0),30/05/26 11:00:00,Annual,Number,21 years,Total,Belgium,2017,131564,,
ESTAT:DEMO_PJAN(1.0),30/05/26 11:00:00,Annual,Number,21 years,Total,Belgium,2018,132490,,
ESTAT:DEMO_PJAN(1.0),30/05/26 11:00:00,Annual,Number,21 years,Total,Belgium,2019,132810,,
ESTAT:DEMO_PJAN(1.0),30/05/26 11:00:00,Annual,Number,21 years,Total,Belgium,2020,131930,,
ESTAT:DEMO_PJAN(1.0),30/05/26 11:00:00,Annual,Number,21 years,Total,Belgium,2021,132034,,
ESTAT:DEMO_PJAN(1.0),30/05/26 11:00:00,Annual,Number,21 years,Total,Belgium,2022,134993,,
ESTAT:DEMO_PJAN(1.0),30/05/26 11:00:00,Annual,Number,21 years,Total,Belgium,2023,134455,,
ESTAT:DEMO_PJAN(1.0),30/05/26 11:00:00,Annual,Number,21 years,Total,Belgium,2024,134192,,
ESTAT:DEMO_PJAN(1.0),30/05/26 11:00:00,Annual,Number,21 years,Total,Belgium,2025,136982,,
ESTAT:DEMO_PJAN(1.0),30/05/26 11:00:00,Annual,Number,22 years,Females,Belgium,2005,63737,,
ESTAT:DEMO_PJAN(1.0),30/05/26 11:00:00,Annual,Number,22 years,Females,Belgium,2006,62945,,
ESTAT:DEMO_PJAN(1.0),30/05/26 11:00:00,Annual,Number,22 years,Females,Belgium,2007,63136,,
ESTAT:DEMO_PJAN(1.0),30/05/26 11:00:00,Annual,Number,22 years,Females,Belgium,2008,63091,,
ESTAT:DEMO_PJAN(1.0),30/05/26 11:00:00,Annual,Number,22 years,Females,Belgium,2009,64972,,
ESTAT:DEMO_PJAN(1.0),30/05/26 11:00:00,Annual,Number,22 years,Females,Belgium,2010,65728,,
ESTAT:DEMO_PJAN(1.0),30/05/26 11:00:00,Annual,Number,22 years,Females,Belgium,2011,68069,,
ESTAT:DEMO_PJAN(1.0),30/05/26 11:00:00,Annual,Number,22 years,Females,Belgium,2012,68778,,
ESTAT:DEMO_PJAN(1.0),30/05/26 11:00:00,Annual,Number,22 years,Females,Belgium,2013,70274,,
ESTAT:DEMO_PJAN(1.0),30/05/26 11:00:00,Annual,Number,22 years,Females,Belgium,2014,70606,,
ESTAT:DEMO_PJAN(1.0),30/05/26 11:00:00,Annual,Number,22 years,Females,Belgium,2015,69855,,
ESTAT:DEMO_PJAN(1.0),30/05/26 11:00:00,Annual,Number,22 years,Females,Belgium,2016,67962,,
ESTAT:DEMO_PJAN(1.0),30/05/26 11:00:00,Annual,Number,22 years,Females,Belgium,2017,65146,,
ESTAT:DEMO_PJAN(1.0),30/05/26 11:00:00,Annual,Number,22 years,Females,Belgium,2018,65263,,
ESTAT:DEMO_PJAN(1.0),30/05/26 11:00:00,Annual,Number,22 years,Females,Belgium,2019,66055,,
ESTAT:DEMO_PJAN(1.0),30/05/26 11:00:00,Annual,Number,22 years,Females,Belgium,2020,66229,,
ESTAT:DEMO_PJAN(1.0),30/05/26 11:00:00,Annual,Number,22 years,Females,Belgium,2021,65299,,
ESTAT:DEMO_PJAN(1.0),30/05/26 11:00:00,Annual,Number,22 years,Females,Belgium,2022,65803,,
ESTAT:DEMO_PJAN(1.0),30/05/26 11:00:00,Annual,Number,22 years,Females,Belgium,2023,67756,,
ESTAT:DEMO_PJAN(1.0),30/05/26 11:00:00,Annual,Number,22 years,Females,Belgium,2024,67090,,
ESTAT:DEMO_PJAN(1.0),30/05/26 11:00:00,Annual,Number,22 years,Females,Belgium,2025,66690,,
ESTAT:DEMO_PJAN(1.0),30/05/26 11:00:00,Annual,Number,22 years,Males,Belgium,2005,64711,,
ESTAT:DEMO_PJAN(1.0),30/05/26 11:00:00,Annual,Number,22 years,Males,Belgium,2006,63514,,
ESTAT:DEMO_PJAN(1.0),30/05/26 11:00:00,Annual,Number,22 years,Males,Belgium,2007,63193,,
ESTAT:DEMO_PJAN(1.0),30/05/26 11:00:00,Annual,Number,22 years,Males,Belgium,2008,63033,,
ESTAT:DEMO_PJAN(1.0),30/05/26 11:00:00,Annual,Number,22 years,Males,Belgium,2009,65518,,
ESTAT:DEMO_PJAN(1.0),30/05/26 11:00:00,Annual,Number,22 years,Males,Belgium,2010,66099,,
ESTAT:DEMO_PJAN(1.0),30/05/26 11:00:00,Annual,Number,22 years,Males,Belgium,2011,68934,,
ESTAT:DEMO_PJAN(1.0),30/05/26 11:00:00,Annual,Number,22 years,Males,Belgium,2012,69644,,
ESTAT:DEMO_PJAN(1.0),30/05/26 11:00:00,Annual,Number,22 years,Males,Belgium,2013,71649,,
ESTAT:DEMO_PJAN(1.0),30/05/26 11:00:00,Annual,Number,22 years,Males,Belgium,2014,71980,,
ESTAT:DEMO_PJAN(1.0),30/05/26 11:00:00,Annual,Number,22 years,Males,Belgium,2015,71311,,
ESTAT:DEMO_PJAN(1.0),30/05/26 11:00:00,Annual,Number,22 years,Males,Belgium,2016,70026,,
ESTAT:DEMO_PJAN(1.0),30/05/26 11:00:00,Annual,Number,22 years,Males,Belgium,2017,68263,,
ESTAT:DEMO_PJAN(1.0),30/05/26 11:00:00,Annual,Number,22 years,Males,Belgium,2018,68027,,
ESTAT:DEMO_PJAN(1.0),30/05/26 11:00:00,Annual,Number,22 years,Males,Belgium,2019,68460,,
ESTAT:DEMO_PJAN(1.0),30/05/26 11:00:00,Annual,Number,22 years,Males,Belgium,2020,68643,,
ESTAT:DEMO_PJAN(1.0),30/05/26 11:00:00,Annual,Number,22 years,Males,Belgium,2021,68256,,
ESTAT:DEMO_PJAN(1.0),30/05/26 11:00:00,Annual,Number,22 years,Males,Belgium,2022,68884,,
ESTAT:DEMO_PJAN(1.0),30/05/26 11:00:00,Annual,Number,22 years,Males,Belgium,2023,71266,,
ESTAT:DEMO_PJAN(1.0),30/05/26 11:00:00,Annual,Number,22 years,Males,Belgium,2024,70192,,
ESTAT:DEMO_PJAN(1.0),30/05/26 11:00:00,Annual,Number,22 years,Males,Belgium,2025,70133,,
ESTAT:DEMO_PJAN(1.0),30/05/26 11:00:00,Annual,Number,22 years,Total,Belgium,2005,128448,,
ESTAT:DEMO_PJAN(1.0),30/05/26 11:00:00,Annual,Number,22 years,Total,Belgium,2006,126459,,
ESTAT:DEMO_PJAN(1.0),30/05/26 11:00:00,Annual,Number,22 years,Total,Belgium,2007,126329,,
ESTAT:DEMO_PJAN(1.0),30/05/26 11:00:00,Annual,Number,22 years,Total,Belgium,2008,126124,,
ESTAT:DEMO_PJAN(1.0),30/05/26 11:00:00,Annual,Number,22 years,Total,Belgium,2009,130490,,
ESTAT:DEMO_PJAN(1.0),30/05/26 11:00:00,Annual,Number,22 years,Total,Belgium,2010,131827,,
ESTAT:DEMO_PJAN(1.0),30/05/26 11:00:00,Annual,Number,22 years,Total,Belgium,2011,137003,,
ESTAT:DEMO_PJAN(1.0),30/05/26 11:00:00,Annual,Number,22 years,Total,Belgium,2012,138422,,
ESTAT:DEMO_PJAN(1.0),30/05/26 11:00:00,Annual,Number,22 years,Total,Belgium,2013,141923,,
ESTAT:DEMO_PJAN(1.0),30/05/26 11:00:00,Annual,Number,22 years,Total,Belgium,2014,142586,,
ESTAT:DEMO_PJAN(1.0),30/05/26 11:00:00,Annual,Number,22 years,Total,Belgium,2015,141166,,
ESTAT:DEMO_PJAN(1.0),30/05/26 11:00:00,Annual,Number,22 years,Total,Belgium,2016,137988,,
ESTAT:DEMO_PJAN(1.0),30/05/26 11:00:00,Annual,Number,22 years,Total,Belgium,2017,133409,,
ESTAT:DEMO_PJAN(1.0),30/05/26 11:00:00,Annual,Number,22 years,Total,Belgium,2018,133290,,
ESTAT:DEMO_PJAN(1.0),30/05/26 11:00:00,Annual,Number,22 years,Total,Belgium,2019,134515,,
ESTAT:DEMO_PJAN(1.0),30/05/26 11:00:00,Annual,Number,22 years,Total,Belgium,2020,134872,,
ESTAT:DEMO_PJAN(1.0),30/05/26 11:00:00,Annual,Number,22 years,Total,Belgium,2021,133555,,
ESTAT:DEMO_PJAN(1.0),30/05/26 11:00:00,Annual,Number,22 years,Total,Belgium,2022,134687,,
ESTAT:DEMO_PJAN(1.0),30/05/26 11:00:00,Annual,Number,22 years,Total,Belgium,2023,139022,,
ESTAT:DEMO_PJAN(1.0),30/05/26 11:00:00,Annual,Number,22 years,Total,Belgium,2024,137282,,
ESTAT:DEMO_PJAN(1.0),30/05/26 11:00:00,Annual,Number,22 years,Total,Belgium,2025,136823,,
ESTAT:DEMO_PJAN(1.0),30/05/26 11:00:00,Annual,Number,23 years,Females,Belgium,2005,65675,,
ESTAT:DEMO_PJAN(1.0),30/05/26 11:00:00,Annual,Number,23 years,Females,Belgium,2006,64810,,
ESTAT:DEMO_PJAN(1.0),30/05/26 11:00:00,Annual,Number,23 years,Females,Belgium,2007,63982,,
ESTAT:DEMO_PJAN(1.0),30/05/26 11:00:00,Annual,Number,23 years,Females,Belgium,2008,64418,,
ESTAT:DEMO_PJAN(1.0),30/05/26 11:00:00,Annual,Number,23 years,Females,Belgium,2009,64469,,
ESTAT:DEMO_PJAN(1.0),30/05/26 11:00:00,Annual,Number,23 years,Females,Belgium,2010,66321,,
ESTAT:DEMO_PJAN(1.0),30/05/26 11:00:00,Annual,Number,23 years,Females,Belgium,2011,67782,,
ESTAT:DEMO_PJAN(1.0),30/05/26 11:00:00,Annual,Number,23 years,Females,Belgium,2012,69306,,
ESTAT:DEMO_PJAN(1.0),30/05/26 11:00:00,Annual,Number,23 years,Females,Belgium,2013,70016,,
ESTAT:DEMO_PJAN(1.0),30/05/26 11:00:00,Annual,Number,23 years,Females,Belgium,2014,71413,,
ESTAT:DEMO_PJAN(1.0),30/05/26 11:00:00,Annual,Number,23 years,Females,Belgium,2015,71654,,
ESTAT:DEMO_PJAN(1.0),30/05/26 11:00:00,Annual,Number,23 years,Females,Belgium,2016,71087,,
ESTAT:DEMO_PJAN(1.0),30/05/26 11:00:00,Annual,Number,23 years,Females,Belgium,2017,69022,,
ESTAT:DEMO_PJAN(1.0),30/05/26 11:00:00,Annual,Number,23 years,Females,Belgium,2018,66304,,
ESTAT:DEMO_PJAN(1.0),30/05/26 11:00:00,Annual,Number,23 years,Females,Belgium,2019,66616,,
ESTAT:DEMO_PJAN(1.0),30/05/26 11:00:00,Annual,Number,23 years,Females,Belgium,2020,67563,,
ESTAT:DEMO_PJAN(1.0),30/05/26 11:00:00,Annual,Number,23 years,Females,Belgium,2021,67401,,
ESTAT:DEMO_PJAN(1.0),30/05/26 11:00:00,Annual,Number,23 years,Females,Belgium,2022,66818,,
ESTAT:DEMO_PJAN(1.0),30/05/26 11:00:00,Annual,Number,23 years,Females,Belgium,2023,68025,,
ESTAT:DEMO_PJAN(1.0),30/05/26 11:00:00,Annual,Number,23 years,Females,Belgium,2024,69665,,
ESTAT:DEMO_PJAN(1.0),30/05/26 11:00:00,Annual,Number,23 years,Females,Belgium,2025,68818,,
ESTAT:DEMO_PJAN(1.0),30/05/26 11:00:00,Annual,Number,23 years,Males,Belgium,2005,66649,,
ESTAT:DEMO_PJAN(1.0),30/05/26 11:00:00,Annual,Number,23 years,Males,Belgium,2006,65319,,
ESTAT:DEMO_PJAN(1.0),30/05/26 11:00:00,Annual,Number,23 years,Males,Belgium,2007,64256,,
ESTAT:DEMO_PJAN(1.0),30/05/26 11:00:00,Annual,Number,23 years,Males,Belgium,2008,64078,,
ESTAT:DEMO_PJAN(1.0),30/05/26 11:00:00,Annual,Number,23 years,Males,Belgium,2009,64112,,
ESTAT:DEMO_PJAN(1.0),30/05/26 11:00:00,Annual,Number,23 years,Males,Belgium,2010,66398,,
ESTAT:DEMO_PJAN(1.0),30/05/26 11:00:00,Annual,Number,23 years,Males,Belgium,2011,68238,,
ESTAT:DEMO_PJAN(1.0),30/05/26 11:00:00,Annual,Number,23 years,Males,Belgium,2012,69989,,
ESTAT:DEMO_PJAN(1.0),30/05/26 11:00:00,Annual,Number,23 years,Males,Belgium,2013,70534,,
ESTAT:DEMO_PJAN(1.0),30/05/26 11:00:00,Annual,Number,23 years,Males,Belgium,2014,72080,,
ESTAT:DEMO_PJAN(1.0),30/05/26 11:00:00,Annual,Number,23 years,Males,Belgium,2015,72735,,
ESTAT:DEMO_PJAN(1.0),30/05/26 11:00:00,Annual,Number,23 years,Males,Belgium,2016,72806,,
ESTAT:DEMO_PJAN(1.0),30/05/26 11:00:00,Annual,Number,23 years,Males,Belgium,2017,70562,,
ESTAT:DEMO_PJAN(1.0),30/05/26 11:00:00,Annual,Number,23 years,Males,Belgium,2018,69003,,
ESTAT:DEMO_PJAN(1.0),30/05/26 11:00:00,Annual,Number,23 years,Males,Belgium,2019,68918,,
ESTAT:DEMO_PJAN(1.0),30/05/26 11:00:00,Annual,Number,23 years,Males,Belgium,2020,69413,,
ESTAT:DEMO_PJAN(1.0),30/05/26 11:00:00,Annual,Number,23 years,Males,Belgium,2021,69508,,
ESTAT:DEMO_PJAN(1.0),30/05/26 11:00:00,Annual,Number,23 years,Males,Belgium,2022,69626,,
ESTAT:DEMO_PJAN(1.0),30/05/26 11:00:00,Annual,Number,23 years,Males,Belgium,2023,70930,,
ESTAT:DEMO_PJAN(1.0),30/05/26 11:00:00,Annual,Number,23 years,Males,Belgium,2024,72943,,
ESTAT:DEMO_PJAN(1.0),30/05/26 11:00:00,Annual,Number,23 years,Males,Belgium,2025,71516,,
ESTAT:DEMO_PJAN(1.0),30/05/26 11:00:00,Annual,Number,23 years,Total,Belgium,2005,132324,,
ESTAT:DEMO_PJAN(1.0),30/05/26 11:00:00,Annual,Number,23 years,Total,Belgium,2006,130129,,
ESTAT:DEMO_PJAN(1.0),30/05/26 11:00:00,Annual,Number,23 years,Total,Belgium,2007,128238,,
ESTAT:DEMO_PJAN(1.0),30/05/26 11:00:00,Annual,Number,23 years,Total,Belgium,2008,128496,,
ESTAT:DEMO_PJAN(1.0),30/05/26 11:00:00,Annual,Number,23 years,Total,Belgium,2009,128581,,
ESTAT:DEMO_PJAN(1.0),30/05/26 11:00:00,Annual,Number,23 years,Total,Belgium,2010,132719,,
ESTAT:DEMO_PJAN(1.0),30/05/26 11:00:00,Annual,Number,23 years,Total,Belgium,2011,136020,,
ESTAT:DEMO_PJAN(1.0),30/05/26 11:00:00,Annual,Number,23 years,Total,Belgium,2012,139295,,
ESTAT:DEMO_PJAN(1.0),30/05/26 11:00:00,Annual,Number,23 years,Total,Belgium,2013,140550,,
ESTAT:DEMO_PJAN(1.0),30/05/26 11:00:00,Annual,Number,23 years,Total,Belgium,2014,143493,,
ESTAT:DEMO_PJAN(1.0),30/05/26 11:00:00,Annual,Number,23 years,Total,Belgium,2015,144389,,
ESTAT:DEMO_PJAN(1.0),30/05/26 11:00:00,Annual,Number,23 years,Total,Belgium,2016,143893,,
ESTAT:DEMO_PJAN(1.0),30/05/26 11:00:00,Annual,Number,23 years,Total,Belgium,2017,139584,,
ESTAT:DEMO_PJAN(1.0),30/05/26 11:00:00,Annual,Number,23 years,Total,Belgium,2018,135307,,
ESTAT:DEMO_PJAN(1.0),30/05/26 11:00:00,Annual,Number,23 years,Total,Belgium,2019,135534,,
ESTAT:DEMO_PJAN(1.0),30/05/26 11:00:00,Annual,Number,23 years,Total,Belgium,2020,136976,,
ESTAT:DEMO_PJAN(1.0),30/05/26 11:00:00,Annual,Number,23 years,Total,Belgium,2021,136909,,
ESTAT:DEMO_PJAN(1.0),30/05/26 11:00:00,Annual,Number,23 years,Total,Belgium,2022,136444,,
ESTAT:DEMO_PJAN(1.0),30/05/26 11:00:00,Annual,Number,23 years,Total,Belgium,2023,138955,,
ESTAT:DEMO_PJAN(1.0),30/05/26 11:00:00,Annual,Number,23 years,Total,Belgium,2024,142608,,
ESTAT:DEMO_PJAN(1.0),30/05/26 11:00:00,Annual,Number,23 years,Total,Belgium,2025,140334,,
ESTAT:DEMO_PJAN(1.0),30/05/26 11:00:00,Annual,Number,24 years,Females,Belgium,2005,66744,,
ESTAT:DEMO_PJAN(1.0),30/05/26 11:00:00,Annual,Number,24 years,Females,Belgium,2006,66641,,
ESTAT:DEMO_PJAN(1.0),30/05/26 11:00:00,Annual,Number,24 years,Females,Belgium,2007,65800,,
ESTAT:DEMO_PJAN(1.0),30/05/26 11:00:00,Annual,Number,24 years,Females,Belgium,2008,65135,,
ESTAT:DEMO_PJAN(1.0),30/05/26 11:00:00,Annual,Number,24 years,Females,Belgium,2009,65863,,
ESTAT:DEMO_PJAN(1.0),30/05/26 11:00:00,Annual,Number,24 years,Females,Belgium,2010,65684,,
ESTAT:DEMO_PJAN(1.0),30/05/26 11:00:00,Annual,Number,24 years,Females,Belgium,2011,68297,,
ESTAT:DEMO_PJAN(1.0),30/05/26 11:00:00,Annual,Number,24 years,Females,Belgium,2012,68965,,
ESTAT:DEMO_PJAN(1.0),30/05/26 11:00:00,Annual,Number,24 years,Females,Belgium,2013,70605,,
ESTAT:DEMO_PJAN(1.0),30/05/26 11:00:00,Annual,Number,24 years,Females,Belgium,2014,71071,,
ESTAT:DEMO_PJAN(1.0),30/05/26 11:00:00,Annual,Number,24 years,Females,Belgium,2015,72403,,
ESTAT:DEMO_PJAN(1.0),30/05/26 11:00:00,Annual,Number,24 years,Females,Belgium,2016,72965,,
ESTAT:DEMO_PJAN(1.0),30/05/26 11:00:00,Annual,Number,24 years,Females,Belgium,2017,72094,,
ESTAT:DEMO_PJAN(1.0),30/05/26 11:00:00,Annual,Number,24 years,Females,Belgium,2018,70199,,
ESTAT:DEMO_PJAN(1.0),30/05/26 11:00:00,Annual,Number,24 years,Females,Belgium,2019,67723,,
ESTAT:DEMO_PJAN(1.0),30/05/26 11:00:00,Annual,Number,24 years,Females,Belgium,2020,67977,,
ESTAT:DEMO_PJAN(1.0),30/05/26 11:00:00,Annual,Number,24 years,Females,Belgium,2021,68572,,
ESTAT:DEMO_PJAN(1.0),30/05/26 11:00:00,Annual,Number,24 years,Females,Belgium,2022,68921,,
ESTAT:DEMO_PJAN(1.0),30/05/26 11:00:00,Annual,Number,24 years,Females,Belgium,2023,69257,,
ESTAT:DEMO_PJAN(1.0),30/05/26 11:00:00,Annual,Number,24 years,Females,Belgium,2024,69894,,
ESTAT:DEMO_PJAN(1.0),30/05/26 11:00:00,Annual,Number,24 years,Females,Belgium,2025,71535,,
ESTAT:DEMO_PJAN(1.0),30/05/26 11:00:00,Annual,Number,24 years,Males,Belgium,2005,66708,,
ESTAT:DEMO_PJAN(1.0),30/05/26 11:00:00,Annual,Number,24 years,Males,Belgium,2006,67256,,
ESTAT:DEMO_PJAN(1.0),30/05/26 11:00:00,Annual,Number,24 years,Males,Belgium,2007,66153,,
ESTAT:DEMO_PJAN(1.0),30/05/26 11:00:00,Annual,Number,24 years,Males,Belgium,2008,65210,,
ESTAT:DEMO_PJAN(1.0),30/05/26 11:00:00,Annual,Number,24 years,Males,Belgium,2009,65219,,
ESTAT:DEMO_PJAN(1.0),30/05/26 11:00:00,Annual,Number,24 years,Males,Belgium,2010,64972,,
ESTAT:DEMO_PJAN(1.0),30/05/26 11:00:00,Annual,Number,24 years,Males,Belgium,2011,68791,,
ESTAT:DEMO_PJAN(1.0),30/05/26 11:00:00,Annual,Number,24 years,Males,Belgium,2012,69244,,
ESTAT:DEMO_PJAN(1.0),30/05/26 11:00:00,Annual,Number,24 years,Males,Belgium,2013,70826,,
ESTAT:DEMO_PJAN(1.0),30/05/26 11:00:00,Annual,Number,24 years,Males,Belgium,2014,71130,,
ESTAT:DEMO_PJAN(1.0),30/05/26 11:00:00,Annual,Number,24 years,Males,Belgium,2015,72939,,
ESTAT:DEMO_PJAN(1.0),30/05/26 11:00:00,Annual,Number,24 years,Males,Belgium,2016,74293,,
ESTAT:DEMO_PJAN(1.0),30/05/26 11:00:00,Annual,Number,24 years,Males,Belgium,2017,73420,,
ESTAT:DEMO_PJAN(1.0),30/05/26 11:00:00,Annual,Number,24 years,Males,Belgium,2018,71288,,
ESTAT:DEMO_PJAN(1.0),30/05/26 11:00:00,Annual,Number,24 years,Males,Belgium,2019,69922,,
ESTAT:DEMO_PJAN(1.0),30/05/26 11:00:00,Annual,Number,24 years,Males,Belgium,2020,70074,,
ESTAT:DEMO_PJAN(1.0),30/05/26 11:00:00,Annual,Number,24 years,Males,Belgium,2021,70299,,
ESTAT:DEMO_PJAN(1.0),30/05/26 11:00:00,Annual,Number,24 years,Males,Belgium,2022,70855,,
ESTAT:DEMO_PJAN(1.0),30/05/26 11:00:00,Annual,Number,24 years,Males,Belgium,2023,71735,,
ESTAT:DEMO_PJAN(1.0),30/05/26 11:00:00,Annual,Number,24 years,Males,Belgium,2024,72504,,
ESTAT:DEMO_PJAN(1.0),30/05/26 11:00:00,Annual,Number,24 years,Males,Belgium,2025,74466,,
ESTAT:DEMO_PJAN(1.0),30/05/26 11:00:00,Annual,Number,24 years,Total,Belgium,2005,133452,,
ESTAT:DEMO_PJAN(1.0),30/05/26 11:00:00,Annual,Number,24 years,Total,Belgium,2006,133897,,
ESTAT:DEMO_PJAN(1.0),30/05/26 11:00:00,Annual,Number,24 years,Total,Belgium,2007,131953,,
ESTAT:DEMO_PJAN(1.0),30/05/26 11:00:00,Annual,Number,24 years,Total,Belgium,2008,130345,,
ESTAT:DEMO_PJAN(1.0),30/05/26 11:00:00,Annual,Number,24 years,Total,Belgium,2009,131082,,
ESTAT:DEMO_PJAN(1.0),30/05/26 11:00:00,Annual,Number,24 years,Total,Belgium,2010,130656,,
ESTAT:DEMO_PJAN(1.0),30/05/26 11:00:00,Annual,Number,24 years,Total,Belgium,2011,137088,,
ESTAT:DEMO_PJAN(1.0),30/05/26 11:00:00,Annual,Number,24 years,Total,Belgium,2012,138209,,
ESTAT:DEMO_PJAN(1.0),30/05/26 11:00:00,Annual,Number,24 years,Total,Belgium,2013,141431,,
ESTAT:DEMO_PJAN(1.0),30/05/26 11:00:00,Annual,Number,24 years,Total,Belgium,2014,142201,,
ESTAT:DEMO_PJAN(1.0),30/05/26 11:00:00,Annual,Number,24 years,Total,Belgium,2015,145342,,
ESTAT:DEMO_PJAN(1.0),30/05/26 11:00:00,Annual,Number,24 years,Total,Belgium,2016,147258,,
ESTAT:DEMO_PJAN(1.0),30/05/26 11:00:00,Annual,Number,24 years,Total,Belgium,2017,145514,,
ESTAT:DEMO_PJAN(1.0),30/05/26 11:00:00,Annual,Number,24 years,Total,Belgium,2018,141487,,
ESTAT:DEMO_PJAN(1.0),30/05/26 11:00:00,Annual,Number,24 years,Total,Belgium,2019,137645,,
ESTAT:DEMO_PJAN(1.0),30/05/26 11:00:00,Annual,Number,24 years,Total,Belgium,2020,138051,,
ESTAT:DEMO_PJAN(1.0),30/05/26 11:00:00,Annual,Number,24 years,Total,Belgium,2021,138871,,
ESTAT:DEMO_PJAN(1.0),30/05/26 11:00:00,Annual,Number,24 years,Total,Belgium,2022,139776,,
ESTAT:DEMO_PJAN(1.0),30/05/26 11:00:00,Annual,Number,24 years,Total,Belgium,2023,140992,,
ESTAT:DEMO_PJAN(1.0),30/05/26 11:00:00,Annual,Number,24 years,Total,Belgium,2024,142398,,
ESTAT:DEMO_PJAN(1.0),30/05/26 11:00:00,Annual,Number,24 years,Total,Belgium,2025,146001,,
ESTAT:DEMO_PJAN(1.0),30/05/26 11:00:00,Annual,Number,25 years,Females,Belgium,2005,65658,,
ESTAT:DEMO_PJAN(1.0),30/05/26 11:00:00,Annual,Number,25 years,Females,Belgium,2006,67675,,
ESTAT:DEMO_PJAN(1.0),30/05/26 11:00:00,Annual,Number,25 years,Females,Belgium,2007,67596,,
ESTAT:DEMO_PJAN(1.0),30/05/26 11:00:00,Annual,Number,25 years,Females,Belgium,2008,66926,,
ESTAT:DEMO_PJAN(1.0),30/05/26 11:00:00,Annual,Number,25 years,Females,Belgium,2009,66402,,
ESTAT:DEMO_PJAN(1.0),30/05/26 11:00:00,Annual,Number,25 years,Females,Belgium,2010,67099,,
ESTAT:DEMO_PJAN(1.0),30/05/26 11:00:00,Annual,Number,25 years,Females,Belgium,2011,67702,,
ESTAT:DEMO_PJAN(1.0),30/05/26 11:00:00,Annual,Number,25 years,Females,Belgium,2012,69482,,
ESTAT:DEMO_PJAN(1.0),30/05/26 11:00:00,Annual,Number,25 years,Females,Belgium,2013,70083,,
ESTAT:DEMO_PJAN(1.0),30/05/26 11:00:00,Annual,Number,25 years,Females,Belgium,2014,71651,,
ESTAT:DEMO_PJAN(1.0),30/05/26 11:00:00,Annual,Number,25 years,Females,Belgium,2015,71914,,
ESTAT:DEMO_PJAN(1.0),30/05/26 11:00:00,Annual,Number,25 years,Females,Belgium,2016,73587,,
ESTAT:DEMO_PJAN(1.0),30/05/26 11:00:00,Annual,Number,25 years,Females,Belgium,2017,73786,,
ESTAT:DEMO_PJAN(1.0),30/05/26 11:00:00,Annual,Number,25 years,Females,Belgium,2018,73148,,
ESTAT:DEMO_PJAN(1.0),30/05/26 11:00:00,Annual,Number,25 years,Females,Belgium,2019,71377,,
ESTAT:DEMO_PJAN(1.0),30/05/26 11:00:00,Annual,Number,25 years,Females,Belgium,2020,69012,,
ESTAT:DEMO_PJAN(1.0),30/05/26 11:00:00,Annual,Number,25 years,Females,Belgium,2021,69089,,
ESTAT:DEMO_PJAN(1.0),30/05/26 11:00:00,Annual,Number,25 years,Females,Belgium,2022,70012,,
ESTAT:DEMO_PJAN(1.0),30/05/26 11:00:00,Annual,Number,25 years,Females,Belgium,2023,71108,,
ESTAT:DEMO_PJAN(1.0),30/05/26 11:00:00,Annual,Number,25 years,Females,Belgium,2024,70951,,
ESTAT:DEMO_PJAN(1.0),30/05/26 11:00:00,Annual,Number,25 years,Females,Belgium,2025,71468,,
ESTAT:DEMO_PJAN(1.0),30/05/26 11:00:00,Annual,Number,25 years,Males,Belgium,2005,67215,,
ESTAT:DEMO_PJAN(1.0),30/05/26 11:00:00,Annual,Number,25 years,Males,Belgium,2006,67334,,
ESTAT:DEMO_PJAN(1.0),30/05/26 11:00:00,Annual,Number,25 years,Males,Belgium,2007,68072,,
ESTAT:DEMO_PJAN(1.0),30/05/26 11:00:00,Annual,Number,25 years,Males,Belgium,2008,67144,,
ESTAT:DEMO_PJAN(1.0),30/05/26 11:00:00,Annual,Number,25 years,Males,Belgium,2009,66323,,
ESTAT:DEMO_PJAN(1.0),30/05/26 11:00:00,Annual,Number,25 years,Males,Belgium,2010,66357,,
ESTAT:DEMO_PJAN(1.0),30/05/26 11:00:00,Annual,Number,25 years,Males,Belgium,2011,67475,,
ESTAT:DEMO_PJAN(1.0),30/05/26 11:00:00,Annual,Number,25 years,Males,Belgium,2012,69851,,
ESTAT:DEMO_PJAN(1.0),30/05/26 11:00:00,Annual,Number,25 years,Males,Belgium,2013,70248,,
ESTAT:DEMO_PJAN(1.0),30/05/26 11:00:00,Annual,Number,25 years,Males,Belgium,2014,71393,,
ESTAT:DEMO_PJAN(1.0),30/05/26 11:00:00,Annual,Number,25 years,Males,Belgium,2015,72028,,
ESTAT:DEMO_PJAN(1.0),30/05/26 11:00:00,Annual,Number,25 years,Males,Belgium,2016,74487,,
ESTAT:DEMO_PJAN(1.0),30/05/26 11:00:00,Annual,Number,25 years,Males,Belgium,2017,74735,,
ESTAT:DEMO_PJAN(1.0),30/05/26 11:00:00,Annual,Number,25 years,Males,Belgium,2018,74027,,
ESTAT:DEMO_PJAN(1.0),30/05/26 11:00:00,Annual,Number,25 years,Males,Belgium,2019,72348,,
ESTAT:DEMO_PJAN(1.0),30/05/26 11:00:00,Annual,Number,25 years,Males,Belgium,2020,71098,,
ESTAT:DEMO_PJAN(1.0),30/05/26 11:00:00,Annual,Number,25 years,Males,Belgium,2021,70903,,
ESTAT:DEMO_PJAN(1.0),30/05/26 11:00:00,Annual,Number,25 years,Males,Belgium,2022,71533,,
ESTAT:DEMO_PJAN(1.0),30/05/26 11:00:00,Annual,Number,25 years,Males,Belgium,2023,72811,,
ESTAT:DEMO_PJAN(1.0),30/05/26 11:00:00,Annual,Number,25 years,Males,Belgium,2024,73286,,
ESTAT:DEMO_PJAN(1.0),30/05/26 11:00:00,Annual,Number,25 years,Males,Belgium,2025,73727,,
ESTAT:DEMO_PJAN(1.0),30/05/26 11:00:00,Annual,Number,25 years,Total,Belgium,2005,132873,,
ESTAT:DEMO_PJAN(1.0),30/05/26 11:00:00,Annual,Number,25 years,Total,Belgium,2006,135009,,
ESTAT:DEMO_PJAN(1.0),30/05/26 11:00:00,Annual,Number,25 years,Total,Belgium,2007,135668,,
ESTAT:DEMO_PJAN(1.0),30/05/26 11:00:00,Annual,Number,25 years,Total,Belgium,2008,134070,,
ESTAT:DEMO_PJAN(1.0),30/05/26 11:00:00,Annual,Number,25 years,Total,Belgium,2009,132725,,
ESTAT:DEMO_PJAN(1.0),30/05/26 11:00:00,Annual,Number,25 years,Total,Belgium,2010,133456,,
ESTAT:DEMO_PJAN(1.0),30/05/26 11:00:00,Annual,Number,25 years,Total,Belgium,2011,135177,,
ESTAT:DEMO_PJAN(1.0),30/05/26 11:00:00,Annual,Number,25 years,Total,Belgium,2012,139333,,
ESTAT:DEMO_PJAN(1.0),30/05/26 11:00:00,Annual,Number,25 years,Total,Belgium,2013,140331,,
ESTAT:DEMO_PJAN(1.0),30/05/26 11:00:00,Annual,Number,25 years,Total,Belgium,2014,143044,,
ESTAT:DEMO_PJAN(1.0),30/05/26 11:00:00,Annual,Number,25 years,Total,Belgium,2015,143942,,
ESTAT:DEMO_PJAN(1.0),30/05/26 11:00:00,Annual,Number,25 years,Total,Belgium,2016,148074,,
ESTAT:DEMO_PJAN(1.0),30/05/26 11:00:00,Annual,Number,25 years,Total,Belgium,2017,148521,,
ESTAT:DEMO_PJAN(1.0),30/05/26 11:00:00,Annual,Number,25 years,Total,Belgium,2018,147175,,
ESTAT:DEMO_PJAN(1.0),30/05/26 11:00:00,Annual,Number,25 years,Total,Belgium,2019,143725,,
ESTAT:DEMO_PJAN(1.0),30/05/26 11:00:00,Annual,Number,25 years,Total,Belgium,2020,140110,,
ESTAT:DEMO_PJAN(1.0),30/05/26 11:00:00,Annual,Number,25 years,Total,Belgium,2021,139992,,
ESTAT:DEMO_PJAN(1.0),30/05/26 11:00:00,Annual,Number,25 years,Total,Belgium,2022,141545,,
ESTAT:DEMO_PJAN(1.0),30/05/26 11:00:00,Annual,Number,25 years,Total,Belgium,2023,143919,,
ESTAT:DEMO_PJAN(1.0),30/05/26 11:00:00,Annual,Number,25 years,Total,Belgium,2024,144237,,
ESTAT:DEMO_PJAN(1.0),30/05/26 11:00:00,Annual,Number,25 years,Total,Belgium,2025,145195,,
ESTAT:DEMO_PJAN(1.0),30/05/26 11:00:00,Annual,Number,26 years,Females,Belgium,2005,65722,,
ESTAT:DEMO_PJAN(1.0),30/05/26 11:00:00,Annual,Number,26 years,Females,Belgium,2006,66585,,
ESTAT:DEMO_PJAN(1.0),30/05/26 11:00:00,Annual,Number,26 years,Females,Belgium,2007,68654,,
ESTAT:DEMO_PJAN(1.0),30/05/26 11:00:00,Annual,Number,26 years,Females,Belgium,2008,68629,,
ESTAT:DEMO_PJAN(1.0),30/05/26 11:00:00,Annual,Number,26 years,Females,Belgium,2009,68264,,
ESTAT:DEMO_PJAN(1.0),30/05/26 11:00:00,Annual,Number,26 years,Females,Belgium,2010,67419,,
ESTAT:DEMO_PJAN(1.0),30/05/26 11:00:00,Annual,Number,26 years,Females,Belgium,2011,69039,,
ESTAT:DEMO_PJAN(1.0),30/05/26 11:00:00,Annual,Number,26 years,Females,Belgium,2012,68713,,
ESTAT:DEMO_PJAN(1.0),30/05/26 11:00:00,Annual,Number,26 years,Females,Belgium,2013,70475,,
ESTAT:DEMO_PJAN(1.0),30/05/26 11:00:00,Annual,Number,26 years,Females,Belgium,2014,70877,,
ESTAT:DEMO_PJAN(1.0),30/05/26 11:00:00,Annual,Number,26 years,Females,Belgium,2015,72383,,
ESTAT:DEMO_PJAN(1.0),30/05/26 11:00:00,Annual,Number,26 years,Females,Belgium,2016,72908,,
ESTAT:DEMO_PJAN(1.0),30/05/26 11:00:00,Annual,Number,26 years,Females,Belgium,2017,74320,,
ESTAT:DEMO_PJAN(1.0),30/05/26 11:00:00,Annual,Number,26 years,Females,Belgium,2018,74571,,
ESTAT:DEMO_PJAN(1.0),30/05/26 11:00:00,Annual,Number,26 years,Females,Belgium,2019,74232,,
ESTAT:DEMO_PJAN(1.0),30/05/26 11:00:00,Annual,Number,26 years,Females,Belgium,2020,72506,,
ESTAT:DEMO_PJAN(1.0),30/05/26 11:00:00,Annual,Number,26 years,Females,Belgium,2021,69947,,
ESTAT:DEMO_PJAN(1.0),30/05/26 11:00:00,Annual,Number,26 years,Females,Belgium,2022,70327,,
ESTAT:DEMO_PJAN(1.0),30/05/26 11:00:00,Annual,Number,26 years,Females,Belgium,2023,71911,,
ESTAT:DEMO_PJAN(1.0),30/05/26 11:00:00,Annual,Number,26 years,Females,Belgium,2024,72654,,
ESTAT:DEMO_PJAN(1.0),30/05/26 11:00:00,Annual,Number,26 years,Females,Belgium,2025,72141,,
ESTAT:DEMO_PJAN(1.0),30/05/26 11:00:00,Annual,Number,26 years,Males,Belgium,2005,66192,,
ESTAT:DEMO_PJAN(1.0),30/05/26 11:00:00,Annual,Number,26 years,Males,Belgium,2006,67931,,
ESTAT:DEMO_PJAN(1.0),30/05/26 11:00:00,Annual,Number,26 years,Males,Belgium,2007,68245,,
ESTAT:DEMO_PJAN(1.0),30/05/26 11:00:00,Annual,Number,26 years,Males,Belgium,2008,68986,,
ESTAT:DEMO_PJAN(1.0),30/05/26 11:00:00,Annual,Number,26 years,Males,Belgium,2009,68373,,
ESTAT:DEMO_PJAN(1.0),30/05/26 11:00:00,Annual,Number,26 years,Males,Belgium,2010,67250,,
ESTAT:DEMO_PJAN(1.0),30/05/26 11:00:00,Annual,Number,26 years,Males,Belgium,2011,68827,,
ESTAT:DEMO_PJAN(1.0),30/05/26 11:00:00,Annual,Number,26 years,Males,Belgium,2012,68451,,
ESTAT:DEMO_PJAN(1.0),30/05/26 11:00:00,Annual,Number,26 years,Males,Belgium,2013,70823,,
ESTAT:DEMO_PJAN(1.0),30/05/26 11:00:00,Annual,Number,26 years,Males,Belgium,2014,70704,,
ESTAT:DEMO_PJAN(1.0),30/05/26 11:00:00,Annual,Number,26 years,Males,Belgium,2015,72253,,
ESTAT:DEMO_PJAN(1.0),30/05/26 11:00:00,Annual,Number,26 years,Males,Belgium,2016,73610,,
ESTAT:DEMO_PJAN(1.0),30/05/26 11:00:00,Annual,Number,26 years,Males,Belgium,2017,74852,,
ESTAT:DEMO_PJAN(1.0),30/05/26 11:00:00,Annual,Number,26 years,Males,Belgium,2018,75384,,
ESTAT:DEMO_PJAN(1.0),30/05/26 11:00:00,Annual,Number,26 years,Males,Belgium,2019,75012,,
ESTAT:DEMO_PJAN(1.0),30/05/26 11:00:00,Annual,Number,26 years,Males,Belgium,2020,73544,,
ESTAT:DEMO_PJAN(1.0),30/05/26 11:00:00,Annual,Number,26 years,Males,Belgium,2021,71988,,
ESTAT:DEMO_PJAN(1.0),30/05/26 11:00:00,Annual,Number,26 years,Males,Belgium,2022,72085,,
ESTAT:DEMO_PJAN(1.0),30/05/26 11:00:00,Annual,Number,26 years,Males,Belgium,2023,73391,,
ESTAT:DEMO_PJAN(1.0),30/05/26 11:00:00,Annual,Number,26 years,Males,Belgium,2024,74060,,
ESTAT:DEMO_PJAN(1.0),30/05/26 11:00:00,Annual,Number,26 years,Males,Belgium,2025,74406,,
ESTAT:DEMO_PJAN(1.0),30/05/26 11:00:00,Annual,Number,26 years,Total,Belgium,2005,131914,,
ESTAT:DEMO_PJAN(1.0),30/05/26 11:00:00,Annual,Number,26 years,Total,Belgium,2006,134516,,
ESTAT:DEMO_PJAN(1.0),30/05/26 11:00:00,Annual,Number,26 years,Total,Belgium,2007,136899,,
ESTAT:DEMO_PJAN(1.0),30/05/26 11:00:00,Annual,Number,26 years,Total,Belgium,2008,137615,,
ESTAT:DEMO_PJAN(1.0),30/05/26 11:00:00,Annual,Number,26 years,Total,Belgium,2009,136637,,
ESTAT:DEMO_PJAN(1.0),30/05/26 11:00:00,Annual,Number,26 years,Total,Belgium,2010,134669,,
ESTAT:DEMO_PJAN(1.0),30/05/26 11:00:00,Annual,Number,26 years,Total,Belgium,2011,137866,,
ESTAT:DEMO_PJAN(1.0),30/05/26 11:00:00,Annual,Number,26 years,Total,Belgium,2012,137164,,
ESTAT:DEMO_PJAN(1.0),30/05/26 11:00:00,Annual,Number,26 years,Total,Belgium,2013,141298,,
ESTAT:DEMO_PJAN(1.0),30/05/26 11:00:00,Annual,Number,26 years,Total,Belgium,2014,141581,,
ESTAT:DEMO_PJAN(1.0),30/05/26 11:00:00,Annual,Number,26 years,Total,Belgium,2015,144636,,
ESTAT:DEMO_PJAN(1.0),30/05/26 11:00:00,Annual,Number,26 years,Total,Belgium,2016,146518,,
ESTAT:DEMO_PJAN(1.0),30/05/26 11:00:00,Annual,Number,26 years,Total,Belgium,2017,149172,,
ESTAT:DEMO_PJAN(1.0),30/05/26 11:00:00,Annual,Number,26 years,Total,Belgium,2018,149955,,
ESTAT:DEMO_PJAN(1.0),30/05/26 11:00:00,Annual,Number,26 years,Total,Belgium,2019,149244,,
ESTAT:DEMO_PJAN(1.0),30/05/26 11:00:00,Annual,Number,26 years,Total,Belgium,2020,146050,,
ESTAT:DEMO_PJAN(1.0),30/05/26 11:00:00,Annual,Number,26 years,Total,Belgium,2021,141935,,
ESTAT:DEMO_PJAN(1.0),30/05/26 11:00:00,Annual,Number,26 years,Total,Belgium,2022,142412,,
ESTAT:DEMO_PJAN(1.0),30/05/26 11:00:00,Annual,Number,26 years,Total,Belgium,2023,145302,,
ESTAT:DEMO_PJAN(1.0),30/05/26 11:00:00,Annual,Number,26 years,Total,Belgium,2024,146714,,
ESTAT:DEMO_PJAN(1.0),30/05/26 11:00:00,Annual,Number,26 years,Total,Belgium,2025,146547,,
ESTAT:DEMO_PJAN(1.0),30/05/26 11:00:00,Annual,Number,27 years,Females,Belgium,2005,65397,,
ESTAT:DEMO_PJAN(1.0),30/05/26 11:00:00,Annual,Number,27 years,Females,Belgium,2006,66573,,
ESTAT:DEMO_PJAN(1.0),30/05/26 11:00:00,Annual,Number,27 years,Females,Belgium,2007,67548,,
ESTAT:DEMO_PJAN(1.0),30/05/26 11:00:00,Annual,Number,27 years,Females,Belgium,2008,69761,,
ESTAT:DEMO_PJAN(1.0),30/05/26 11:00:00,Annual,Number,27 years,Females,Belgium,2009,69660,,
ESTAT:DEMO_PJAN(1.0),30/05/26 11:00:00,Annual,Number,27 years,Females,Belgium,2010,69308,,
ESTAT:DEMO_PJAN(1.0),30/05/26 11:00:00,Annual,Number,27 years,Females,Belgium,2011,69191,,
ESTAT:DEMO_PJAN(1.0),30/05/26 11:00:00,Annual,Number,27 years,Females,Belgium,2012,69981,,
ESTAT:DEMO_PJAN(1.0),30/05/26 11:00:00,Annual,Number,27 years,Females,Belgium,2013,69661,,
ESTAT:DEMO_PJAN(1.0),30/05/26 11:00:00,Annual,Number,27 years,Females,Belgium,2014,71056,,
ESTAT:DEMO_PJAN(1.0),30/05/26 11:00:00,Annual,Number,27 years,Females,Belgium,2015,71618,,
ESTAT:DEMO_PJAN(1.0),30/05/26 11:00:00,Annual,Number,27 years,Females,Belgium,2016,73240,,
ESTAT:DEMO_PJAN(1.0),30/05/26 11:00:00,Annual,Number,27 years,Females,Belgium,2017,73461,,
ESTAT:DEMO_PJAN(1.0),30/05/26 11:00:00,Annual,Number,27 years,Females,Belgium,2018,75005,,
ESTAT:DEMO_PJAN(1.0),30/05/26 11:00:00,Annual,Number,27 years,Females,Belgium,2019,75460,,
ESTAT:DEMO_PJAN(1.0),30/05/26 11:00:00,Annual,Number,27 years,Females,Belgium,2020,75171,,
ESTAT:DEMO_PJAN(1.0),30/05/26 11:00:00,Annual,Number,27 years,Females,Belgium,2021,73363,,
ESTAT:DEMO_PJAN(1.0),30/05/26 11:00:00,Annual,Number,27 years,Females,Belgium,2022,70967,,
ESTAT:DEMO_PJAN(1.0),30/05/26 11:00:00,Annual,Number,27 years,Females,Belgium,2023,72157,,
ESTAT:DEMO_PJAN(1.0),30/05/26 11:00:00,Annual,Number,27 years,Females,Belgium,2024,73139,,
ESTAT:DEMO_PJAN(1.0),30/05/26 11:00:00,Annual,Number,27 years,Females,Belgium,2025,73864,,
ESTAT:DEMO_PJAN(1.0),30/05/26 11:00:00,Annual,Number,27 years,Males,Belgium,2005,65878,,
ESTAT:DEMO_PJAN(1.0),30/05/26 11:00:00,Annual,Number,27 years,Males,Belgium,2006,66922,,
ESTAT:DEMO_PJAN(1.0),30/05/26 11:00:00,Annual,Number,27 years,Males,Belgium,2007,68741,,
ESTAT:DEMO_PJAN(1.0),30/05/26 11:00:00,Annual,Number,27 years,Males,Belgium,2008,69274,,
ESTAT:DEMO_PJAN(1.0),30/05/26 11:00:00,Annual,Number,27 years,Males,Belgium,2009,69956,,
ESTAT:DEMO_PJAN(1.0),30/05/26 11:00:00,Annual,Number,27 years,Males,Belgium,2010,69396,,
ESTAT:DEMO_PJAN(1.0),30/05/26 11:00:00,Annual,Number,27 years,Males,Belgium,2011,69791,,
ESTAT:DEMO_PJAN(1.0),30/05/26 11:00:00,Annual,Number,27 years,Males,Belgium,2012,69747,,
ESTAT:DEMO_PJAN(1.0),30/05/26 11:00:00,Annual,Number,27 years,Males,Belgium,2013,69479,,
ESTAT:DEMO_PJAN(1.0),30/05/26 11:00:00,Annual,Number,27 years,Males,Belgium,2014,71192,,
ESTAT:DEMO_PJAN(1.0),30/05/26 11:00:00,Annual,Number,27 years,Males,Belgium,2015,71346,,
ESTAT:DEMO_PJAN(1.0),30/05/26 11:00:00,Annual,Number,27 years,Males,Belgium,2016,73577,,
ESTAT:DEMO_PJAN(1.0),30/05/26 11:00:00,Annual,Number,27 years,Males,Belgium,2017,74036,,
ESTAT:DEMO_PJAN(1.0),30/05/26 11:00:00,Annual,Number,27 years,Males,Belgium,2018,75389,,
ESTAT:DEMO_PJAN(1.0),30/05/26 11:00:00,Annual,Number,27 years,Males,Belgium,2019,76129,,
ESTAT:DEMO_PJAN(1.0),30/05/26 11:00:00,Annual,Number,27 years,Males,Belgium,2020,75952,,
ESTAT:DEMO_PJAN(1.0),30/05/26 11:00:00,Annual,Number,27 years,Males,Belgium,2021,74219,,
ESTAT:DEMO_PJAN(1.0),30/05/26 11:00:00,Annual,Number,27 years,Males,Belgium,2022,72941,,
ESTAT:DEMO_PJAN(1.0),30/05/26 11:00:00,Annual,Number,27 years,Males,Belgium,2023,73635,,
ESTAT:DEMO_PJAN(1.0),30/05/26 11:00:00,Annual,Number,27 years,Males,Belgium,2024,74582,,
ESTAT:DEMO_PJAN(1.0),30/05/26 11:00:00,Annual,Number,27 years,Males,Belgium,2025,75284,,
ESTAT:DEMO_PJAN(1.0),30/05/26 11:00:00,Annual,Number,27 years,Total,Belgium,2005,131275,,
ESTAT:DEMO_PJAN(1.0),30/05/26 11:00:00,Annual,Number,27 years,Total,Belgium,2006,133495,,
ESTAT:DEMO_PJAN(1.0),30/05/26 11:00:00,Annual,Number,27 years,Total,Belgium,2007,136289,,
ESTAT:DEMO_PJAN(1.0),30/05/26 11:00:00,Annual,Number,27 years,Total,Belgium,2008,139035,,
ESTAT:DEMO_PJAN(1.0),30/05/26 11:00:00,Annual,Number,27 years,Total,Belgium,2009,139616,,
ESTAT:DEMO_PJAN(1.0),30/05/26 11:00:00,Annual,Number,27 years,Total,Belgium,2010,138704,,
ESTAT:DEMO_PJAN(1.0),30/05/26 11:00:00,Annual,Number,27 years,Total,Belgium,2011,138982,,
ESTAT:DEMO_PJAN(1.0),30/05/26 11:00:00,Annual,Number,27 years,Total,Belgium,2012,139728,,
ESTAT:DEMO_PJAN(1.0),30/05/26 11:00:00,Annual,Number,27 years,Total,Belgium,2013,139140,,
ESTAT:DEMO_PJAN(1.0),30/05/26 11:00:00,Annual,Number,27 years,Total,Belgium,2014,142248,,
ESTAT:DEMO_PJAN(1.0),30/05/26 11:00:00,Annual,Number,27 years,Total,Belgium,2015,142964,,
ESTAT:DEMO_PJAN(1.0),30/05/26 11:00:00,Annual,Number,27 years,Total,Belgium,2016,146817,,
ESTAT:DEMO_PJAN(1.0),30/05/26 11:00:00,Annual,Number,27 years,Total,Belgium,2017,147497,,
ESTAT:DEMO_PJAN(1.0),30/05/26 11:00:00,Annual,Number,27 years,Total,Belgium,2018,150394,,
ESTAT:DEMO_PJAN(1.0),30/05/26 11:00:00,Annual,Number,27 years,Total,Belgium,2019,151589,,
ESTAT:DEMO_PJAN(1.0),30/05/26 11:00:00,Annual,Number,27 years,Total,Belgium,2020,151123,,
ESTAT:DEMO_PJAN(1.0),30/05/26 11:00:00,Annual,Number,27 years,Total,Belgium,2021,147582,,
ESTAT:DEMO_PJAN(1.0),30/05/26 11:00:00,Annual,Number,27 years,Total,Belgium,2022,143908,,
ESTAT:DEMO_PJAN(1.0),30/05/26 11:00:00,Annual,Number,27 years,Total,Belgium,2023,145792,,
ESTAT:DEMO_PJAN(1.0),30/05/26 11:00:00,Annual,Number,27 years,Total,Belgium,2024,147721,,
ESTAT:DEMO_PJAN(1.0),30/05/26 11:00:00,Annual,Number,27 years,Total,Belgium,2025,149148,,
ESTAT:DEMO_PJAN(1.0),30/05/26 11:00:00,Annual,Number,28 years,Females,Belgium,2005,64734,,
ESTAT:DEMO_PJAN(1.0),30/05/26 11:00:00,Annual,Number,28 years,Females,Belgium,2006,66193,,
ESTAT:DEMO_PJAN(1.0),30/05/26 11:00:00,Annual,Number,28 years,Females,Belgium,2007,67398,,
ESTAT:DEMO_PJAN(1.0),30/05/26 11:00:00,Annual,Number,28 years,Females,Belgium,2008,68588,,
ESTAT:DEMO_PJAN(1.0),30/05/26 11:00:00,Annual,Number,28 years,Females,Belgium,2009,71011,,
ESTAT:DEMO_PJAN(1.0),30/05/26 11:00:00,Annual,Number,28 years,Females,Belgium,2010,70686,,
ESTAT:DEMO_PJAN(1.0),30/05/26 11:00:00,Annual,Number,28 years,Females,Belgium,2011,71163,,
ESTAT:DEMO_PJAN(1.0),30/05/26 11:00:00,Annual,Number,28 years,Females,Belgium,2012,70022,,
ESTAT:DEMO_PJAN(1.0),30/05/26 11:00:00,Annual,Number,28 years,Females,Belgium,2013,70762,,
ESTAT:DEMO_PJAN(1.0),30/05/26 11:00:00,Annual,Number,28 years,Females,Belgium,2014,70196,,
ESTAT:DEMO_PJAN(1.0),30/05/26 11:00:00,Annual,Number,28 years,Females,Belgium,2015,71683,,
ESTAT:DEMO_PJAN(1.0),30/05/26 11:00:00,Annual,Number,28 years,Females,Belgium,2016,72516,,
ESTAT:DEMO_PJAN(1.0),30/05/26 11:00:00,Annual,Number,28 years,Females,Belgium,2017,73817,,
ESTAT:DEMO_PJAN(1.0),30/05/26 11:00:00,Annual,Number,28 years,Females,Belgium,2018,74037,,
ESTAT:DEMO_PJAN(1.0),30/05/26 11:00:00,Annual,Number,28 years,Females,Belgium,2019,75827,,
ESTAT:DEMO_PJAN(1.0),30/05/26 11:00:00,Annual,Number,28 years,Females,Belgium,2020,76333,,
ESTAT:DEMO_PJAN(1.0),30/05/26 11:00:00,Annual,Number,28 years,Females,Belgium,2021,75815,,
ESTAT:DEMO_PJAN(1.0),30/05/26 11:00:00,Annual,Number,28 years,Females,Belgium,2022,74223,,
ESTAT:DEMO_PJAN(1.0),30/05/26 11:00:00,Annual,Number,28 years,Females,Belgium,2023,72599,,
ESTAT:DEMO_PJAN(1.0),30/05/26 11:00:00,Annual,Number,28 years,Females,Belgium,2024,73270,,
ESTAT:DEMO_PJAN(1.0),30/05/26 11:00:00,Annual,Number,28 years,Females,Belgium,2025,74195,,
ESTAT:DEMO_PJAN(1.0),30/05/26 11:00:00,Annual,Number,28 years,Males,Belgium,2005,65773,,
ESTAT:DEMO_PJAN(1.0),30/05/26 11:00:00,Annual,Number,28 years,Males,Belgium,2006,66512,,
ESTAT:DEMO_PJAN(1.0),30/05/26 11:00:00,Annual,Number,28 years,Males,Belgium,2007,67795,,
ESTAT:DEMO_PJAN(1.0),30/05/26 11:00:00,Annual,Number,28 years,Males,Belgium,2008,69757,,
ESTAT:DEMO_PJAN(1.0),30/05/26 11:00:00,Annual,Number,28 years,Males,Belgium,2009,70450,,
ESTAT:DEMO_PJAN(1.0),30/05/26 11:00:00,Annual,Number,28 years,Males,Belgium,2010,70888,,
ESTAT:DEMO_PJAN(1.0),30/05/26 11:00:00,Annual,Number,28 years,Males,Belgium,2011,71852,,
ESTAT:DEMO_PJAN(1.0),30/05/26 11:00:00,Annual,Number,28 years,Males,Belgium,2012,70563,,
ESTAT:DEMO_PJAN(1.0),30/05/26 11:00:00,Annual,Number,28 years,Males,Belgium,2013,70582,,
ESTAT:DEMO_PJAN(1.0),30/05/26 11:00:00,Annual,Number,28 years,Males,Belgium,2014,69815,,
ESTAT:DEMO_PJAN(1.0),30/05/26 11:00:00,Annual,Number,28 years,Males,Belgium,2015,71793,,
ESTAT:DEMO_PJAN(1.0),30/05/26 11:00:00,Annual,Number,28 years,Males,Belgium,2016,72525,,
ESTAT:DEMO_PJAN(1.0),30/05/26 11:00:00,Annual,Number,28 years,Males,Belgium,2017,73794,,
ESTAT:DEMO_PJAN(1.0),30/05/26 11:00:00,Annual,Number,28 years,Males,Belgium,2018,74678,,
ESTAT:DEMO_PJAN(1.0),30/05/26 11:00:00,Annual,Number,28 years,Males,Belgium,2019,76066,,
ESTAT:DEMO_PJAN(1.0),30/05/26 11:00:00,Annual,Number,28 years,Males,Belgium,2020,77096,,
ESTAT:DEMO_PJAN(1.0),30/05/26 11:00:00,Annual,Number,28 years,Males,Belgium,2021,76684,,
ESTAT:DEMO_PJAN(1.0),30/05/26 11:00:00,Annual,Number,28 years,Males,Belgium,2022,74933,,
ESTAT:DEMO_PJAN(1.0),30/05/26 11:00:00,Annual,Number,28 years,Males,Belgium,2023,74404,,
ESTAT:DEMO_PJAN(1.0),30/05/26 11:00:00,Annual,Number,28 years,Males,Belgium,2024,74729,,
ESTAT:DEMO_PJAN(1.0),30/05/26 11:00:00,Annual,Number,28 years,Males,Belgium,2025,75448,,
ESTAT:DEMO_PJAN(1.0),30/05/26 11:00:00,Annual,Number,28 years,Total,Belgium,2005,130507,,
ESTAT:DEMO_PJAN(1.0),30/05/26 11:00:00,Annual,Number,28 years,Total,Belgium,2006,132705,,
ESTAT:DEMO_PJAN(1.0),30/05/26 11:00:00,Annual,Number,28 years,Total,Belgium,2007,135193,,
ESTAT:DEMO_PJAN(1.0),30/05/26 11:00:00,Annual,Number,28 years,Total,Belgium,2008,138345,,
ESTAT:DEMO_PJAN(1.0),30/05/26 11:00:00,Annual,Number,28 years,Total,Belgium,2009,141461,,
ESTAT:DEMO_PJAN(1.0),30/05/26 11:00:00,Annual,Number,28 years,Total,Belgium,2010,141574,,
ESTAT:DEMO_PJAN(1.0),30/05/26 11:00:00,Annual,Number,28 years,Total,Belgium,2011,143015,,
ESTAT:DEMO_PJAN(1.0),30/05/26 11:00:00,Annual,Number,28 years,Total,Belgium,2012,140585,,
ESTAT:DEMO_PJAN(1.0),30/05/26 11:00:00,Annual,Number,28 years,Total,Belgium,2013,141344,,
ESTAT:DEMO_PJAN(1.0),30/05/26 11:00:00,Annual,Number,28 years,Total,Belgium,2014,140011,,
ESTAT:DEMO_PJAN(1.0),30/05/26 11:00:00,Annual,Number,28 years,Total,Belgium,2015,143476,,
ESTAT:DEMO_PJAN(1.0),30/05/26 11:00:00,Annual,Number,28 years,Total,Belgium,2016,145041,,
ESTAT:DEMO_PJAN(1.0),30/05/26 11:00:00,Annual,Number,28 years,Total,Belgium,2017,147611,,
ESTAT:DEMO_PJAN(1.0),30/05/26 11:00:00,Annual,Number,28 years,Total,Belgium,2018,148715,,
ESTAT:DEMO_PJAN(1.0),30/05/26 11:00:00,Annual,Number,28 years,Total,Belgium,2019,151893,,
ESTAT:DEMO_PJAN(1.0),30/05/26 11:00:00,Annual,Number,28 years,Total,Belgium,2020,153429,,
ESTAT:DEMO_PJAN(1.0),30/05/26 11:00:00,Annual,Number,28 years,Total,Belgium,2021,152499,,
ESTAT:DEMO_PJAN(1.0),30/05/26 11:00:00,Annual,Number,28 years,Total,Belgium,2022,149156,,
ESTAT:DEMO_PJAN(1.0),30/05/26 11:00:00,Annual,Number,28 years,Total,Belgium,2023,147003,,
ESTAT:DEMO_PJAN(1.0),30/05/26 11:00:00,Annual,Number,28 years,Total,Belgium,2024,147999,,
ESTAT:DEMO_PJAN(1.0),30/05/26 11:00:00,Annual,Number,28 years,Total,Belgium,2025,149643,,
ESTAT:DEMO_PJAN(1.0),30/05/26 11:00:00,Annual,Number,29 years,Females,Belgium,2005,64077,,
ESTAT:DEMO_PJAN(1.0),30/05/26 11:00:00,Annual,Number,29 years,Females,Belgium,2006,65545,,
ESTAT:DEMO_PJAN(1.0),30/05/26 11:00:00,Annual,Number,29 years,Females,Belgium,2007,66999,,
ESTAT:DEMO_PJAN(1.0),30/05/26 11:00:00,Annual,Number,29 years,Females,Belgium,2008,68353,,
ESTAT:DEMO_PJAN(1.0),30/05/26 11:00:00,Annual,Number,29 years,Females,Belgium,2009,69626,,
ESTAT:DEMO_PJAN(1.0),30/05/26 11:00:00,Annual,Number,29 years,Females,Belgium,2010,71936,,
ESTAT:DEMO_PJAN(1.0),30/05/26 11:00:00,Annual,Number,29 years,Females,Belgium,2011,72233,,
ESTAT:DEMO_PJAN(1.0),30/05/26 11:00:00,Annual,Number,29 years,Females,Belgium,2012,71942,,
ESTAT:DEMO_PJAN(1.0),30/05/26 11:00:00,Annual,Number,29 years,Females,Belgium,2013,70764,,
ESTAT:DEMO_PJAN(1.0),30/05/26 11:00:00,Annual,Number,29 years,Females,Belgium,2014,71240,,
ESTAT:DEMO_PJAN(1.0),30/05/26 11:00:00,Annual,Number,29 years,Females,Belgium,2015,70708,,
ESTAT:DEMO_PJAN(1.0),30/05/26 11:00:00,Annual,Number,29 years,Females,Belgium,2016,72375,,
ESTAT:DEMO_PJAN(1.0),30/05/26 11:00:00,Annual,Number,29 years,Females,Belgium,2017,72883,,
ESTAT:DEMO_PJAN(1.0),30/05/26 11:00:00,Annual,Number,29 years,Females,Belgium,2018,74429,,
ESTAT:DEMO_PJAN(1.0),30/05/26 11:00:00,Annual,Number,29 years,Females,Belgium,2019,74727,,
ESTAT:DEMO_PJAN(1.0),30/05/26 11:00:00,Annual,Number,29 years,Females,Belgium,2020,76704,,
ESTAT:DEMO_PJAN(1.0),30/05/26 11:00:00,Annual,Number,29 years,Females,Belgium,2021,76920,,
ESTAT:DEMO_PJAN(1.0),30/05/26 11:00:00,Annual,Number,29 years,Females,Belgium,2022,76514,,
ESTAT:DEMO_PJAN(1.0),30/05/26 11:00:00,Annual,Number,29 years,Females,Belgium,2023,75777,,
ESTAT:DEMO_PJAN(1.0),30/05/26 11:00:00,Annual,Number,29 years,Females,Belgium,2024,73587,,
ESTAT:DEMO_PJAN(1.0),30/05/26 11:00:00,Annual,Number,29 years,Females,Belgium,2025,74135,,
ESTAT:DEMO_PJAN(1.0),30/05/26 11:00:00,Annual,Number,29 years,Males,Belgium,2005,65116,,
ESTAT:DEMO_PJAN(1.0),30/05/26 11:00:00,Annual,Number,29 years,Males,Belgium,2006,66495,,
ESTAT:DEMO_PJAN(1.0),30/05/26 11:00:00,Annual,Number,29 years,Males,Belgium,2007,67315,,
ESTAT:DEMO_PJAN(1.0),30/05/26 11:00:00,Annual,Number,29 years,Males,Belgium,2008,68774,,
ESTAT:DEMO_PJAN(1.0),30/05/26 11:00:00,Annual,Number,29 years,Males,Belgium,2009,70921,,
ESTAT:DEMO_PJAN(1.0),30/05/26 11:00:00,Annual,Number,29 years,Males,Belgium,2010,71370,,
ESTAT:DEMO_PJAN(1.0),30/05/26 11:00:00,Annual,Number,29 years,Males,Belgium,2011,73100,,
ESTAT:DEMO_PJAN(1.0),30/05/26 11:00:00,Annual,Number,29 years,Males,Belgium,2012,72558,,
ESTAT:DEMO_PJAN(1.0),30/05/26 11:00:00,Annual,Number,29 years,Males,Belgium,2013,71327,,
ESTAT:DEMO_PJAN(1.0),30/05/26 11:00:00,Annual,Number,29 years,Males,Belgium,2014,71053,,
ESTAT:DEMO_PJAN(1.0),30/05/26 11:00:00,Annual,Number,29 years,Males,Belgium,2015,70356,,
ESTAT:DEMO_PJAN(1.0),30/05/26 11:00:00,Annual,Number,29 years,Males,Belgium,2016,72796,,
ESTAT:DEMO_PJAN(1.0),30/05/26 11:00:00,Annual,Number,29 years,Males,Belgium,2017,72806,,
ESTAT:DEMO_PJAN(1.0),30/05/26 11:00:00,Annual,Number,29 years,Males,Belgium,2018,74271,,
ESTAT:DEMO_PJAN(1.0),30/05/26 11:00:00,Annual,Number,29 years,Males,Belgium,2019,75369,,
ESTAT:DEMO_PJAN(1.0),30/05/26 11:00:00,Annual,Number,29 years,Males,Belgium,2020,77020,,
ESTAT:DEMO_PJAN(1.0),30/05/26 11:00:00,Annual,Number,29 years,Males,Belgium,2021,77669,,
ESTAT:DEMO_PJAN(1.0),30/05/26 11:00:00,Annual,Number,29 years,Males,Belgium,2022,77379,,
ESTAT:DEMO_PJAN(1.0),30/05/26 11:00:00,Annual,Number,29 years,Males,Belgium,2023,76227,,
ESTAT:DEMO_PJAN(1.0),30/05/26 11:00:00,Annual,Number,29 years,Males,Belgium,2024,75424,,
ESTAT:DEMO_PJAN(1.0),30/05/26 11:00:00,Annual,Number,29 years,Males,Belgium,2025,75520,,
ESTAT:DEMO_PJAN(1.0),30/05/26 11:00:00,Annual,Number,29 years,Total,Belgium,2005,129193,,
ESTAT:DEMO_PJAN(1.0),30/05/26 11:00:00,Annual,Number,29 years,Total,Belgium,2006,132040,,
ESTAT:DEMO_PJAN(1.0),30/05/26 11:00:00,Annual,Number,29 years,Total,Belgium,2007,134314,,
ESTAT:DEMO_PJAN(1.0),30/05/26 11:00:00,Annual,Number,29 years,Total,Belgium,2008,137127,,
ESTAT:DEMO_PJAN(1.0),30/05/26 11:00:00,Annual,Number,29 years,Total,Belgium,2009,140547,,
ESTAT:DEMO_PJAN(1.0),30/05/26 11:00:00,Annual,Number,29 years,Total,Belgium,2010,143306,,
ESTAT:DEMO_PJAN(1.0),30/05/26 11:00:00,Annual,Number,29 years,Total,Belgium,2011,145333,,
ESTAT:DEMO_PJAN(1.0),30/05/26 11:00:00,Annual,Number,29 years,Total,Belgium,2012,144500,,
ESTAT:DEMO_PJAN(1.0),30/05/26 11:00:00,Annual,Number,29 years,Total,Belgium,2013,142091,,
ESTAT:DEMO_PJAN(1.0),30/05/26 11:00:00,Annual,Number,29 years,Total,Belgium,2014,142293,,
ESTAT:DEMO_PJAN(1.0),30/05/26 11:00:00,Annual,Number,29 years,Total,Belgium,2015,141064,,
ESTAT:DEMO_PJAN(1.0),30/05/26 11:00:00,Annual,Number,29 years,Total,Belgium,2016,145171,,
ESTAT:DEMO_PJAN(1.0),30/05/26 11:00:00,Annual,Number,29 years,Total,Belgium,2017,145689,,
ESTAT:DEMO_PJAN(1.0),30/05/26 11:00:00,Annual,Number,29 years,Total,Belgium,2018,148700,,
ESTAT:DEMO_PJAN(1.0),30/05/26 11:00:00,Annual,Number,29 years,Total,Belgium,2019,150096,,
ESTAT:DEMO_PJAN(1.0),30/05/26 11:00:00,Annual,Number,29 years,Total,Belgium,2020,153724,,
ESTAT:DEMO_PJAN(1.0),30/05/26 11:00:00,Annual,Number,29 years,Total,Belgium,2021,154589,,
ESTAT:DEMO_PJAN(1.0),30/05/26 11:00:00,Annual,Number,29 years,Total,Belgium,2022,153893,,
ESTAT:DEMO_PJAN(1.0),30/05/26 11:00:00,Annual,Number,29 years,Total,Belgium,2023,152004,,
ESTAT:DEMO_PJAN(1.0),30/05/26 11:00:00,Annual,Number,29 years,Total,Belgium,2024,149011,,
ESTAT:DEMO_PJAN(1.0),30/05/26 11:00:00,Annual,Number,29 years,Total,Belgium,2025,149655,,
ESTAT:DEMO_PJAN(1.0),30/05/26 11:00:00,Annual,Number,3 years,Females,Belgium,2005,56589,,
ESTAT:DEMO_PJAN(1.0),30/05/26 11:00:00,Annual,Number,3 years,Females,Belgium,2006,55614,,
ESTAT:DEMO_PJAN(1.0),30/05/26 11:00:00,Annual,Number,3 years,Females,Belgium,2007,56593,,
ESTAT:DEMO_PJAN(1.0),30/05/26 11:00:00,Annual,Number,3 years,Females,Belgium,2008,58129,,
ESTAT:DEMO_PJAN(1.0),30/05/26 11:00:00,Annual,Number,3 years,Females,Belgium,2009,59388,,
ESTAT:DEMO_PJAN(1.0),30/05/26 11:00:00,Annual,Number,3 years,Females,Belgium,2010,61341,,
ESTAT:DEMO_PJAN(1.0),30/05/26 11:00:00,Annual,Number,3 years,Females,Belgium,2011,62553,,
ESTAT:DEMO_PJAN(1.0),30/05/26 11:00:00,Annual,Number,3 years,Females,Belgium,2012,63823,,
ESTAT:DEMO_PJAN(1.0),30/05/26 11:00:00,Annual,Number,3 years,Females,Belgium,2013,64034,,
ESTAT:DEMO_PJAN(1.0),30/05/26 11:00:00,Annual,Number,3 years,Females,Belgium,2014,64828,,
ESTAT:DEMO_PJAN(1.0),30/05/26 11:00:00,Annual,Number,3 years,Females,Belgium,2015,63914,,
ESTAT:DEMO_PJAN(1.0),30/05/26 11:00:00,Annual,Number,3 years,Females,Belgium,2016,63884,,
ESTAT:DEMO_PJAN(1.0),30/05/26 11:00:00,Annual,Number,3 years,Females,Belgium,2017,62393,,
ESTAT:DEMO_PJAN(1.0),30/05/26 11:00:00,Annual,Number,3 years,Females,Belgium,2018,62278,,
ESTAT:DEMO_PJAN(1.0),30/05/26 11:00:00,Annual,Number,3 years,Females,Belgium,2019,61183,,
ESTAT:DEMO_PJAN(1.0),30/05/26 11:00:00,Annual,Number,3 years,Females,Belgium,2020,60758,,
ESTAT:DEMO_PJAN(1.0),30/05/26 11:00:00,Annual,Number,3 years,Females,Belgium,2021,59727,,
ESTAT:DEMO_PJAN(1.0),30/05/26 11:00:00,Annual,Number,3 years,Females,Belgium,2022,59316,,
ESTAT:DEMO_PJAN(1.0),30/05/26 11:00:00,Annual,Number,3 years,Females,Belgium,2023,59549,,
ESTAT:DEMO_PJAN(1.0),30/05/26 11:00:00,Annual,Number,3 years,Females,Belgium,2024,58018,,
ESTAT:DEMO_PJAN(1.0),30/05/26 11:00:00,Annual,Number,3 years,Females,Belgium,2025,59946,,
ESTAT:DEMO_PJAN(1.0),30/05/26 11:00:00,Annual,Number,3 years,Males,Belgium,2005,58826,,
ESTAT:DEMO_PJAN(1.0),30/05/26 11:00:00,Annual,Number,3 years,Males,Belgium,2006,58280,,
ESTAT:DEMO_PJAN(1.0),30/05/26 11:00:00,Annual,Number,3 years,Males,Belgium,2007,58904,,
ESTAT:DEMO_PJAN(1.0),30/05/26 11:00:00,Annual,Number,3 years,Males,Belgium,2008,61190,,
ESTAT:DEMO_PJAN(1.0),30/05/26 11:00:00,Annual,Number,3 years,Males,Belgium,2009,62439,,
ESTAT:DEMO_PJAN(1.0),30/05/26 11:00:00,Annual,Number,3 years,Males,Belgium,2010,63915,,
ESTAT:DEMO_PJAN(1.0),30/05/26 11:00:00,Annual,Number,3 years,Males,Belgium,2011,65449,,
ESTAT:DEMO_PJAN(1.0),30/05/26 11:00:00,Annual,Number,3 years,Males,Belgium,2012,67265,,
ESTAT:DEMO_PJAN(1.0),30/05/26 11:00:00,Annual,Number,3 years,Males,Belgium,2013,67162,,
ESTAT:DEMO_PJAN(1.0),30/05/26 11:00:00,Annual,Number,3 years,Males,Belgium,2014,67811,,
ESTAT:DEMO_PJAN(1.0),30/05/26 11:00:00,Annual,Number,3 years,Males,Belgium,2015,66985,,
ESTAT:DEMO_PJAN(1.0),30/05/26 11:00:00,Annual,Number,3 years,Males,Belgium,2016,66437,,
ESTAT:DEMO_PJAN(1.0),30/05/26 11:00:00,Annual,Number,3 years,Males,Belgium,2017,65528,,
ESTAT:DEMO_PJAN(1.0),30/05/26 11:00:00,Annual,Number,3 years,Males,Belgium,2018,65510,,
ESTAT:DEMO_PJAN(1.0),30/05/26 11:00:00,Annual,Number,3 years,Males,Belgium,2019,63970,,
ESTAT:DEMO_PJAN(1.0),30/05/26 11:00:00,Annual,Number,3 years,Males,Belgium,2020,63769,,
ESTAT:DEMO_PJAN(1.0),30/05/26 11:00:00,Annual,Number,3 years,Males,Belgium,2021,62386,,
ESTAT:DEMO_PJAN(1.0),30/05/26 11:00:00,Annual,Number,3 years,Males,Belgium,2022,61830,,
ESTAT:DEMO_PJAN(1.0),30/05/26 11:00:00,Annual,Number,3 years,Males,Belgium,2023,61731,,
ESTAT:DEMO_PJAN(1.0),30/05/26 11:00:00,Annual,Number,3 years,Males,Belgium,2024,60706,,
ESTAT:DEMO_PJAN(1.0),30/05/26 11:00:00,Annual,Number,3 years,Males,Belgium,2025,62722,,
ESTAT:DEMO_PJAN(1.0),30/05/26 11:00:00,Annual,Number,3 years,Total,Belgium,2005,115415,,
ESTAT:DEMO_PJAN(1.0),30/05/26 11:00:00,Annual,Number,3 years,Total,Belgium,2006,113894,,
ESTAT:DEMO_PJAN(1.0),30/05/26 11:00:00,Annual,Number,3 years,Total,Belgium,2007,115497,,
ESTAT:DEMO_PJAN(1.0),30/05/26 11:00:00,Annual,Number,3 years,Total,Belgium,2008,119319,,
ESTAT:DEMO_PJAN(1.0),30/05/26 11:00:00,Annual,Number,3 years,Total,Belgium,2009,121827,,
ESTAT:DEMO_PJAN(1.0),30/05/26 11:00:00,Annual,Number,3 years,Total,Belgium,2010,125256,,
ESTAT:DEMO_PJAN(1.0),30/05/26 11:00:00,Annual,Number,3 years,Total,Belgium,2011,128002,,
ESTAT:DEMO_PJAN(1.0),30/05/26 11:00:00,Annual,Number,3 years,Total,Belgium,2012,131088,,
ESTAT:DEMO_PJAN(1.0),30/05/26 11:00:00,Annual,Number,3 years,Total,Belgium,2013,131196,,
ESTAT:DEMO_PJAN(1.0),30/05/26 11:00:00,Annual,Number,3 years,Total,Belgium,2014,132639,,
ESTAT:DEMO_PJAN(1.0),30/05/26 11:00:00,Annual,Number,3 years,Total,Belgium,2015,130899,,
ESTAT:DEMO_PJAN(1.0),30/05/26 11:00:00,Annual,Number,3 years,Total,Belgium,2016,130321,,
ESTAT:DEMO_PJAN(1.0),30/05/26 11:00:00,Annual,Number,3 years,Total,Belgium,2017,127921,,
ESTAT:DEMO_PJAN(1.0),30/05/26 11:00:00,Annual,Number,3 years,Total,Belgium,2018,127788,,
ESTAT:DEMO_PJAN(1.0),30/05/26 11:00:00,Annual,Number,3 years,Total,Belgium,2019,125153,,
ESTAT:DEMO_PJAN(1.0),30/05/26 11:00:00,Annual,Number,3 years,Total,Belgium,2020,124527,,
ESTAT:DEMO_PJAN(1.0),30/05/26 11:00:00,Annual,Number,3 years,Total,Belgium,2021,122113,,
ESTAT:DEMO_PJAN(1.0),30/05/26 11:00:00,Annual,Number,3 years,Total,Belgium,2022,121146,,
ESTAT:DEMO_PJAN(1.0),30/05/26 11:00:00,Annual,Number,3 years,Total,Belgium,2023,121280,,
ESTAT:DEMO_PJAN(1.0),30/05/26 11:00:00,Annual,Number,3 years,Total,Belgium,2024,118724,,
ESTAT:DEMO_PJAN(1.0),30/05/26 11:00:00,Annual,Number,3 years,Total,Belgium,2025,122668,,
ESTAT:DEMO_PJAN(1.0),30/05/26 11:00:00,Annual,Number,30 years,Females,Belgium,2005,66470,,
ESTAT:DEMO_PJAN(1.0),30/05/26 11:00:00,Annual,Number,30 years,Females,Belgium,2006,64835,,
ESTAT:DEMO_PJAN(1.0),30/05/26 11:00:00,Annual,Number,30 years,Females,Belgium,2007,66284,,
ESTAT:DEMO_PJAN(1.0),30/05/26 11:00:00,Annual,Number,30 years,Females,Belgium,2008,67909,,
ESTAT:DEMO_PJAN(1.0),30/05/26 11:00:00,Annual,Number,30 years,Females,Belgium,2009,69358,,
ESTAT:DEMO_PJAN(1.0),30/05/26 11:00:00,Annual,Number,30 years,Females,Belgium,2010,70581,,
ESTAT:DEMO_PJAN(1.0),30/05/26 11:00:00,Annual,Number,30 years,Females,Belgium,2011,73654,,
ESTAT:DEMO_PJAN(1.0),30/05/26 11:00:00,Annual,Number,30 years,Females,Belgium,2012,72923,,
ESTAT:DEMO_PJAN(1.0),30/05/26 11:00:00,Annual,Number,30 years,Females,Belgium,2013,72583,,
ESTAT:DEMO_PJAN(1.0),30/05/26 11:00:00,Annual,Number,30 years,Females,Belgium,2014,71172,,
ESTAT:DEMO_PJAN(1.0),30/05/26 11:00:00,Annual,Number,30 years,Females,Belgium,2015,71635,,
ESTAT:DEMO_PJAN(1.0),30/05/26 11:00:00,Annual,Number,30 years,Females,Belgium,2016,71429,,
ESTAT:DEMO_PJAN(1.0),30/05/26 11:00:00,Annual,Number,30 years,Females,Belgium,2017,72701,,
ESTAT:DEMO_PJAN(1.0),30/05/26 11:00:00,Annual,Number,30 years,Females,Belgium,2018,73350,,
ESTAT:DEMO_PJAN(1.0),30/05/26 11:00:00,Annual,Number,30 years,Females,Belgium,2019,75156,,
ESTAT:DEMO_PJAN(1.0),30/05/26 11:00:00,Annual,Number,30 years,Females,Belgium,2020,75565,,
ESTAT:DEMO_PJAN(1.0),30/05/26 11:00:00,Annual,Number,30 years,Females,Belgium,2021,77236,,
ESTAT:DEMO_PJAN(1.0),30/05/26 11:00:00,Annual,Number,30 years,Females,Belgium,2022,77511,,
ESTAT:DEMO_PJAN(1.0),30/05/26 11:00:00,Annual,Number,30 years,Females,Belgium,2023,77979,,
ESTAT:DEMO_PJAN(1.0),30/05/26 11:00:00,Annual,Number,30 years,Females,Belgium,2024,76545,,
ESTAT:DEMO_PJAN(1.0),30/05/26 11:00:00,Annual,Number,30 years,Females,Belgium,2025,74356,,
ESTAT:DEMO_PJAN(1.0),30/05/26 11:00:00,Annual,Number,30 years,Males,Belgium,2005,67847,,
ESTAT:DEMO_PJAN(1.0),30/05/26 11:00:00,Annual,Number,30 years,Males,Belgium,2006,65767,,
ESTAT:DEMO_PJAN(1.0),30/05/26 11:00:00,Annual,Number,30 years,Males,Belgium,2007,67245,,
ESTAT:DEMO_PJAN(1.0),30/05/26 11:00:00,Annual,Number,30 years,Males,Belgium,2008,68396,,
ESTAT:DEMO_PJAN(1.0),30/05/26 11:00:00,Annual,Number,30 years,Males,Belgium,2009,69841,,
ESTAT:DEMO_PJAN(1.0),30/05/26 11:00:00,Annual,Number,30 years,Males,Belgium,2010,71837,,
ESTAT:DEMO_PJAN(1.0),30/05/26 11:00:00,Annual,Number,30 years,Males,Belgium,2011,73950,,
ESTAT:DEMO_PJAN(1.0),30/05/26 11:00:00,Annual,Number,30 years,Males,Belgium,2012,73802,,
ESTAT:DEMO_PJAN(1.0),30/05/26 11:00:00,Annual,Number,30 years,Males,Belgium,2013,73141,,
ESTAT:DEMO_PJAN(1.0),30/05/26 11:00:00,Annual,Number,30 years,Males,Belgium,2014,71623,,
ESTAT:DEMO_PJAN(1.0),30/05/26 11:00:00,Annual,Number,30 years,Males,Belgium,2015,71429,,
ESTAT:DEMO_PJAN(1.0),30/05/26 11:00:00,Annual,Number,30 years,Males,Belgium,2016,71334,,
ESTAT:DEMO_PJAN(1.0),30/05/26 11:00:00,Annual,Number,30 years,Males,Belgium,2017,72999,,
ESTAT:DEMO_PJAN(1.0),30/05/26 11:00:00,Annual,Number,30 years,Males,Belgium,2018,73290,,
ESTAT:DEMO_PJAN(1.0),30/05/26 11:00:00,Annual,Number,30 years,Males,Belgium,2019,74948,,
ESTAT:DEMO_PJAN(1.0),30/05/26 11:00:00,Annual,Number,30 years,Males,Belgium,2020,76052,,
ESTAT:DEMO_PJAN(1.0),30/05/26 11:00:00,Annual,Number,30 years,Males,Belgium,2021,77469,,
ESTAT:DEMO_PJAN(1.0),30/05/26 11:00:00,Annual,Number,30 years,Males,Belgium,2022,78306,,
ESTAT:DEMO_PJAN(1.0),30/05/26 11:00:00,Annual,Number,30 years,Males,Belgium,2023,78746,,
ESTAT:DEMO_PJAN(1.0),30/05/26 11:00:00,Annual,Number,30 years,Males,Belgium,2024,77126,,
ESTAT:DEMO_PJAN(1.0),30/05/26 11:00:00,Annual,Number,30 years,Males,Belgium,2025,76224,,
ESTAT:DEMO_PJAN(1.0),30/05/26 11:00:00,Annual,Number,30 years,Total,Belgium,2005,134317,,
ESTAT:DEMO_PJAN(1.0),30/05/26 11:00:00,Annual,Number,30 years,Total,Belgium,2006,130602,,
ESTAT:DEMO_PJAN(1.0),30/05/26 11:00:00,Annual,Number,30 years,Total,Belgium,2007,133529,,
ESTAT:DEMO_PJAN(1.0),30/05/26 11:00:00,Annual,Number,30 years,Total,Belgium,2008,136305,,
ESTAT:DEMO_PJAN(1.0),30/05/26 11:00:00,Annual,Number,30 years,Total,Belgium,2009,139199,,
ESTAT:DEMO_PJAN(1.0),30/05/26 11:00:00,Annual,Number,30 years,Total,Belgium,2010,142418,,
ESTAT:DEMO_PJAN(1.0),30/05/26 11:00:00,Annual,Number,30 years,Total,Belgium,2011,147604,,
ESTAT:DEMO_PJAN(1.0),30/05/26 11:00:00,Annual,Number,30 years,Total,Belgium,2012,146725,,
ESTAT:DEMO_PJAN(1.0),30/05/26 11:00:00,Annual,Number,30 years,Total,Belgium,2013,145724,,
ESTAT:DEMO_PJAN(1.0),30/05/26 11:00:00,Annual,Number,30 years,Total,Belgium,2014,142795,,
ESTAT:DEMO_PJAN(1.0),30/05/26 11:00:00,Annual,Number,30 years,Total,Belgium,2015,143064,,
ESTAT:DEMO_PJAN(1.0),30/05/26 11:00:00,Annual,Number,30 years,Total,Belgium,2016,142763,,
ESTAT:DEMO_PJAN(1.0),30/05/26 11:00:00,Annual,Number,30 years,Total,Belgium,2017,145700,,
ESTAT:DEMO_PJAN(1.0),30/05/26 11:00:00,Annual,Number,30 years,Total,Belgium,2018,146640,,
ESTAT:DEMO_PJAN(1.0),30/05/26 11:00:00,Annual,Number,30 years,Total,Belgium,2019,150104,,
ESTAT:DEMO_PJAN(1.0),30/05/26 11:00:00,Annual,Number,30 years,Total,Belgium,2020,151617,,
ESTAT:DEMO_PJAN(1.0),30/05/26 11:00:00,Annual,Number,30 years,Total,Belgium,2021,154705,,
ESTAT:DEMO_PJAN(1.0),30/05/26 11:00:00,Annual,Number,30 years,Total,Belgium,2022,155817,,
ESTAT:DEMO_PJAN(1.0),30/05/26 11:00:00,Annual,Number,30 years,Total,Belgium,2023,156725,,
ESTAT:DEMO_PJAN(1.0),30/05/26 11:00:00,Annual,Number,30 years,Total,Belgium,2024,153671,,
ESTAT:DEMO_PJAN(1.0),30/05/26 11:00:00,Annual,Number,30 years,Total,Belgium,2025,150580,,
ESTAT:DEMO_PJAN(1.0),30/05/26 11:00:00,Annual,Number,31 years,Females,Belgium,2005,68826,,
ESTAT:DEMO_PJAN(1.0),30/05/26 11:00:00,Annual,Number,31 years,Females,Belgium,2006,67184,,
ESTAT:DEMO_PJAN(1.0),30/05/26 11:00:00,Annual,Number,31 years,Females,Belgium,2007,65561,,
ESTAT:DEMO_PJAN(1.0),30/05/26 11:00:00,Annual,Number,31 years,Females,Belgium,2008,67024,,
ESTAT:DEMO_PJAN(1.0),30/05/26 11:00:00,Annual,Number,31 years,Females,Belgium,2009,68743,,
ESTAT:DEMO_PJAN(1.0),30/05/26 11:00:00,Annual,Number,31 years,Females,Belgium,2010,70231,,
ESTAT:DEMO_PJAN(1.0),30/05/26 11:00:00,Annual,Number,31 years,Females,Belgium,2011,72077,,
ESTAT:DEMO_PJAN(1.0),30/05/26 11:00:00,Annual,Number,31 years,Females,Belgium,2012,74241,,
ESTAT:DEMO_PJAN(1.0),30/05/26 11:00:00,Annual,Number,31 years,Females,Belgium,2013,73466,,
ESTAT:DEMO_PJAN(1.0),30/05/26 11:00:00,Annual,Number,31 years,Females,Belgium,2014,72963,,
ESTAT:DEMO_PJAN(1.0),30/05/26 11:00:00,Annual,Number,31 years,Females,Belgium,2015,71678,,
ESTAT:DEMO_PJAN(1.0),30/05/26 11:00:00,Annual,Number,31 years,Females,Belgium,2016,72187,,
ESTAT:DEMO_PJAN(1.0),30/05/26 11:00:00,Annual,Number,31 years,Females,Belgium,2017,71813,,
ESTAT:DEMO_PJAN(1.0),30/05/26 11:00:00,Annual,Number,31 years,Females,Belgium,2018,73147,,
ESTAT:DEMO_PJAN(1.0),30/05/26 11:00:00,Annual,Number,31 years,Females,Belgium,2019,73868,,
ESTAT:DEMO_PJAN(1.0),30/05/26 11:00:00,Annual,Number,31 years,Females,Belgium,2020,75872,,
ESTAT:DEMO_PJAN(1.0),30/05/26 11:00:00,Annual,Number,31 years,Females,Belgium,2021,76119,,
ESTAT:DEMO_PJAN(1.0),30/05/26 11:00:00,Annual,Number,31 years,Females,Belgium,2022,77812,,
ESTAT:DEMO_PJAN(1.0),30/05/26 11:00:00,Annual,Number,31 years,Females,Belgium,2023,78922,,
ESTAT:DEMO_PJAN(1.0),30/05/26 11:00:00,Annual,Number,31 years,Females,Belgium,2024,78892,,
ESTAT:DEMO_PJAN(1.0),30/05/26 11:00:00,Annual,Number,31 years,Females,Belgium,2025,77325,,
ESTAT:DEMO_PJAN(1.0),30/05/26 11:00:00,Annual,Number,31 years,Males,Belgium,2005,70541,,
ESTAT:DEMO_PJAN(1.0),30/05/26 11:00:00,Annual,Number,31 years,Males,Belgium,2006,68454,,
ESTAT:DEMO_PJAN(1.0),30/05/26 11:00:00,Annual,Number,31 years,Males,Belgium,2007,66448,,
ESTAT:DEMO_PJAN(1.0),30/05/26 11:00:00,Annual,Number,31 years,Males,Belgium,2008,68230,,
ESTAT:DEMO_PJAN(1.0),30/05/26 11:00:00,Annual,Number,31 years,Males,Belgium,2009,69279,,
ESTAT:DEMO_PJAN(1.0),30/05/26 11:00:00,Annual,Number,31 years,Males,Belgium,2010,70668,,
ESTAT:DEMO_PJAN(1.0),30/05/26 11:00:00,Annual,Number,31 years,Males,Belgium,2011,73987,,
ESTAT:DEMO_PJAN(1.0),30/05/26 11:00:00,Annual,Number,31 years,Males,Belgium,2012,74494,,
ESTAT:DEMO_PJAN(1.0),30/05/26 11:00:00,Annual,Number,31 years,Males,Belgium,2013,74427,,
ESTAT:DEMO_PJAN(1.0),30/05/26 11:00:00,Annual,Number,31 years,Males,Belgium,2014,73392,,
ESTAT:DEMO_PJAN(1.0),30/05/26 11:00:00,Annual,Number,31 years,Males,Belgium,2015,72013,,
ESTAT:DEMO_PJAN(1.0),30/05/26 11:00:00,Annual,Number,31 years,Males,Belgium,2016,72185,,
ESTAT:DEMO_PJAN(1.0),30/05/26 11:00:00,Annual,Number,31 years,Males,Belgium,2017,71581,,
ESTAT:DEMO_PJAN(1.0),30/05/26 11:00:00,Annual,Number,31 years,Males,Belgium,2018,73490,,
ESTAT:DEMO_PJAN(1.0),30/05/26 11:00:00,Annual,Number,31 years,Males,Belgium,2019,73753,,
ESTAT:DEMO_PJAN(1.0),30/05/26 11:00:00,Annual,Number,31 years,Males,Belgium,2020,75872,,
ESTAT:DEMO_PJAN(1.0),30/05/26 11:00:00,Annual,Number,31 years,Males,Belgium,2021,76504,,
ESTAT:DEMO_PJAN(1.0),30/05/26 11:00:00,Annual,Number,31 years,Males,Belgium,2022,78020,,
ESTAT:DEMO_PJAN(1.0),30/05/26 11:00:00,Annual,Number,31 years,Males,Belgium,2023,79592,,
ESTAT:DEMO_PJAN(1.0),30/05/26 11:00:00,Annual,Number,31 years,Males,Belgium,2024,79529,,
ESTAT:DEMO_PJAN(1.0),30/05/26 11:00:00,Annual,Number,31 years,Males,Belgium,2025,77707,,
ESTAT:DEMO_PJAN(1.0),30/05/26 11:00:00,Annual,Number,31 years,Total,Belgium,2005,139367,,
ESTAT:DEMO_PJAN(1.0),30/05/26 11:00:00,Annual,Number,31 years,Total,Belgium,2006,135638,,
ESTAT:DEMO_PJAN(1.0),30/05/26 11:00:00,Annual,Number,31 years,Total,Belgium,2007,132009,,
ESTAT:DEMO_PJAN(1.0),30/05/26 11:00:00,Annual,Number,31 years,Total,Belgium,2008,135254,,
ESTAT:DEMO_PJAN(1.0),30/05/26 11:00:00,Annual,Number,31 years,Total,Belgium,2009,138022,,
ESTAT:DEMO_PJAN(1.0),30/05/26 11:00:00,Annual,Number,31 years,Total,Belgium,2010,140899,,
ESTAT:DEMO_PJAN(1.0),30/05/26 11:00:00,Annual,Number,31 years,Total,Belgium,2011,146064,,
ESTAT:DEMO_PJAN(1.0),30/05/26 11:00:00,Annual,Number,31 years,Total,Belgium,2012,148735,,
ESTAT:DEMO_PJAN(1.0),30/05/26 11:00:00,Annual,Number,31 years,Total,Belgium,2013,147893,,
ESTAT:DEMO_PJAN(1.0),30/05/26 11:00:00,Annual,Number,31 years,Total,Belgium,2014,146355,,
ESTAT:DEMO_PJAN(1.0),30/05/26 11:00:00,Annual,Number,31 years,Total,Belgium,2015,143691,,
ESTAT:DEMO_PJAN(1.0),30/05/26 11:00:00,Annual,Number,31 years,Total,Belgium,2016,144372,,
ESTAT:DEMO_PJAN(1.0),30/05/26 11:00:00,Annual,Number,31 years,Total,Belgium,2017,143394,,
ESTAT:DEMO_PJAN(1.0),30/05/26 11:00:00,Annual,Number,31 years,Total,Belgium,2018,146637,,
ESTAT:DEMO_PJAN(1.0),30/05/26 11:00:00,Annual,Number,31 years,Total,Belgium,2019,147621,,
ESTAT:DEMO_PJAN(1.0),30/05/26 11:00:00,Annual,Number,31 years,Total,Belgium,2020,151744,,
ESTAT:DEMO_PJAN(1.0),30/05/26 11:00:00,Annual,Number,31 years,Total,Belgium,2021,152623,,
ESTAT:DEMO_PJAN(1.0),30/05/26 11:00:00,Annual,Number,31 years,Total,Belgium,2022,155832,,
ESTAT:DEMO_PJAN(1.0),30/05/26 11:00:00,Annual,Number,31 years,Total,Belgium,2023,158514,,
ESTAT:DEMO_PJAN(1.0),30/05/26 11:00:00,Annual,Number,31 years,Total,Belgium,2024,158421,,
ESTAT:DEMO_PJAN(1.0),30/05/26 11:00:00,Annual,Number,31 years,Total,Belgium,2025,155032,,
ESTAT:DEMO_PJAN(1.0),30/05/26 11:00:00,Annual,Number,32 years,Females,Belgium,2005,71855,,
ESTAT:DEMO_PJAN(1.0),30/05/26 11:00:00,Annual,Number,32 years,Females,Belgium,2006,69421,,
ESTAT:DEMO_PJAN(1.0),30/05/26 11:00:00,Annual,Number,32 years,Females,Belgium,2007,67694,,
ESTAT:DEMO_PJAN(1.0),30/05/26 11:00:00,Annual,Number,32 years,Females,Belgium,2008,66292,,
ESTAT:DEMO_PJAN(1.0),30/05/26 11:00:00,Annual,Number,32 years,Females,Belgium,2009,67902,,
ESTAT:DEMO_PJAN(1.0),30/05/26 11:00:00,Annual,Number,32 years,Females,Belgium,2010,69628,,
ESTAT:DEMO_PJAN(1.0),30/05/26 11:00:00,Annual,Number,32 years,Females,Belgium,2011,71633,,
ESTAT:DEMO_PJAN(1.0),30/05/26 11:00:00,Annual,Number,32 years,Females,Belgium,2012,72576,,
ESTAT:DEMO_PJAN(1.0),30/05/26 11:00:00,Annual,Number,32 years,Females,Belgium,2013,74830,,
ESTAT:DEMO_PJAN(1.0),30/05/26 11:00:00,Annual,Number,32 years,Females,Belgium,2014,73755,,
ESTAT:DEMO_PJAN(1.0),30/05/26 11:00:00,Annual,Number,32 years,Females,Belgium,2015,73304,,
ESTAT:DEMO_PJAN(1.0),30/05/26 11:00:00,Annual,Number,32 years,Females,Belgium,2016,72147,,
ESTAT:DEMO_PJAN(1.0),30/05/26 11:00:00,Annual,Number,32 years,Females,Belgium,2017,72445,,
ESTAT:DEMO_PJAN(1.0),30/05/26 11:00:00,Annual,Number,32 years,Females,Belgium,2018,72087,,
ESTAT:DEMO_PJAN(1.0),30/05/26 11:00:00,Annual,Number,32 years,Females,Belgium,2019,73695,,
ESTAT:DEMO_PJAN(1.0),30/05/26 11:00:00,Annual,Number,32 years,Females,Belgium,2020,74569,,
ESTAT:DEMO_PJAN(1.0),30/05/26 11:00:00,Annual,Number,32 years,Females,Belgium,2021,76357,,
ESTAT:DEMO_PJAN(1.0),30/05/26 11:00:00,Annual,Number,32 years,Females,Belgium,2022,76624,,
ESTAT:DEMO_PJAN(1.0),30/05/26 11:00:00,Annual,Number,32 years,Females,Belgium,2023,79304,,
ESTAT:DEMO_PJAN(1.0),30/05/26 11:00:00,Annual,Number,32 years,Females,Belgium,2024,79631,,
ESTAT:DEMO_PJAN(1.0),30/05/26 11:00:00,Annual,Number,32 years,Females,Belgium,2025,79571,,
ESTAT:DEMO_PJAN(1.0),30/05/26 11:00:00,Annual,Number,32 years,Males,Belgium,2005,73395,,
ESTAT:DEMO_PJAN(1.0),30/05/26 11:00:00,Annual,Number,32 years,Males,Belgium,2006,71116,,
ESTAT:DEMO_PJAN(1.0),30/05/26 11:00:00,Annual,Number,32 years,Males,Belgium,2007,69112,,
ESTAT:DEMO_PJAN(1.0),30/05/26 11:00:00,Annual,Number,32 years,Males,Belgium,2008,67380,,
ESTAT:DEMO_PJAN(1.0),30/05/26 11:00:00,Annual,Number,32 years,Males,Belgium,2009,68996,,
ESTAT:DEMO_PJAN(1.0),30/05/26 11:00:00,Annual,Number,32 years,Males,Belgium,2010,70014,,
ESTAT:DEMO_PJAN(1.0),30/05/26 11:00:00,Annual,Number,32 years,Males,Belgium,2011,72935,,
ESTAT:DEMO_PJAN(1.0),30/05/26 11:00:00,Annual,Number,32 years,Males,Belgium,2012,74465,,
ESTAT:DEMO_PJAN(1.0),30/05/26 11:00:00,Annual,Number,32 years,Males,Belgium,2013,75042,,
ESTAT:DEMO_PJAN(1.0),30/05/26 11:00:00,Annual,Number,32 years,Males,Belgium,2014,74650,,
ESTAT:DEMO_PJAN(1.0),30/05/26 11:00:00,Annual,Number,32 years,Males,Belgium,2015,73676,,
ESTAT:DEMO_PJAN(1.0),30/05/26 11:00:00,Annual,Number,32 years,Males,Belgium,2016,72790,,
ESTAT:DEMO_PJAN(1.0),30/05/26 11:00:00,Annual,Number,32 years,Males,Belgium,2017,72271,,
ESTAT:DEMO_PJAN(1.0),30/05/26 11:00:00,Annual,Number,32 years,Males,Belgium,2018,71918,,
ESTAT:DEMO_PJAN(1.0),30/05/26 11:00:00,Annual,Number,32 years,Males,Belgium,2019,73988,,
ESTAT:DEMO_PJAN(1.0),30/05/26 11:00:00,Annual,Number,32 years,Males,Belgium,2020,74465,,
ESTAT:DEMO_PJAN(1.0),30/05/26 11:00:00,Annual,Number,32 years,Males,Belgium,2021,76343,,
ESTAT:DEMO_PJAN(1.0),30/05/26 11:00:00,Annual,Number,32 years,Males,Belgium,2022,76934,,
ESTAT:DEMO_PJAN(1.0),30/05/26 11:00:00,Annual,Number,32 years,Males,Belgium,2023,79270,,
ESTAT:DEMO_PJAN(1.0),30/05/26 11:00:00,Annual,Number,32 years,Males,Belgium,2024,80367,,
ESTAT:DEMO_PJAN(1.0),30/05/26 11:00:00,Annual,Number,32 years,Males,Belgium,2025,80078,,
ESTAT:DEMO_PJAN(1.0),30/05/26 11:00:00,Annual,Number,32 years,Total,Belgium,2005,145250,,
ESTAT:DEMO_PJAN(1.0),30/05/26 11:00:00,Annual,Number,32 years,Total,Belgium,2006,140537,,
ESTAT:DEMO_PJAN(1.0),30/05/26 11:00:00,Annual,Number,32 years,Total,Belgium,2007,136806,,
ESTAT:DEMO_PJAN(1.0),30/05/26 11:00:00,Annual,Number,32 years,Total,Belgium,2008,133672,,
ESTAT:DEMO_PJAN(1.0),30/05/26 11:00:00,Annual,Number,32 years,Total,Belgium,2009,136898,,
ESTAT:DEMO_PJAN(1.0),30/05/26 11:00:00,Annual,Number,32 years,Total,Belgium,2010,139642,,
ESTAT:DEMO_PJAN(1.0),30/05/26 11:00:00,Annual,Number,32 years,Total,Belgium,2011,144568,,
ESTAT:DEMO_PJAN(1.0),30/05/26 11:00:00,Annual,Number,32 years,Total,Belgium,2012,147041,,
ESTAT:DEMO_PJAN(1.0),30/05/26 11:00:00,Annual,Number,32 years,Total,Belgium,2013,149872,,
ESTAT:DEMO_PJAN(1.0),30/05/26 11:00:00,Annual,Number,32 years,Total,Belgium,2014,148405,,
ESTAT:DEMO_PJAN(1.0),30/05/26 11:00:00,Annual,Number,32 years,Total,Belgium,2015,146980,,
ESTAT:DEMO_PJAN(1.0),30/05/26 11:00:00,Annual,Number,32 years,Total,Belgium,2016,144937,,
ESTAT:DEMO_PJAN(1.0),30/05/26 11:00:00,Annual,Number,32 years,Total,Belgium,2017,144716,,
ESTAT:DEMO_PJAN(1.0),30/05/26 11:00:00,Annual,Number,32 years,Total,Belgium,2018,144005,,
ESTAT:DEMO_PJAN(1.0),30/05/26 11:00:00,Annual,Number,32 years,Total,Belgium,2019,147683,,
ESTAT:DEMO_PJAN(1.0),30/05/26 11:00:00,Annual,Number,32 years,Total,Belgium,2020,149034,,
ESTAT:DEMO_PJAN(1.0),30/05/26 11:00:00,Annual,Number,32 years,Total,Belgium,2021,152700,,
ESTAT:DEMO_PJAN(1.0),30/05/26 11:00:00,Annual,Number,32 years,Total,Belgium,2022,153558,,
ESTAT:DEMO_PJAN(1.0),30/05/26 11:00:00,Annual,Number,32 years,Total,Belgium,2023,158574,,
ESTAT:DEMO_PJAN(1.0),30/05/26 11:00:00,Annual,Number,32 years,Total,Belgium,2024,159998,,
ESTAT:DEMO_PJAN(1.0),30/05/26 11:00:00,Annual,Number,32 years,Total,Belgium,2025,159649,,
ESTAT:DEMO_PJAN(1.0),30/05/26 11:00:00,Annual,Number,33 years,Females,Belgium,2005,74225,,
ESTAT:DEMO_PJAN(1.0),30/05/26 11:00:00,Annual,Number,33 years,Females,Belgium,2006,72359,,
ESTAT:DEMO_PJAN(1.0),30/05/26 11:00:00,Annual,Number,33 years,Females,Belgium,2007,69976,,
ESTAT:DEMO_PJAN(1.0),30/05/26 11:00:00,Annual,Number,33 years,Females,Belgium,2008,68476,,
ESTAT:DEMO_PJAN(1.0),30/05/26 11:00:00,Annual,Number,33 years,Females,Belgium,2009,67068,,
ESTAT:DEMO_PJAN(1.0),30/05/26 11:00:00,Annual,Number,33 years,Females,Belgium,2010,68665,,
ESTAT:DEMO_PJAN(1.0),30/05/26 11:00:00,Annual,Number,33 years,Females,Belgium,2011,70922,,
ESTAT:DEMO_PJAN(1.0),30/05/26 11:00:00,Annual,Number,33 years,Females,Belgium,2012,72239,,
ESTAT:DEMO_PJAN(1.0),30/05/26 11:00:00,Annual,Number,33 years,Females,Belgium,2013,73009,,
ESTAT:DEMO_PJAN(1.0),30/05/26 11:00:00,Annual,Number,33 years,Females,Belgium,2014,75106,,
ESTAT:DEMO_PJAN(1.0),30/05/26 11:00:00,Annual,Number,33 years,Females,Belgium,2015,74054,,
ESTAT:DEMO_PJAN(1.0),30/05/26 11:00:00,Annual,Number,33 years,Females,Belgium,2016,73775,,
ESTAT:DEMO_PJAN(1.0),30/05/26 11:00:00,Annual,Number,33 years,Females,Belgium,2017,72317,,
ESTAT:DEMO_PJAN(1.0),30/05/26 11:00:00,Annual,Number,33 years,Females,Belgium,2018,72784,,
ESTAT:DEMO_PJAN(1.0),30/05/26 11:00:00,Annual,Number,33 years,Females,Belgium,2019,72643,,
ESTAT:DEMO_PJAN(1.0),30/05/26 11:00:00,Annual,Number,33 years,Females,Belgium,2020,74306,,
ESTAT:DEMO_PJAN(1.0),30/05/26 11:00:00,Annual,Number,33 years,Females,Belgium,2021,75037,,
ESTAT:DEMO_PJAN(1.0),30/05/26 11:00:00,Annual,Number,33 years,Females,Belgium,2022,76850,,
ESTAT:DEMO_PJAN(1.0),30/05/26 11:00:00,Annual,Number,33 years,Females,Belgium,2023,77976,,
ESTAT:DEMO_PJAN(1.0),30/05/26 11:00:00,Annual,Number,33 years,Females,Belgium,2024,80041,,
ESTAT:DEMO_PJAN(1.0),30/05/26 11:00:00,Annual,Number,33 years,Females,Belgium,2025,80248,,
ESTAT:DEMO_PJAN(1.0),30/05/26 11:00:00,Annual,Number,33 years,Males,Belgium,2005,75225,,
ESTAT:DEMO_PJAN(1.0),30/05/26 11:00:00,Annual,Number,33 years,Males,Belgium,2006,73792,,
ESTAT:DEMO_PJAN(1.0),30/05/26 11:00:00,Annual,Number,33 years,Males,Belgium,2007,71787,,
ESTAT:DEMO_PJAN(1.0),30/05/26 11:00:00,Annual,Number,33 years,Males,Belgium,2008,69880,,
ESTAT:DEMO_PJAN(1.0),30/05/26 11:00:00,Annual,Number,33 years,Males,Belgium,2009,68161,,
ESTAT:DEMO_PJAN(1.0),30/05/26 11:00:00,Annual,Number,33 years,Males,Belgium,2010,69769,,
ESTAT:DEMO_PJAN(1.0),30/05/26 11:00:00,Annual,Number,33 years,Males,Belgium,2011,72053,,
ESTAT:DEMO_PJAN(1.0),30/05/26 11:00:00,Annual,Number,33 years,Males,Belgium,2012,73347,,
ESTAT:DEMO_PJAN(1.0),30/05/26 11:00:00,Annual,Number,33 years,Males,Belgium,2013,74927,,
ESTAT:DEMO_PJAN(1.0),30/05/26 11:00:00,Annual,Number,33 years,Males,Belgium,2014,75229,,
ESTAT:DEMO_PJAN(1.0),30/05/26 11:00:00,Annual,Number,33 years,Males,Belgium,2015,74879,,
ESTAT:DEMO_PJAN(1.0),30/05/26 11:00:00,Annual,Number,33 years,Males,Belgium,2016,74327,,
ESTAT:DEMO_PJAN(1.0),30/05/26 11:00:00,Annual,Number,33 years,Males,Belgium,2017,72967,,
ESTAT:DEMO_PJAN(1.0),30/05/26 11:00:00,Annual,Number,33 years,Males,Belgium,2018,72618,,
ESTAT:DEMO_PJAN(1.0),30/05/26 11:00:00,Annual,Number,33 years,Males,Belgium,2019,72481,,
ESTAT:DEMO_PJAN(1.0),30/05/26 11:00:00,Annual,Number,33 years,Males,Belgium,2020,74573,,
ESTAT:DEMO_PJAN(1.0),30/05/26 11:00:00,Annual,Number,33 years,Males,Belgium,2021,74982,,
ESTAT:DEMO_PJAN(1.0),30/05/26 11:00:00,Annual,Number,33 years,Males,Belgium,2022,76746,,
ESTAT:DEMO_PJAN(1.0),30/05/26 11:00:00,Annual,Number,33 years,Males,Belgium,2023,78085,,
ESTAT:DEMO_PJAN(1.0),30/05/26 11:00:00,Annual,Number,33 years,Males,Belgium,2024,80021,,
ESTAT:DEMO_PJAN(1.0),30/05/26 11:00:00,Annual,Number,33 years,Males,Belgium,2025,80860,,
ESTAT:DEMO_PJAN(1.0),30/05/26 11:00:00,Annual,Number,33 years,Total,Belgium,2005,149450,,
ESTAT:DEMO_PJAN(1.0),30/05/26 11:00:00,Annual,Number,33 years,Total,Belgium,2006,146151,,
ESTAT:DEMO_PJAN(1.0),30/05/26 11:00:00,Annual,Number,33 years,Total,Belgium,2007,141763,,
ESTAT:DEMO_PJAN(1.0),30/05/26 11:00:00,Annual,Number,33 years,Total,Belgium,2008,138356,,
ESTAT:DEMO_PJAN(1.0),30/05/26 11:00:00,Annual,Number,33 years,Total,Belgium,2009,135229,,
ESTAT:DEMO_PJAN(1.0),30/05/26 11:00:00,Annual,Number,33 years,Total,Belgium,2010,138434,,
ESTAT:DEMO_PJAN(1.0),30/05/26 11:00:00,Annual,Number,33 years,Total,Belgium,2011,142975,,
ESTAT:DEMO_PJAN(1.0),30/05/26 11:00:00,Annual,Number,33 years,Total,Belgium,2012,145586,,
ESTAT:DEMO_PJAN(1.0),30/05/26 11:00:00,Annual,Number,33 years,Total,Belgium,2013,147936,,
ESTAT:DEMO_PJAN(1.0),30/05/26 11:00:00,Annual,Number,33 years,Total,Belgium,2014,150335,,
ESTAT:DEMO_PJAN(1.0),30/05/26 11:00:00,Annual,Number,33 years,Total,Belgium,2015,148933,,
ESTAT:DEMO_PJAN(1.0),30/05/26 11:00:00,Annual,Number,33 years,Total,Belgium,2016,148102,,
ESTAT:DEMO_PJAN(1.0),30/05/26 11:00:00,Annual,Number,33 years,Total,Belgium,2017,145284,,
ESTAT:DEMO_PJAN(1.0),30/05/26 11:00:00,Annual,Number,33 years,Total,Belgium,2018,145402,,
ESTAT:DEMO_PJAN(1.0),30/05/26 11:00:00,Annual,Number,33 years,Total,Belgium,2019,145124,,
ESTAT:DEMO_PJAN(1.0),30/05/26 11:00:00,Annual,Number,33 years,Total,Belgium,2020,148879,,
ESTAT:DEMO_PJAN(1.0),30/05/26 11:00:00,Annual,Number,33 years,Total,Belgium,2021,150019,,
ESTAT:DEMO_PJAN(1.0),30/05/26 11:00:00,Annual,Number,33 years,Total,Belgium,2022,153596,,
ESTAT:DEMO_PJAN(1.0),30/05/26 11:00:00,Annual,Number,33 years,Total,Belgium,2023,156061,,
ESTAT:DEMO_PJAN(1.0),30/05/26 11:00:00,Annual,Number,33 years,Total,Belgium,2024,160062,,
ESTAT:DEMO_PJAN(1.0),30/05/26 11:00:00,Annual,Number,33 years,Total,Belgium,2025,161108,,
ESTAT:DEMO_PJAN(1.0),30/05/26 11:00:00,Annual,Number,34 years,Females,Belgium,2005,74553,,
ESTAT:DEMO_PJAN(1.0),30/05/26 11:00:00,Annual,Number,34 years,Females,Belgium,2006,74730,,
ESTAT:DEMO_PJAN(1.0),30/05/26 11:00:00,Annual,Number,34 years,Females,Belgium,2007,72908,,
ESTAT:DEMO_PJAN(1.0),30/05/26 11:00:00,Annual,Number,34 years,Females,Belgium,2008,70574,,
ESTAT:DEMO_PJAN(1.0),30/05/26 11:00:00,Annual,Number,34 years,Females,Belgium,2009,69131,,
ESTAT:DEMO_PJAN(1.0),30/05/26 11:00:00,Annual,Number,34 years,Females,Belgium,2010,67751,,
ESTAT:DEMO_PJAN(1.0),30/05/26 11:00:00,Annual,Number,34 years,Females,Belgium,2011,69921,,
ESTAT:DEMO_PJAN(1.0),30/05/26 11:00:00,Annual,Number,34 years,Females,Belgium,2012,71441,,
ESTAT:DEMO_PJAN(1.0),30/05/26 11:00:00,Annual,Number,34 years,Females,Belgium,2013,72663,,
ESTAT:DEMO_PJAN(1.0),30/05/26 11:00:00,Annual,Number,34 years,Females,Belgium,2014,73271,,
ESTAT:DEMO_PJAN(1.0),30/05/26 11:00:00,Annual,Number,34 years,Females,Belgium,2015,75558,,
ESTAT:DEMO_PJAN(1.0),30/05/26 11:00:00,Annual,Number,34 years,Females,Belgium,2016,74497,,
ESTAT:DEMO_PJAN(1.0),30/05/26 11:00:00,Annual,Number,34 years,Females,Belgium,2017,74106,,
ESTAT:DEMO_PJAN(1.0),30/05/26 11:00:00,Annual,Number,34 years,Females,Belgium,2018,72636,,
ESTAT:DEMO_PJAN(1.0),30/05/26 11:00:00,Annual,Number,34 years,Females,Belgium,2019,73252,,
ESTAT:DEMO_PJAN(1.0),30/05/26 11:00:00,Annual,Number,34 years,Females,Belgium,2020,73174,,
ESTAT:DEMO_PJAN(1.0),30/05/26 11:00:00,Annual,Number,34 years,Females,Belgium,2021,74744,,
ESTAT:DEMO_PJAN(1.0),30/05/26 11:00:00,Annual,Number,34 years,Females,Belgium,2022,75515,,
ESTAT:DEMO_PJAN(1.0),30/05/26 11:00:00,Annual,Number,34 years,Females,Belgium,2023,78266,,
ESTAT:DEMO_PJAN(1.0),30/05/26 11:00:00,Annual,Number,34 years,Females,Belgium,2024,78672,,
ESTAT:DEMO_PJAN(1.0),30/05/26 11:00:00,Annual,Number,34 years,Females,Belgium,2025,80671,,
ESTAT:DEMO_PJAN(1.0),30/05/26 11:00:00,Annual,Number,34 years,Males,Belgium,2005,76560,,
ESTAT:DEMO_PJAN(1.0),30/05/26 11:00:00,Annual,Number,34 years,Males,Belgium,2006,75737,,
ESTAT:DEMO_PJAN(1.0),30/05/26 11:00:00,Annual,Number,34 years,Males,Belgium,2007,74366,,
ESTAT:DEMO_PJAN(1.0),30/05/26 11:00:00,Annual,Number,34 years,Males,Belgium,2008,72440,,
ESTAT:DEMO_PJAN(1.0),30/05/26 11:00:00,Annual,Number,34 years,Males,Belgium,2009,70671,,
ESTAT:DEMO_PJAN(1.0),30/05/26 11:00:00,Annual,Number,34 years,Males,Belgium,2010,68912,,
ESTAT:DEMO_PJAN(1.0),30/05/26 11:00:00,Annual,Number,34 years,Males,Belgium,2011,71803,,
ESTAT:DEMO_PJAN(1.0),30/05/26 11:00:00,Annual,Number,34 years,Males,Belgium,2012,72440,,
ESTAT:DEMO_PJAN(1.0),30/05/26 11:00:00,Annual,Number,34 years,Males,Belgium,2013,73700,,
ESTAT:DEMO_PJAN(1.0),30/05/26 11:00:00,Annual,Number,34 years,Males,Belgium,2014,75099,,
ESTAT:DEMO_PJAN(1.0),30/05/26 11:00:00,Annual,Number,34 years,Males,Belgium,2015,75504,,
ESTAT:DEMO_PJAN(1.0),30/05/26 11:00:00,Annual,Number,34 years,Males,Belgium,2016,75479,,
ESTAT:DEMO_PJAN(1.0),30/05/26 11:00:00,Annual,Number,34 years,Males,Belgium,2017,74261,,
ESTAT:DEMO_PJAN(1.0),30/05/26 11:00:00,Annual,Number,34 years,Males,Belgium,2018,73229,,
ESTAT:DEMO_PJAN(1.0),30/05/26 11:00:00,Annual,Number,34 years,Males,Belgium,2019,72996,,
ESTAT:DEMO_PJAN(1.0),30/05/26 11:00:00,Annual,Number,34 years,Males,Belgium,2020,73089,,
ESTAT:DEMO_PJAN(1.0),30/05/26 11:00:00,Annual,Number,34 years,Males,Belgium,2021,75014,,
ESTAT:DEMO_PJAN(1.0),30/05/26 11:00:00,Annual,Number,34 years,Males,Belgium,2022,75382,,
ESTAT:DEMO_PJAN(1.0),30/05/26 11:00:00,Annual,Number,34 years,Males,Belgium,2023,77983,,
ESTAT:DEMO_PJAN(1.0),30/05/26 11:00:00,Annual,Number,34 years,Males,Belgium,2024,78818,,
ESTAT:DEMO_PJAN(1.0),30/05/26 11:00:00,Annual,Number,34 years,Males,Belgium,2025,80589,,
ESTAT:DEMO_PJAN(1.0),30/05/26 11:00:00,Annual,Number,34 years,Total,Belgium,2005,151113,,
ESTAT:DEMO_PJAN(1.0),30/05/26 11:00:00,Annual,Number,34 years,Total,Belgium,2006,150467,,
ESTAT:DEMO_PJAN(1.0),30/05/26 11:00:00,Annual,Number,34 years,Total,Belgium,2007,147274,,
ESTAT:DEMO_PJAN(1.0),30/05/26 11:00:00,Annual,Number,34 years,Total,Belgium,2008,143014,,
ESTAT:DEMO_PJAN(1.0),30/05/26 11:00:00,Annual,Number,34 years,Total,Belgium,2009,139802,,
ESTAT:DEMO_PJAN(1.0),30/05/26 11:00:00,Annual,Number,34 years,Total,Belgium,2010,136663,,
ESTAT:DEMO_PJAN(1.0),30/05/26 11:00:00,Annual,Number,34 years,Total,Belgium,2011,141724,,
ESTAT:DEMO_PJAN(1.0),30/05/26 11:00:00,Annual,Number,34 years,Total,Belgium,2012,143881,,
ESTAT:DEMO_PJAN(1.0),30/05/26 11:00:00,Annual,Number,34 years,Total,Belgium,2013,146363,,
ESTAT:DEMO_PJAN(1.0),30/05/26 11:00:00,Annual,Number,34 years,Total,Belgium,2014,148370,,
ESTAT:DEMO_PJAN(1.0),30/05/26 11:00:00,Annual,Number,34 years,Total,Belgium,2015,151062,,
ESTAT:DEMO_PJAN(1.0),30/05/26 11:00:00,Annual,Number,34 years,Total,Belgium,2016,149976,,
ESTAT:DEMO_PJAN(1.0),30/05/26 11:00:00,Annual,Number,34 years,Total,Belgium,2017,148367,,
ESTAT:DEMO_PJAN(1.0),30/05/26 11:00:00,Annual,Number,34 years,Total,Belgium,2018,145865,,
ESTAT:DEMO_PJAN(1.0),30/05/26 11:00:00,Annual,Number,34 years,Total,Belgium,2019,146248,,
ESTAT:DEMO_PJAN(1.0),30/05/26 11:00:00,Annual,Number,34 years,Total,Belgium,2020,146263,,
ESTAT:DEMO_PJAN(1.0),30/05/26 11:00:00,Annual,Number,34 years,Total,Belgium,2021,149758,,
ESTAT:DEMO_PJAN(1.0),30/05/26 11:00:00,Annual,Number,34 years,Total,Belgium,2022,150897,,
ESTAT:DEMO_PJAN(1.0),30/05/26 11:00:00,Annual,Number,34 years,Total,Belgium,2023,156249,,
ESTAT:DEMO_PJAN(1.0),30/05/26 11:00:00,Annual,Number,34 years,Total,Belgium,2024,157490,,
ESTAT:DEMO_PJAN(1.0),30/05/26 11:00:00,Annual,Number,34 years,Total,Belgium,2025,161260,,
ESTAT:DEMO_PJAN(1.0),30/05/26 11:00:00,Annual,Number,35 years,Females,Belgium,2005,74516,,
ESTAT:DEMO_PJAN(1.0),30/05/26 11:00:00,Annual,Number,35 years,Females,Belgium,2006,75067,,
ESTAT:DEMO_PJAN(1.0),30/05/26 11:00:00,Annual,Number,35 years,Females,Belgium,2007,75128,,
ESTAT:DEMO_PJAN(1.0),30/05/26 11:00:00,Annual,Number,35 years,Females,Belgium,2008,73664,,
ESTAT:DEMO_PJAN(1.0),30/05/26 11:00:00,Annual,Number,35 years,Females,Belgium,2009,71152,,
ESTAT:DEMO_PJAN(1.0),30/05/26 11:00:00,Annual,Number,35 years,Females,Belgium,2010,69859,,
ESTAT:DEMO_PJAN(1.0),30/05/26 11:00:00,Annual,Number,35 years,Females,Belgium,2011,68945,,
ESTAT:DEMO_PJAN(1.0),30/05/26 11:00:00,Annual,Number,35 years,Females,Belgium,2012,70404,,
ESTAT:DEMO_PJAN(1.0),30/05/26 11:00:00,Annual,Number,35 years,Females,Belgium,2013,71805,,
ESTAT:DEMO_PJAN(1.0),30/05/26 11:00:00,Annual,Number,35 years,Females,Belgium,2014,72906,,
ESTAT:DEMO_PJAN(1.0),30/05/26 11:00:00,Annual,Number,35 years,Females,Belgium,2015,73607,,
ESTAT:DEMO_PJAN(1.0),30/05/26 11:00:00,Annual,Number,35 years,Females,Belgium,2016,75925,,
ESTAT:DEMO_PJAN(1.0),30/05/26 11:00:00,Annual,Number,35 years,Females,Belgium,2017,74755,,
ESTAT:DEMO_PJAN(1.0),30/05/26 11:00:00,Annual,Number,35 years,Females,Belgium,2018,74414,,
ESTAT:DEMO_PJAN(1.0),30/05/26 11:00:00,Annual,Number,35 years,Females,Belgium,2019,73002,,
ESTAT:DEMO_PJAN(1.0),30/05/26 11:00:00,Annual,Number,35 years,Females,Belgium,2020,73823,,
ESTAT:DEMO_PJAN(1.0),30/05/26 11:00:00,Annual,Number,35 years,Females,Belgium,2021,73586,,
ESTAT:DEMO_PJAN(1.0),30/05/26 11:00:00,Annual,Number,35 years,Females,Belgium,2022,75269,,
ESTAT:DEMO_PJAN(1.0),30/05/26 11:00:00,Annual,Number,35 years,Females,Belgium,2023,76877,,
ESTAT:DEMO_PJAN(1.0),30/05/26 11:00:00,Annual,Number,35 years,Females,Belgium,2024,78976,,
ESTAT:DEMO_PJAN(1.0),30/05/26 11:00:00,Annual,Number,35 years,Females,Belgium,2025,79270,,
ESTAT:DEMO_PJAN(1.0),30/05/26 11:00:00,Annual,Number,35 years,Males,Belgium,2005,76273,,
ESTAT:DEMO_PJAN(1.0),30/05/26 11:00:00,Annual,Number,35 years,Males,Belgium,2006,77046,,
ESTAT:DEMO_PJAN(1.0),30/05/26 11:00:00,Annual,Number,35 years,Males,Belgium,2007,76337,,
ESTAT:DEMO_PJAN(1.0),30/05/26 11:00:00,Annual,Number,35 years,Males,Belgium,2008,74979,,
ESTAT:DEMO_PJAN(1.0),30/05/26 11:00:00,Annual,Number,35 years,Males,Belgium,2009,73036,,
ESTAT:DEMO_PJAN(1.0),30/05/26 11:00:00,Annual,Number,35 years,Males,Belgium,2010,71328,,
ESTAT:DEMO_PJAN(1.0),30/05/26 11:00:00,Annual,Number,35 years,Males,Belgium,2011,70813,,
ESTAT:DEMO_PJAN(1.0),30/05/26 11:00:00,Annual,Number,35 years,Males,Belgium,2012,72065,,
ESTAT:DEMO_PJAN(1.0),30/05/26 11:00:00,Annual,Number,35 years,Males,Belgium,2013,72821,,
ESTAT:DEMO_PJAN(1.0),30/05/26 11:00:00,Annual,Number,35 years,Males,Belgium,2014,73709,,
ESTAT:DEMO_PJAN(1.0),30/05/26 11:00:00,Annual,Number,35 years,Males,Belgium,2015,75321,,
ESTAT:DEMO_PJAN(1.0),30/05/26 11:00:00,Annual,Number,35 years,Males,Belgium,2016,76113,,
ESTAT:DEMO_PJAN(1.0),30/05/26 11:00:00,Annual,Number,35 years,Males,Belgium,2017,75499,,
ESTAT:DEMO_PJAN(1.0),30/05/26 11:00:00,Annual,Number,35 years,Males,Belgium,2018,74526,,
ESTAT:DEMO_PJAN(1.0),30/05/26 11:00:00,Annual,Number,35 years,Males,Belgium,2019,73509,,
ESTAT:DEMO_PJAN(1.0),30/05/26 11:00:00,Annual,Number,35 years,Males,Belgium,2020,73550,,
ESTAT:DEMO_PJAN(1.0),30/05/26 11:00:00,Annual,Number,35 years,Males,Belgium,2021,73388,,
ESTAT:DEMO_PJAN(1.0),30/05/26 11:00:00,Annual,Number,35 years,Males,Belgium,2022,75406,,
ESTAT:DEMO_PJAN(1.0),30/05/26 11:00:00,Annual,Number,35 years,Males,Belgium,2023,76392,,
ESTAT:DEMO_PJAN(1.0),30/05/26 11:00:00,Annual,Number,35 years,Males,Belgium,2024,78666,,
ESTAT:DEMO_PJAN(1.0),30/05/26 11:00:00,Annual,Number,35 years,Males,Belgium,2025,79366,,
ESTAT:DEMO_PJAN(1.0),30/05/26 11:00:00,Annual,Number,35 years,Total,Belgium,2005,150789,,
ESTAT:DEMO_PJAN(1.0),30/05/26 11:00:00,Annual,Number,35 years,Total,Belgium,2006,152113,,
ESTAT:DEMO_PJAN(1.0),30/05/26 11:00:00,Annual,Number,35 years,Total,Belgium,2007,151465,,
ESTAT:DEMO_PJAN(1.0),30/05/26 11:00:00,Annual,Number,35 years,Total,Belgium,2008,148643,,
ESTAT:DEMO_PJAN(1.0),30/05/26 11:00:00,Annual,Number,35 years,Total,Belgium,2009,144188,,
ESTAT:DEMO_PJAN(1.0),30/05/26 11:00:00,Annual,Number,35 years,Total,Belgium,2010,141187,,
ESTAT:DEMO_PJAN(1.0),30/05/26 11:00:00,Annual,Number,35 years,Total,Belgium,2011,139758,,
ESTAT:DEMO_PJAN(1.0),30/05/26 11:00:00,Annual,Number,35 years,Total,Belgium,2012,142469,,
ESTAT:DEMO_PJAN(1.0),30/05/26 11:00:00,Annual,Number,35 years,Total,Belgium,2013,144626,,
ESTAT:DEMO_PJAN(1.0),30/05/26 11:00:00,Annual,Number,35 years,Total,Belgium,2014,146615,,
ESTAT:DEMO_PJAN(1.0),30/05/26 11:00:00,Annual,Number,35 years,Total,Belgium,2015,148928,,
ESTAT:DEMO_PJAN(1.0),30/05/26 11:00:00,Annual,Number,35 years,Total,Belgium,2016,152038,,
ESTAT:DEMO_PJAN(1.0),30/05/26 11:00:00,Annual,Number,35 years,Total,Belgium,2017,150254,,
ESTAT:DEMO_PJAN(1.0),30/05/26 11:00:00,Annual,Number,35 years,Total,Belgium,2018,148940,,
ESTAT:DEMO_PJAN(1.0),30/05/26 11:00:00,Annual,Number,35 years,Total,Belgium,2019,146511,,
ESTAT:DEMO_PJAN(1.0),30/05/26 11:00:00,Annual,Number,35 years,Total,Belgium,2020,147373,,
ESTAT:DEMO_PJAN(1.0),30/05/26 11:00:00,Annual,Number,35 years,Total,Belgium,2021,146974,,
ESTAT:DEMO_PJAN(1.0),30/05/26 11:00:00,Annual,Number,35 years,Total,Belgium,2022,150675,,
ESTAT:DEMO_PJAN(1.0),30/05/26 11:00:00,Annual,Number,35 years,Total,Belgium,2023,153269,,
ESTAT:DEMO_PJAN(1.0),30/05/26 11:00:00,Annual,Number,35 years,Total,Belgium,2024,157642,,
ESTAT:DEMO_PJAN(1.0),30/05/26 11:00:00,Annual,Number,35 years,Total,Belgium,2025,158636,,
ESTAT:DEMO_PJAN(1.0),30/05/26 11:00:00,Annual,Number,36 years,Females,Belgium,2005,74464,,
ESTAT:DEMO_PJAN(1.0),30/05/26 11:00:00,Annual,Number,36 years,Females,Belgium,2006,74927,,
ESTAT:DEMO_PJAN(1.0),30/05/26 11:00:00,Annual,Number,36 years,Females,Belgium,2007,75522,,
ESTAT:DEMO_PJAN(1.0),30/05/26 11:00:00,Annual,Number,36 years,Females,Belgium,2008,75665,,
ESTAT:DEMO_PJAN(1.0),30/05/26 11:00:00,Annual,Number,36 years,Females,Belgium,2009,74177,,
ESTAT:DEMO_PJAN(1.0),30/05/26 11:00:00,Annual,Number,36 years,Females,Belgium,2010,71748,,
ESTAT:DEMO_PJAN(1.0),30/05/26 11:00:00,Annual,Number,36 years,Females,Belgium,2011,70877,,
ESTAT:DEMO_PJAN(1.0),30/05/26 11:00:00,Annual,Number,36 years,Females,Belgium,2012,69403,,
ESTAT:DEMO_PJAN(1.0),30/05/26 11:00:00,Annual,Number,36 years,Females,Belgium,2013,70793,,
ESTAT:DEMO_PJAN(1.0),30/05/26 11:00:00,Annual,Number,36 years,Females,Belgium,2014,71974,,
ESTAT:DEMO_PJAN(1.0),30/05/26 11:00:00,Annual,Number,36 years,Females,Belgium,2015,73240,,
ESTAT:DEMO_PJAN(1.0),30/05/26 11:00:00,Annual,Number,36 years,Females,Belgium,2016,74021,,
ESTAT:DEMO_PJAN(1.0),30/05/26 11:00:00,Annual,Number,36 years,Females,Belgium,2017,76125,,
ESTAT:DEMO_PJAN(1.0),30/05/26 11:00:00,Annual,Number,36 years,Females,Belgium,2018,75060,,
ESTAT:DEMO_PJAN(1.0),30/05/26 11:00:00,Annual,Number,36 years,Females,Belgium,2019,74845,,
ESTAT:DEMO_PJAN(1.0),30/05/26 11:00:00,Annual,Number,36 years,Females,Belgium,2020,73562,,
ESTAT:DEMO_PJAN(1.0),30/05/26 11:00:00,Annual,Number,36 years,Females,Belgium,2021,74267,,
ESTAT:DEMO_PJAN(1.0),30/05/26 11:00:00,Annual,Number,36 years,Females,Belgium,2022,74086,,
ESTAT:DEMO_PJAN(1.0),30/05/26 11:00:00,Annual,Number,36 years,Females,Belgium,2023,76556,,
ESTAT:DEMO_PJAN(1.0),30/05/26 11:00:00,Annual,Number,36 years,Females,Belgium,2024,77559,,
ESTAT:DEMO_PJAN(1.0),30/05/26 11:00:00,Annual,Number,36 years,Females,Belgium,2025,79525,,
ESTAT:DEMO_PJAN(1.0),30/05/26 11:00:00,Annual,Number,36 years,Males,Belgium,2005,76220,,
ESTAT:DEMO_PJAN(1.0),30/05/26 11:00:00,Annual,Number,36 years,Males,Belgium,2006,76729,,
ESTAT:DEMO_PJAN(1.0),30/05/26 11:00:00,Annual,Number,36 years,Males,Belgium,2007,77618,,
ESTAT:DEMO_PJAN(1.0),30/05/26 11:00:00,Annual,Number,36 years,Males,Belgium,2008,76890,,
ESTAT:DEMO_PJAN(1.0),30/05/26 11:00:00,Annual,Number,36 years,Males,Belgium,2009,75581,,
ESTAT:DEMO_PJAN(1.0),30/05/26 11:00:00,Annual,Number,36 years,Males,Belgium,2010,73651,,
ESTAT:DEMO_PJAN(1.0),30/05/26 11:00:00,Annual,Number,36 years,Males,Belgium,2011,73090,,
ESTAT:DEMO_PJAN(1.0),30/05/26 11:00:00,Annual,Number,36 years,Males,Belgium,2012,71183,,
ESTAT:DEMO_PJAN(1.0),30/05/26 11:00:00,Annual,Number,36 years,Males,Belgium,2013,72385,,
ESTAT:DEMO_PJAN(1.0),30/05/26 11:00:00,Annual,Number,36 years,Males,Belgium,2014,72952,,
ESTAT:DEMO_PJAN(1.0),30/05/26 11:00:00,Annual,Number,36 years,Males,Belgium,2015,73930,,
ESTAT:DEMO_PJAN(1.0),30/05/26 11:00:00,Annual,Number,36 years,Males,Belgium,2016,75758,,
ESTAT:DEMO_PJAN(1.0),30/05/26 11:00:00,Annual,Number,36 years,Males,Belgium,2017,76034,,
ESTAT:DEMO_PJAN(1.0),30/05/26 11:00:00,Annual,Number,36 years,Males,Belgium,2018,75816,,
ESTAT:DEMO_PJAN(1.0),30/05/26 11:00:00,Annual,Number,36 years,Males,Belgium,2019,74900,,
ESTAT:DEMO_PJAN(1.0),30/05/26 11:00:00,Annual,Number,36 years,Males,Belgium,2020,73892,,
ESTAT:DEMO_PJAN(1.0),30/05/26 11:00:00,Annual,Number,36 years,Males,Belgium,2021,73937,,
ESTAT:DEMO_PJAN(1.0),30/05/26 11:00:00,Annual,Number,36 years,Males,Belgium,2022,73816,,
ESTAT:DEMO_PJAN(1.0),30/05/26 11:00:00,Annual,Number,36 years,Males,Belgium,2023,76470,,
ESTAT:DEMO_PJAN(1.0),30/05/26 11:00:00,Annual,Number,36 years,Males,Belgium,2024,77071,,
ESTAT:DEMO_PJAN(1.0),30/05/26 11:00:00,Annual,Number,36 years,Males,Belgium,2025,79154,,
ESTAT:DEMO_PJAN(1.0),30/05/26 11:00:00,Annual,Number,36 years,Total,Belgium,2005,150684,,
ESTAT:DEMO_PJAN(1.0),30/05/26 11:00:00,Annual,Number,36 years,Total,Belgium,2006,151656,,
ESTAT:DEMO_PJAN(1.0),30/05/26 11:00:00,Annual,Number,36 years,Total,Belgium,2007,153140,,
ESTAT:DEMO_PJAN(1.0),30/05/26 11:00:00,Annual,Number,36 years,Total,Belgium,2008,152555,,
ESTAT:DEMO_PJAN(1.0),30/05/26 11:00:00,Annual,Number,36 years,Total,Belgium,2009,149758,,
ESTAT:DEMO_PJAN(1.0),30/05/26 11:00:00,Annual,Number,36 years,Total,Belgium,2010,145399,,
ESTAT:DEMO_PJAN(1.0),30/05/26 11:00:00,Annual,Number,36 years,Total,Belgium,2011,143967,,
ESTAT:DEMO_PJAN(1.0),30/05/26 11:00:00,Annual,Number,36 years,Total,Belgium,2012,140586,,
ESTAT:DEMO_PJAN(1.0),30/05/26 11:00:00,Annual,Number,36 years,Total,Belgium,2013,143178,,
ESTAT:DEMO_PJAN(1.0),30/05/26 11:00:00,Annual,Number,36 years,Total,Belgium,2014,144926,,
ESTAT:DEMO_PJAN(1.0),30/05/26 11:00:00,Annual,Number,36 years,Total,Belgium,2015,147170,,
ESTAT:DEMO_PJAN(1.0),30/05/26 11:00:00,Annual,Number,36 years,Total,Belgium,2016,149779,,
ESTAT:DEMO_PJAN(1.0),30/05/26 11:00:00,Annual,Number,36 years,Total,Belgium,2017,152159,,
ESTAT:DEMO_PJAN(1.0),30/05/26 11:00:00,Annual,Number,36 years,Total,Belgium,2018,150876,,
ESTAT:DEMO_PJAN(1.0),30/05/26 11:00:00,Annual,Number,36 years,Total,Belgium,2019,149745,,
ESTAT:DEMO_PJAN(1.0),30/05/26 11:00:00,Annual,Number,36 years,Total,Belgium,2020,147454,,
ESTAT:DEMO_PJAN(1.0),30/05/26 11:00:00,Annual,Number,36 years,Total,Belgium,2021,148204,,
ESTAT:DEMO_PJAN(1.0),30/05/26 11:00:00,Annual,Number,36 years,Total,Belgium,2022,147902,,
ESTAT:DEMO_PJAN(1.0),30/05/26 11:00:00,Annual,Number,36 years,Total,Belgium,2023,153026,,
ESTAT:DEMO_PJAN(1.0),30/05/26 11:00:00,Annual,Number,36 years,Total,Belgium,2024,154630,,
ESTAT:DEMO_PJAN(1.0),30/05/26 11:00:00,Annual,Number,36 years,Total,Belgium,2025,158679,,
ESTAT:DEMO_PJAN(1.0),30/05/26 11:00:00,Annual,Number,37 years,Females,Belgium,2005,74977,,
ESTAT:DEMO_PJAN(1.0),30/05/26 11:00:00,Annual,Number,37 years,Females,Belgium,2006,74845,,
ESTAT:DEMO_PJAN(1.0),30/05/26 11:00:00,Annual,Number,37 years,Females,Belgium,2007,75242,,
ESTAT:DEMO_PJAN(1.0),30/05/26 11:00:00,Annual,Number,37 years,Females,Belgium,2008,76019,,
ESTAT:DEMO_PJAN(1.0),30/05/26 11:00:00,Annual,Number,37 years,Females,Belgium,2009,76072,,
ESTAT:DEMO_PJAN(1.0),30/05/26 11:00:00,Annual,Number,37 years,Females,Belgium,2010,74745,,
ESTAT:DEMO_PJAN(1.0),30/05/26 11:00:00,Annual,Number,37 years,Females,Belgium,2011,72692,,
ESTAT:DEMO_PJAN(1.0),30/05/26 11:00:00,Annual,Number,37 years,Females,Belgium,2012,71202,,
ESTAT:DEMO_PJAN(1.0),30/05/26 11:00:00,Annual,Number,37 years,Females,Belgium,2013,69791,,
ESTAT:DEMO_PJAN(1.0),30/05/26 11:00:00,Annual,Number,37 years,Females,Belgium,2014,71032,,
ESTAT:DEMO_PJAN(1.0),30/05/26 11:00:00,Annual,Number,37 years,Females,Belgium,2015,72258,,
ESTAT:DEMO_PJAN(1.0),30/05/26 11:00:00,Annual,Number,37 years,Females,Belgium,2016,73630,,
ESTAT:DEMO_PJAN(1.0),30/05/26 11:00:00,Annual,Number,37 years,Females,Belgium,2017,74186,,
ESTAT:DEMO_PJAN(1.0),30/05/26 11:00:00,Annual,Number,37 years,Females,Belgium,2018,76384,,
ESTAT:DEMO_PJAN(1.0),30/05/26 11:00:00,Annual,Number,37 years,Females,Belgium,2019,75349,,
ESTAT:DEMO_PJAN(1.0),30/05/26 11:00:00,Annual,Number,37 years,Females,Belgium,2020,75314,,
ESTAT:DEMO_PJAN(1.0),30/05/26 11:00:00,Annual,Number,37 years,Females,Belgium,2021,73972,,
ESTAT:DEMO_PJAN(1.0),30/05/26 11:00:00,Annual,Number,37 years,Females,Belgium,2022,74581,,
ESTAT:DEMO_PJAN(1.0),30/05/26 11:00:00,Annual,Number,37 years,Females,Belgium,2023,75339,,
ESTAT:DEMO_PJAN(1.0),30/05/26 11:00:00,Annual,Number,37 years,Females,Belgium,2024,77201,,
ESTAT:DEMO_PJAN(1.0),30/05/26 11:00:00,Annual,Number,37 years,Females,Belgium,2025,78054,,
ESTAT:DEMO_PJAN(1.0),30/05/26 11:00:00,Annual,Number,37 years,Males,Belgium,2005,77637,,
ESTAT:DEMO_PJAN(1.0),30/05/26 11:00:00,Annual,Number,37 years,Males,Belgium,2006,76567,,
ESTAT:DEMO_PJAN(1.0),30/05/26 11:00:00,Annual,Number,37 years,Males,Belgium,2007,77090,,
ESTAT:DEMO_PJAN(1.0),30/05/26 11:00:00,Annual,Number,37 years,Males,Belgium,2008,78231,,
ESTAT:DEMO_PJAN(1.0),30/05/26 11:00:00,Annual,Number,37 years,Males,Belgium,2009,77379,,
ESTAT:DEMO_PJAN(1.0),30/05/26 11:00:00,Annual,Number,37 years,Males,Belgium,2010,76106,,
ESTAT:DEMO_PJAN(1.0),30/05/26 11:00:00,Annual,Number,37 years,Males,Belgium,2011,75228,,
ESTAT:DEMO_PJAN(1.0),30/05/26 11:00:00,Annual,Number,37 years,Males,Belgium,2012,73329,,
ESTAT:DEMO_PJAN(1.0),30/05/26 11:00:00,Annual,Number,37 years,Males,Belgium,2013,71401,,
ESTAT:DEMO_PJAN(1.0),30/05/26 11:00:00,Annual,Number,37 years,Males,Belgium,2014,72499,,
ESTAT:DEMO_PJAN(1.0),30/05/26 11:00:00,Annual,Number,37 years,Males,Belgium,2015,73187,,
ESTAT:DEMO_PJAN(1.0),30/05/26 11:00:00,Annual,Number,37 years,Males,Belgium,2016,74253,,
ESTAT:DEMO_PJAN(1.0),30/05/26 11:00:00,Annual,Number,37 years,Males,Belgium,2017,75765,,
ESTAT:DEMO_PJAN(1.0),30/05/26 11:00:00,Annual,Number,37 years,Males,Belgium,2018,76301,,
ESTAT:DEMO_PJAN(1.0),30/05/26 11:00:00,Annual,Number,37 years,Males,Belgium,2019,76082,,
ESTAT:DEMO_PJAN(1.0),30/05/26 11:00:00,Annual,Number,37 years,Males,Belgium,2020,75315,,
ESTAT:DEMO_PJAN(1.0),30/05/26 11:00:00,Annual,Number,37 years,Males,Belgium,2021,74187,,
ESTAT:DEMO_PJAN(1.0),30/05/26 11:00:00,Annual,Number,37 years,Males,Belgium,2022,74260,,
ESTAT:DEMO_PJAN(1.0),30/05/26 11:00:00,Annual,Number,37 years,Males,Belgium,2023,74758,,
ESTAT:DEMO_PJAN(1.0),30/05/26 11:00:00,Annual,Number,37 years,Males,Belgium,2024,77114,,
ESTAT:DEMO_PJAN(1.0),30/05/26 11:00:00,Annual,Number,37 years,Males,Belgium,2025,77494,,
ESTAT:DEMO_PJAN(1.0),30/05/26 11:00:00,Annual,Number,37 years,Total,Belgium,2005,152614,,
ESTAT:DEMO_PJAN(1.0),30/05/26 11:00:00,Annual,Number,37 years,Total,Belgium,2006,151412,,
ESTAT:DEMO_PJAN(1.0),30/05/26 11:00:00,Annual,Number,37 years,Total,Belgium,2007,152332,,
ESTAT:DEMO_PJAN(1.0),30/05/26 11:00:00,Annual,Number,37 years,Total,Belgium,2008,154250,,
ESTAT:DEMO_PJAN(1.0),30/05/26 11:00:00,Annual,Number,37 years,Total,Belgium,2009,153451,,
ESTAT:DEMO_PJAN(1.0),30/05/26 11:00:00,Annual,Number,37 years,Total,Belgium,2010,150851,,
ESTAT:DEMO_PJAN(1.0),30/05/26 11:00:00,Annual,Number,37 years,Total,Belgium,2011,147920,,
ESTAT:DEMO_PJAN(1.0),30/05/26 11:00:00,Annual,Number,37 years,Total,Belgium,2012,144531,,
ESTAT:DEMO_PJAN(1.0),30/05/26 11:00:00,Annual,Number,37 years,Total,Belgium,2013,141192,,
ESTAT:DEMO_PJAN(1.0),30/05/26 11:00:00,Annual,Number,37 years,Total,Belgium,2014,143531,,
ESTAT:DEMO_PJAN(1.0),30/05/26 11:00:00,Annual,Number,37 years,Total,Belgium,2015,145445,,
ESTAT:DEMO_PJAN(1.0),30/05/26 11:00:00,Annual,Number,37 years,Total,Belgium,2016,147883,,
ESTAT:DEMO_PJAN(1.0),30/05/26 11:00:00,Annual,Number,37 years,Total,Belgium,2017,149951,,
ESTAT:DEMO_PJAN(1.0),30/05/26 11:00:00,Annual,Number,37 years,Total,Belgium,2018,152685,,
ESTAT:DEMO_PJAN(1.0),30/05/26 11:00:00,Annual,Number,37 years,Total,Belgium,2019,151431,,
ESTAT:DEMO_PJAN(1.0),30/05/26 11:00:00,Annual,Number,37 years,Total,Belgium,2020,150629,,
ESTAT:DEMO_PJAN(1.0),30/05/26 11:00:00,Annual,Number,37 years,Total,Belgium,2021,148159,,
ESTAT:DEMO_PJAN(1.0),30/05/26 11:00:00,Annual,Number,37 years,Total,Belgium,2022,148841,,
ESTAT:DEMO_PJAN(1.0),30/05/26 11:00:00,Annual,Number,37 years,Total,Belgium,2023,150097,,
ESTAT:DEMO_PJAN(1.0),30/05/26 11:00:00,Annual,Number,37 years,Total,Belgium,2024,154315,,
ESTAT:DEMO_PJAN(1.0),30/05/26 11:00:00,Annual,Number,37 years,Total,Belgium,2025,155548,,
ESTAT:DEMO_PJAN(1.0),30/05/26 11:00:00,Annual,Number,38 years,Females,Belgium,2005,77791,,
ESTAT:DEMO_PJAN(1.0),30/05/26 11:00:00,Annual,Number,38 years,Females,Belgium,2006,75335,,
ESTAT:DEMO_PJAN(1.0),30/05/26 11:00:00,Annual,Number,38 years,Females,Belgium,2007,75179,,
ESTAT:DEMO_PJAN(1.0),30/05/26 11:00:00,Annual,Number,38 years,Females,Belgium,2008,75658,,
ESTAT:DEMO_PJAN(1.0),30/05/26 11:00:00,Annual,Number,38 years,Females,Belgium,2009,76425,,
ESTAT:DEMO_PJAN(1.0),30/05/26 11:00:00,Annual,Number,38 years,Females,Belgium,2010,76479,,
ESTAT:DEMO_PJAN(1.0),30/05/26 11:00:00,Annual,Number,38 years,Females,Belgium,2011,75619,,
ESTAT:DEMO_PJAN(1.0),30/05/26 11:00:00,Annual,Number,38 years,Females,Belgium,2012,73022,,
ESTAT:DEMO_PJAN(1.0),30/05/26 11:00:00,Annual,Number,38 years,Females,Belgium,2013,71541,,
ESTAT:DEMO_PJAN(1.0),30/05/26 11:00:00,Annual,Number,38 years,Females,Belgium,2014,69870,,
ESTAT:DEMO_PJAN(1.0),30/05/26 11:00:00,Annual,Number,38 years,Females,Belgium,2015,71267,,
ESTAT:DEMO_PJAN(1.0),30/05/26 11:00:00,Annual,Number,38 years,Females,Belgium,2016,72616,,
ESTAT:DEMO_PJAN(1.0),30/05/26 11:00:00,Annual,Number,38 years,Females,Belgium,2017,73809,,
ESTAT:DEMO_PJAN(1.0),30/05/26 11:00:00,Annual,Number,38 years,Females,Belgium,2018,74423,,
ESTAT:DEMO_PJAN(1.0),30/05/26 11:00:00,Annual,Number,38 years,Females,Belgium,2019,76731,,
ESTAT:DEMO_PJAN(1.0),30/05/26 11:00:00,Annual,Number,38 years,Females,Belgium,2020,75743,,
ESTAT:DEMO_PJAN(1.0),30/05/26 11:00:00,Annual,Number,38 years,Females,Belgium,2021,75668,,
ESTAT:DEMO_PJAN(1.0),30/05/26 11:00:00,Annual,Number,38 years,Females,Belgium,2022,74376,,
ESTAT:DEMO_PJAN(1.0),30/05/26 11:00:00,Annual,Number,38 years,Females,Belgium,2023,75836,,
ESTAT:DEMO_PJAN(1.0),30/05/26 11:00:00,Annual,Number,38 years,Females,Belgium,2024,75921,,
ESTAT:DEMO_PJAN(1.0),30/05/26 11:00:00,Annual,Number,38 years,Females,Belgium,2025,77599,,
ESTAT:DEMO_PJAN(1.0),30/05/26 11:00:00,Annual,Number,38 years,Males,Belgium,2005,79884,,
ESTAT:DEMO_PJAN(1.0),30/05/26 11:00:00,Annual,Number,38 years,Males,Belgium,2006,78036,,
ESTAT:DEMO_PJAN(1.0),30/05/26 11:00:00,Annual,Number,38 years,Males,Belgium,2007,76925,,
ESTAT:DEMO_PJAN(1.0),30/05/26 11:00:00,Annual,Number,38 years,Males,Belgium,2008,77706,,
ESTAT:DEMO_PJAN(1.0),30/05/26 11:00:00,Annual,Number,38 years,Males,Belgium,2009,78698,,
ESTAT:DEMO_PJAN(1.0),30/05/26 11:00:00,Annual,Number,38 years,Males,Belgium,2010,77838,,
ESTAT:DEMO_PJAN(1.0),30/05/26 11:00:00,Annual,Number,38 years,Males,Belgium,2011,77569,,
ESTAT:DEMO_PJAN(1.0),30/05/26 11:00:00,Annual,Number,38 years,Males,Belgium,2012,75485,,
ESTAT:DEMO_PJAN(1.0),30/05/26 11:00:00,Annual,Number,38 years,Males,Belgium,2013,73644,,
ESTAT:DEMO_PJAN(1.0),30/05/26 11:00:00,Annual,Number,38 years,Males,Belgium,2014,71485,,
ESTAT:DEMO_PJAN(1.0),30/05/26 11:00:00,Annual,Number,38 years,Males,Belgium,2015,72691,,
ESTAT:DEMO_PJAN(1.0),30/05/26 11:00:00,Annual,Number,38 years,Males,Belgium,2016,73612,,
ESTAT:DEMO_PJAN(1.0),30/05/26 11:00:00,Annual,Number,38 years,Males,Belgium,2017,74307,,
ESTAT:DEMO_PJAN(1.0),30/05/26 11:00:00,Annual,Number,38 years,Males,Belgium,2018,75888,,
ESTAT:DEMO_PJAN(1.0),30/05/26 11:00:00,Annual,Number,38 years,Males,Belgium,2019,76560,,
ESTAT:DEMO_PJAN(1.0),30/05/26 11:00:00,Annual,Number,38 years,Males,Belgium,2020,76491,,
ESTAT:DEMO_PJAN(1.0),30/05/26 11:00:00,Annual,Number,38 years,Males,Belgium,2021,75701,,
ESTAT:DEMO_PJAN(1.0),30/05/26 11:00:00,Annual,Number,38 years,Males,Belgium,2022,74533,,
ESTAT:DEMO_PJAN(1.0),30/05/26 11:00:00,Annual,Number,38 years,Males,Belgium,2023,75228,,
ESTAT:DEMO_PJAN(1.0),30/05/26 11:00:00,Annual,Number,38 years,Males,Belgium,2024,75309,,
ESTAT:DEMO_PJAN(1.0),30/05/26 11:00:00,Annual,Number,38 years,Males,Belgium,2025,77553,,
ESTAT:DEMO_PJAN(1.0),30/05/26 11:00:00,Annual,Number,38 years,Total,Belgium,2005,157675,,
ESTAT:DEMO_PJAN(1.0),30/05/26 11:00:00,Annual,Number,38 years,Total,Belgium,2006,153371,,
ESTAT:DEMO_PJAN(1.0),30/05/26 11:00:00,Annual,Number,38 years,Total,Belgium,2007,152104,,
ESTAT:DEMO_PJAN(1.0),30/05/26 11:00:00,Annual,Number,38 years,Total,Belgium,2008,153364,,
ESTAT:DEMO_PJAN(1.0),30/05/26 11:00:00,Annual,Number,38 years,Total,Belgium,2009,155123,,
ESTAT:DEMO_PJAN(1.0),30/05/26 11:00:00,Annual,Number,38 years,Total,Belgium,2010,154317,,
ESTAT:DEMO_PJAN(1.0),30/05/26 11:00:00,Annual,Number,38 years,Total,Belgium,2011,153188,,
ESTAT:DEMO_PJAN(1.0),30/05/26 11:00:00,Annual,Number,38 years,Total,Belgium,2012,148507,,
ESTAT:DEMO_PJAN(1.0),30/05/26 11:00:00,Annual,Number,38 years,Total,Belgium,2013,145185,,
ESTAT:DEMO_PJAN(1.0),30/05/26 11:00:00,Annual,Number,38 years,Total,Belgium,2014,141355,,
ESTAT:DEMO_PJAN(1.0),30/05/26 11:00:00,Annual,Number,38 years,Total,Belgium,2015,143958,,
ESTAT:DEMO_PJAN(1.0),30/05/26 11:00:00,Annual,Number,38 years,Total,Belgium,2016,146228,,
ESTAT:DEMO_PJAN(1.0),30/05/26 11:00:00,Annual,Number,38 years,Total,Belgium,2017,148116,,
ESTAT:DEMO_PJAN(1.0),30/05/26 11:00:00,Annual,Number,38 years,Total,Belgium,2018,150311,,
ESTAT:DEMO_PJAN(1.0),30/05/26 11:00:00,Annual,Number,38 years,Total,Belgium,2019,153291,,
ESTAT:DEMO_PJAN(1.0),30/05/26 11:00:00,Annual,Number,38 years,Total,Belgium,2020,152234,,
ESTAT:DEMO_PJAN(1.0),30/05/26 11:00:00,Annual,Number,38 years,Total,Belgium,2021,151369,,
ESTAT:DEMO_PJAN(1.0),30/05/26 11:00:00,Annual,Number,38 years,Total,Belgium,2022,148909,,
ESTAT:DEMO_PJAN(1.0),30/05/26 11:00:00,Annual,Number,38 years,Total,Belgium,2023,151064,,
ESTAT:DEMO_PJAN(1.0),30/05/26 11:00:00,Annual,Number,38 years,Total,Belgium,2024,151230,,
ESTAT:DEMO_PJAN(1.0),30/05/26 11:00:00,Annual,Number,38 years,Total,Belgium,2025,155152,,
ESTAT:DEMO_PJAN(1.0),30/05/26 11:00:00,Annual,Number,39 years,Females,Belgium,2005,79645,,
ESTAT:DEMO_PJAN(1.0),30/05/26 11:00:00,Annual,Number,39 years,Females,Belgium,2006,78121,,
ESTAT:DEMO_PJAN(1.0),30/05/26 11:00:00,Annual,Number,39 years,Females,Belgium,2007,75572,,
ESTAT:DEMO_PJAN(1.0),30/05/26 11:00:00,Annual,Number,39 years,Females,Belgium,2008,75617,,
ESTAT:DEMO_PJAN(1.0),30/05/26 11:00:00,Annual,Number,39 years,Females,Belgium,2009,76003,,
ESTAT:DEMO_PJAN(1.0),30/05/26 11:00:00,Annual,Number,39 years,Females,Belgium,2010,76885,,
ESTAT:DEMO_PJAN(1.0),30/05/26 11:00:00,Annual,Number,39 years,Females,Belgium,2011,77255,,
ESTAT:DEMO_PJAN(1.0),30/05/26 11:00:00,Annual,Number,39 years,Females,Belgium,2012,75867,,
ESTAT:DEMO_PJAN(1.0),30/05/26 11:00:00,Annual,Number,39 years,Females,Belgium,2013,73231,,
ESTAT:DEMO_PJAN(1.0),30/05/26 11:00:00,Annual,Number,39 years,Females,Belgium,2014,71701,,
ESTAT:DEMO_PJAN(1.0),30/05/26 11:00:00,Annual,Number,39 years,Females,Belgium,2015,70064,,
ESTAT:DEMO_PJAN(1.0),30/05/26 11:00:00,Annual,Number,39 years,Females,Belgium,2016,71483,,
ESTAT:DEMO_PJAN(1.0),30/05/26 11:00:00,Annual,Number,39 years,Females,Belgium,2017,72818,,
ESTAT:DEMO_PJAN(1.0),30/05/26 11:00:00,Annual,Number,39 years,Females,Belgium,2018,73991,,
ESTAT:DEMO_PJAN(1.0),30/05/26 11:00:00,Annual,Number,39 years,Females,Belgium,2019,74700,,
ESTAT:DEMO_PJAN(1.0),30/05/26 11:00:00,Annual,Number,39 years,Females,Belgium,2020,77170,,
ESTAT:DEMO_PJAN(1.0),30/05/26 11:00:00,Annual,Number,39 years,Females,Belgium,2021,76101,,
ESTAT:DEMO_PJAN(1.0),30/05/26 11:00:00,Annual,Number,39 years,Females,Belgium,2022,75994,,
ESTAT:DEMO_PJAN(1.0),30/05/26 11:00:00,Annual,Number,39 years,Females,Belgium,2023,75622,,
ESTAT:DEMO_PJAN(1.0),30/05/26 11:00:00,Annual,Number,39 years,Females,Belgium,2024,76355,,
ESTAT:DEMO_PJAN(1.0),30/05/26 11:00:00,Annual,Number,39 years,Females,Belgium,2025,76508,,
ESTAT:DEMO_PJAN(1.0),30/05/26 11:00:00,Annual,Number,39 years,Males,Belgium,2005,82312,,
ESTAT:DEMO_PJAN(1.0),30/05/26 11:00:00,Annual,Number,39 years,Males,Belgium,2006,80147,,
ESTAT:DEMO_PJAN(1.0),30/05/26 11:00:00,Annual,Number,39 years,Males,Belgium,2007,78384,,
ESTAT:DEMO_PJAN(1.0),30/05/26 11:00:00,Annual,Number,39 years,Males,Belgium,2008,77481,,
ESTAT:DEMO_PJAN(1.0),30/05/26 11:00:00,Annual,Number,39 years,Males,Belgium,2009,78211,,
ESTAT:DEMO_PJAN(1.0),30/05/26 11:00:00,Annual,Number,39 years,Males,Belgium,2010,79087,,
ESTAT:DEMO_PJAN(1.0),30/05/26 11:00:00,Annual,Number,39 years,Males,Belgium,2011,79114,,
ESTAT:DEMO_PJAN(1.0),30/05/26 11:00:00,Annual,Number,39 years,Males,Belgium,2012,77629,,
ESTAT:DEMO_PJAN(1.0),30/05/26 11:00:00,Annual,Number,39 years,Males,Belgium,2013,75747,,
ESTAT:DEMO_PJAN(1.0),30/05/26 11:00:00,Annual,Number,39 years,Males,Belgium,2014,73576,,
ESTAT:DEMO_PJAN(1.0),30/05/26 11:00:00,Annual,Number,39 years,Males,Belgium,2015,71687,,
ESTAT:DEMO_PJAN(1.0),30/05/26 11:00:00,Annual,Number,39 years,Males,Belgium,2016,72966,,
ESTAT:DEMO_PJAN(1.0),30/05/26 11:00:00,Annual,Number,39 years,Males,Belgium,2017,73490,,
ESTAT:DEMO_PJAN(1.0),30/05/26 11:00:00,Annual,Number,39 years,Males,Belgium,2018,74429,,
ESTAT:DEMO_PJAN(1.0),30/05/26 11:00:00,Annual,Number,39 years,Males,Belgium,2019,76106,,
ESTAT:DEMO_PJAN(1.0),30/05/26 11:00:00,Annual,Number,39 years,Males,Belgium,2020,77019,,
ESTAT:DEMO_PJAN(1.0),30/05/26 11:00:00,Annual,Number,39 years,Males,Belgium,2021,76749,,
ESTAT:DEMO_PJAN(1.0),30/05/26 11:00:00,Annual,Number,39 years,Males,Belgium,2022,76021,,
ESTAT:DEMO_PJAN(1.0),30/05/26 11:00:00,Annual,Number,39 years,Males,Belgium,2023,75333,,
ESTAT:DEMO_PJAN(1.0),30/05/26 11:00:00,Annual,Number,39 years,Males,Belgium,2024,75814,,
ESTAT:DEMO_PJAN(1.0),30/05/26 11:00:00,Annual,Number,39 years,Males,Belgium,2025,75774,,
ESTAT:DEMO_PJAN(1.0),30/05/26 11:00:00,Annual,Number,39 years,Total,Belgium,2005,161957,,
ESTAT:DEMO_PJAN(1.0),30/05/26 11:00:00,Annual,Number,39 years,Total,Belgium,2006,158268,,
ESTAT:DEMO_PJAN(1.0),30/05/26 11:00:00,Annual,Number,39 years,Total,Belgium,2007,153956,,
ESTAT:DEMO_PJAN(1.0),30/05/26 11:00:00,Annual,Number,39 years,Total,Belgium,2008,153098,,
ESTAT:DEMO_PJAN(1.0),30/05/26 11:00:00,Annual,Number,39 years,Total,Belgium,2009,154214,,
ESTAT:DEMO_PJAN(1.0),30/05/26 11:00:00,Annual,Number,39 years,Total,Belgium,2010,155972,,
ESTAT:DEMO_PJAN(1.0),30/05/26 11:00:00,Annual,Number,39 years,Total,Belgium,2011,156369,,
ESTAT:DEMO_PJAN(1.0),30/05/26 11:00:00,Annual,Number,39 years,Total,Belgium,2012,153496,,
ESTAT:DEMO_PJAN(1.0),30/05/26 11:00:00,Annual,Number,39 years,Total,Belgium,2013,148978,,
ESTAT:DEMO_PJAN(1.0),30/05/26 11:00:00,Annual,Number,39 years,Total,Belgium,2014,145277,,
ESTAT:DEMO_PJAN(1.0),30/05/26 11:00:00,Annual,Number,39 years,Total,Belgium,2015,141751,,
ESTAT:DEMO_PJAN(1.0),30/05/26 11:00:00,Annual,Number,39 years,Total,Belgium,2016,144449,,
ESTAT:DEMO_PJAN(1.0),30/05/26 11:00:00,Annual,Number,39 years,Total,Belgium,2017,146308,,
ESTAT:DEMO_PJAN(1.0),30/05/26 11:00:00,Annual,Number,39 years,Total,Belgium,2018,148420,,
ESTAT:DEMO_PJAN(1.0),30/05/26 11:00:00,Annual,Number,39 years,Total,Belgium,2019,150806,,
ESTAT:DEMO_PJAN(1.0),30/05/26 11:00:00,Annual,Number,39 years,Total,Belgium,2020,154189,,
ESTAT:DEMO_PJAN(1.0),30/05/26 11:00:00,Annual,Number,39 years,Total,Belgium,2021,152850,,
ESTAT:DEMO_PJAN(1.0),30/05/26 11:00:00,Annual,Number,39 years,Total,Belgium,2022,152015,,
ESTAT:DEMO_PJAN(1.0),30/05/26 11:00:00,Annual,Number,39 years,Total,Belgium,2023,150955,,
ESTAT:DEMO_PJAN(1.0),30/05/26 11:00:00,Annual,Number,39 years,Total,Belgium,2024,152169,,
ESTAT:DEMO_PJAN(1.0),30/05/26 11:00:00,Annual,Number,39 years,Total,Belgium,2025,152282,,
ESTAT:DEMO_PJAN(1.0),30/05/26 11:00:00,Annual,Number,4 years,Females,Belgium,2005,57189,,
ESTAT:DEMO_PJAN(1.0),30/05/26 11:00:00,Annual,Number,4 years,Females,Belgium,2006,57029,,
ESTAT:DEMO_PJAN(1.0),30/05/26 11:00:00,Annual,Number,4 years,Females,Belgium,2007,55998,,
ESTAT:DEMO_PJAN(1.0),30/05/26 11:00:00,Annual,Number,4 years,Females,Belgium,2008,57030,,
ESTAT:DEMO_PJAN(1.0),30/05/26 11:00:00,Annual,Number,4 years,Females,Belgium,2009,58576,,
ESTAT:DEMO_PJAN(1.0),30/05/26 11:00:00,Annual,Number,4 years,Females,Belgium,2010,59827,,
ESTAT:DEMO_PJAN(1.0),30/05/26 11:00:00,Annual,Number,4 years,Females,Belgium,2011,62400,,
ESTAT:DEMO_PJAN(1.0),30/05/26 11:00:00,Annual,Number,4 years,Females,Belgium,2012,62920,,
ESTAT:DEMO_PJAN(1.0),30/05/26 11:00:00,Annual,Number,4 years,Females,Belgium,2013,64173,,
ESTAT:DEMO_PJAN(1.0),30/05/26 11:00:00,Annual,Number,4 years,Females,Belgium,2014,64312,,
ESTAT:DEMO_PJAN(1.0),30/05/26 11:00:00,Annual,Number,4 years,Females,Belgium,2015,65119,,
ESTAT:DEMO_PJAN(1.0),30/05/26 11:00:00,Annual,Number,4 years,Females,Belgium,2016,64381,,
ESTAT:DEMO_PJAN(1.0),30/05/26 11:00:00,Annual,Number,4 years,Females,Belgium,2017,64207,,
ESTAT:DEMO_PJAN(1.0),30/05/26 11:00:00,Annual,Number,4 years,Females,Belgium,2018,62753,,
ESTAT:DEMO_PJAN(1.0),30/05/26 11:00:00,Annual,Number,4 years,Females,Belgium,2019,62663,,
ESTAT:DEMO_PJAN(1.0),30/05/26 11:00:00,Annual,Number,4 years,Females,Belgium,2020,61628,,
ESTAT:DEMO_PJAN(1.0),30/05/26 11:00:00,Annual,Number,4 years,Females,Belgium,2021,61084,,
ESTAT:DEMO_PJAN(1.0),30/05/26 11:00:00,Annual,Number,4 years,Females,Belgium,2022,60112,,
ESTAT:DEMO_PJAN(1.0),30/05/26 11:00:00,Annual,Number,4 years,Females,Belgium,2023,60251,,
ESTAT:DEMO_PJAN(1.0),30/05/26 11:00:00,Annual,Number,4 years,Females,Belgium,2024,60097,,
ESTAT:DEMO_PJAN(1.0),30/05/26 11:00:00,Annual,Number,4 years,Females,Belgium,2025,58548,,
ESTAT:DEMO_PJAN(1.0),30/05/26 11:00:00,Annual,Number,4 years,Males,Belgium,2005,59915,,
ESTAT:DEMO_PJAN(1.0),30/05/26 11:00:00,Annual,Number,4 years,Males,Belgium,2006,59246,,
ESTAT:DEMO_PJAN(1.0),30/05/26 11:00:00,Annual,Number,4 years,Males,Belgium,2007,58722,,
ESTAT:DEMO_PJAN(1.0),30/05/26 11:00:00,Annual,Number,4 years,Males,Belgium,2008,59337,,
ESTAT:DEMO_PJAN(1.0),30/05/26 11:00:00,Annual,Number,4 years,Males,Belgium,2009,61526,,
ESTAT:DEMO_PJAN(1.0),30/05/26 11:00:00,Annual,Number,4 years,Males,Belgium,2010,62889,,
ESTAT:DEMO_PJAN(1.0),30/05/26 11:00:00,Annual,Number,4 years,Males,Belgium,2011,65005,,
ESTAT:DEMO_PJAN(1.0),30/05/26 11:00:00,Annual,Number,4 years,Males,Belgium,2012,65800,,
ESTAT:DEMO_PJAN(1.0),30/05/26 11:00:00,Annual,Number,4 years,Males,Belgium,2013,67569,,
ESTAT:DEMO_PJAN(1.0),30/05/26 11:00:00,Annual,Number,4 years,Males,Belgium,2014,67384,,
ESTAT:DEMO_PJAN(1.0),30/05/26 11:00:00,Annual,Number,4 years,Males,Belgium,2015,68142,,
ESTAT:DEMO_PJAN(1.0),30/05/26 11:00:00,Annual,Number,4 years,Males,Belgium,2016,67527,,
ESTAT:DEMO_PJAN(1.0),30/05/26 11:00:00,Annual,Number,4 years,Males,Belgium,2017,66747,,
ESTAT:DEMO_PJAN(1.0),30/05/26 11:00:00,Annual,Number,4 years,Males,Belgium,2018,65840,,
ESTAT:DEMO_PJAN(1.0),30/05/26 11:00:00,Annual,Number,4 years,Males,Belgium,2019,65941,,
ESTAT:DEMO_PJAN(1.0),30/05/26 11:00:00,Annual,Number,4 years,Males,Belgium,2020,64384,,
ESTAT:DEMO_PJAN(1.0),30/05/26 11:00:00,Annual,Number,4 years,Males,Belgium,2021,64074,,
ESTAT:DEMO_PJAN(1.0),30/05/26 11:00:00,Annual,Number,4 years,Males,Belgium,2022,62813,,
ESTAT:DEMO_PJAN(1.0),30/05/26 11:00:00,Annual,Number,4 years,Males,Belgium,2023,62785,,
ESTAT:DEMO_PJAN(1.0),30/05/26 11:00:00,Annual,Number,4 years,Males,Belgium,2024,62267,,
ESTAT:DEMO_PJAN(1.0),30/05/26 11:00:00,Annual,Number,4 years,Males,Belgium,2025,61300,,
ESTAT:DEMO_PJAN(1.0),30/05/26 11:00:00,Annual,Number,4 years,Total,Belgium,2005,117104,,
ESTAT:DEMO_PJAN(1.0),30/05/26 11:00:00,Annual,Number,4 years,Total,Belgium,2006,116275,,
ESTAT:DEMO_PJAN(1.0),30/05/26 11:00:00,Annual,Number,4 years,Total,Belgium,2007,114720,,
ESTAT:DEMO_PJAN(1.0),30/05/26 11:00:00,Annual,Number,4 years,Total,Belgium,2008,116367,,
ESTAT:DEMO_PJAN(1.0),30/05/26 11:00:00,Annual,Number,4 years,Total,Belgium,2009,120102,,
ESTAT:DEMO_PJAN(1.0),30/05/26 11:00:00,Annual,Number,4 years,Total,Belgium,2010,122716,,
ESTAT:DEMO_PJAN(1.0),30/05/26 11:00:00,Annual,Number,4 years,Total,Belgium,2011,127405,,
ESTAT:DEMO_PJAN(1.0),30/05/26 11:00:00,Annual,Number,4 years,Total,Belgium,2012,128720,,
ESTAT:DEMO_PJAN(1.0),30/05/26 11:00:00,Annual,Number,4 years,Total,Belgium,2013,131742,,
ESTAT:DEMO_PJAN(1.0),30/05/26 11:00:00,Annual,Number,4 years,Total,Belgium,2014,131696,,
ESTAT:DEMO_PJAN(1.0),30/05/26 11:00:00,Annual,Number,4 years,Total,Belgium,2015,133261,,
ESTAT:DEMO_PJAN(1.0),30/05/26 11:00:00,Annual,Number,4 years,Total,Belgium,2016,131908,,
ESTAT:DEMO_PJAN(1.0),30/05/26 11:00:00,Annual,Number,4 years,Total,Belgium,2017,130954,,
ESTAT:DEMO_PJAN(1.0),30/05/26 11:00:00,Annual,Number,4 years,Total,Belgium,2018,128593,,
ESTAT:DEMO_PJAN(1.0),30/05/26 11:00:00,Annual,Number,4 years,Total,Belgium,2019,128604,,
ESTAT:DEMO_PJAN(1.0),30/05/26 11:00:00,Annual,Number,4 years,Total,Belgium,2020,126012,,
ESTAT:DEMO_PJAN(1.0),30/05/26 11:00:00,Annual,Number,4 years,Total,Belgium,2021,125158,,
ESTAT:DEMO_PJAN(1.0),30/05/26 11:00:00,Annual,Number,4 years,Total,Belgium,2022,122925,,
ESTAT:DEMO_PJAN(1.0),30/05/26 11:00:00,Annual,Number,4 years,Total,Belgium,2023,123036,,
ESTAT:DEMO_PJAN(1.0),30/05/26 11:00:00,Annual,Number,4 years,Total,Belgium,2024,122364,,
ESTAT:DEMO_PJAN(1.0),30/05/26 11:00:00,Annual,Number,4 years,Total,Belgium,2025,119848,,
ESTAT:DEMO_PJAN(1.0),30/05/26 11:00:00,Annual,Number,40 years,Females,Belgium,2005,82638,,
ESTAT:DEMO_PJAN(1.0),30/05/26 11:00:00,Annual,Number,40 years,Females,Belgium,2006,79944,,
ESTAT:DEMO_PJAN(1.0),30/05/26 11:00:00,Annual,Number,40 years,Females,Belgium,2007,78340,,
ESTAT:DEMO_PJAN(1.0),30/05/26 11:00:00,Annual,Number,40 years,Females,Belgium,2008,75984,,
ESTAT:DEMO_PJAN(1.0),30/05/26 11:00:00,Annual,Number,40 years,Females,Belgium,2009,75910,,
ESTAT:DEMO_PJAN(1.0),30/05/26 11:00:00,Annual,Number,40 years,Females,Belgium,2010,76370,,
ESTAT:DEMO_PJAN(1.0),30/05/26 11:00:00,Annual,Number,40 years,Females,Belgium,2011,77731,,
ESTAT:DEMO_PJAN(1.0),30/05/26 11:00:00,Annual,Number,40 years,Females,Belgium,2012,77514,,
ESTAT:DEMO_PJAN(1.0),30/05/26 11:00:00,Annual,Number,40 years,Females,Belgium,2013,76017,,
ESTAT:DEMO_PJAN(1.0),30/05/26 11:00:00,Annual,Number,40 years,Females,Belgium,2014,73343,,
ESTAT:DEMO_PJAN(1.0),30/05/26 11:00:00,Annual,Number,40 years,Females,Belgium,2015,71881,,
ESTAT:DEMO_PJAN(1.0),30/05/26 11:00:00,Annual,Number,40 years,Females,Belgium,2016,70374,,
ESTAT:DEMO_PJAN(1.0),30/05/26 11:00:00,Annual,Number,40 years,Females,Belgium,2017,71595,,
ESTAT:DEMO_PJAN(1.0),30/05/26 11:00:00,Annual,Number,40 years,Females,Belgium,2018,73028,,
ESTAT:DEMO_PJAN(1.0),30/05/26 11:00:00,Annual,Number,40 years,Females,Belgium,2019,74283,,
ESTAT:DEMO_PJAN(1.0),30/05/26 11:00:00,Annual,Number,40 years,Females,Belgium,2020,75084,,
ESTAT:DEMO_PJAN(1.0),30/05/26 11:00:00,Annual,Number,40 years,Females,Belgium,2021,77508,,
ESTAT:DEMO_PJAN(1.0),30/05/26 11:00:00,Annual,Number,40 years,Females,Belgium,2022,76399,,
ESTAT:DEMO_PJAN(1.0),30/05/26 11:00:00,Annual,Number,40 years,Females,Belgium,2023,77115,,
ESTAT:DEMO_PJAN(1.0),30/05/26 11:00:00,Annual,Number,40 years,Females,Belgium,2024,76116,,
ESTAT:DEMO_PJAN(1.0),30/05/26 11:00:00,Annual,Number,40 years,Females,Belgium,2025,76863,,
ESTAT:DEMO_PJAN(1.0),30/05/26 11:00:00,Annual,Number,40 years,Males,Belgium,2005,84700,,
ESTAT:DEMO_PJAN(1.0),30/05/26 11:00:00,Annual,Number,40 years,Males,Belgium,2006,82512,,
ESTAT:DEMO_PJAN(1.0),30/05/26 11:00:00,Annual,Number,40 years,Males,Belgium,2007,80462,,
ESTAT:DEMO_PJAN(1.0),30/05/26 11:00:00,Annual,Number,40 years,Males,Belgium,2008,78828,,
ESTAT:DEMO_PJAN(1.0),30/05/26 11:00:00,Annual,Number,40 years,Males,Belgium,2009,77834,,
ESTAT:DEMO_PJAN(1.0),30/05/26 11:00:00,Annual,Number,40 years,Males,Belgium,2010,78568,,
ESTAT:DEMO_PJAN(1.0),30/05/26 11:00:00,Annual,Number,40 years,Males,Belgium,2011,80483,,
ESTAT:DEMO_PJAN(1.0),30/05/26 11:00:00,Annual,Number,40 years,Males,Belgium,2012,79348,,
ESTAT:DEMO_PJAN(1.0),30/05/26 11:00:00,Annual,Number,40 years,Males,Belgium,2013,77890,,
ESTAT:DEMO_PJAN(1.0),30/05/26 11:00:00,Annual,Number,40 years,Males,Belgium,2014,75712,,
ESTAT:DEMO_PJAN(1.0),30/05/26 11:00:00,Annual,Number,40 years,Males,Belgium,2015,73800,,
ESTAT:DEMO_PJAN(1.0),30/05/26 11:00:00,Annual,Number,40 years,Males,Belgium,2016,72011,,
ESTAT:DEMO_PJAN(1.0),30/05/26 11:00:00,Annual,Number,40 years,Males,Belgium,2017,72880,,
ESTAT:DEMO_PJAN(1.0),30/05/26 11:00:00,Annual,Number,40 years,Males,Belgium,2018,73677,,
ESTAT:DEMO_PJAN(1.0),30/05/26 11:00:00,Annual,Number,40 years,Males,Belgium,2019,74709,,
ESTAT:DEMO_PJAN(1.0),30/05/26 11:00:00,Annual,Number,40 years,Males,Belgium,2020,76532,,
ESTAT:DEMO_PJAN(1.0),30/05/26 11:00:00,Annual,Number,40 years,Males,Belgium,2021,77322,,
ESTAT:DEMO_PJAN(1.0),30/05/26 11:00:00,Annual,Number,40 years,Males,Belgium,2022,77051,,
ESTAT:DEMO_PJAN(1.0),30/05/26 11:00:00,Annual,Number,40 years,Males,Belgium,2023,76740,,
ESTAT:DEMO_PJAN(1.0),30/05/26 11:00:00,Annual,Number,40 years,Males,Belgium,2024,75852,,
ESTAT:DEMO_PJAN(1.0),30/05/26 11:00:00,Annual,Number,40 years,Males,Belgium,2025,76254,,
ESTAT:DEMO_PJAN(1.0),30/05/26 11:00:00,Annual,Number,40 years,Total,Belgium,2005,167338,,
ESTAT:DEMO_PJAN(1.0),30/05/26 11:00:00,Annual,Number,40 years,Total,Belgium,2006,162456,,
ESTAT:DEMO_PJAN(1.0),30/05/26 11:00:00,Annual,Number,40 years,Total,Belgium,2007,158802,,
ESTAT:DEMO_PJAN(1.0),30/05/26 11:00:00,Annual,Number,40 years,Total,Belgium,2008,154812,,
ESTAT:DEMO_PJAN(1.0),30/05/26 11:00:00,Annual,Number,40 years,Total,Belgium,2009,153744,,
ESTAT:DEMO_PJAN(1.0),30/05/26 11:00:00,Annual,Number,40 years,Total,Belgium,2010,154938,,
ESTAT:DEMO_PJAN(1.0),30/05/26 11:00:00,Annual,Number,40 years,Total,Belgium,2011,158214,,
ESTAT:DEMO_PJAN(1.0),30/05/26 11:00:00,Annual,Number,40 years,Total,Belgium,2012,156862,,
ESTAT:DEMO_PJAN(1.0),30/05/26 11:00:00,Annual,Number,40 years,Total,Belgium,2013,153907,,
ESTAT:DEMO_PJAN(1.0),30/05/26 11:00:00,Annual,Number,40 years,Total,Belgium,2014,149055,,
ESTAT:DEMO_PJAN(1.0),30/05/26 11:00:00,Annual,Number,40 years,Total,Belgium,2015,145681,,
ESTAT:DEMO_PJAN(1.0),30/05/26 11:00:00,Annual,Number,40 years,Total,Belgium,2016,142385,,
ESTAT:DEMO_PJAN(1.0),30/05/26 11:00:00,Annual,Number,40 years,Total,Belgium,2017,144475,,
ESTAT:DEMO_PJAN(1.0),30/05/26 11:00:00,Annual,Number,40 years,Total,Belgium,2018,146705,,
ESTAT:DEMO_PJAN(1.0),30/05/26 11:00:00,Annual,Number,40 years,Total,Belgium,2019,148992,,
ESTAT:DEMO_PJAN(1.0),30/05/26 11:00:00,Annual,Number,40 years,Total,Belgium,2020,151616,,
ESTAT:DEMO_PJAN(1.0),30/05/26 11:00:00,Annual,Number,40 years,Total,Belgium,2021,154830,,
ESTAT:DEMO_PJAN(1.0),30/05/26 11:00:00,Annual,Number,40 years,Total,Belgium,2022,153450,,
ESTAT:DEMO_PJAN(1.0),30/05/26 11:00:00,Annual,Number,40 years,Total,Belgium,2023,153855,,
ESTAT:DEMO_PJAN(1.0),30/05/26 11:00:00,Annual,Number,40 years,Total,Belgium,2024,151968,,
ESTAT:DEMO_PJAN(1.0),30/05/26 11:00:00,Annual,Number,40 years,Total,Belgium,2025,153117,,
ESTAT:DEMO_PJAN(1.0),30/05/26 11:00:00,Annual,Number,41 years,Females,Belgium,2005,81344,,
ESTAT:DEMO_PJAN(1.0),30/05/26 11:00:00,Annual,Number,41 years,Females,Belgium,2006,82779,,
ESTAT:DEMO_PJAN(1.0),30/05/26 11:00:00,Annual,Number,41 years,Females,Belgium,2007,80107,,
ESTAT:DEMO_PJAN(1.0),30/05/26 11:00:00,Annual,Number,41 years,Females,Belgium,2008,78648,,
ESTAT:DEMO_PJAN(1.0),30/05/26 11:00:00,Annual,Number,41 years,Females,Belgium,2009,76234,,
ESTAT:DEMO_PJAN(1.0),30/05/26 11:00:00,Annual,Number,41 years,Females,Belgium,2010,76328,,
ESTAT:DEMO_PJAN(1.0),30/05/26 11:00:00,Annual,Number,41 years,Females,Belgium,2011,77075,,
ESTAT:DEMO_PJAN(1.0),30/05/26 11:00:00,Annual,Number,41 years,Females,Belgium,2012,78012,,
ESTAT:DEMO_PJAN(1.0),30/05/26 11:00:00,Annual,Number,41 years,Females,Belgium,2013,77710,,
ESTAT:DEMO_PJAN(1.0),30/05/26 11:00:00,Annual,Number,41 years,Females,Belgium,2014,76137,,
ESTAT:DEMO_PJAN(1.0),30/05/26 11:00:00,Annual,Number,41 years,Females,Belgium,2015,73513,,
ESTAT:DEMO_PJAN(1.0),30/05/26 11:00:00,Annual,Number,41 years,Females,Belgium,2016,72112,,
ESTAT:DEMO_PJAN(1.0),30/05/26 11:00:00,Annual,Number,41 years,Females,Belgium,2017,70462,,
ESTAT:DEMO_PJAN(1.0),30/05/26 11:00:00,Annual,Number,41 years,Females,Belgium,2018,71787,,
ESTAT:DEMO_PJAN(1.0),30/05/26 11:00:00,Annual,Number,41 years,Females,Belgium,2019,73198,,
ESTAT:DEMO_PJAN(1.0),30/05/26 11:00:00,Annual,Number,41 years,Females,Belgium,2020,74644,,
ESTAT:DEMO_PJAN(1.0),30/05/26 11:00:00,Annual,Number,41 years,Females,Belgium,2021,75344,,
ESTAT:DEMO_PJAN(1.0),30/05/26 11:00:00,Annual,Number,41 years,Females,Belgium,2022,77883,,
ESTAT:DEMO_PJAN(1.0),30/05/26 11:00:00,Annual,Number,41 years,Females,Belgium,2023,77334,,
ESTAT:DEMO_PJAN(1.0),30/05/26 11:00:00,Annual,Number,41 years,Females,Belgium,2024,77550,,
ESTAT:DEMO_PJAN(1.0),30/05/26 11:00:00,Annual,Number,41 years,Females,Belgium,2025,76641,,
ESTAT:DEMO_PJAN(1.0),30/05/26 11:00:00,Annual,Number,41 years,Males,Belgium,2005,83264,,
ESTAT:DEMO_PJAN(1.0),30/05/26 11:00:00,Annual,Number,41 years,Males,Belgium,2006,84873,,
ESTAT:DEMO_PJAN(1.0),30/05/26 11:00:00,Annual,Number,41 years,Males,Belgium,2007,82765,,
ESTAT:DEMO_PJAN(1.0),30/05/26 11:00:00,Annual,Number,41 years,Males,Belgium,2008,80850,,
ESTAT:DEMO_PJAN(1.0),30/05/26 11:00:00,Annual,Number,41 years,Males,Belgium,2009,79111,,
ESTAT:DEMO_PJAN(1.0),30/05/26 11:00:00,Annual,Number,41 years,Males,Belgium,2010,78132,,
ESTAT:DEMO_PJAN(1.0),30/05/26 11:00:00,Annual,Number,41 years,Males,Belgium,2011,79592,,
ESTAT:DEMO_PJAN(1.0),30/05/26 11:00:00,Annual,Number,41 years,Males,Belgium,2012,80633,,
ESTAT:DEMO_PJAN(1.0),30/05/26 11:00:00,Annual,Number,41 years,Males,Belgium,2013,79449,,
ESTAT:DEMO_PJAN(1.0),30/05/26 11:00:00,Annual,Number,41 years,Males,Belgium,2014,77875,,
ESTAT:DEMO_PJAN(1.0),30/05/26 11:00:00,Annual,Number,41 years,Males,Belgium,2015,75776,,
ESTAT:DEMO_PJAN(1.0),30/05/26 11:00:00,Annual,Number,41 years,Males,Belgium,2016,74175,,
ESTAT:DEMO_PJAN(1.0),30/05/26 11:00:00,Annual,Number,41 years,Males,Belgium,2017,71931,,
ESTAT:DEMO_PJAN(1.0),30/05/26 11:00:00,Annual,Number,41 years,Males,Belgium,2018,73042,,
ESTAT:DEMO_PJAN(1.0),30/05/26 11:00:00,Annual,Number,41 years,Males,Belgium,2019,74039,,
ESTAT:DEMO_PJAN(1.0),30/05/26 11:00:00,Annual,Number,41 years,Males,Belgium,2020,75160,,
ESTAT:DEMO_PJAN(1.0),30/05/26 11:00:00,Annual,Number,41 years,Males,Belgium,2021,76825,,
ESTAT:DEMO_PJAN(1.0),30/05/26 11:00:00,Annual,Number,41 years,Males,Belgium,2022,77588,,
ESTAT:DEMO_PJAN(1.0),30/05/26 11:00:00,Annual,Number,41 years,Males,Belgium,2023,77875,,
ESTAT:DEMO_PJAN(1.0),30/05/26 11:00:00,Annual,Number,41 years,Males,Belgium,2024,77226,,
ESTAT:DEMO_PJAN(1.0),30/05/26 11:00:00,Annual,Number,41 years,Males,Belgium,2025,76172,,
ESTAT:DEMO_PJAN(1.0),30/05/26 11:00:00,Annual,Number,41 years,Total,Belgium,2005,164608,,
ESTAT:DEMO_PJAN(1.0),30/05/26 11:00:00,Annual,Number,41 years,Total,Belgium,2006,167652,,
ESTAT:DEMO_PJAN(1.0),30/05/26 11:00:00,Annual,Number,41 years,Total,Belgium,2007,162872,,
ESTAT:DEMO_PJAN(1.0),30/05/26 11:00:00,Annual,Number,41 years,Total,Belgium,2008,159498,,
ESTAT:DEMO_PJAN(1.0),30/05/26 11:00:00,Annual,Number,41 years,Total,Belgium,2009,155345,,
ESTAT:DEMO_PJAN(1.0),30/05/26 11:00:00,Annual,Number,41 years,Total,Belgium,2010,154460,,
ESTAT:DEMO_PJAN(1.0),30/05/26 11:00:00,Annual,Number,41 years,Total,Belgium,2011,156667,,
ESTAT:DEMO_PJAN(1.0),30/05/26 11:00:00,Annual,Number,41 years,Total,Belgium,2012,158645,,
ESTAT:DEMO_PJAN(1.0),30/05/26 11:00:00,Annual,Number,41 years,Total,Belgium,2013,157159,,
ESTAT:DEMO_PJAN(1.0),30/05/26 11:00:00,Annual,Number,41 years,Total,Belgium,2014,154012,,
ESTAT:DEMO_PJAN(1.0),30/05/26 11:00:00,Annual,Number,41 years,Total,Belgium,2015,149289,,
ESTAT:DEMO_PJAN(1.0),30/05/26 11:00:00,Annual,Number,41 years,Total,Belgium,2016,146287,,
ESTAT:DEMO_PJAN(1.0),30/05/26 11:00:00,Annual,Number,41 years,Total,Belgium,2017,142393,,
ESTAT:DEMO_PJAN(1.0),30/05/26 11:00:00,Annual,Number,41 years,Total,Belgium,2018,144829,,
ESTAT:DEMO_PJAN(1.0),30/05/26 11:00:00,Annual,Number,41 years,Total,Belgium,2019,147237,,
ESTAT:DEMO_PJAN(1.0),30/05/26 11:00:00,Annual,Number,41 years,Total,Belgium,2020,149804,,
ESTAT:DEMO_PJAN(1.0),30/05/26 11:00:00,Annual,Number,41 years,Total,Belgium,2021,152169,,
ESTAT:DEMO_PJAN(1.0),30/05/26 11:00:00,Annual,Number,41 years,Total,Belgium,2022,155471,,
ESTAT:DEMO_PJAN(1.0),30/05/26 11:00:00,Annual,Number,41 years,Total,Belgium,2023,155209,,
ESTAT:DEMO_PJAN(1.0),30/05/26 11:00:00,Annual,Number,41 years,Total,Belgium,2024,154776,,
ESTAT:DEMO_PJAN(1.0),30/05/26 11:00:00,Annual,Number,41 years,Total,Belgium,2025,152813,,
ESTAT:DEMO_PJAN(1.0),30/05/26 11:00:00,Annual,Number,42 years,Females,Belgium,2005,79806,,
ESTAT:DEMO_PJAN(1.0),30/05/26 11:00:00,Annual,Number,42 years,Females,Belgium,2006,81484,,
ESTAT:DEMO_PJAN(1.0),30/05/26 11:00:00,Annual,Number,42 years,Females,Belgium,2007,82972,,
ESTAT:DEMO_PJAN(1.0),30/05/26 11:00:00,Annual,Number,42 years,Females,Belgium,2008,80320,,
ESTAT:DEMO_PJAN(1.0),30/05/26 11:00:00,Annual,Number,42 years,Females,Belgium,2009,78871,,
ESTAT:DEMO_PJAN(1.0),30/05/26 11:00:00,Annual,Number,42 years,Females,Belgium,2010,76469,,
ESTAT:DEMO_PJAN(1.0),30/05/26 11:00:00,Annual,Number,42 years,Females,Belgium,2011,77043,,
ESTAT:DEMO_PJAN(1.0),30/05/26 11:00:00,Annual,Number,42 years,Females,Belgium,2012,77294,,
ESTAT:DEMO_PJAN(1.0),30/05/26 11:00:00,Annual,Number,42 years,Females,Belgium,2013,78187,,
ESTAT:DEMO_PJAN(1.0),30/05/26 11:00:00,Annual,Number,42 years,Females,Belgium,2014,77737,,
ESTAT:DEMO_PJAN(1.0),30/05/26 11:00:00,Annual,Number,42 years,Females,Belgium,2015,76219,,
ESTAT:DEMO_PJAN(1.0),30/05/26 11:00:00,Annual,Number,42 years,Females,Belgium,2016,73622,,
ESTAT:DEMO_PJAN(1.0),30/05/26 11:00:00,Annual,Number,42 years,Females,Belgium,2017,72181,,
ESTAT:DEMO_PJAN(1.0),30/05/26 11:00:00,Annual,Number,42 years,Females,Belgium,2018,70566,,
ESTAT:DEMO_PJAN(1.0),30/05/26 11:00:00,Annual,Number,42 years,Females,Belgium,2019,72035,,
ESTAT:DEMO_PJAN(1.0),30/05/26 11:00:00,Annual,Number,42 years,Females,Belgium,2020,73522,,
ESTAT:DEMO_PJAN(1.0),30/05/26 11:00:00,Annual,Number,42 years,Females,Belgium,2021,74881,,
ESTAT:DEMO_PJAN(1.0),30/05/26 11:00:00,Annual,Number,42 years,Females,Belgium,2022,75641,,
ESTAT:DEMO_PJAN(1.0),30/05/26 11:00:00,Annual,Number,42 years,Females,Belgium,2023,78800,,
ESTAT:DEMO_PJAN(1.0),30/05/26 11:00:00,Annual,Number,42 years,Females,Belgium,2024,77724,,
ESTAT:DEMO_PJAN(1.0),30/05/26 11:00:00,Annual,Number,42 years,Females,Belgium,2025,77893,,
ESTAT:DEMO_PJAN(1.0),30/05/26 11:00:00,Annual,Number,42 years,Males,Belgium,2005,81656,,
ESTAT:DEMO_PJAN(1.0),30/05/26 11:00:00,Annual,Number,42 years,Males,Belgium,2006,83387,,
ESTAT:DEMO_PJAN(1.0),30/05/26 11:00:00,Annual,Number,42 years,Males,Belgium,2007,85033,,
ESTAT:DEMO_PJAN(1.0),30/05/26 11:00:00,Annual,Number,42 years,Males,Belgium,2008,83039,,
ESTAT:DEMO_PJAN(1.0),30/05/26 11:00:00,Annual,Number,42 years,Males,Belgium,2009,81033,,
ESTAT:DEMO_PJAN(1.0),30/05/26 11:00:00,Annual,Number,42 years,Males,Belgium,2010,79377,,
ESTAT:DEMO_PJAN(1.0),30/05/26 11:00:00,Annual,Number,42 years,Males,Belgium,2011,79198,,
ESTAT:DEMO_PJAN(1.0),30/05/26 11:00:00,Annual,Number,42 years,Males,Belgium,2012,79760,,
ESTAT:DEMO_PJAN(1.0),30/05/26 11:00:00,Annual,Number,42 years,Males,Belgium,2013,80723,,
ESTAT:DEMO_PJAN(1.0),30/05/26 11:00:00,Annual,Number,42 years,Males,Belgium,2014,79399,,
ESTAT:DEMO_PJAN(1.0),30/05/26 11:00:00,Annual,Number,42 years,Males,Belgium,2015,77927,,
ESTAT:DEMO_PJAN(1.0),30/05/26 11:00:00,Annual,Number,42 years,Males,Belgium,2016,75965,,
ESTAT:DEMO_PJAN(1.0),30/05/26 11:00:00,Annual,Number,42 years,Males,Belgium,2017,74160,,
ESTAT:DEMO_PJAN(1.0),30/05/26 11:00:00,Annual,Number,42 years,Males,Belgium,2018,71988,,
ESTAT:DEMO_PJAN(1.0),30/05/26 11:00:00,Annual,Number,42 years,Males,Belgium,2019,73234,,
ESTAT:DEMO_PJAN(1.0),30/05/26 11:00:00,Annual,Number,42 years,Males,Belgium,2020,74346,,
ESTAT:DEMO_PJAN(1.0),30/05/26 11:00:00,Annual,Number,42 years,Males,Belgium,2021,75332,,
ESTAT:DEMO_PJAN(1.0),30/05/26 11:00:00,Annual,Number,42 years,Males,Belgium,2022,77059,,
ESTAT:DEMO_PJAN(1.0),30/05/26 11:00:00,Annual,Number,42 years,Males,Belgium,2023,78236,,
ESTAT:DEMO_PJAN(1.0),30/05/26 11:00:00,Annual,Number,42 years,Males,Belgium,2024,78240,,
ESTAT:DEMO_PJAN(1.0),30/05/26 11:00:00,Annual,Number,42 years,Males,Belgium,2025,77624,,
ESTAT:DEMO_PJAN(1.0),30/05/26 11:00:00,Annual,Number,42 years,Total,Belgium,2005,161462,,
ESTAT:DEMO_PJAN(1.0),30/05/26 11:00:00,Annual,Number,42 years,Total,Belgium,2006,164871,,
ESTAT:DEMO_PJAN(1.0),30/05/26 11:00:00,Annual,Number,42 years,Total,Belgium,2007,168005,,
ESTAT:DEMO_PJAN(1.0),30/05/26 11:00:00,Annual,Number,42 years,Total,Belgium,2008,163359,,
ESTAT:DEMO_PJAN(1.0),30/05/26 11:00:00,Annual,Number,42 years,Total,Belgium,2009,159904,,
ESTAT:DEMO_PJAN(1.0),30/05/26 11:00:00,Annual,Number,42 years,Total,Belgium,2010,155846,,
ESTAT:DEMO_PJAN(1.0),30/05/26 11:00:00,Annual,Number,42 years,Total,Belgium,2011,156241,,
ESTAT:DEMO_PJAN(1.0),30/05/26 11:00:00,Annual,Number,42 years,Total,Belgium,2012,157054,,
ESTAT:DEMO_PJAN(1.0),30/05/26 11:00:00,Annual,Number,42 years,Total,Belgium,2013,158910,,
ESTAT:DEMO_PJAN(1.0),30/05/26 11:00:00,Annual,Number,42 years,Total,Belgium,2014,157136,,
ESTAT:DEMO_PJAN(1.0),30/05/26 11:00:00,Annual,Number,42 years,Total,Belgium,2015,154146,,
ESTAT:DEMO_PJAN(1.0),30/05/26 11:00:00,Annual,Number,42 years,Total,Belgium,2016,149587,,
ESTAT:DEMO_PJAN(1.0),30/05/26 11:00:00,Annual,Number,42 years,Total,Belgium,2017,146341,,
ESTAT:DEMO_PJAN(1.0),30/05/26 11:00:00,Annual,Number,42 years,Total,Belgium,2018,142554,,
ESTAT:DEMO_PJAN(1.0),30/05/26 11:00:00,Annual,Number,42 years,Total,Belgium,2019,145269,,
ESTAT:DEMO_PJAN(1.0),30/05/26 11:00:00,Annual,Number,42 years,Total,Belgium,2020,147868,,
ESTAT:DEMO_PJAN(1.0),30/05/26 11:00:00,Annual,Number,42 years,Total,Belgium,2021,150213,,
ESTAT:DEMO_PJAN(1.0),30/05/26 11:00:00,Annual,Number,42 years,Total,Belgium,2022,152700,,
ESTAT:DEMO_PJAN(1.0),30/05/26 11:00:00,Annual,Number,42 years,Total,Belgium,2023,157036,,
ESTAT:DEMO_PJAN(1.0),30/05/26 11:00:00,Annual,Number,42 years,Total,Belgium,2024,155964,,
ESTAT:DEMO_PJAN(1.0),30/05/26 11:00:00,Annual,Number,42 years,Total,Belgium,2025,155517,,
ESTAT:DEMO_PJAN(1.0),30/05/26 11:00:00,Annual,Number,43 years,Females,Belgium,2005,80458,,
ESTAT:DEMO_PJAN(1.0),30/05/26 11:00:00,Annual,Number,43 years,Females,Belgium,2006,79939,,
ESTAT:DEMO_PJAN(1.0),30/05/26 11:00:00,Annual,Number,43 years,Females,Belgium,2007,81638,,
ESTAT:DEMO_PJAN(1.0),30/05/26 11:00:00,Annual,Number,43 years,Females,Belgium,2008,83248,,
ESTAT:DEMO_PJAN(1.0),30/05/26 11:00:00,Annual,Number,43 years,Females,Belgium,2009,80501,,
ESTAT:DEMO_PJAN(1.0),30/05/26 11:00:00,Annual,Number,43 years,Females,Belgium,2010,79081,,
ESTAT:DEMO_PJAN(1.0),30/05/26 11:00:00,Annual,Number,43 years,Females,Belgium,2011,77050,,
ESTAT:DEMO_PJAN(1.0),30/05/26 11:00:00,Annual,Number,43 years,Females,Belgium,2012,77275,,
ESTAT:DEMO_PJAN(1.0),30/05/26 11:00:00,Annual,Number,43 years,Females,Belgium,2013,77460,,
ESTAT:DEMO_PJAN(1.0),30/05/26 11:00:00,Annual,Number,43 years,Females,Belgium,2014,78156,,
ESTAT:DEMO_PJAN(1.0),30/05/26 11:00:00,Annual,Number,43 years,Females,Belgium,2015,77840,,
ESTAT:DEMO_PJAN(1.0),30/05/26 11:00:00,Annual,Number,43 years,Females,Belgium,2016,76375,,
ESTAT:DEMO_PJAN(1.0),30/05/26 11:00:00,Annual,Number,43 years,Females,Belgium,2017,73688,,
ESTAT:DEMO_PJAN(1.0),30/05/26 11:00:00,Annual,Number,43 years,Females,Belgium,2018,72373,,
ESTAT:DEMO_PJAN(1.0),30/05/26 11:00:00,Annual,Number,43 years,Females,Belgium,2019,70760,,
ESTAT:DEMO_PJAN(1.0),30/05/26 11:00:00,Annual,Number,43 years,Females,Belgium,2020,72363,,
ESTAT:DEMO_PJAN(1.0),30/05/26 11:00:00,Annual,Number,43 years,Females,Belgium,2021,73776,,
ESTAT:DEMO_PJAN(1.0),30/05/26 11:00:00,Annual,Number,43 years,Females,Belgium,2022,75079,,
ESTAT:DEMO_PJAN(1.0),30/05/26 11:00:00,Annual,Number,43 years,Females,Belgium,2023,76504,,
ESTAT:DEMO_PJAN(1.0),30/05/26 11:00:00,Annual,Number,43 years,Females,Belgium,2024,79240,,
ESTAT:DEMO_PJAN(1.0),30/05/26 11:00:00,Annual,Number,43 years,Females,Belgium,2025,78008,,
ESTAT:DEMO_PJAN(1.0),30/05/26 11:00:00,Annual,Number,43 years,Males,Belgium,2005,81442,,
ESTAT:DEMO_PJAN(1.0),30/05/26 11:00:00,Annual,Number,43 years,Males,Belgium,2006,81732,,
ESTAT:DEMO_PJAN(1.0),30/05/26 11:00:00,Annual,Number,43 years,Males,Belgium,2007,83608,,
ESTAT:DEMO_PJAN(1.0),30/05/26 11:00:00,Annual,Number,43 years,Males,Belgium,2008,85254,,
ESTAT:DEMO_PJAN(1.0),30/05/26 11:00:00,Annual,Number,43 years,Males,Belgium,2009,83247,,
ESTAT:DEMO_PJAN(1.0),30/05/26 11:00:00,Annual,Number,43 years,Males,Belgium,2010,81283,,
ESTAT:DEMO_PJAN(1.0),30/05/26 11:00:00,Annual,Number,43 years,Males,Belgium,2011,80248,,
ESTAT:DEMO_PJAN(1.0),30/05/26 11:00:00,Annual,Number,43 years,Males,Belgium,2012,79357,,
ESTAT:DEMO_PJAN(1.0),30/05/26 11:00:00,Annual,Number,43 years,Males,Belgium,2013,79779,,
ESTAT:DEMO_PJAN(1.0),30/05/26 11:00:00,Annual,Number,43 years,Males,Belgium,2014,80551,,
ESTAT:DEMO_PJAN(1.0),30/05/26 11:00:00,Annual,Number,43 years,Males,Belgium,2015,79438,,
ESTAT:DEMO_PJAN(1.0),30/05/26 11:00:00,Annual,Number,43 years,Males,Belgium,2016,78107,,
ESTAT:DEMO_PJAN(1.0),30/05/26 11:00:00,Annual,Number,43 years,Males,Belgium,2017,75889,,
ESTAT:DEMO_PJAN(1.0),30/05/26 11:00:00,Annual,Number,43 years,Males,Belgium,2018,74176,,
ESTAT:DEMO_PJAN(1.0),30/05/26 11:00:00,Annual,Number,43 years,Males,Belgium,2019,72223,,
ESTAT:DEMO_PJAN(1.0),30/05/26 11:00:00,Annual,Number,43 years,Males,Belgium,2020,73516,,
ESTAT:DEMO_PJAN(1.0),30/05/26 11:00:00,Annual,Number,43 years,Males,Belgium,2021,74505,,
ESTAT:DEMO_PJAN(1.0),30/05/26 11:00:00,Annual,Number,43 years,Males,Belgium,2022,75492,,
ESTAT:DEMO_PJAN(1.0),30/05/26 11:00:00,Annual,Number,43 years,Males,Belgium,2023,77691,,
ESTAT:DEMO_PJAN(1.0),30/05/26 11:00:00,Annual,Number,43 years,Males,Belgium,2024,78628,,
ESTAT:DEMO_PJAN(1.0),30/05/26 11:00:00,Annual,Number,43 years,Males,Belgium,2025,78459,,
ESTAT:DEMO_PJAN(1.0),30/05/26 11:00:00,Annual,Number,43 years,Total,Belgium,2005,161900,,
ESTAT:DEMO_PJAN(1.0),30/05/26 11:00:00,Annual,Number,43 years,Total,Belgium,2006,161671,,
ESTAT:DEMO_PJAN(1.0),30/05/26 11:00:00,Annual,Number,43 years,Total,Belgium,2007,165246,,
ESTAT:DEMO_PJAN(1.0),30/05/26 11:00:00,Annual,Number,43 years,Total,Belgium,2008,168502,,
ESTAT:DEMO_PJAN(1.0),30/05/26 11:00:00,Annual,Number,43 years,Total,Belgium,2009,163748,,
ESTAT:DEMO_PJAN(1.0),30/05/26 11:00:00,Annual,Number,43 years,Total,Belgium,2010,160364,,
ESTAT:DEMO_PJAN(1.0),30/05/26 11:00:00,Annual,Number,43 years,Total,Belgium,2011,157298,,
ESTAT:DEMO_PJAN(1.0),30/05/26 11:00:00,Annual,Number,43 years,Total,Belgium,2012,156632,,
ESTAT:DEMO_PJAN(1.0),30/05/26 11:00:00,Annual,Number,43 years,Total,Belgium,2013,157239,,
ESTAT:DEMO_PJAN(1.0),30/05/26 11:00:00,Annual,Number,43 years,Total,Belgium,2014,158707,,
ESTAT:DEMO_PJAN(1.0),30/05/26 11:00:00,Annual,Number,43 years,Total,Belgium,2015,157278,,
ESTAT:DEMO_PJAN(1.0),30/05/26 11:00:00,Annual,Number,43 years,Total,Belgium,2016,154482,,
ESTAT:DEMO_PJAN(1.0),30/05/26 11:00:00,Annual,Number,43 years,Total,Belgium,2017,149577,,
ESTAT:DEMO_PJAN(1.0),30/05/26 11:00:00,Annual,Number,43 years,Total,Belgium,2018,146549,,
ESTAT:DEMO_PJAN(1.0),30/05/26 11:00:00,Annual,Number,43 years,Total,Belgium,2019,142983,,
ESTAT:DEMO_PJAN(1.0),30/05/26 11:00:00,Annual,Number,43 years,Total,Belgium,2020,145879,,
ESTAT:DEMO_PJAN(1.0),30/05/26 11:00:00,Annual,Number,43 years,Total,Belgium,2021,148281,,
ESTAT:DEMO_PJAN(1.0),30/05/26 11:00:00,Annual,Number,43 years,Total,Belgium,2022,150571,,
ESTAT:DEMO_PJAN(1.0),30/05/26 11:00:00,Annual,Number,43 years,Total,Belgium,2023,154195,,
ESTAT:DEMO_PJAN(1.0),30/05/26 11:00:00,Annual,Number,43 years,Total,Belgium,2024,157868,,
ESTAT:DEMO_PJAN(1.0),30/05/26 11:00:00,Annual,Number,43 years,Total,Belgium,2025,156467,,
ESTAT:DEMO_PJAN(1.0),30/05/26 11:00:00,Annual,Number,44 years,Females,Belgium,2005,78956,,
ESTAT:DEMO_PJAN(1.0),30/05/26 11:00:00,Annual,Number,44 years,Females,Belgium,2006,80611,,
ESTAT:DEMO_PJAN(1.0),30/05/26 11:00:00,Annual,Number,44 years,Females,Belgium,2007,80018,,
ESTAT:DEMO_PJAN(1.0),30/05/26 11:00:00,Annual,Number,44 years,Females,Belgium,2008,81790,,
ESTAT:DEMO_PJAN(1.0),30/05/26 11:00:00,Annual,Number,44 years,Females,Belgium,2009,83384,,
ESTAT:DEMO_PJAN(1.0),30/05/26 11:00:00,Annual,Number,44 years,Females,Belgium,2010,80683,,
ESTAT:DEMO_PJAN(1.0),30/05/26 11:00:00,Annual,Number,44 years,Females,Belgium,2011,79465,,
ESTAT:DEMO_PJAN(1.0),30/05/26 11:00:00,Annual,Number,44 years,Females,Belgium,2012,77186,,
ESTAT:DEMO_PJAN(1.0),30/05/26 11:00:00,Annual,Number,44 years,Females,Belgium,2013,77327,,
ESTAT:DEMO_PJAN(1.0),30/05/26 11:00:00,Annual,Number,44 years,Females,Belgium,2014,77438,,
ESTAT:DEMO_PJAN(1.0),30/05/26 11:00:00,Annual,Number,44 years,Females,Belgium,2015,78204,,
ESTAT:DEMO_PJAN(1.0),30/05/26 11:00:00,Annual,Number,44 years,Females,Belgium,2016,77940,,
ESTAT:DEMO_PJAN(1.0),30/05/26 11:00:00,Annual,Number,44 years,Females,Belgium,2017,76438,,
ESTAT:DEMO_PJAN(1.0),30/05/26 11:00:00,Annual,Number,44 years,Females,Belgium,2018,73704,,
ESTAT:DEMO_PJAN(1.0),30/05/26 11:00:00,Annual,Number,44 years,Females,Belgium,2019,72531,,
ESTAT:DEMO_PJAN(1.0),30/05/26 11:00:00,Annual,Number,44 years,Females,Belgium,2020,70996,,
ESTAT:DEMO_PJAN(1.0),30/05/26 11:00:00,Annual,Number,44 years,Females,Belgium,2021,72466,,
ESTAT:DEMO_PJAN(1.0),30/05/26 11:00:00,Annual,Number,44 years,Females,Belgium,2022,73983,,
ESTAT:DEMO_PJAN(1.0),30/05/26 11:00:00,Annual,Number,44 years,Females,Belgium,2023,75888,,
ESTAT:DEMO_PJAN(1.0),30/05/26 11:00:00,Annual,Number,44 years,Females,Belgium,2024,76870,,
ESTAT:DEMO_PJAN(1.0),30/05/26 11:00:00,Annual,Number,44 years,Females,Belgium,2025,79512,,
ESTAT:DEMO_PJAN(1.0),30/05/26 11:00:00,Annual,Number,44 years,Males,Belgium,2005,80728,,
ESTAT:DEMO_PJAN(1.0),30/05/26 11:00:00,Annual,Number,44 years,Males,Belgium,2006,81449,,
ESTAT:DEMO_PJAN(1.0),30/05/26 11:00:00,Annual,Number,44 years,Males,Belgium,2007,81813,,
ESTAT:DEMO_PJAN(1.0),30/05/26 11:00:00,Annual,Number,44 years,Males,Belgium,2008,83805,,
ESTAT:DEMO_PJAN(1.0),30/05/26 11:00:00,Annual,Number,44 years,Males,Belgium,2009,85394,,
ESTAT:DEMO_PJAN(1.0),30/05/26 11:00:00,Annual,Number,44 years,Males,Belgium,2010,83463,,
ESTAT:DEMO_PJAN(1.0),30/05/26 11:00:00,Annual,Number,44 years,Males,Belgium,2011,82006,,
ESTAT:DEMO_PJAN(1.0),30/05/26 11:00:00,Annual,Number,44 years,Males,Belgium,2012,80284,,
ESTAT:DEMO_PJAN(1.0),30/05/26 11:00:00,Annual,Number,44 years,Males,Belgium,2013,79438,,
ESTAT:DEMO_PJAN(1.0),30/05/26 11:00:00,Annual,Number,44 years,Males,Belgium,2014,79651,,
ESTAT:DEMO_PJAN(1.0),30/05/26 11:00:00,Annual,Number,44 years,Males,Belgium,2015,80557,,
ESTAT:DEMO_PJAN(1.0),30/05/26 11:00:00,Annual,Number,44 years,Males,Belgium,2016,79624,,
ESTAT:DEMO_PJAN(1.0),30/05/26 11:00:00,Annual,Number,44 years,Males,Belgium,2017,77975,,
ESTAT:DEMO_PJAN(1.0),30/05/26 11:00:00,Annual,Number,44 years,Males,Belgium,2018,75968,,
ESTAT:DEMO_PJAN(1.0),30/05/26 11:00:00,Annual,Number,44 years,Males,Belgium,2019,74362,,
ESTAT:DEMO_PJAN(1.0),30/05/26 11:00:00,Annual,Number,44 years,Males,Belgium,2020,72461,,
ESTAT:DEMO_PJAN(1.0),30/05/26 11:00:00,Annual,Number,44 years,Males,Belgium,2021,73656,,
ESTAT:DEMO_PJAN(1.0),30/05/26 11:00:00,Annual,Number,44 years,Males,Belgium,2022,74634,,
ESTAT:DEMO_PJAN(1.0),30/05/26 11:00:00,Annual,Number,44 years,Males,Belgium,2023,76045,,
ESTAT:DEMO_PJAN(1.0),30/05/26 11:00:00,Annual,Number,44 years,Males,Belgium,2024,77991,,
ESTAT:DEMO_PJAN(1.0),30/05/26 11:00:00,Annual,Number,44 years,Males,Belgium,2025,78801,,
ESTAT:DEMO_PJAN(1.0),30/05/26 11:00:00,Annual,Number,44 years,Total,Belgium,2005,159684,,
ESTAT:DEMO_PJAN(1.0),30/05/26 11:00:00,Annual,Number,44 years,Total,Belgium,2006,162060,,
ESTAT:DEMO_PJAN(1.0),30/05/26 11:00:00,Annual,Number,44 years,Total,Belgium,2007,161831,,
ESTAT:DEMO_PJAN(1.0),30/05/26 11:00:00,Annual,Number,44 years,Total,Belgium,2008,165595,,
ESTAT:DEMO_PJAN(1.0),30/05/26 11:00:00,Annual,Number,44 years,Total,Belgium,2009,168778,,
ESTAT:DEMO_PJAN(1.0),30/05/26 11:00:00,Annual,Number,44 years,Total,Belgium,2010,164146,,
ESTAT:DEMO_PJAN(1.0),30/05/26 11:00:00,Annual,Number,44 years,Total,Belgium,2011,161471,,
ESTAT:DEMO_PJAN(1.0),30/05/26 11:00:00,Annual,Number,44 years,Total,Belgium,2012,157470,,
ESTAT:DEMO_PJAN(1.0),30/05/26 11:00:00,Annual,Number,44 years,Total,Belgium,2013,156765,,
ESTAT:DEMO_PJAN(1.0),30/05/26 11:00:00,Annual,Number,44 years,Total,Belgium,2014,157089,,
ESTAT:DEMO_PJAN(1.0),30/05/26 11:00:00,Annual,Number,44 years,Total,Belgium,2015,158761,,
ESTAT:DEMO_PJAN(1.0),30/05/26 11:00:00,Annual,Number,44 years,Total,Belgium,2016,157564,,
ESTAT:DEMO_PJAN(1.0),30/05/26 11:00:00,Annual,Number,44 years,Total,Belgium,2017,154413,,
ESTAT:DEMO_PJAN(1.0),30/05/26 11:00:00,Annual,Number,44 years,Total,Belgium,2018,149672,,
ESTAT:DEMO_PJAN(1.0),30/05/26 11:00:00,Annual,Number,44 years,Total,Belgium,2019,146893,,
ESTAT:DEMO_PJAN(1.0),30/05/26 11:00:00,Annual,Number,44 years,Total,Belgium,2020,143457,,
ESTAT:DEMO_PJAN(1.0),30/05/26 11:00:00,Annual,Number,44 years,Total,Belgium,2021,146122,,
ESTAT:DEMO_PJAN(1.0),30/05/26 11:00:00,Annual,Number,44 years,Total,Belgium,2022,148617,,
ESTAT:DEMO_PJAN(1.0),30/05/26 11:00:00,Annual,Number,44 years,Total,Belgium,2023,151933,,
ESTAT:DEMO_PJAN(1.0),30/05/26 11:00:00,Annual,Number,44 years,Total,Belgium,2024,154861,,
ESTAT:DEMO_PJAN(1.0),30/05/26 11:00:00,Annual,Number,44 years,Total,Belgium,2025,158313,,
ESTAT:DEMO_PJAN(1.0),30/05/26 11:00:00,Annual,Number,45 years,Females,Belgium,2005,79957,,
ESTAT:DEMO_PJAN(1.0),30/05/26 11:00:00,Annual,Number,45 years,Females,Belgium,2006,79088,,
ESTAT:DEMO_PJAN(1.0),30/05/26 11:00:00,Annual,Number,45 years,Females,Belgium,2007,80631,,
ESTAT:DEMO_PJAN(1.0),30/05/26 11:00:00,Annual,Number,45 years,Females,Belgium,2008,80095,,
ESTAT:DEMO_PJAN(1.0),30/05/26 11:00:00,Annual,Number,45 years,Females,Belgium,2009,81922,,
ESTAT:DEMO_PJAN(1.0),30/05/26 11:00:00,Annual,Number,45 years,Females,Belgium,2010,83574,,
ESTAT:DEMO_PJAN(1.0),30/05/26 11:00:00,Annual,Number,45 years,Females,Belgium,2011,81200,,
ESTAT:DEMO_PJAN(1.0),30/05/26 11:00:00,Annual,Number,45 years,Females,Belgium,2012,79542,,
ESTAT:DEMO_PJAN(1.0),30/05/26 11:00:00,Annual,Number,45 years,Females,Belgium,2013,77143,,
ESTAT:DEMO_PJAN(1.0),30/05/26 11:00:00,Annual,Number,45 years,Females,Belgium,2014,77379,,
ESTAT:DEMO_PJAN(1.0),30/05/26 11:00:00,Annual,Number,45 years,Females,Belgium,2015,77477,,
ESTAT:DEMO_PJAN(1.0),30/05/26 11:00:00,Annual,Number,45 years,Females,Belgium,2016,78287,,
ESTAT:DEMO_PJAN(1.0),30/05/26 11:00:00,Annual,Number,45 years,Females,Belgium,2017,77957,,
ESTAT:DEMO_PJAN(1.0),30/05/26 11:00:00,Annual,Number,45 years,Females,Belgium,2018,76475,,
ESTAT:DEMO_PJAN(1.0),30/05/26 11:00:00,Annual,Number,45 years,Females,Belgium,2019,73789,,
ESTAT:DEMO_PJAN(1.0),30/05/26 11:00:00,Annual,Number,45 years,Females,Belgium,2020,72721,,
ESTAT:DEMO_PJAN(1.0),30/05/26 11:00:00,Annual,Number,45 years,Females,Belgium,2021,71212,,
ESTAT:DEMO_PJAN(1.0),30/05/26 11:00:00,Annual,Number,45 years,Females,Belgium,2022,72603,,
ESTAT:DEMO_PJAN(1.0),30/05/26 11:00:00,Annual,Number,45 years,Females,Belgium,2023,74783,,
ESTAT:DEMO_PJAN(1.0),30/05/26 11:00:00,Annual,Number,45 years,Females,Belgium,2024,76151,,
ESTAT:DEMO_PJAN(1.0),30/05/26 11:00:00,Annual,Number,45 years,Females,Belgium,2025,77114,,
ESTAT:DEMO_PJAN(1.0),30/05/26 11:00:00,Annual,Number,45 years,Males,Belgium,2005,80757,,
ESTAT:DEMO_PJAN(1.0),30/05/26 11:00:00,Annual,Number,45 years,Males,Belgium,2006,80647,,
ESTAT:DEMO_PJAN(1.0),30/05/26 11:00:00,Annual,Number,45 years,Males,Belgium,2007,81467,,
ESTAT:DEMO_PJAN(1.0),30/05/26 11:00:00,Annual,Number,45 years,Males,Belgium,2008,81975,,
ESTAT:DEMO_PJAN(1.0),30/05/26 11:00:00,Annual,Number,45 years,Males,Belgium,2009,83883,,
ESTAT:DEMO_PJAN(1.0),30/05/26 11:00:00,Annual,Number,45 years,Males,Belgium,2010,85503,,
ESTAT:DEMO_PJAN(1.0),30/05/26 11:00:00,Annual,Number,45 years,Males,Belgium,2011,84104,,
ESTAT:DEMO_PJAN(1.0),30/05/26 11:00:00,Annual,Number,45 years,Males,Belgium,2012,82109,,
ESTAT:DEMO_PJAN(1.0),30/05/26 11:00:00,Annual,Number,45 years,Males,Belgium,2013,80243,,
ESTAT:DEMO_PJAN(1.0),30/05/26 11:00:00,Annual,Number,45 years,Males,Belgium,2014,79309,,
ESTAT:DEMO_PJAN(1.0),30/05/26 11:00:00,Annual,Number,45 years,Males,Belgium,2015,79663,,
ESTAT:DEMO_PJAN(1.0),30/05/26 11:00:00,Annual,Number,45 years,Males,Belgium,2016,80671,,
ESTAT:DEMO_PJAN(1.0),30/05/26 11:00:00,Annual,Number,45 years,Males,Belgium,2017,79365,,
ESTAT:DEMO_PJAN(1.0),30/05/26 11:00:00,Annual,Number,45 years,Males,Belgium,2018,77923,,
ESTAT:DEMO_PJAN(1.0),30/05/26 11:00:00,Annual,Number,45 years,Males,Belgium,2019,76129,,
ESTAT:DEMO_PJAN(1.0),30/05/26 11:00:00,Annual,Number,45 years,Males,Belgium,2020,74651,,
ESTAT:DEMO_PJAN(1.0),30/05/26 11:00:00,Annual,Number,45 years,Males,Belgium,2021,72584,,
ESTAT:DEMO_PJAN(1.0),30/05/26 11:00:00,Annual,Number,45 years,Males,Belgium,2022,73810,,
ESTAT:DEMO_PJAN(1.0),30/05/26 11:00:00,Annual,Number,45 years,Males,Belgium,2023,75118,,
ESTAT:DEMO_PJAN(1.0),30/05/26 11:00:00,Annual,Number,45 years,Males,Belgium,2024,76339,,
ESTAT:DEMO_PJAN(1.0),30/05/26 11:00:00,Annual,Number,45 years,Males,Belgium,2025,78184,,
ESTAT:DEMO_PJAN(1.0),30/05/26 11:00:00,Annual,Number,45 years,Total,Belgium,2005,160714,,
ESTAT:DEMO_PJAN(1.0),30/05/26 11:00:00,Annual,Number,45 years,Total,Belgium,2006,159735,,
ESTAT:DEMO_PJAN(1.0),30/05/26 11:00:00,Annual,Number,45 years,Total,Belgium,2007,162098,,
ESTAT:DEMO_PJAN(1.0),30/05/26 11:00:00,Annual,Number,45 years,Total,Belgium,2008,162070,,
ESTAT:DEMO_PJAN(1.0),30/05/26 11:00:00,Annual,Number,45 years,Total,Belgium,2009,165805,,
ESTAT:DEMO_PJAN(1.0),30/05/26 11:00:00,Annual,Number,45 years,Total,Belgium,2010,169077,,
ESTAT:DEMO_PJAN(1.0),30/05/26 11:00:00,Annual,Number,45 years,Total,Belgium,2011,165304,,
ESTAT:DEMO_PJAN(1.0),30/05/26 11:00:00,Annual,Number,45 years,Total,Belgium,2012,161651,,
ESTAT:DEMO_PJAN(1.0),30/05/26 11:00:00,Annual,Number,45 years,Total,Belgium,2013,157386,,
ESTAT:DEMO_PJAN(1.0),30/05/26 11:00:00,Annual,Number,45 years,Total,Belgium,2014,156688,,
ESTAT:DEMO_PJAN(1.0),30/05/26 11:00:00,Annual,Number,45 years,Total,Belgium,2015,157140,,
ESTAT:DEMO_PJAN(1.0),30/05/26 11:00:00,Annual,Number,45 years,Total,Belgium,2016,158958,,
ESTAT:DEMO_PJAN(1.0),30/05/26 11:00:00,Annual,Number,45 years,Total,Belgium,2017,157322,,
ESTAT:DEMO_PJAN(1.0),30/05/26 11:00:00,Annual,Number,45 years,Total,Belgium,2018,154398,,
ESTAT:DEMO_PJAN(1.0),30/05/26 11:00:00,Annual,Number,45 years,Total,Belgium,2019,149918,,
ESTAT:DEMO_PJAN(1.0),30/05/26 11:00:00,Annual,Number,45 years,Total,Belgium,2020,147372,,
ESTAT:DEMO_PJAN(1.0),30/05/26 11:00:00,Annual,Number,45 years,Total,Belgium,2021,143796,,
ESTAT:DEMO_PJAN(1.0),30/05/26 11:00:00,Annual,Number,45 years,Total,Belgium,2022,146413,,
ESTAT:DEMO_PJAN(1.0),30/05/26 11:00:00,Annual,Number,45 years,Total,Belgium,2023,149901,,
ESTAT:DEMO_PJAN(1.0),30/05/26 11:00:00,Annual,Number,45 years,Total,Belgium,2024,152490,,
ESTAT:DEMO_PJAN(1.0),30/05/26 11:00:00,Annual,Number,45 years,Total,Belgium,2025,155298,,
ESTAT:DEMO_PJAN(1.0),30/05/26 11:00:00,Annual,Number,46 years,Females,Belgium,2005,77780,,
ESTAT:DEMO_PJAN(1.0),30/05/26 11:00:00,Annual,Number,46 years,Females,Belgium,2006,79992,,
ESTAT:DEMO_PJAN(1.0),30/05/26 11:00:00,Annual,Number,46 years,Females,Belgium,2007,79211,,
ESTAT:DEMO_PJAN(1.0),30/05/26 11:00:00,Annual,Number,46 years,Females,Belgium,2008,80670,,
ESTAT:DEMO_PJAN(1.0),30/05/26 11:00:00,Annual,Number,46 years,Females,Belgium,2009,80174,,
ESTAT:DEMO_PJAN(1.0),30/05/26 11:00:00,Annual,Number,46 years,Females,Belgium,2010,82079,,
ESTAT:DEMO_PJAN(1.0),30/05/26 11:00:00,Annual,Number,46 years,Females,Belgium,2011,83974,,
ESTAT:DEMO_PJAN(1.0),30/05/26 11:00:00,Annual,Number,46 years,Females,Belgium,2012,81244,,
ESTAT:DEMO_PJAN(1.0),30/05/26 11:00:00,Annual,Number,46 years,Females,Belgium,2013,79601,,
ESTAT:DEMO_PJAN(1.0),30/05/26 11:00:00,Annual,Number,46 years,Females,Belgium,2014,77162,,
ESTAT:DEMO_PJAN(1.0),30/05/26 11:00:00,Annual,Number,46 years,Females,Belgium,2015,77412,,
ESTAT:DEMO_PJAN(1.0),30/05/26 11:00:00,Annual,Number,46 years,Females,Belgium,2016,77494,,
ESTAT:DEMO_PJAN(1.0),30/05/26 11:00:00,Annual,Number,46 years,Females,Belgium,2017,78270,,
ESTAT:DEMO_PJAN(1.0),30/05/26 11:00:00,Annual,Number,46 years,Females,Belgium,2018,77951,,
ESTAT:DEMO_PJAN(1.0),30/05/26 11:00:00,Annual,Number,46 years,Females,Belgium,2019,76583,,
ESTAT:DEMO_PJAN(1.0),30/05/26 11:00:00,Annual,Number,46 years,Females,Belgium,2020,73918,,
ESTAT:DEMO_PJAN(1.0),30/05/26 11:00:00,Annual,Number,46 years,Females,Belgium,2021,72822,,
ESTAT:DEMO_PJAN(1.0),30/05/26 11:00:00,Annual,Number,46 years,Females,Belgium,2022,71368,,
ESTAT:DEMO_PJAN(1.0),30/05/26 11:00:00,Annual,Number,46 years,Females,Belgium,2023,73310,,
ESTAT:DEMO_PJAN(1.0),30/05/26 11:00:00,Annual,Number,46 years,Females,Belgium,2024,74991,,
ESTAT:DEMO_PJAN(1.0),30/05/26 11:00:00,Annual,Number,46 years,Females,Belgium,2025,76430,,
ESTAT:DEMO_PJAN(1.0),30/05/26 11:00:00,Annual,Number,46 years,Males,Belgium,2005,79308,,
ESTAT:DEMO_PJAN(1.0),30/05/26 11:00:00,Annual,Number,46 years,Males,Belgium,2006,80680,,
ESTAT:DEMO_PJAN(1.0),30/05/26 11:00:00,Annual,Number,46 years,Males,Belgium,2007,80708,,
ESTAT:DEMO_PJAN(1.0),30/05/26 11:00:00,Annual,Number,46 years,Males,Belgium,2008,81532,,
ESTAT:DEMO_PJAN(1.0),30/05/26 11:00:00,Annual,Number,46 years,Males,Belgium,2009,82032,,
ESTAT:DEMO_PJAN(1.0),30/05/26 11:00:00,Annual,Number,46 years,Males,Belgium,2010,83937,,
ESTAT:DEMO_PJAN(1.0),30/05/26 11:00:00,Annual,Number,46 years,Males,Belgium,2011,86046,,
ESTAT:DEMO_PJAN(1.0),30/05/26 11:00:00,Annual,Number,46 years,Males,Belgium,2012,84021,,
ESTAT:DEMO_PJAN(1.0),30/05/26 11:00:00,Annual,Number,46 years,Males,Belgium,2013,82055,,
ESTAT:DEMO_PJAN(1.0),30/05/26 11:00:00,Annual,Number,46 years,Males,Belgium,2014,80104,,
ESTAT:DEMO_PJAN(1.0),30/05/26 11:00:00,Annual,Number,46 years,Males,Belgium,2015,79210,,
ESTAT:DEMO_PJAN(1.0),30/05/26 11:00:00,Annual,Number,46 years,Males,Belgium,2016,79695,,
ESTAT:DEMO_PJAN(1.0),30/05/26 11:00:00,Annual,Number,46 years,Males,Belgium,2017,80540,,
ESTAT:DEMO_PJAN(1.0),30/05/26 11:00:00,Annual,Number,46 years,Males,Belgium,2018,79347,,
ESTAT:DEMO_PJAN(1.0),30/05/26 11:00:00,Annual,Number,46 years,Males,Belgium,2019,78000,,
ESTAT:DEMO_PJAN(1.0),30/05/26 11:00:00,Annual,Number,46 years,Males,Belgium,2020,76293,,
ESTAT:DEMO_PJAN(1.0),30/05/26 11:00:00,Annual,Number,46 years,Males,Belgium,2021,74804,,
ESTAT:DEMO_PJAN(1.0),30/05/26 11:00:00,Annual,Number,46 years,Males,Belgium,2022,72775,,
ESTAT:DEMO_PJAN(1.0),30/05/26 11:00:00,Annual,Number,46 years,Males,Belgium,2023,74233,,
ESTAT:DEMO_PJAN(1.0),30/05/26 11:00:00,Annual,Number,46 years,Males,Belgium,2024,75350,,
ESTAT:DEMO_PJAN(1.0),30/05/26 11:00:00,Annual,Number,46 years,Males,Belgium,2025,76487,,
ESTAT:DEMO_PJAN(1.0),30/05/26 11:00:00,Annual,Number,46 years,Total,Belgium,2005,157088,,
ESTAT:DEMO_PJAN(1.0),30/05/26 11:00:00,Annual,Number,46 years,Total,Belgium,2006,160672,,
ESTAT:DEMO_PJAN(1.0),30/05/26 11:00:00,Annual,Number,46 years,Total,Belgium,2007,159919,,
ESTAT:DEMO_PJAN(1.0),30/05/26 11:00:00,Annual,Number,46 years,Total,Belgium,2008,162202,,
ESTAT:DEMO_PJAN(1.0),30/05/26 11:00:00,Annual,Number,46 years,Total,Belgium,2009,162206,,
ESTAT:DEMO_PJAN(1.0),30/05/26 11:00:00,Annual,Number,46 years,Total,Belgium,2010,166016,,
ESTAT:DEMO_PJAN(1.0),30/05/26 11:00:00,Annual,Number,46 years,Total,Belgium,2011,170020,,
ESTAT:DEMO_PJAN(1.0),30/05/26 11:00:00,Annual,Number,46 years,Total,Belgium,2012,165265,,
ESTAT:DEMO_PJAN(1.0),30/05/26 11:00:00,Annual,Number,46 years,Total,Belgium,2013,161656,,
ESTAT:DEMO_PJAN(1.0),30/05/26 11:00:00,Annual,Number,46 years,Total,Belgium,2014,157266,,
ESTAT:DEMO_PJAN(1.0),30/05/26 11:00:00,Annual,Number,46 years,Total,Belgium,2015,156622,,
ESTAT:DEMO_PJAN(1.0),30/05/26 11:00:00,Annual,Number,46 years,Total,Belgium,2016,157189,,
ESTAT:DEMO_PJAN(1.0),30/05/26 11:00:00,Annual,Number,46 years,Total,Belgium,2017,158810,,
ESTAT:DEMO_PJAN(1.0),30/05/26 11:00:00,Annual,Number,46 years,Total,Belgium,2018,157298,,
ESTAT:DEMO_PJAN(1.0),30/05/26 11:00:00,Annual,Number,46 years,Total,Belgium,2019,154583,,
ESTAT:DEMO_PJAN(1.0),30/05/26 11:00:00,Annual,Number,46 years,Total,Belgium,2020,150211,,
ESTAT:DEMO_PJAN(1.0),30/05/26 11:00:00,Annual,Number,46 years,Total,Belgium,2021,147626,,
ESTAT:DEMO_PJAN(1.0),30/05/26 11:00:00,Annual,Number,46 years,Total,Belgium,2022,144143,,
ESTAT:DEMO_PJAN(1.0),30/05/26 11:00:00,Annual,Number,46 years,Total,Belgium,2023,147543,,
ESTAT:DEMO_PJAN(1.0),30/05/26 11:00:00,Annual,Number,46 years,Total,Belgium,2024,150341,,
ESTAT:DEMO_PJAN(1.0),30/05/26 11:00:00,Annual,Number,46 years,Total,Belgium,2025,152917,,
ESTAT:DEMO_PJAN(1.0),30/05/26 11:00:00,Annual,Number,47 years,Females,Belgium,2005,76277,,
ESTAT:DEMO_PJAN(1.0),30/05/26 11:00:00,Annual,Number,47 years,Females,Belgium,2006,77800,,
ESTAT:DEMO_PJAN(1.0),30/05/26 11:00:00,Annual,Number,47 years,Females,Belgium,2007,79999,,
ESTAT:DEMO_PJAN(1.0),30/05/26 11:00:00,Annual,Number,47 years,Females,Belgium,2008,79282,,
ESTAT:DEMO_PJAN(1.0),30/05/26 11:00:00,Annual,Number,47 years,Females,Belgium,2009,80713,,
ESTAT:DEMO_PJAN(1.0),30/05/26 11:00:00,Annual,Number,47 years,Females,Belgium,2010,80333,,
ESTAT:DEMO_PJAN(1.0),30/05/26 11:00:00,Annual,Number,47 years,Females,Belgium,2011,82452,,
ESTAT:DEMO_PJAN(1.0),30/05/26 11:00:00,Annual,Number,47 years,Females,Belgium,2012,84011,,
ESTAT:DEMO_PJAN(1.0),30/05/26 11:00:00,Annual,Number,47 years,Females,Belgium,2013,81216,,
ESTAT:DEMO_PJAN(1.0),30/05/26 11:00:00,Annual,Number,47 years,Females,Belgium,2014,79479,,
ESTAT:DEMO_PJAN(1.0),30/05/26 11:00:00,Annual,Number,47 years,Females,Belgium,2015,77145,,
ESTAT:DEMO_PJAN(1.0),30/05/26 11:00:00,Annual,Number,47 years,Females,Belgium,2016,77510,,
ESTAT:DEMO_PJAN(1.0),30/05/26 11:00:00,Annual,Number,47 years,Females,Belgium,2017,77439,,
ESTAT:DEMO_PJAN(1.0),30/05/26 11:00:00,Annual,Number,47 years,Females,Belgium,2018,78239,,
ESTAT:DEMO_PJAN(1.0),30/05/26 11:00:00,Annual,Number,47 years,Females,Belgium,2019,77967,,
ESTAT:DEMO_PJAN(1.0),30/05/26 11:00:00,Annual,Number,47 years,Females,Belgium,2020,76718,,
ESTAT:DEMO_PJAN(1.0),30/05/26 11:00:00,Annual,Number,47 years,Females,Belgium,2021,74071,,
ESTAT:DEMO_PJAN(1.0),30/05/26 11:00:00,Annual,Number,47 years,Females,Belgium,2022,72948,,
ESTAT:DEMO_PJAN(1.0),30/05/26 11:00:00,Annual,Number,47 years,Females,Belgium,2023,71956,,
ESTAT:DEMO_PJAN(1.0),30/05/26 11:00:00,Annual,Number,47 years,Females,Belgium,2024,73572,,
ESTAT:DEMO_PJAN(1.0),30/05/26 11:00:00,Annual,Number,47 years,Females,Belgium,2025,75169,,
ESTAT:DEMO_PJAN(1.0),30/05/26 11:00:00,Annual,Number,47 years,Males,Belgium,2005,77771,,
ESTAT:DEMO_PJAN(1.0),30/05/26 11:00:00,Annual,Number,47 years,Males,Belgium,2006,79230,,
ESTAT:DEMO_PJAN(1.0),30/05/26 11:00:00,Annual,Number,47 years,Males,Belgium,2007,80631,,
ESTAT:DEMO_PJAN(1.0),30/05/26 11:00:00,Annual,Number,47 years,Males,Belgium,2008,80859,,
ESTAT:DEMO_PJAN(1.0),30/05/26 11:00:00,Annual,Number,47 years,Males,Belgium,2009,81524,,
ESTAT:DEMO_PJAN(1.0),30/05/26 11:00:00,Annual,Number,47 years,Males,Belgium,2010,82102,,
ESTAT:DEMO_PJAN(1.0),30/05/26 11:00:00,Annual,Number,47 years,Males,Belgium,2011,84363,,
ESTAT:DEMO_PJAN(1.0),30/05/26 11:00:00,Annual,Number,47 years,Males,Belgium,2012,85970,,
ESTAT:DEMO_PJAN(1.0),30/05/26 11:00:00,Annual,Number,47 years,Males,Belgium,2013,83961,,
ESTAT:DEMO_PJAN(1.0),30/05/26 11:00:00,Annual,Number,47 years,Males,Belgium,2014,81920,,
ESTAT:DEMO_PJAN(1.0),30/05/26 11:00:00,Annual,Number,47 years,Males,Belgium,2015,80056,,
ESTAT:DEMO_PJAN(1.0),30/05/26 11:00:00,Annual,Number,47 years,Males,Belgium,2016,79254,,
ESTAT:DEMO_PJAN(1.0),30/05/26 11:00:00,Annual,Number,47 years,Males,Belgium,2017,79609,,
ESTAT:DEMO_PJAN(1.0),30/05/26 11:00:00,Annual,Number,47 years,Males,Belgium,2018,80436,,
ESTAT:DEMO_PJAN(1.0),30/05/26 11:00:00,Annual,Number,47 years,Males,Belgium,2019,79330,,
ESTAT:DEMO_PJAN(1.0),30/05/26 11:00:00,Annual,Number,47 years,Males,Belgium,2020,78055,,
ESTAT:DEMO_PJAN(1.0),30/05/26 11:00:00,Annual,Number,47 years,Males,Belgium,2021,76396,,
ESTAT:DEMO_PJAN(1.0),30/05/26 11:00:00,Annual,Number,47 years,Males,Belgium,2022,74834,,
ESTAT:DEMO_PJAN(1.0),30/05/26 11:00:00,Annual,Number,47 years,Males,Belgium,2023,73174,,
ESTAT:DEMO_PJAN(1.0),30/05/26 11:00:00,Annual,Number,47 years,Males,Belgium,2024,74404,,
ESTAT:DEMO_PJAN(1.0),30/05/26 11:00:00,Annual,Number,47 years,Males,Belgium,2025,75530,,
ESTAT:DEMO_PJAN(1.0),30/05/26 11:00:00,Annual,Number,47 years,Total,Belgium,2005,154048,,
ESTAT:DEMO_PJAN(1.0),30/05/26 11:00:00,Annual,Number,47 years,Total,Belgium,2006,157030,,
ESTAT:DEMO_PJAN(1.0),30/05/26 11:00:00,Annual,Number,47 years,Total,Belgium,2007,160630,,
ESTAT:DEMO_PJAN(1.0),30/05/26 11:00:00,Annual,Number,47 years,Total,Belgium,2008,160141,,
ESTAT:DEMO_PJAN(1.0),30/05/26 11:00:00,Annual,Number,47 years,Total,Belgium,2009,162237,,
ESTAT:DEMO_PJAN(1.0),30/05/26 11:00:00,Annual,Number,47 years,Total,Belgium,2010,162435,,
ESTAT:DEMO_PJAN(1.0),30/05/26 11:00:00,Annual,Number,47 years,Total,Belgium,2011,166815,,
ESTAT:DEMO_PJAN(1.0),30/05/26 11:00:00,Annual,Number,47 years,Total,Belgium,2012,169981,,
ESTAT:DEMO_PJAN(1.0),30/05/26 11:00:00,Annual,Number,47 years,Total,Belgium,2013,165177,,
ESTAT:DEMO_PJAN(1.0),30/05/26 11:00:00,Annual,Number,47 years,Total,Belgium,2014,161399,,
ESTAT:DEMO_PJAN(1.0),30/05/26 11:00:00,Annual,Number,47 years,Total,Belgium,2015,157201,,
ESTAT:DEMO_PJAN(1.0),30/05/26 11:00:00,Annual,Number,47 years,Total,Belgium,2016,156764,,
ESTAT:DEMO_PJAN(1.0),30/05/26 11:00:00,Annual,Number,47 years,Total,Belgium,2017,157048,,
ESTAT:DEMO_PJAN(1.0),30/05/26 11:00:00,Annual,Number,47 years,Total,Belgium,2018,158675,,
ESTAT:DEMO_PJAN(1.0),30/05/26 11:00:00,Annual,Number,47 years,Total,Belgium,2019,157297,,
ESTAT:DEMO_PJAN(1.0),30/05/26 11:00:00,Annual,Number,47 years,Total,Belgium,2020,154773,,
ESTAT:DEMO_PJAN(1.0),30/05/26 11:00:00,Annual,Number,47 years,Total,Belgium,2021,150467,,
ESTAT:DEMO_PJAN(1.0),30/05/26 11:00:00,Annual,Number,47 years,Total,Belgium,2022,147782,,
ESTAT:DEMO_PJAN(1.0),30/05/26 11:00:00,Annual,Number,47 years,Total,Belgium,2023,145130,,
ESTAT:DEMO_PJAN(1.0),30/05/26 11:00:00,Annual,Number,47 years,Total,Belgium,2024,147976,,
ESTAT:DEMO_PJAN(1.0),30/05/26 11:00:00,Annual,Number,47 years,Total,Belgium,2025,150699,,
ESTAT:DEMO_PJAN(1.0),30/05/26 11:00:00,Annual,Number,48 years,Females,Belgium,2005,75503,,
ESTAT:DEMO_PJAN(1.0),30/05/26 11:00:00,Annual,Number,48 years,Females,Belgium,2006,76277,,
ESTAT:DEMO_PJAN(1.0),30/05/26 11:00:00,Annual,Number,48 years,Females,Belgium,2007,77789,,
ESTAT:DEMO_PJAN(1.0),30/05/26 11:00:00,Annual,Number,48 years,Females,Belgium,2008,80044,,
ESTAT:DEMO_PJAN(1.0),30/05/26 11:00:00,Annual,Number,48 years,Females,Belgium,2009,79316,,
ESTAT:DEMO_PJAN(1.0),30/05/26 11:00:00,Annual,Number,48 years,Females,Belgium,2010,80790,,
ESTAT:DEMO_PJAN(1.0),30/05/26 11:00:00,Annual,Number,48 years,Females,Belgium,2011,80664,,
ESTAT:DEMO_PJAN(1.0),30/05/26 11:00:00,Annual,Number,48 years,Females,Belgium,2012,82454,,
ESTAT:DEMO_PJAN(1.0),30/05/26 11:00:00,Annual,Number,48 years,Females,Belgium,2013,83923,,
ESTAT:DEMO_PJAN(1.0),30/05/26 11:00:00,Annual,Number,48 years,Females,Belgium,2014,81124,,
ESTAT:DEMO_PJAN(1.0),30/05/26 11:00:00,Annual,Number,48 years,Females,Belgium,2015,79419,,
ESTAT:DEMO_PJAN(1.0),30/05/26 11:00:00,Annual,Number,48 years,Females,Belgium,2016,77111,,
ESTAT:DEMO_PJAN(1.0),30/05/26 11:00:00,Annual,Number,48 years,Females,Belgium,2017,77432,,
ESTAT:DEMO_PJAN(1.0),30/05/26 11:00:00,Annual,Number,48 years,Females,Belgium,2018,77426,,
ESTAT:DEMO_PJAN(1.0),30/05/26 11:00:00,Annual,Number,48 years,Females,Belgium,2019,78282,,
ESTAT:DEMO_PJAN(1.0),30/05/26 11:00:00,Annual,Number,48 years,Females,Belgium,2020,78067,,
ESTAT:DEMO_PJAN(1.0),30/05/26 11:00:00,Annual,Number,48 years,Females,Belgium,2021,76674,,
ESTAT:DEMO_PJAN(1.0),30/05/26 11:00:00,Annual,Number,48 years,Females,Belgium,2022,74139,,
ESTAT:DEMO_PJAN(1.0),30/05/26 11:00:00,Annual,Number,48 years,Females,Belgium,2023,73522,,
ESTAT:DEMO_PJAN(1.0),30/05/26 11:00:00,Annual,Number,48 years,Females,Belgium,2024,72138,,
ESTAT:DEMO_PJAN(1.0),30/05/26 11:00:00,Annual,Number,48 years,Females,Belgium,2025,73737,,
ESTAT:DEMO_PJAN(1.0),30/05/26 11:00:00,Annual,Number,48 years,Males,Belgium,2005,75850,,
ESTAT:DEMO_PJAN(1.0),30/05/26 11:00:00,Annual,Number,48 years,Males,Belgium,2006,77543,,
ESTAT:DEMO_PJAN(1.0),30/05/26 11:00:00,Annual,Number,48 years,Males,Belgium,2007,79133,,
ESTAT:DEMO_PJAN(1.0),30/05/26 11:00:00,Annual,Number,48 years,Males,Belgium,2008,80658,,
ESTAT:DEMO_PJAN(1.0),30/05/26 11:00:00,Annual,Number,48 years,Males,Belgium,2009,80774,,
ESTAT:DEMO_PJAN(1.0),30/05/26 11:00:00,Annual,Number,48 years,Males,Belgium,2010,81497,,
ESTAT:DEMO_PJAN(1.0),30/05/26 11:00:00,Annual,Number,48 years,Males,Belgium,2011,82565,,
ESTAT:DEMO_PJAN(1.0),30/05/26 11:00:00,Annual,Number,48 years,Males,Belgium,2012,84235,,
ESTAT:DEMO_PJAN(1.0),30/05/26 11:00:00,Annual,Number,48 years,Males,Belgium,2013,85834,,
ESTAT:DEMO_PJAN(1.0),30/05/26 11:00:00,Annual,Number,48 years,Males,Belgium,2014,83738,,
ESTAT:DEMO_PJAN(1.0),30/05/26 11:00:00,Annual,Number,48 years,Males,Belgium,2015,81856,,
ESTAT:DEMO_PJAN(1.0),30/05/26 11:00:00,Annual,Number,48 years,Males,Belgium,2016,80072,,
ESTAT:DEMO_PJAN(1.0),30/05/26 11:00:00,Annual,Number,48 years,Males,Belgium,2017,79060,,
ESTAT:DEMO_PJAN(1.0),30/05/26 11:00:00,Annual,Number,48 years,Males,Belgium,2018,79497,,
ESTAT:DEMO_PJAN(1.0),30/05/26 11:00:00,Annual,Number,48 years,Males,Belgium,2019,80527,,
ESTAT:DEMO_PJAN(1.0),30/05/26 11:00:00,Annual,Number,48 years,Males,Belgium,2020,79454,,
ESTAT:DEMO_PJAN(1.0),30/05/26 11:00:00,Annual,Number,48 years,Males,Belgium,2021,78151,,
ESTAT:DEMO_PJAN(1.0),30/05/26 11:00:00,Annual,Number,48 years,Males,Belgium,2022,76417,,
ESTAT:DEMO_PJAN(1.0),30/05/26 11:00:00,Annual,Number,48 years,Males,Belgium,2023,75175,,
ESTAT:DEMO_PJAN(1.0),30/05/26 11:00:00,Annual,Number,48 years,Males,Belgium,2024,73271,,
ESTAT:DEMO_PJAN(1.0),30/05/26 11:00:00,Annual,Number,48 years,Males,Belgium,2025,74478,,
ESTAT:DEMO_PJAN(1.0),30/05/26 11:00:00,Annual,Number,48 years,Total,Belgium,2005,151353,,
ESTAT:DEMO_PJAN(1.0),30/05/26 11:00:00,Annual,Number,48 years,Total,Belgium,2006,153820,,
ESTAT:DEMO_PJAN(1.0),30/05/26 11:00:00,Annual,Number,48 years,Total,Belgium,2007,156922,,
ESTAT:DEMO_PJAN(1.0),30/05/26 11:00:00,Annual,Number,48 years,Total,Belgium,2008,160702,,
ESTAT:DEMO_PJAN(1.0),30/05/26 11:00:00,Annual,Number,48 years,Total,Belgium,2009,160090,,
ESTAT:DEMO_PJAN(1.0),30/05/26 11:00:00,Annual,Number,48 years,Total,Belgium,2010,162287,,
ESTAT:DEMO_PJAN(1.0),30/05/26 11:00:00,Annual,Number,48 years,Total,Belgium,2011,163229,,
ESTAT:DEMO_PJAN(1.0),30/05/26 11:00:00,Annual,Number,48 years,Total,Belgium,2012,166689,,
ESTAT:DEMO_PJAN(1.0),30/05/26 11:00:00,Annual,Number,48 years,Total,Belgium,2013,169757,,
ESTAT:DEMO_PJAN(1.0),30/05/26 11:00:00,Annual,Number,48 years,Total,Belgium,2014,164862,,
ESTAT:DEMO_PJAN(1.0),30/05/26 11:00:00,Annual,Number,48 years,Total,Belgium,2015,161275,,
ESTAT:DEMO_PJAN(1.0),30/05/26 11:00:00,Annual,Number,48 years,Total,Belgium,2016,157183,,
ESTAT:DEMO_PJAN(1.0),30/05/26 11:00:00,Annual,Number,48 years,Total,Belgium,2017,156492,,
ESTAT:DEMO_PJAN(1.0),30/05/26 11:00:00,Annual,Number,48 years,Total,Belgium,2018,156923,,
ESTAT:DEMO_PJAN(1.0),30/05/26 11:00:00,Annual,Number,48 years,Total,Belgium,2019,158809,,
ESTAT:DEMO_PJAN(1.0),30/05/26 11:00:00,Annual,Number,48 years,Total,Belgium,2020,157521,,
ESTAT:DEMO_PJAN(1.0),30/05/26 11:00:00,Annual,Number,48 years,Total,Belgium,2021,154825,,
ESTAT:DEMO_PJAN(1.0),30/05/26 11:00:00,Annual,Number,48 years,Total,Belgium,2022,150556,,
ESTAT:DEMO_PJAN(1.0),30/05/26 11:00:00,Annual,Number,48 years,Total,Belgium,2023,148697,,
ESTAT:DEMO_PJAN(1.0),30/05/26 11:00:00,Annual,Number,48 years,Total,Belgium,2024,145409,,
ESTAT:DEMO_PJAN(1.0),30/05/26 11:00:00,Annual,Number,48 years,Total,Belgium,2025,148215,,
ESTAT:DEMO_PJAN(1.0),30/05/26 11:00:00,Annual,Number,49 years,Females,Belgium,2005,74614,,
ESTAT:DEMO_PJAN(1.0),30/05/26 11:00:00,Annual,Number,49 years,Females,Belgium,2006,75425,,
ESTAT:DEMO_PJAN(1.0),30/05/26 11:00:00,Annual,Number,49 years,Females,Belgium,2007,76205,,
ESTAT:DEMO_PJAN(1.0),30/05/26 11:00:00,Annual,Number,49 years,Females,Belgium,2008,77852,,
ESTAT:DEMO_PJAN(1.0),30/05/26 11:00:00,Annual,Number,49 years,Females,Belgium,2009,79956,,
ESTAT:DEMO_PJAN(1.0),30/05/26 11:00:00,Annual,Number,49 years,Females,Belgium,2010,79465,,
ESTAT:DEMO_PJAN(1.0),30/05/26 11:00:00,Annual,Number,49 years,Females,Belgium,2011,81049,,
ESTAT:DEMO_PJAN(1.0),30/05/26 11:00:00,Annual,Number,49 years,Females,Belgium,2012,80614,,
ESTAT:DEMO_PJAN(1.0),30/05/26 11:00:00,Annual,Number,49 years,Females,Belgium,2013,82405,,
ESTAT:DEMO_PJAN(1.0),30/05/26 11:00:00,Annual,Number,49 years,Females,Belgium,2014,83845,,
ESTAT:DEMO_PJAN(1.0),30/05/26 11:00:00,Annual,Number,49 years,Females,Belgium,2015,81044,,
ESTAT:DEMO_PJAN(1.0),30/05/26 11:00:00,Annual,Number,49 years,Females,Belgium,2016,79375,,
ESTAT:DEMO_PJAN(1.0),30/05/26 11:00:00,Annual,Number,49 years,Females,Belgium,2017,77045,,
ESTAT:DEMO_PJAN(1.0),30/05/26 11:00:00,Annual,Number,49 years,Females,Belgium,2018,77377,,
ESTAT:DEMO_PJAN(1.0),30/05/26 11:00:00,Annual,Number,49 years,Females,Belgium,2019,77424,,
ESTAT:DEMO_PJAN(1.0),30/05/26 11:00:00,Annual,Number,49 years,Females,Belgium,2020,78360,,
ESTAT:DEMO_PJAN(1.0),30/05/26 11:00:00,Annual,Number,49 years,Females,Belgium,2021,78118,,
ESTAT:DEMO_PJAN(1.0),30/05/26 11:00:00,Annual,Number,49 years,Females,Belgium,2022,76694,,
ESTAT:DEMO_PJAN(1.0),30/05/26 11:00:00,Annual,Number,49 years,Females,Belgium,2023,74524,,
ESTAT:DEMO_PJAN(1.0),30/05/26 11:00:00,Annual,Number,49 years,Females,Belgium,2024,73693,,
ESTAT:DEMO_PJAN(1.0),30/05/26 11:00:00,Annual,Number,49 years,Females,Belgium,2025,72256,,
ESTAT:DEMO_PJAN(1.0),30/05/26 11:00:00,Annual,Number,49 years,Males,Belgium,2005,74645,,
ESTAT:DEMO_PJAN(1.0),30/05/26 11:00:00,Annual,Number,49 years,Males,Belgium,2006,75689,,
ESTAT:DEMO_PJAN(1.0),30/05/26 11:00:00,Annual,Number,49 years,Males,Belgium,2007,77396,,
ESTAT:DEMO_PJAN(1.0),30/05/26 11:00:00,Annual,Number,49 years,Males,Belgium,2008,79048,,
ESTAT:DEMO_PJAN(1.0),30/05/26 11:00:00,Annual,Number,49 years,Males,Belgium,2009,80562,,
ESTAT:DEMO_PJAN(1.0),30/05/26 11:00:00,Annual,Number,49 years,Males,Belgium,2010,80787,,
ESTAT:DEMO_PJAN(1.0),30/05/26 11:00:00,Annual,Number,49 years,Males,Belgium,2011,81748,,
ESTAT:DEMO_PJAN(1.0),30/05/26 11:00:00,Annual,Number,49 years,Males,Belgium,2012,82396,,
ESTAT:DEMO_PJAN(1.0),30/05/26 11:00:00,Annual,Number,49 years,Males,Belgium,2013,84167,,
ESTAT:DEMO_PJAN(1.0),30/05/26 11:00:00,Annual,Number,49 years,Males,Belgium,2014,85566,,
ESTAT:DEMO_PJAN(1.0),30/05/26 11:00:00,Annual,Number,49 years,Males,Belgium,2015,83520,,
ESTAT:DEMO_PJAN(1.0),30/05/26 11:00:00,Annual,Number,49 years,Males,Belgium,2016,81805,,
ESTAT:DEMO_PJAN(1.0),30/05/26 11:00:00,Annual,Number,49 years,Males,Belgium,2017,79792,,
ESTAT:DEMO_PJAN(1.0),30/05/26 11:00:00,Annual,Number,49 years,Males,Belgium,2018,79011,,
ESTAT:DEMO_PJAN(1.0),30/05/26 11:00:00,Annual,Number,49 years,Males,Belgium,2019,79497,,
ESTAT:DEMO_PJAN(1.0),30/05/26 11:00:00,Annual,Number,49 years,Males,Belgium,2020,80568,,
ESTAT:DEMO_PJAN(1.0),30/05/26 11:00:00,Annual,Number,49 years,Males,Belgium,2021,79468,,
ESTAT:DEMO_PJAN(1.0),30/05/26 11:00:00,Annual,Number,49 years,Males,Belgium,2022,78051,,
ESTAT:DEMO_PJAN(1.0),30/05/26 11:00:00,Annual,Number,49 years,Males,Belgium,2023,76682,,
ESTAT:DEMO_PJAN(1.0),30/05/26 11:00:00,Annual,Number,49 years,Males,Belgium,2024,75205,,
ESTAT:DEMO_PJAN(1.0),30/05/26 11:00:00,Annual,Number,49 years,Males,Belgium,2025,73242,,
ESTAT:DEMO_PJAN(1.0),30/05/26 11:00:00,Annual,Number,49 years,Total,Belgium,2005,149259,,
ESTAT:DEMO_PJAN(1.0),30/05/26 11:00:00,Annual,Number,49 years,Total,Belgium,2006,151114,,
ESTAT:DEMO_PJAN(1.0),30/05/26 11:00:00,Annual,Number,49 years,Total,Belgium,2007,153601,,
ESTAT:DEMO_PJAN(1.0),30/05/26 11:00:00,Annual,Number,49 years,Total,Belgium,2008,156900,,
ESTAT:DEMO_PJAN(1.0),30/05/26 11:00:00,Annual,Number,49 years,Total,Belgium,2009,160518,,
ESTAT:DEMO_PJAN(1.0),30/05/26 11:00:00,Annual,Number,49 years,Total,Belgium,2010,160252,,
ESTAT:DEMO_PJAN(1.0),30/05/26 11:00:00,Annual,Number,49 years,Total,Belgium,2011,162797,,
ESTAT:DEMO_PJAN(1.0),30/05/26 11:00:00,Annual,Number,49 years,Total,Belgium,2012,163010,,
ESTAT:DEMO_PJAN(1.0),30/05/26 11:00:00,Annual,Number,49 years,Total,Belgium,2013,166572,,
ESTAT:DEMO_PJAN(1.0),30/05/26 11:00:00,Annual,Number,49 years,Total,Belgium,2014,169411,,
ESTAT:DEMO_PJAN(1.0),30/05/26 11:00:00,Annual,Number,49 years,Total,Belgium,2015,164564,,
ESTAT:DEMO_PJAN(1.0),30/05/26 11:00:00,Annual,Number,49 years,Total,Belgium,2016,161180,,
ESTAT:DEMO_PJAN(1.0),30/05/26 11:00:00,Annual,Number,49 years,Total,Belgium,2017,156837,,
ESTAT:DEMO_PJAN(1.0),30/05/26 11:00:00,Annual,Number,49 years,Total,Belgium,2018,156388,,
ESTAT:DEMO_PJAN(1.0),30/05/26 11:00:00,Annual,Number,49 years,Total,Belgium,2019,156921,,
ESTAT:DEMO_PJAN(1.0),30/05/26 11:00:00,Annual,Number,49 years,Total,Belgium,2020,158928,,
ESTAT:DEMO_PJAN(1.0),30/05/26 11:00:00,Annual,Number,49 years,Total,Belgium,2021,157586,,
ESTAT:DEMO_PJAN(1.0),30/05/26 11:00:00,Annual,Number,49 years,Total,Belgium,2022,154745,,
ESTAT:DEMO_PJAN(1.0),30/05/26 11:00:00,Annual,Number,49 years,Total,Belgium,2023,151206,,
ESTAT:DEMO_PJAN(1.0),30/05/26 11:00:00,Annual,Number,49 years,Total,Belgium,2024,148898,,
ESTAT:DEMO_PJAN(1.0),30/05/26 11:00:00,Annual,Number,49 years,Total,Belgium,2025,145498,,
ESTAT:DEMO_PJAN(1.0),30/05/26 11:00:00,Annual,Number,5 years,Females,Belgium,2005,56854,,
ESTAT:DEMO_PJAN(1.0),30/05/26 11:00:00,Annual,Number,5 years,Females,Belgium,2006,57667,,
ESTAT:DEMO_PJAN(1.0),30/05/26 11:00:00,Annual,Number,5 years,Females,Belgium,2007,57363,,
ESTAT:DEMO_PJAN(1.0),30/05/26 11:00:00,Annual,Number,5 years,Females,Belgium,2008,56400,,
ESTAT:DEMO_PJAN(1.0),30/05/26 11:00:00,Annual,Number,5 years,Females,Belgium,2009,57403,,
ESTAT:DEMO_PJAN(1.0),30/05/26 11:00:00,Annual,Number,5 years,Females,Belgium,2010,59055,,
ESTAT:DEMO_PJAN(1.0),30/05/26 11:00:00,Annual,Number,5 years,Females,Belgium,2011,60731,,
ESTAT:DEMO_PJAN(1.0),30/05/26 11:00:00,Annual,Number,5 years,Females,Belgium,2012,62733,,
ESTAT:DEMO_PJAN(1.0),30/05/26 11:00:00,Annual,Number,5 years,Females,Belgium,2013,63203,,
ESTAT:DEMO_PJAN(1.0),30/05/26 11:00:00,Annual,Number,5 years,Females,Belgium,2014,64355,,
ESTAT:DEMO_PJAN(1.0),30/05/26 11:00:00,Annual,Number,5 years,Females,Belgium,2015,64712,,
ESTAT:DEMO_PJAN(1.0),30/05/26 11:00:00,Annual,Number,5 years,Females,Belgium,2016,65596,,
ESTAT:DEMO_PJAN(1.0),30/05/26 11:00:00,Annual,Number,5 years,Females,Belgium,2017,64679,,
ESTAT:DEMO_PJAN(1.0),30/05/26 11:00:00,Annual,Number,5 years,Females,Belgium,2018,64510,,
ESTAT:DEMO_PJAN(1.0),30/05/26 11:00:00,Annual,Number,5 years,Females,Belgium,2019,63093,,
ESTAT:DEMO_PJAN(1.0),30/05/26 11:00:00,Annual,Number,5 years,Females,Belgium,2020,63114,,
ESTAT:DEMO_PJAN(1.0),30/05/26 11:00:00,Annual,Number,5 years,Females,Belgium,2021,61925,,
ESTAT:DEMO_PJAN(1.0),30/05/26 11:00:00,Annual,Number,5 years,Females,Belgium,2022,61495,,
ESTAT:DEMO_PJAN(1.0),30/05/26 11:00:00,Annual,Number,5 years,Females,Belgium,2023,61068,,
ESTAT:DEMO_PJAN(1.0),30/05/26 11:00:00,Annual,Number,5 years,Females,Belgium,2024,60751,,
ESTAT:DEMO_PJAN(1.0),30/05/26 11:00:00,Annual,Number,5 years,Females,Belgium,2025,60620,,
ESTAT:DEMO_PJAN(1.0),30/05/26 11:00:00,Annual,Number,5 years,Males,Belgium,2005,59065,,
ESTAT:DEMO_PJAN(1.0),30/05/26 11:00:00,Annual,Number,5 years,Males,Belgium,2006,60363,,
ESTAT:DEMO_PJAN(1.0),30/05/26 11:00:00,Annual,Number,5 years,Males,Belgium,2007,59704,,
ESTAT:DEMO_PJAN(1.0),30/05/26 11:00:00,Annual,Number,5 years,Males,Belgium,2008,59144,,
ESTAT:DEMO_PJAN(1.0),30/05/26 11:00:00,Annual,Number,5 years,Males,Belgium,2009,59755,,
ESTAT:DEMO_PJAN(1.0),30/05/26 11:00:00,Annual,Number,5 years,Males,Belgium,2010,61972,,
ESTAT:DEMO_PJAN(1.0),30/05/26 11:00:00,Annual,Number,5 years,Males,Belgium,2011,63901,,
ESTAT:DEMO_PJAN(1.0),30/05/26 11:00:00,Annual,Number,5 years,Males,Belgium,2012,65283,,
ESTAT:DEMO_PJAN(1.0),30/05/26 11:00:00,Annual,Number,5 years,Males,Belgium,2013,66038,,
ESTAT:DEMO_PJAN(1.0),30/05/26 11:00:00,Annual,Number,5 years,Males,Belgium,2014,67808,,
ESTAT:DEMO_PJAN(1.0),30/05/26 11:00:00,Annual,Number,5 years,Males,Belgium,2015,67693,,
ESTAT:DEMO_PJAN(1.0),30/05/26 11:00:00,Annual,Number,5 years,Males,Belgium,2016,68647,,
ESTAT:DEMO_PJAN(1.0),30/05/26 11:00:00,Annual,Number,5 years,Males,Belgium,2017,67767,,
ESTAT:DEMO_PJAN(1.0),30/05/26 11:00:00,Annual,Number,5 years,Males,Belgium,2018,67118,,
ESTAT:DEMO_PJAN(1.0),30/05/26 11:00:00,Annual,Number,5 years,Males,Belgium,2019,66288,,
ESTAT:DEMO_PJAN(1.0),30/05/26 11:00:00,Annual,Number,5 years,Males,Belgium,2020,66422,,
ESTAT:DEMO_PJAN(1.0),30/05/26 11:00:00,Annual,Number,5 years,Males,Belgium,2021,64683,,
ESTAT:DEMO_PJAN(1.0),30/05/26 11:00:00,Annual,Number,5 years,Males,Belgium,2022,64440,,
ESTAT:DEMO_PJAN(1.0),30/05/26 11:00:00,Annual,Number,5 years,Males,Belgium,2023,63816,,
ESTAT:DEMO_PJAN(1.0),30/05/26 11:00:00,Annual,Number,5 years,Males,Belgium,2024,63294,,
ESTAT:DEMO_PJAN(1.0),30/05/26 11:00:00,Annual,Number,5 years,Males,Belgium,2025,62858,,
ESTAT:DEMO_PJAN(1.0),30/05/26 11:00:00,Annual,Number,5 years,Total,Belgium,2005,115919,,
ESTAT:DEMO_PJAN(1.0),30/05/26 11:00:00,Annual,Number,5 years,Total,Belgium,2006,118030,,
ESTAT:DEMO_PJAN(1.0),30/05/26 11:00:00,Annual,Number,5 years,Total,Belgium,2007,117067,,
ESTAT:DEMO_PJAN(1.0),30/05/26 11:00:00,Annual,Number,5 years,Total,Belgium,2008,115544,,
ESTAT:DEMO_PJAN(1.0),30/05/26 11:00:00,Annual,Number,5 years,Total,Belgium,2009,117158,,
ESTAT:DEMO_PJAN(1.0),30/05/26 11:00:00,Annual,Number,5 years,Total,Belgium,2010,121027,,
ESTAT:DEMO_PJAN(1.0),30/05/26 11:00:00,Annual,Number,5 years,Total,Belgium,2011,124632,,
ESTAT:DEMO_PJAN(1.0),30/05/26 11:00:00,Annual,Number,5 years,Total,Belgium,2012,128016,,
ESTAT:DEMO_PJAN(1.0),30/05/26 11:00:00,Annual,Number,5 years,Total,Belgium,2013,129241,,
ESTAT:DEMO_PJAN(1.0),30/05/26 11:00:00,Annual,Number,5 years,Total,Belgium,2014,132163,,
ESTAT:DEMO_PJAN(1.0),30/05/26 11:00:00,Annual,Number,5 years,Total,Belgium,2015,132405,,
ESTAT:DEMO_PJAN(1.0),30/05/26 11:00:00,Annual,Number,5 years,Total,Belgium,2016,134243,,
ESTAT:DEMO_PJAN(1.0),30/05/26 11:00:00,Annual,Number,5 years,Total,Belgium,2017,132446,,
ESTAT:DEMO_PJAN(1.0),30/05/26 11:00:00,Annual,Number,5 years,Total,Belgium,2018,131628,,
ESTAT:DEMO_PJAN(1.0),30/05/26 11:00:00,Annual,Number,5 years,Total,Belgium,2019,129381,,
ESTAT:DEMO_PJAN(1.0),30/05/26 11:00:00,Annual,Number,5 years,Total,Belgium,2020,129536,,
ESTAT:DEMO_PJAN(1.0),30/05/26 11:00:00,Annual,Number,5 years,Total,Belgium,2021,126608,,
ESTAT:DEMO_PJAN(1.0),30/05/26 11:00:00,Annual,Number,5 years,Total,Belgium,2022,125935,,
ESTAT:DEMO_PJAN(1.0),30/05/26 11:00:00,Annual,Number,5 years,Total,Belgium,2023,124884,,
ESTAT:DEMO_PJAN(1.0),30/05/26 11:00:00,Annual,Number,5 years,Total,Belgium,2024,124045,,
ESTAT:DEMO_PJAN(1.0),30/05/26 11:00:00,Annual,Number,5 years,Total,Belgium,2025,123478,,
ESTAT:DEMO_PJAN(1.0),30/05/26 11:00:00,Annual,Number,50 years,Females,Belgium,2005,72965,,
ESTAT:DEMO_PJAN(1.0),30/05/26 11:00:00,Annual,Number,50 years,Females,Belgium,2006,74524,,
ESTAT:DEMO_PJAN(1.0),30/05/26 11:00:00,Annual,Number,50 years,Females,Belgium,2007,75352,,
ESTAT:DEMO_PJAN(1.0),30/05/26 11:00:00,Annual,Number,50 years,Females,Belgium,2008,76218,,
ESTAT:DEMO_PJAN(1.0),30/05/26 11:00:00,Annual,Number,50 years,Females,Belgium,2009,77785,,
ESTAT:DEMO_PJAN(1.0),30/05/26 11:00:00,Annual,Number,50 years,Females,Belgium,2010,80030,,
ESTAT:DEMO_PJAN(1.0),30/05/26 11:00:00,Annual,Number,50 years,Females,Belgium,2011,79729,,
ESTAT:DEMO_PJAN(1.0),30/05/26 11:00:00,Annual,Number,50 years,Females,Belgium,2012,81003,,
ESTAT:DEMO_PJAN(1.0),30/05/26 11:00:00,Annual,Number,50 years,Females,Belgium,2013,80494,,
ESTAT:DEMO_PJAN(1.0),30/05/26 11:00:00,Annual,Number,50 years,Females,Belgium,2014,82226,,
ESTAT:DEMO_PJAN(1.0),30/05/26 11:00:00,Annual,Number,50 years,Females,Belgium,2015,83719,,
ESTAT:DEMO_PJAN(1.0),30/05/26 11:00:00,Annual,Number,50 years,Females,Belgium,2016,80991,,
ESTAT:DEMO_PJAN(1.0),30/05/26 11:00:00,Annual,Number,50 years,Females,Belgium,2017,79162,,
ESTAT:DEMO_PJAN(1.0),30/05/26 11:00:00,Annual,Number,50 years,Females,Belgium,2018,76974,,
ESTAT:DEMO_PJAN(1.0),30/05/26 11:00:00,Annual,Number,50 years,Females,Belgium,2019,77333,,
ESTAT:DEMO_PJAN(1.0),30/05/26 11:00:00,Annual,Number,50 years,Females,Belgium,2020,77363,,
ESTAT:DEMO_PJAN(1.0),30/05/26 11:00:00,Annual,Number,50 years,Females,Belgium,2021,78308,,
ESTAT:DEMO_PJAN(1.0),30/05/26 11:00:00,Annual,Number,50 years,Females,Belgium,2022,78119,,
ESTAT:DEMO_PJAN(1.0),30/05/26 11:00:00,Annual,Number,50 years,Females,Belgium,2023,77126,,
ESTAT:DEMO_PJAN(1.0),30/05/26 11:00:00,Annual,Number,50 years,Females,Belgium,2024,74570,,
ESTAT:DEMO_PJAN(1.0),30/05/26 11:00:00,Annual,Number,50 years,Females,Belgium,2025,73767,,
ESTAT:DEMO_PJAN(1.0),30/05/26 11:00:00,Annual,Number,50 years,Males,Belgium,2005,73376,,
ESTAT:DEMO_PJAN(1.0),30/05/26 11:00:00,Annual,Number,50 years,Males,Belgium,2006,74454,,
ESTAT:DEMO_PJAN(1.0),30/05/26 11:00:00,Annual,Number,50 years,Males,Belgium,2007,75491,,
ESTAT:DEMO_PJAN(1.0),30/05/26 11:00:00,Annual,Number,50 years,Males,Belgium,2008,77322,,
ESTAT:DEMO_PJAN(1.0),30/05/26 11:00:00,Annual,Number,50 years,Males,Belgium,2009,78889,,
ESTAT:DEMO_PJAN(1.0),30/05/26 11:00:00,Annual,Number,50 years,Males,Belgium,2010,80408,,
ESTAT:DEMO_PJAN(1.0),30/05/26 11:00:00,Annual,Number,50 years,Males,Belgium,2011,81045,,
ESTAT:DEMO_PJAN(1.0),30/05/26 11:00:00,Annual,Number,50 years,Males,Belgium,2012,81564,,
ESTAT:DEMO_PJAN(1.0),30/05/26 11:00:00,Annual,Number,50 years,Males,Belgium,2013,82233,,
ESTAT:DEMO_PJAN(1.0),30/05/26 11:00:00,Annual,Number,50 years,Males,Belgium,2014,83877,,
ESTAT:DEMO_PJAN(1.0),30/05/26 11:00:00,Annual,Number,50 years,Males,Belgium,2015,85361,,
ESTAT:DEMO_PJAN(1.0),30/05/26 11:00:00,Annual,Number,50 years,Males,Belgium,2016,83337,,
ESTAT:DEMO_PJAN(1.0),30/05/26 11:00:00,Annual,Number,50 years,Males,Belgium,2017,81567,,
ESTAT:DEMO_PJAN(1.0),30/05/26 11:00:00,Annual,Number,50 years,Males,Belgium,2018,79704,,
ESTAT:DEMO_PJAN(1.0),30/05/26 11:00:00,Annual,Number,50 years,Males,Belgium,2019,79013,,
ESTAT:DEMO_PJAN(1.0),30/05/26 11:00:00,Annual,Number,50 years,Males,Belgium,2020,79498,,
ESTAT:DEMO_PJAN(1.0),30/05/26 11:00:00,Annual,Number,50 years,Males,Belgium,2021,80527,,
ESTAT:DEMO_PJAN(1.0),30/05/26 11:00:00,Annual,Number,50 years,Males,Belgium,2022,79441,,
ESTAT:DEMO_PJAN(1.0),30/05/26 11:00:00,Annual,Number,50 years,Males,Belgium,2023,78266,,
ESTAT:DEMO_PJAN(1.0),30/05/26 11:00:00,Annual,Number,50 years,Males,Belgium,2024,76656,,
ESTAT:DEMO_PJAN(1.0),30/05/26 11:00:00,Annual,Number,50 years,Males,Belgium,2025,75156,,
ESTAT:DEMO_PJAN(1.0),30/05/26 11:00:00,Annual,Number,50 years,Total,Belgium,2005,146341,,
ESTAT:DEMO_PJAN(1.0),30/05/26 11:00:00,Annual,Number,50 years,Total,Belgium,2006,148978,,
ESTAT:DEMO_PJAN(1.0),30/05/26 11:00:00,Annual,Number,50 years,Total,Belgium,2007,150843,,
ESTAT:DEMO_PJAN(1.0),30/05/26 11:00:00,Annual,Number,50 years,Total,Belgium,2008,153540,,
ESTAT:DEMO_PJAN(1.0),30/05/26 11:00:00,Annual,Number,50 years,Total,Belgium,2009,156674,,
ESTAT:DEMO_PJAN(1.0),30/05/26 11:00:00,Annual,Number,50 years,Total,Belgium,2010,160438,,
ESTAT:DEMO_PJAN(1.0),30/05/26 11:00:00,Annual,Number,50 years,Total,Belgium,2011,160774,,
ESTAT:DEMO_PJAN(1.0),30/05/26 11:00:00,Annual,Number,50 years,Total,Belgium,2012,162567,,
ESTAT:DEMO_PJAN(1.0),30/05/26 11:00:00,Annual,Number,50 years,Total,Belgium,2013,162727,,
ESTAT:DEMO_PJAN(1.0),30/05/26 11:00:00,Annual,Number,50 years,Total,Belgium,2014,166103,,
ESTAT:DEMO_PJAN(1.0),30/05/26 11:00:00,Annual,Number,50 years,Total,Belgium,2015,169080,,
ESTAT:DEMO_PJAN(1.0),30/05/26 11:00:00,Annual,Number,50 years,Total,Belgium,2016,164328,,
ESTAT:DEMO_PJAN(1.0),30/05/26 11:00:00,Annual,Number,50 years,Total,Belgium,2017,160729,,
ESTAT:DEMO_PJAN(1.0),30/05/26 11:00:00,Annual,Number,50 years,Total,Belgium,2018,156678,,
ESTAT:DEMO_PJAN(1.0),30/05/26 11:00:00,Annual,Number,50 years,Total,Belgium,2019,156346,,
ESTAT:DEMO_PJAN(1.0),30/05/26 11:00:00,Annual,Number,50 years,Total,Belgium,2020,156861,,
ESTAT:DEMO_PJAN(1.0),30/05/26 11:00:00,Annual,Number,50 years,Total,Belgium,2021,158835,,
ESTAT:DEMO_PJAN(1.0),30/05/26 11:00:00,Annual,Number,50 years,Total,Belgium,2022,157560,,
ESTAT:DEMO_PJAN(1.0),30/05/26 11:00:00,Annual,Number,50 years,Total,Belgium,2023,155392,,
ESTAT:DEMO_PJAN(1.0),30/05/26 11:00:00,Annual,Number,50 years,Total,Belgium,2024,151226,,
ESTAT:DEMO_PJAN(1.0),30/05/26 11:00:00,Annual,Number,50 years,Total,Belgium,2025,148923,,
ESTAT:DEMO_PJAN(1.0),30/05/26 11:00:00,Annual,Number,51 years,Females,Belgium,2005,70895,,
ESTAT:DEMO_PJAN(1.0),30/05/26 11:00:00,Annual,Number,51 years,Females,Belgium,2006,72844,,
ESTAT:DEMO_PJAN(1.0),30/05/26 11:00:00,Annual,Number,51 years,Females,Belgium,2007,74393,,
ESTAT:DEMO_PJAN(1.0),30/05/26 11:00:00,Annual,Number,51 years,Females,Belgium,2008,75279,,
ESTAT:DEMO_PJAN(1.0),30/05/26 11:00:00,Annual,Number,51 years,Females,Belgium,2009,76196,,
ESTAT:DEMO_PJAN(1.0),30/05/26 11:00:00,Annual,Number,51 years,Females,Belgium,2010,77801,,
ESTAT:DEMO_PJAN(1.0),30/05/26 11:00:00,Annual,Number,51 years,Females,Belgium,2011,80260,,
ESTAT:DEMO_PJAN(1.0),30/05/26 11:00:00,Annual,Number,51 years,Females,Belgium,2012,79648,,
ESTAT:DEMO_PJAN(1.0),30/05/26 11:00:00,Annual,Number,51 years,Females,Belgium,2013,80856,,
ESTAT:DEMO_PJAN(1.0),30/05/26 11:00:00,Annual,Number,51 years,Females,Belgium,2014,80311,,
ESTAT:DEMO_PJAN(1.0),30/05/26 11:00:00,Annual,Number,51 years,Females,Belgium,2015,82066,,
ESTAT:DEMO_PJAN(1.0),30/05/26 11:00:00,Annual,Number,51 years,Females,Belgium,2016,83547,,
ESTAT:DEMO_PJAN(1.0),30/05/26 11:00:00,Annual,Number,51 years,Females,Belgium,2017,80769,,
ESTAT:DEMO_PJAN(1.0),30/05/26 11:00:00,Annual,Number,51 years,Females,Belgium,2018,79087,,
ESTAT:DEMO_PJAN(1.0),30/05/26 11:00:00,Annual,Number,51 years,Females,Belgium,2019,76914,,
ESTAT:DEMO_PJAN(1.0),30/05/26 11:00:00,Annual,Number,51 years,Females,Belgium,2020,77302,,
ESTAT:DEMO_PJAN(1.0),30/05/26 11:00:00,Annual,Number,51 years,Females,Belgium,2021,77302,,
ESTAT:DEMO_PJAN(1.0),30/05/26 11:00:00,Annual,Number,51 years,Females,Belgium,2022,78266,,
ESTAT:DEMO_PJAN(1.0),30/05/26 11:00:00,Annual,Number,51 years,Females,Belgium,2023,78452,,
ESTAT:DEMO_PJAN(1.0),30/05/26 11:00:00,Annual,Number,51 years,Females,Belgium,2024,77191,,
ESTAT:DEMO_PJAN(1.0),30/05/26 11:00:00,Annual,Number,51 years,Females,Belgium,2025,74571,,
ESTAT:DEMO_PJAN(1.0),30/05/26 11:00:00,Annual,Number,51 years,Males,Belgium,2005,71868,,
ESTAT:DEMO_PJAN(1.0),30/05/26 11:00:00,Annual,Number,51 years,Males,Belgium,2006,73085,,
ESTAT:DEMO_PJAN(1.0),30/05/26 11:00:00,Annual,Number,51 years,Males,Belgium,2007,74267,,
ESTAT:DEMO_PJAN(1.0),30/05/26 11:00:00,Annual,Number,51 years,Males,Belgium,2008,75277,,
ESTAT:DEMO_PJAN(1.0),30/05/26 11:00:00,Annual,Number,51 years,Males,Belgium,2009,77172,,
ESTAT:DEMO_PJAN(1.0),30/05/26 11:00:00,Annual,Number,51 years,Males,Belgium,2010,78636,,
ESTAT:DEMO_PJAN(1.0),30/05/26 11:00:00,Annual,Number,51 years,Males,Belgium,2011,80468,,
ESTAT:DEMO_PJAN(1.0),30/05/26 11:00:00,Annual,Number,51 years,Males,Belgium,2012,80761,,
ESTAT:DEMO_PJAN(1.0),30/05/26 11:00:00,Annual,Number,51 years,Males,Belgium,2013,81250,,
ESTAT:DEMO_PJAN(1.0),30/05/26 11:00:00,Annual,Number,51 years,Males,Belgium,2014,81925,,
ESTAT:DEMO_PJAN(1.0),30/05/26 11:00:00,Annual,Number,51 years,Males,Belgium,2015,83586,,
ESTAT:DEMO_PJAN(1.0),30/05/26 11:00:00,Annual,Number,51 years,Males,Belgium,2016,85123,,
ESTAT:DEMO_PJAN(1.0),30/05/26 11:00:00,Annual,Number,51 years,Males,Belgium,2017,83056,,
ESTAT:DEMO_PJAN(1.0),30/05/26 11:00:00,Annual,Number,51 years,Males,Belgium,2018,81269,,
ESTAT:DEMO_PJAN(1.0),30/05/26 11:00:00,Annual,Number,51 years,Males,Belgium,2019,79590,,
ESTAT:DEMO_PJAN(1.0),30/05/26 11:00:00,Annual,Number,51 years,Males,Belgium,2020,78929,,
ESTAT:DEMO_PJAN(1.0),30/05/26 11:00:00,Annual,Number,51 years,Males,Belgium,2021,79438,,
ESTAT:DEMO_PJAN(1.0),30/05/26 11:00:00,Annual,Number,51 years,Males,Belgium,2022,80411,,
ESTAT:DEMO_PJAN(1.0),30/05/26 11:00:00,Annual,Number,51 years,Males,Belgium,2023,79552,,
ESTAT:DEMO_PJAN(1.0),30/05/26 11:00:00,Annual,Number,51 years,Males,Belgium,2024,78247,,
ESTAT:DEMO_PJAN(1.0),30/05/26 11:00:00,Annual,Number,51 years,Males,Belgium,2025,76507,,
ESTAT:DEMO_PJAN(1.0),30/05/26 11:00:00,Annual,Number,51 years,Total,Belgium,2005,142763,,
ESTAT:DEMO_PJAN(1.0),30/05/26 11:00:00,Annual,Number,51 years,Total,Belgium,2006,145929,,
ESTAT:DEMO_PJAN(1.0),30/05/26 11:00:00,Annual,Number,51 years,Total,Belgium,2007,148660,,
ESTAT:DEMO_PJAN(1.0),30/05/26 11:00:00,Annual,Number,51 years,Total,Belgium,2008,150556,,
ESTAT:DEMO_PJAN(1.0),30/05/26 11:00:00,Annual,Number,51 years,Total,Belgium,2009,153368,,
ESTAT:DEMO_PJAN(1.0),30/05/26 11:00:00,Annual,Number,51 years,Total,Belgium,2010,156437,,
ESTAT:DEMO_PJAN(1.0),30/05/26 11:00:00,Annual,Number,51 years,Total,Belgium,2011,160728,,
ESTAT:DEMO_PJAN(1.0),30/05/26 11:00:00,Annual,Number,51 years,Total,Belgium,2012,160409,,
ESTAT:DEMO_PJAN(1.0),30/05/26 11:00:00,Annual,Number,51 years,Total,Belgium,2013,162106,,
ESTAT:DEMO_PJAN(1.0),30/05/26 11:00:00,Annual,Number,51 years,Total,Belgium,2014,162236,,
ESTAT:DEMO_PJAN(1.0),30/05/26 11:00:00,Annual,Number,51 years,Total,Belgium,2015,165652,,
ESTAT:DEMO_PJAN(1.0),30/05/26 11:00:00,Annual,Number,51 years,Total,Belgium,2016,168670,,
ESTAT:DEMO_PJAN(1.0),30/05/26 11:00:00,Annual,Number,51 years,Total,Belgium,2017,163825,,
ESTAT:DEMO_PJAN(1.0),30/05/26 11:00:00,Annual,Number,51 years,Total,Belgium,2018,160356,,
ESTAT:DEMO_PJAN(1.0),30/05/26 11:00:00,Annual,Number,51 years,Total,Belgium,2019,156504,,
ESTAT:DEMO_PJAN(1.0),30/05/26 11:00:00,Annual,Number,51 years,Total,Belgium,2020,156231,,
ESTAT:DEMO_PJAN(1.0),30/05/26 11:00:00,Annual,Number,51 years,Total,Belgium,2021,156740,,
ESTAT:DEMO_PJAN(1.0),30/05/26 11:00:00,Annual,Number,51 years,Total,Belgium,2022,158677,,
ESTAT:DEMO_PJAN(1.0),30/05/26 11:00:00,Annual,Number,51 years,Total,Belgium,2023,158004,,
ESTAT:DEMO_PJAN(1.0),30/05/26 11:00:00,Annual,Number,51 years,Total,Belgium,2024,155438,,
ESTAT:DEMO_PJAN(1.0),30/05/26 11:00:00,Annual,Number,51 years,Total,Belgium,2025,151078,,
ESTAT:DEMO_PJAN(1.0),30/05/26 11:00:00,Annual,Number,52 years,Females,Belgium,2005,70327,,
ESTAT:DEMO_PJAN(1.0),30/05/26 11:00:00,Annual,Number,52 years,Females,Belgium,2006,70768,,
ESTAT:DEMO_PJAN(1.0),30/05/26 11:00:00,Annual,Number,52 years,Females,Belgium,2007,72771,,
ESTAT:DEMO_PJAN(1.0),30/05/26 11:00:00,Annual,Number,52 years,Females,Belgium,2008,74358,,
ESTAT:DEMO_PJAN(1.0),30/05/26 11:00:00,Annual,Number,52 years,Females,Belgium,2009,75156,,
ESTAT:DEMO_PJAN(1.0),30/05/26 11:00:00,Annual,Number,52 years,Females,Belgium,2010,76204,,
ESTAT:DEMO_PJAN(1.0),30/05/26 11:00:00,Annual,Number,52 years,Females,Belgium,2011,77982,,
ESTAT:DEMO_PJAN(1.0),30/05/26 11:00:00,Annual,Number,52 years,Females,Belgium,2012,80136,,
ESTAT:DEMO_PJAN(1.0),30/05/26 11:00:00,Annual,Number,52 years,Females,Belgium,2013,79495,,
ESTAT:DEMO_PJAN(1.0),30/05/26 11:00:00,Annual,Number,52 years,Females,Belgium,2014,80605,,
ESTAT:DEMO_PJAN(1.0),30/05/26 11:00:00,Annual,Number,52 years,Females,Belgium,2015,80117,,
ESTAT:DEMO_PJAN(1.0),30/05/26 11:00:00,Annual,Number,52 years,Females,Belgium,2016,81863,,
ESTAT:DEMO_PJAN(1.0),30/05/26 11:00:00,Annual,Number,52 years,Females,Belgium,2017,83327,,
ESTAT:DEMO_PJAN(1.0),30/05/26 11:00:00,Annual,Number,52 years,Females,Belgium,2018,80574,,
ESTAT:DEMO_PJAN(1.0),30/05/26 11:00:00,Annual,Number,52 years,Females,Belgium,2019,78984,,
ESTAT:DEMO_PJAN(1.0),30/05/26 11:00:00,Annual,Number,52 years,Females,Belgium,2020,76806,,
ESTAT:DEMO_PJAN(1.0),30/05/26 11:00:00,Annual,Number,52 years,Females,Belgium,2021,77224,,
ESTAT:DEMO_PJAN(1.0),30/05/26 11:00:00,Annual,Number,52 years,Females,Belgium,2022,77228,,
ESTAT:DEMO_PJAN(1.0),30/05/26 11:00:00,Annual,Number,52 years,Females,Belgium,2023,78565,,
ESTAT:DEMO_PJAN(1.0),30/05/26 11:00:00,Annual,Number,52 years,Females,Belgium,2024,78407,,
ESTAT:DEMO_PJAN(1.0),30/05/26 11:00:00,Annual,Number,52 years,Females,Belgium,2025,77160,,
ESTAT:DEMO_PJAN(1.0),30/05/26 11:00:00,Annual,Number,52 years,Males,Belgium,2005,71428,,
ESTAT:DEMO_PJAN(1.0),30/05/26 11:00:00,Annual,Number,52 years,Males,Belgium,2006,71606,,
ESTAT:DEMO_PJAN(1.0),30/05/26 11:00:00,Annual,Number,52 years,Males,Belgium,2007,72882,,
ESTAT:DEMO_PJAN(1.0),30/05/26 11:00:00,Annual,Number,52 years,Males,Belgium,2008,74062,,
ESTAT:DEMO_PJAN(1.0),30/05/26 11:00:00,Annual,Number,52 years,Males,Belgium,2009,75063,,
ESTAT:DEMO_PJAN(1.0),30/05/26 11:00:00,Annual,Number,52 years,Males,Belgium,2010,76881,,
ESTAT:DEMO_PJAN(1.0),30/05/26 11:00:00,Annual,Number,52 years,Males,Belgium,2011,78724,,
ESTAT:DEMO_PJAN(1.0),30/05/26 11:00:00,Annual,Number,52 years,Males,Belgium,2012,80225,,
ESTAT:DEMO_PJAN(1.0),30/05/26 11:00:00,Annual,Number,52 years,Males,Belgium,2013,80393,,
ESTAT:DEMO_PJAN(1.0),30/05/26 11:00:00,Annual,Number,52 years,Males,Belgium,2014,80959,,
ESTAT:DEMO_PJAN(1.0),30/05/26 11:00:00,Annual,Number,52 years,Males,Belgium,2015,81682,,
ESTAT:DEMO_PJAN(1.0),30/05/26 11:00:00,Annual,Number,52 years,Males,Belgium,2016,83281,,
ESTAT:DEMO_PJAN(1.0),30/05/26 11:00:00,Annual,Number,52 years,Males,Belgium,2017,84774,,
ESTAT:DEMO_PJAN(1.0),30/05/26 11:00:00,Annual,Number,52 years,Males,Belgium,2018,82802,,
ESTAT:DEMO_PJAN(1.0),30/05/26 11:00:00,Annual,Number,52 years,Males,Belgium,2019,81021,,
ESTAT:DEMO_PJAN(1.0),30/05/26 11:00:00,Annual,Number,52 years,Males,Belgium,2020,79424,,
ESTAT:DEMO_PJAN(1.0),30/05/26 11:00:00,Annual,Number,52 years,Males,Belgium,2021,78780,,
ESTAT:DEMO_PJAN(1.0),30/05/26 11:00:00,Annual,Number,52 years,Males,Belgium,2022,79282,,
ESTAT:DEMO_PJAN(1.0),30/05/26 11:00:00,Annual,Number,52 years,Males,Belgium,2023,80454,,
ESTAT:DEMO_PJAN(1.0),30/05/26 11:00:00,Annual,Number,52 years,Males,Belgium,2024,79430,,
ESTAT:DEMO_PJAN(1.0),30/05/26 11:00:00,Annual,Number,52 years,Males,Belgium,2025,78104,,
ESTAT:DEMO_PJAN(1.0),30/05/26 11:00:00,Annual,Number,52 years,Total,Belgium,2005,141755,,
ESTAT:DEMO_PJAN(1.0),30/05/26 11:00:00,Annual,Number,52 years,Total,Belgium,2006,142374,,
ESTAT:DEMO_PJAN(1.0),30/05/26 11:00:00,Annual,Number,52 years,Total,Belgium,2007,145653,,
ESTAT:DEMO_PJAN(1.0),30/05/26 11:00:00,Annual,Number,52 years,Total,Belgium,2008,148420,,
ESTAT:DEMO_PJAN(1.0),30/05/26 11:00:00,Annual,Number,52 years,Total,Belgium,2009,150219,,
ESTAT:DEMO_PJAN(1.0),30/05/26 11:00:00,Annual,Number,52 years,Total,Belgium,2010,153085,,
ESTAT:DEMO_PJAN(1.0),30/05/26 11:00:00,Annual,Number,52 years,Total,Belgium,2011,156706,,
ESTAT:DEMO_PJAN(1.0),30/05/26 11:00:00,Annual,Number,52 years,Total,Belgium,2012,160361,,
ESTAT:DEMO_PJAN(1.0),30/05/26 11:00:00,Annual,Number,52 years,Total,Belgium,2013,159888,,
ESTAT:DEMO_PJAN(1.0),30/05/26 11:00:00,Annual,Number,52 years,Total,Belgium,2014,161564,,
ESTAT:DEMO_PJAN(1.0),30/05/26 11:00:00,Annual,Number,52 years,Total,Belgium,2015,161799,,
ESTAT:DEMO_PJAN(1.0),30/05/26 11:00:00,Annual,Number,52 years,Total,Belgium,2016,165144,,
ESTAT:DEMO_PJAN(1.0),30/05/26 11:00:00,Annual,Number,52 years,Total,Belgium,2017,168101,,
ESTAT:DEMO_PJAN(1.0),30/05/26 11:00:00,Annual,Number,52 years,Total,Belgium,2018,163376,,
ESTAT:DEMO_PJAN(1.0),30/05/26 11:00:00,Annual,Number,52 years,Total,Belgium,2019,160005,,
ESTAT:DEMO_PJAN(1.0),30/05/26 11:00:00,Annual,Number,52 years,Total,Belgium,2020,156230,,
ESTAT:DEMO_PJAN(1.0),30/05/26 11:00:00,Annual,Number,52 years,Total,Belgium,2021,156004,,
ESTAT:DEMO_PJAN(1.0),30/05/26 11:00:00,Annual,Number,52 years,Total,Belgium,2022,156510,,
ESTAT:DEMO_PJAN(1.0),30/05/26 11:00:00,Annual,Number,52 years,Total,Belgium,2023,159019,,
ESTAT:DEMO_PJAN(1.0),30/05/26 11:00:00,Annual,Number,52 years,Total,Belgium,2024,157837,,
ESTAT:DEMO_PJAN(1.0),30/05/26 11:00:00,Annual,Number,52 years,Total,Belgium,2025,155264,,
ESTAT:DEMO_PJAN(1.0),30/05/26 11:00:00,Annual,Number,53 years,Females,Belgium,2005,67877,,
ESTAT:DEMO_PJAN(1.0),30/05/26 11:00:00,Annual,Number,53 years,Females,Belgium,2006,70172,,
ESTAT:DEMO_PJAN(1.0),30/05/26 11:00:00,Annual,Number,53 years,Females,Belgium,2007,70682,,
ESTAT:DEMO_PJAN(1.0),30/05/26 11:00:00,Annual,Number,53 years,Females,Belgium,2008,72630,,
ESTAT:DEMO_PJAN(1.0),30/05/26 11:00:00,Annual,Number,53 years,Females,Belgium,2009,74282,,
ESTAT:DEMO_PJAN(1.0),30/05/26 11:00:00,Annual,Number,53 years,Females,Belgium,2010,75114,,
ESTAT:DEMO_PJAN(1.0),30/05/26 11:00:00,Annual,Number,53 years,Females,Belgium,2011,76284,,
ESTAT:DEMO_PJAN(1.0),30/05/26 11:00:00,Annual,Number,53 years,Females,Belgium,2012,77804,,
ESTAT:DEMO_PJAN(1.0),30/05/26 11:00:00,Annual,Number,53 years,Females,Belgium,2013,79889,,
ESTAT:DEMO_PJAN(1.0),30/05/26 11:00:00,Annual,Number,53 years,Females,Belgium,2014,79268,,
ESTAT:DEMO_PJAN(1.0),30/05/26 11:00:00,Annual,Number,53 years,Females,Belgium,2015,80424,,
ESTAT:DEMO_PJAN(1.0),30/05/26 11:00:00,Annual,Number,53 years,Females,Belgium,2016,79918,,
ESTAT:DEMO_PJAN(1.0),30/05/26 11:00:00,Annual,Number,53 years,Females,Belgium,2017,81634,,
ESTAT:DEMO_PJAN(1.0),30/05/26 11:00:00,Annual,Number,53 years,Females,Belgium,2018,83118,,
ESTAT:DEMO_PJAN(1.0),30/05/26 11:00:00,Annual,Number,53 years,Females,Belgium,2019,80437,,
ESTAT:DEMO_PJAN(1.0),30/05/26 11:00:00,Annual,Number,53 years,Females,Belgium,2020,78842,,
ESTAT:DEMO_PJAN(1.0),30/05/26 11:00:00,Annual,Number,53 years,Females,Belgium,2021,76629,,
ESTAT:DEMO_PJAN(1.0),30/05/26 11:00:00,Annual,Number,53 years,Females,Belgium,2022,77097,,
ESTAT:DEMO_PJAN(1.0),30/05/26 11:00:00,Annual,Number,53 years,Females,Belgium,2023,77390,,
ESTAT:DEMO_PJAN(1.0),30/05/26 11:00:00,Annual,Number,53 years,Females,Belgium,2024,78479,,
ESTAT:DEMO_PJAN(1.0),30/05/26 11:00:00,Annual,Number,53 years,Females,Belgium,2025,78343,,
ESTAT:DEMO_PJAN(1.0),30/05/26 11:00:00,Annual,Number,53 years,Males,Belgium,2005,68143,,
ESTAT:DEMO_PJAN(1.0),30/05/26 11:00:00,Annual,Number,53 years,Males,Belgium,2006,71043,,
ESTAT:DEMO_PJAN(1.0),30/05/26 11:00:00,Annual,Number,53 years,Males,Belgium,2007,71286,,
ESTAT:DEMO_PJAN(1.0),30/05/26 11:00:00,Annual,Number,53 years,Males,Belgium,2008,72619,,
ESTAT:DEMO_PJAN(1.0),30/05/26 11:00:00,Annual,Number,53 years,Males,Belgium,2009,73785,,
ESTAT:DEMO_PJAN(1.0),30/05/26 11:00:00,Annual,Number,53 years,Males,Belgium,2010,74793,,
ESTAT:DEMO_PJAN(1.0),30/05/26 11:00:00,Annual,Number,53 years,Males,Belgium,2011,76925,,
ESTAT:DEMO_PJAN(1.0),30/05/26 11:00:00,Annual,Number,53 years,Males,Belgium,2012,78400,,
ESTAT:DEMO_PJAN(1.0),30/05/26 11:00:00,Annual,Number,53 years,Males,Belgium,2013,79864,,
ESTAT:DEMO_PJAN(1.0),30/05/26 11:00:00,Annual,Number,53 years,Males,Belgium,2014,79994,,
ESTAT:DEMO_PJAN(1.0),30/05/26 11:00:00,Annual,Number,53 years,Males,Belgium,2015,80660,,
ESTAT:DEMO_PJAN(1.0),30/05/26 11:00:00,Annual,Number,53 years,Males,Belgium,2016,81332,,
ESTAT:DEMO_PJAN(1.0),30/05/26 11:00:00,Annual,Number,53 years,Males,Belgium,2017,82867,,
ESTAT:DEMO_PJAN(1.0),30/05/26 11:00:00,Annual,Number,53 years,Males,Belgium,2018,84439,,
ESTAT:DEMO_PJAN(1.0),30/05/26 11:00:00,Annual,Number,53 years,Males,Belgium,2019,82568,,
ESTAT:DEMO_PJAN(1.0),30/05/26 11:00:00,Annual,Number,53 years,Males,Belgium,2020,80833,,
ESTAT:DEMO_PJAN(1.0),30/05/26 11:00:00,Annual,Number,53 years,Males,Belgium,2021,79182,,
ESTAT:DEMO_PJAN(1.0),30/05/26 11:00:00,Annual,Number,53 years,Males,Belgium,2022,78577,,
ESTAT:DEMO_PJAN(1.0),30/05/26 11:00:00,Annual,Number,53 years,Males,Belgium,2023,79255,,
ESTAT:DEMO_PJAN(1.0),30/05/26 11:00:00,Annual,Number,53 years,Males,Belgium,2024,80297,,
ESTAT:DEMO_PJAN(1.0),30/05/26 11:00:00,Annual,Number,53 years,Males,Belgium,2025,79217,,
ESTAT:DEMO_PJAN(1.0),30/05/26 11:00:00,Annual,Number,53 years,Total,Belgium,2005,136020,,
ESTAT:DEMO_PJAN(1.0),30/05/26 11:00:00,Annual,Number,53 years,Total,Belgium,2006,141215,,
ESTAT:DEMO_PJAN(1.0),30/05/26 11:00:00,Annual,Number,53 years,Total,Belgium,2007,141968,,
ESTAT:DEMO_PJAN(1.0),30/05/26 11:00:00,Annual,Number,53 years,Total,Belgium,2008,145249,,
ESTAT:DEMO_PJAN(1.0),30/05/26 11:00:00,Annual,Number,53 years,Total,Belgium,2009,148067,,
ESTAT:DEMO_PJAN(1.0),30/05/26 11:00:00,Annual,Number,53 years,Total,Belgium,2010,149907,,
ESTAT:DEMO_PJAN(1.0),30/05/26 11:00:00,Annual,Number,53 years,Total,Belgium,2011,153209,,
ESTAT:DEMO_PJAN(1.0),30/05/26 11:00:00,Annual,Number,53 years,Total,Belgium,2012,156204,,
ESTAT:DEMO_PJAN(1.0),30/05/26 11:00:00,Annual,Number,53 years,Total,Belgium,2013,159753,,
ESTAT:DEMO_PJAN(1.0),30/05/26 11:00:00,Annual,Number,53 years,Total,Belgium,2014,159262,,
ESTAT:DEMO_PJAN(1.0),30/05/26 11:00:00,Annual,Number,53 years,Total,Belgium,2015,161084,,
ESTAT:DEMO_PJAN(1.0),30/05/26 11:00:00,Annual,Number,53 years,Total,Belgium,2016,161250,,
ESTAT:DEMO_PJAN(1.0),30/05/26 11:00:00,Annual,Number,53 years,Total,Belgium,2017,164501,,
ESTAT:DEMO_PJAN(1.0),30/05/26 11:00:00,Annual,Number,53 years,Total,Belgium,2018,167557,,
ESTAT:DEMO_PJAN(1.0),30/05/26 11:00:00,Annual,Number,53 years,Total,Belgium,2019,163005,,
ESTAT:DEMO_PJAN(1.0),30/05/26 11:00:00,Annual,Number,53 years,Total,Belgium,2020,159675,,
ESTAT:DEMO_PJAN(1.0),30/05/26 11:00:00,Annual,Number,53 years,Total,Belgium,2021,155811,,
ESTAT:DEMO_PJAN(1.0),30/05/26 11:00:00,Annual,Number,53 years,Total,Belgium,2022,155674,,
ESTAT:DEMO_PJAN(1.0),30/05/26 11:00:00,Annual,Number,53 years,Total,Belgium,2023,156645,,
ESTAT:DEMO_PJAN(1.0),30/05/26 11:00:00,Annual,Number,53 years,Total,Belgium,2024,158776,,
ESTAT:DEMO_PJAN(1.0),30/05/26 11:00:00,Annual,Number,53 years,Total,Belgium,2025,157560,,
ESTAT:DEMO_PJAN(1.0),30/05/26 11:00:00,Annual,Number,54 years,Females,Belgium,2005,68224,,
ESTAT:DEMO_PJAN(1.0),30/05/26 11:00:00,Annual,Number,54 years,Females,Belgium,2006,67726,,
ESTAT:DEMO_PJAN(1.0),30/05/26 11:00:00,Annual,Number,54 years,Females,Belgium,2007,69991,,
ESTAT:DEMO_PJAN(1.0),30/05/26 11:00:00,Annual,Number,54 years,Females,Belgium,2008,70510,,
ESTAT:DEMO_PJAN(1.0),30/05/26 11:00:00,Annual,Number,54 years,Females,Belgium,2009,72521,,
ESTAT:DEMO_PJAN(1.0),30/05/26 11:00:00,Annual,Number,54 years,Females,Belgium,2010,74209,,
ESTAT:DEMO_PJAN(1.0),30/05/26 11:00:00,Annual,Number,54 years,Females,Belgium,2011,75176,,
ESTAT:DEMO_PJAN(1.0),30/05/26 11:00:00,Annual,Number,54 years,Females,Belgium,2012,76122,,
ESTAT:DEMO_PJAN(1.0),30/05/26 11:00:00,Annual,Number,54 years,Females,Belgium,2013,77617,,
ESTAT:DEMO_PJAN(1.0),30/05/26 11:00:00,Annual,Number,54 years,Females,Belgium,2014,79622,,
ESTAT:DEMO_PJAN(1.0),30/05/26 11:00:00,Annual,Number,54 years,Females,Belgium,2015,79046,,
ESTAT:DEMO_PJAN(1.0),30/05/26 11:00:00,Annual,Number,54 years,Females,Belgium,2016,80209,,
ESTAT:DEMO_PJAN(1.0),30/05/26 11:00:00,Annual,Number,54 years,Females,Belgium,2017,79651,,
ESTAT:DEMO_PJAN(1.0),30/05/26 11:00:00,Annual,Number,54 years,Females,Belgium,2018,81372,,
ESTAT:DEMO_PJAN(1.0),30/05/26 11:00:00,Annual,Number,54 years,Females,Belgium,2019,82952,,
ESTAT:DEMO_PJAN(1.0),30/05/26 11:00:00,Annual,Number,54 years,Females,Belgium,2020,80300,,
ESTAT:DEMO_PJAN(1.0),30/05/26 11:00:00,Annual,Number,54 years,Females,Belgium,2021,78658,,
ESTAT:DEMO_PJAN(1.0),30/05/26 11:00:00,Annual,Number,54 years,Females,Belgium,2022,76486,,
ESTAT:DEMO_PJAN(1.0),30/05/26 11:00:00,Annual,Number,54 years,Females,Belgium,2023,77176,,
ESTAT:DEMO_PJAN(1.0),30/05/26 11:00:00,Annual,Number,54 years,Females,Belgium,2024,77297,,
ESTAT:DEMO_PJAN(1.0),30/05/26 11:00:00,Annual,Number,54 years,Females,Belgium,2025,78421,,
ESTAT:DEMO_PJAN(1.0),30/05/26 11:00:00,Annual,Number,54 years,Males,Belgium,2005,68389,,
ESTAT:DEMO_PJAN(1.0),30/05/26 11:00:00,Annual,Number,54 years,Males,Belgium,2006,67799,,
ESTAT:DEMO_PJAN(1.0),30/05/26 11:00:00,Annual,Number,54 years,Males,Belgium,2007,70737,,
ESTAT:DEMO_PJAN(1.0),30/05/26 11:00:00,Annual,Number,54 years,Males,Belgium,2008,71003,,
ESTAT:DEMO_PJAN(1.0),30/05/26 11:00:00,Annual,Number,54 years,Males,Belgium,2009,72311,,
ESTAT:DEMO_PJAN(1.0),30/05/26 11:00:00,Annual,Number,54 years,Males,Belgium,2010,73451,,
ESTAT:DEMO_PJAN(1.0),30/05/26 11:00:00,Annual,Number,54 years,Males,Belgium,2011,74647,,
ESTAT:DEMO_PJAN(1.0),30/05/26 11:00:00,Annual,Number,54 years,Males,Belgium,2012,76506,,
ESTAT:DEMO_PJAN(1.0),30/05/26 11:00:00,Annual,Number,54 years,Males,Belgium,2013,77972,,
ESTAT:DEMO_PJAN(1.0),30/05/26 11:00:00,Annual,Number,54 years,Males,Belgium,2014,79408,,
ESTAT:DEMO_PJAN(1.0),30/05/26 11:00:00,Annual,Number,54 years,Males,Belgium,2015,79621,,
ESTAT:DEMO_PJAN(1.0),30/05/26 11:00:00,Annual,Number,54 years,Males,Belgium,2016,80284,,
ESTAT:DEMO_PJAN(1.0),30/05/26 11:00:00,Annual,Number,54 years,Males,Belgium,2017,80917,,
ESTAT:DEMO_PJAN(1.0),30/05/26 11:00:00,Annual,Number,54 years,Males,Belgium,2018,82569,,
ESTAT:DEMO_PJAN(1.0),30/05/26 11:00:00,Annual,Number,54 years,Males,Belgium,2019,84117,,
ESTAT:DEMO_PJAN(1.0),30/05/26 11:00:00,Annual,Number,54 years,Males,Belgium,2020,82223,,
ESTAT:DEMO_PJAN(1.0),30/05/26 11:00:00,Annual,Number,54 years,Males,Belgium,2021,80572,,
ESTAT:DEMO_PJAN(1.0),30/05/26 11:00:00,Annual,Number,54 years,Males,Belgium,2022,78880,,
ESTAT:DEMO_PJAN(1.0),30/05/26 11:00:00,Annual,Number,54 years,Males,Belgium,2023,78457,,
ESTAT:DEMO_PJAN(1.0),30/05/26 11:00:00,Annual,Number,54 years,Males,Belgium,2024,79092,,
ESTAT:DEMO_PJAN(1.0),30/05/26 11:00:00,Annual,Number,54 years,Males,Belgium,2025,79997,,
ESTAT:DEMO_PJAN(1.0),30/05/26 11:00:00,Annual,Number,54 years,Total,Belgium,2005,136613,,
ESTAT:DEMO_PJAN(1.0),30/05/26 11:00:00,Annual,Number,54 years,Total,Belgium,2006,135525,,
ESTAT:DEMO_PJAN(1.0),30/05/26 11:00:00,Annual,Number,54 years,Total,Belgium,2007,140728,,
ESTAT:DEMO_PJAN(1.0),30/05/26 11:00:00,Annual,Number,54 years,Total,Belgium,2008,141513,,
ESTAT:DEMO_PJAN(1.0),30/05/26 11:00:00,Annual,Number,54 years,Total,Belgium,2009,144832,,
ESTAT:DEMO_PJAN(1.0),30/05/26 11:00:00,Annual,Number,54 years,Total,Belgium,2010,147660,,
ESTAT:DEMO_PJAN(1.0),30/05/26 11:00:00,Annual,Number,54 years,Total,Belgium,2011,149823,,
ESTAT:DEMO_PJAN(1.0),30/05/26 11:00:00,Annual,Number,54 years,Total,Belgium,2012,152628,,
ESTAT:DEMO_PJAN(1.0),30/05/26 11:00:00,Annual,Number,54 years,Total,Belgium,2013,155589,,
ESTAT:DEMO_PJAN(1.0),30/05/26 11:00:00,Annual,Number,54 years,Total,Belgium,2014,159030,,
ESTAT:DEMO_PJAN(1.0),30/05/26 11:00:00,Annual,Number,54 years,Total,Belgium,2015,158667,,
ESTAT:DEMO_PJAN(1.0),30/05/26 11:00:00,Annual,Number,54 years,Total,Belgium,2016,160493,,
ESTAT:DEMO_PJAN(1.0),30/05/26 11:00:00,Annual,Number,54 years,Total,Belgium,2017,160568,,
ESTAT:DEMO_PJAN(1.0),30/05/26 11:00:00,Annual,Number,54 years,Total,Belgium,2018,163941,,
ESTAT:DEMO_PJAN(1.0),30/05/26 11:00:00,Annual,Number,54 years,Total,Belgium,2019,167069,,
ESTAT:DEMO_PJAN(1.0),30/05/26 11:00:00,Annual,Number,54 years,Total,Belgium,2020,162523,,
ESTAT:DEMO_PJAN(1.0),30/05/26 11:00:00,Annual,Number,54 years,Total,Belgium,2021,159230,,
ESTAT:DEMO_PJAN(1.0),30/05/26 11:00:00,Annual,Number,54 years,Total,Belgium,2022,155366,,
ESTAT:DEMO_PJAN(1.0),30/05/26 11:00:00,Annual,Number,54 years,Total,Belgium,2023,155633,,
ESTAT:DEMO_PJAN(1.0),30/05/26 11:00:00,Annual,Number,54 years,Total,Belgium,2024,156389,,
ESTAT:DEMO_PJAN(1.0),30/05/26 11:00:00,Annual,Number,54 years,Total,Belgium,2025,158418,,
ESTAT:DEMO_PJAN(1.0),30/05/26 11:00:00,Annual,Number,55 years,Females,Belgium,2005,67324,,
ESTAT:DEMO_PJAN(1.0),30/05/26 11:00:00,Annual,Number,55 years,Females,Belgium,2006,68032,,
ESTAT:DEMO_PJAN(1.0),30/05/26 11:00:00,Annual,Number,55 years,Females,Belgium,2007,67525,,
ESTAT:DEMO_PJAN(1.0),30/05/26 11:00:00,Annual,Number,55 years,Females,Belgium,2008,69827,,
ESTAT:DEMO_PJAN(1.0),30/05/26 11:00:00,Annual,Number,55 years,Females,Belgium,2009,70322,,
ESTAT:DEMO_PJAN(1.0),30/05/26 11:00:00,Annual,Number,55 years,Females,Belgium,2010,72394,,
ESTAT:DEMO_PJAN(1.0),30/05/26 11:00:00,Annual,Number,55 years,Females,Belgium,2011,74229,,
ESTAT:DEMO_PJAN(1.0),30/05/26 11:00:00,Annual,Number,55 years,Females,Belgium,2012,74925,,
ESTAT:DEMO_PJAN(1.0),30/05/26 11:00:00,Annual,Number,55 years,Females,Belgium,2013,75817,,
ESTAT:DEMO_PJAN(1.0),30/05/26 11:00:00,Annual,Number,55 years,Females,Belgium,2014,77322,,
ESTAT:DEMO_PJAN(1.0),30/05/26 11:00:00,Annual,Number,55 years,Females,Belgium,2015,79392,,
ESTAT:DEMO_PJAN(1.0),30/05/26 11:00:00,Annual,Number,55 years,Females,Belgium,2016,78774,,
ESTAT:DEMO_PJAN(1.0),30/05/26 11:00:00,Annual,Number,55 years,Females,Belgium,2017,79924,,
ESTAT:DEMO_PJAN(1.0),30/05/26 11:00:00,Annual,Number,55 years,Females,Belgium,2018,79431,,
ESTAT:DEMO_PJAN(1.0),30/05/26 11:00:00,Annual,Number,55 years,Females,Belgium,2019,81198,,
ESTAT:DEMO_PJAN(1.0),30/05/26 11:00:00,Annual,Number,55 years,Females,Belgium,2020,82756,,
ESTAT:DEMO_PJAN(1.0),30/05/26 11:00:00,Annual,Number,55 years,Females,Belgium,2021,80107,,
ESTAT:DEMO_PJAN(1.0),30/05/26 11:00:00,Annual,Number,55 years,Females,Belgium,2022,78468,,
ESTAT:DEMO_PJAN(1.0),30/05/26 11:00:00,Annual,Number,55 years,Females,Belgium,2023,76596,,
ESTAT:DEMO_PJAN(1.0),30/05/26 11:00:00,Annual,Number,55 years,Females,Belgium,2024,77073,,
ESTAT:DEMO_PJAN(1.0),30/05/26 11:00:00,Annual,Number,55 years,Females,Belgium,2025,77159,,
ESTAT:DEMO_PJAN(1.0),30/05/26 11:00:00,Annual,Number,55 years,Males,Belgium,2005,68137,,
ESTAT:DEMO_PJAN(1.0),30/05/26 11:00:00,Annual,Number,55 years,Males,Belgium,2006,67936,,
ESTAT:DEMO_PJAN(1.0),30/05/26 11:00:00,Annual,Number,55 years,Males,Belgium,2007,67425,,
ESTAT:DEMO_PJAN(1.0),30/05/26 11:00:00,Annual,Number,55 years,Males,Belgium,2008,70379,,
ESTAT:DEMO_PJAN(1.0),30/05/26 11:00:00,Annual,Number,55 years,Males,Belgium,2009,70660,,
ESTAT:DEMO_PJAN(1.0),30/05/26 11:00:00,Annual,Number,55 years,Males,Belgium,2010,71903,,
ESTAT:DEMO_PJAN(1.0),30/05/26 11:00:00,Annual,Number,55 years,Males,Belgium,2011,73308,,
ESTAT:DEMO_PJAN(1.0),30/05/26 11:00:00,Annual,Number,55 years,Males,Belgium,2012,74255,,
ESTAT:DEMO_PJAN(1.0),30/05/26 11:00:00,Annual,Number,55 years,Males,Belgium,2013,76024,,
ESTAT:DEMO_PJAN(1.0),30/05/26 11:00:00,Annual,Number,55 years,Males,Belgium,2014,77463,,
ESTAT:DEMO_PJAN(1.0),30/05/26 11:00:00,Annual,Number,55 years,Males,Belgium,2015,78944,,
ESTAT:DEMO_PJAN(1.0),30/05/26 11:00:00,Annual,Number,55 years,Males,Belgium,2016,79261,,
ESTAT:DEMO_PJAN(1.0),30/05/26 11:00:00,Annual,Number,55 years,Males,Belgium,2017,79819,,
ESTAT:DEMO_PJAN(1.0),30/05/26 11:00:00,Annual,Number,55 years,Males,Belgium,2018,80584,,
ESTAT:DEMO_PJAN(1.0),30/05/26 11:00:00,Annual,Number,55 years,Males,Belgium,2019,82161,,
ESTAT:DEMO_PJAN(1.0),30/05/26 11:00:00,Annual,Number,55 years,Males,Belgium,2020,83774,,
ESTAT:DEMO_PJAN(1.0),30/05/26 11:00:00,Annual,Number,55 years,Males,Belgium,2021,81930,,
ESTAT:DEMO_PJAN(1.0),30/05/26 11:00:00,Annual,Number,55 years,Males,Belgium,2022,80287,,
ESTAT:DEMO_PJAN(1.0),30/05/26 11:00:00,Annual,Number,55 years,Males,Belgium,2023,78709,,
ESTAT:DEMO_PJAN(1.0),30/05/26 11:00:00,Annual,Number,55 years,Males,Belgium,2024,78248,,
ESTAT:DEMO_PJAN(1.0),30/05/26 11:00:00,Annual,Number,55 years,Males,Belgium,2025,78775,,
ESTAT:DEMO_PJAN(1.0),30/05/26 11:00:00,Annual,Number,55 years,Total,Belgium,2005,135461,,
ESTAT:DEMO_PJAN(1.0),30/05/26 11:00:00,Annual,Number,55 years,Total,Belgium,2006,135968,,
ESTAT:DEMO_PJAN(1.0),30/05/26 11:00:00,Annual,Number,55 years,Total,Belgium,2007,134950,,
ESTAT:DEMO_PJAN(1.0),30/05/26 11:00:00,Annual,Number,55 years,Total,Belgium,2008,140206,,
ESTAT:DEMO_PJAN(1.0),30/05/26 11:00:00,Annual,Number,55 years,Total,Belgium,2009,140982,,
ESTAT:DEMO_PJAN(1.0),30/05/26 11:00:00,Annual,Number,55 years,Total,Belgium,2010,144297,,
ESTAT:DEMO_PJAN(1.0),30/05/26 11:00:00,Annual,Number,55 years,Total,Belgium,2011,147537,,
ESTAT:DEMO_PJAN(1.0),30/05/26 11:00:00,Annual,Number,55 years,Total,Belgium,2012,149180,,
ESTAT:DEMO_PJAN(1.0),30/05/26 11:00:00,Annual,Number,55 years,Total,Belgium,2013,151841,,
ESTAT:DEMO_PJAN(1.0),30/05/26 11:00:00,Annual,Number,55 years,Total,Belgium,2014,154785,,
ESTAT:DEMO_PJAN(1.0),30/05/26 11:00:00,Annual,Number,55 years,Total,Belgium,2015,158336,,
ESTAT:DEMO_PJAN(1.0),30/05/26 11:00:00,Annual,Number,55 years,Total,Belgium,2016,158035,,
ESTAT:DEMO_PJAN(1.0),30/05/26 11:00:00,Annual,Number,55 years,Total,Belgium,2017,159743,,
ESTAT:DEMO_PJAN(1.0),30/05/26 11:00:00,Annual,Number,55 years,Total,Belgium,2018,160015,,
ESTAT:DEMO_PJAN(1.0),30/05/26 11:00:00,Annual,Number,55 years,Total,Belgium,2019,163359,,
ESTAT:DEMO_PJAN(1.0),30/05/26 11:00:00,Annual,Number,55 years,Total,Belgium,2020,166530,,
ESTAT:DEMO_PJAN(1.0),30/05/26 11:00:00,Annual,Number,55 years,Total,Belgium,2021,162037,,
ESTAT:DEMO_PJAN(1.0),30/05/26 11:00:00,Annual,Number,55 years,Total,Belgium,2022,158755,,
ESTAT:DEMO_PJAN(1.0),30/05/26 11:00:00,Annual,Number,55 years,Total,Belgium,2023,155305,,
ESTAT:DEMO_PJAN(1.0),30/05/26 11:00:00,Annual,Number,55 years,Total,Belgium,2024,155321,,
ESTAT:DEMO_PJAN(1.0),30/05/26 11:00:00,Annual,Number,55 years,Total,Belgium,2025,155934,,
ESTAT:DEMO_PJAN(1.0),30/05/26 11:00:00,Annual,Number,56 years,Females,Belgium,2005,68523,,
ESTAT:DEMO_PJAN(1.0),30/05/26 11:00:00,Annual,Number,56 years,Females,Belgium,2006,67096,,
ESTAT:DEMO_PJAN(1.0),30/05/26 11:00:00,Annual,Number,56 years,Females,Belgium,2007,67779,,
ESTAT:DEMO_PJAN(1.0),30/05/26 11:00:00,Annual,Number,56 years,Females,Belgium,2008,67310,,
ESTAT:DEMO_PJAN(1.0),30/05/26 11:00:00,Annual,Number,56 years,Females,Belgium,2009,69608,,
ESTAT:DEMO_PJAN(1.0),30/05/26 11:00:00,Annual,Number,56 years,Females,Belgium,2010,70166,,
ESTAT:DEMO_PJAN(1.0),30/05/26 11:00:00,Annual,Number,56 years,Females,Belgium,2011,72425,,
ESTAT:DEMO_PJAN(1.0),30/05/26 11:00:00,Annual,Number,56 years,Females,Belgium,2012,74038,,
ESTAT:DEMO_PJAN(1.0),30/05/26 11:00:00,Annual,Number,56 years,Females,Belgium,2013,74653,,
ESTAT:DEMO_PJAN(1.0),30/05/26 11:00:00,Annual,Number,56 years,Females,Belgium,2014,75510,,
ESTAT:DEMO_PJAN(1.0),30/05/26 11:00:00,Annual,Number,56 years,Females,Belgium,2015,77000,,
ESTAT:DEMO_PJAN(1.0),30/05/26 11:00:00,Annual,Number,56 years,Females,Belgium,2016,79100,,
ESTAT:DEMO_PJAN(1.0),30/05/26 11:00:00,Annual,Number,56 years,Females,Belgium,2017,78453,,
ESTAT:DEMO_PJAN(1.0),30/05/26 11:00:00,Annual,Number,56 years,Females,Belgium,2018,79653,,
ESTAT:DEMO_PJAN(1.0),30/05/26 11:00:00,Annual,Number,56 years,Females,Belgium,2019,79172,,
ESTAT:DEMO_PJAN(1.0),30/05/26 11:00:00,Annual,Number,56 years,Females,Belgium,2020,80949,,
ESTAT:DEMO_PJAN(1.0),30/05/26 11:00:00,Annual,Number,56 years,Females,Belgium,2021,82444,,
ESTAT:DEMO_PJAN(1.0),30/05/26 11:00:00,Annual,Number,56 years,Females,Belgium,2022,79918,,
ESTAT:DEMO_PJAN(1.0),30/05/26 11:00:00,Annual,Number,56 years,Females,Belgium,2023,78450,,
ESTAT:DEMO_PJAN(1.0),30/05/26 11:00:00,Annual,Number,56 years,Females,Belgium,2024,76418,,
ESTAT:DEMO_PJAN(1.0),30/05/26 11:00:00,Annual,Number,56 years,Females,Belgium,2025,76867,,
ESTAT:DEMO_PJAN(1.0),30/05/26 11:00:00,Annual,Number,56 years,Males,Belgium,2005,68251,,
ESTAT:DEMO_PJAN(1.0),30/05/26 11:00:00,Annual,Number,56 years,Males,Belgium,2006,67596,,
ESTAT:DEMO_PJAN(1.0),30/05/26 11:00:00,Annual,Number,56 years,Males,Belgium,2007,67530,,
ESTAT:DEMO_PJAN(1.0),30/05/26 11:00:00,Annual,Number,56 years,Males,Belgium,2008,67055,,
ESTAT:DEMO_PJAN(1.0),30/05/26 11:00:00,Annual,Number,56 years,Males,Belgium,2009,69880,,
ESTAT:DEMO_PJAN(1.0),30/05/26 11:00:00,Annual,Number,56 years,Males,Belgium,2010,70253,,
ESTAT:DEMO_PJAN(1.0),30/05/26 11:00:00,Annual,Number,56 years,Males,Belgium,2011,71634,,
ESTAT:DEMO_PJAN(1.0),30/05/26 11:00:00,Annual,Number,56 years,Males,Belgium,2012,72803,,
ESTAT:DEMO_PJAN(1.0),30/05/26 11:00:00,Annual,Number,56 years,Males,Belgium,2013,73818,,
ESTAT:DEMO_PJAN(1.0),30/05/26 11:00:00,Annual,Number,56 years,Males,Belgium,2014,75505,,
ESTAT:DEMO_PJAN(1.0),30/05/26 11:00:00,Annual,Number,56 years,Males,Belgium,2015,76981,,
ESTAT:DEMO_PJAN(1.0),30/05/26 11:00:00,Annual,Number,56 years,Males,Belgium,2016,78477,,
ESTAT:DEMO_PJAN(1.0),30/05/26 11:00:00,Annual,Number,56 years,Males,Belgium,2017,78770,,
ESTAT:DEMO_PJAN(1.0),30/05/26 11:00:00,Annual,Number,56 years,Males,Belgium,2018,79406,,
ESTAT:DEMO_PJAN(1.0),30/05/26 11:00:00,Annual,Number,56 years,Males,Belgium,2019,80165,,
ESTAT:DEMO_PJAN(1.0),30/05/26 11:00:00,Annual,Number,56 years,Males,Belgium,2020,81780,,
ESTAT:DEMO_PJAN(1.0),30/05/26 11:00:00,Annual,Number,56 years,Males,Belgium,2021,83417,,
ESTAT:DEMO_PJAN(1.0),30/05/26 11:00:00,Annual,Number,56 years,Males,Belgium,2022,81573,,
ESTAT:DEMO_PJAN(1.0),30/05/26 11:00:00,Annual,Number,56 years,Males,Belgium,2023,80010,,
ESTAT:DEMO_PJAN(1.0),30/05/26 11:00:00,Annual,Number,56 years,Males,Belgium,2024,78355,,
ESTAT:DEMO_PJAN(1.0),30/05/26 11:00:00,Annual,Number,56 years,Males,Belgium,2025,77902,,
ESTAT:DEMO_PJAN(1.0),30/05/26 11:00:00,Annual,Number,56 years,Total,Belgium,2005,136774,,
ESTAT:DEMO_PJAN(1.0),30/05/26 11:00:00,Annual,Number,56 years,Total,Belgium,2006,134692,,
ESTAT:DEMO_PJAN(1.0),30/05/26 11:00:00,Annual,Number,56 years,Total,Belgium,2007,135309,,
ESTAT:DEMO_PJAN(1.0),30/05/26 11:00:00,Annual,Number,56 years,Total,Belgium,2008,134365,,
ESTAT:DEMO_PJAN(1.0),30/05/26 11:00:00,Annual,Number,56 years,Total,Belgium,2009,139488,,
ESTAT:DEMO_PJAN(1.0),30/05/26 11:00:00,Annual,Number,56 years,Total,Belgium,2010,140419,,
ESTAT:DEMO_PJAN(1.0),30/05/26 11:00:00,Annual,Number,56 years,Total,Belgium,2011,144059,,
ESTAT:DEMO_PJAN(1.0),30/05/26 11:00:00,Annual,Number,56 years,Total,Belgium,2012,146841,,
ESTAT:DEMO_PJAN(1.0),30/05/26 11:00:00,Annual,Number,56 years,Total,Belgium,2013,148471,,
ESTAT:DEMO_PJAN(1.0),30/05/26 11:00:00,Annual,Number,56 years,Total,Belgium,2014,151015,,
ESTAT:DEMO_PJAN(1.0),30/05/26 11:00:00,Annual,Number,56 years,Total,Belgium,2015,153981,,
ESTAT:DEMO_PJAN(1.0),30/05/26 11:00:00,Annual,Number,56 years,Total,Belgium,2016,157577,,
ESTAT:DEMO_PJAN(1.0),30/05/26 11:00:00,Annual,Number,56 years,Total,Belgium,2017,157223,,
ESTAT:DEMO_PJAN(1.0),30/05/26 11:00:00,Annual,Number,56 years,Total,Belgium,2018,159059,,
ESTAT:DEMO_PJAN(1.0),30/05/26 11:00:00,Annual,Number,56 years,Total,Belgium,2019,159337,,
ESTAT:DEMO_PJAN(1.0),30/05/26 11:00:00,Annual,Number,56 years,Total,Belgium,2020,162729,,
ESTAT:DEMO_PJAN(1.0),30/05/26 11:00:00,Annual,Number,56 years,Total,Belgium,2021,165861,,
ESTAT:DEMO_PJAN(1.0),30/05/26 11:00:00,Annual,Number,56 years,Total,Belgium,2022,161491,,
ESTAT:DEMO_PJAN(1.0),30/05/26 11:00:00,Annual,Number,56 years,Total,Belgium,2023,158460,,
ESTAT:DEMO_PJAN(1.0),30/05/26 11:00:00,Annual,Number,56 years,Total,Belgium,2024,154773,,
ESTAT:DEMO_PJAN(1.0),30/05/26 11:00:00,Annual,Number,56 years,Total,Belgium,2025,154769,,
ESTAT:DEMO_PJAN(1.0),30/05/26 11:00:00,Annual,Number,57 years,Females,Belgium,2005,67664,,
ESTAT:DEMO_PJAN(1.0),30/05/26 11:00:00,Annual,Number,57 years,Females,Belgium,2006,68261,,
ESTAT:DEMO_PJAN(1.0),30/05/26 11:00:00,Annual,Number,57 years,Females,Belgium,2007,66864,,
ESTAT:DEMO_PJAN(1.0),30/05/26 11:00:00,Annual,Number,57 years,Females,Belgium,2008,67601,,
ESTAT:DEMO_PJAN(1.0),30/05/26 11:00:00,Annual,Number,57 years,Females,Belgium,2009,67060,,
ESTAT:DEMO_PJAN(1.0),30/05/26 11:00:00,Annual,Number,57 years,Females,Belgium,2010,69473,,
ESTAT:DEMO_PJAN(1.0),30/05/26 11:00:00,Annual,Number,57 years,Females,Belgium,2011,70143,,
ESTAT:DEMO_PJAN(1.0),30/05/26 11:00:00,Annual,Number,57 years,Females,Belgium,2012,72149,,
ESTAT:DEMO_PJAN(1.0),30/05/26 11:00:00,Annual,Number,57 years,Females,Belgium,2013,73693,,
ESTAT:DEMO_PJAN(1.0),30/05/26 11:00:00,Annual,Number,57 years,Females,Belgium,2014,74242,,
ESTAT:DEMO_PJAN(1.0),30/05/26 11:00:00,Annual,Number,57 years,Females,Belgium,2015,75155,,
ESTAT:DEMO_PJAN(1.0),30/05/26 11:00:00,Annual,Number,57 years,Females,Belgium,2016,76675,,
ESTAT:DEMO_PJAN(1.0),30/05/26 11:00:00,Annual,Number,57 years,Females,Belgium,2017,78739,,
ESTAT:DEMO_PJAN(1.0),30/05/26 11:00:00,Annual,Number,57 years,Females,Belgium,2018,78160,,
ESTAT:DEMO_PJAN(1.0),30/05/26 11:00:00,Annual,Number,57 years,Females,Belgium,2019,79358,,
ESTAT:DEMO_PJAN(1.0),30/05/26 11:00:00,Annual,Number,57 years,Females,Belgium,2020,78921,,
ESTAT:DEMO_PJAN(1.0),30/05/26 11:00:00,Annual,Number,57 years,Females,Belgium,2021,80614,,
ESTAT:DEMO_PJAN(1.0),30/05/26 11:00:00,Annual,Number,57 years,Females,Belgium,2022,82125,,
ESTAT:DEMO_PJAN(1.0),30/05/26 11:00:00,Annual,Number,57 years,Females,Belgium,2023,79910,,
ESTAT:DEMO_PJAN(1.0),30/05/26 11:00:00,Annual,Number,57 years,Females,Belgium,2024,78175,,
ESTAT:DEMO_PJAN(1.0),30/05/26 11:00:00,Annual,Number,57 years,Females,Belgium,2025,76218,,
ESTAT:DEMO_PJAN(1.0),30/05/26 11:00:00,Annual,Number,57 years,Males,Belgium,2005,67498,,
ESTAT:DEMO_PJAN(1.0),30/05/26 11:00:00,Annual,Number,57 years,Males,Belgium,2006,67730,,
ESTAT:DEMO_PJAN(1.0),30/05/26 11:00:00,Annual,Number,57 years,Males,Belgium,2007,67157,,
ESTAT:DEMO_PJAN(1.0),30/05/26 11:00:00,Annual,Number,57 years,Males,Belgium,2008,67118,,
ESTAT:DEMO_PJAN(1.0),30/05/26 11:00:00,Annual,Number,57 years,Males,Belgium,2009,66553,,
ESTAT:DEMO_PJAN(1.0),30/05/26 11:00:00,Annual,Number,57 years,Males,Belgium,2010,69361,,
ESTAT:DEMO_PJAN(1.0),30/05/26 11:00:00,Annual,Number,57 years,Males,Belgium,2011,69950,,
ESTAT:DEMO_PJAN(1.0),30/05/26 11:00:00,Annual,Number,57 years,Males,Belgium,2012,71063,,
ESTAT:DEMO_PJAN(1.0),30/05/26 11:00:00,Annual,Number,57 years,Males,Belgium,2013,72256,,
ESTAT:DEMO_PJAN(1.0),30/05/26 11:00:00,Annual,Number,57 years,Males,Belgium,2014,73287,,
ESTAT:DEMO_PJAN(1.0),30/05/26 11:00:00,Annual,Number,57 years,Males,Belgium,2015,74918,,
ESTAT:DEMO_PJAN(1.0),30/05/26 11:00:00,Annual,Number,57 years,Males,Belgium,2016,76367,,
ESTAT:DEMO_PJAN(1.0),30/05/26 11:00:00,Annual,Number,57 years,Males,Belgium,2017,77899,,
ESTAT:DEMO_PJAN(1.0),30/05/26 11:00:00,Annual,Number,57 years,Males,Belgium,2018,78251,,
ESTAT:DEMO_PJAN(1.0),30/05/26 11:00:00,Annual,Number,57 years,Males,Belgium,2019,78941,,
ESTAT:DEMO_PJAN(1.0),30/05/26 11:00:00,Annual,Number,57 years,Males,Belgium,2020,79759,,
ESTAT:DEMO_PJAN(1.0),30/05/26 11:00:00,Annual,Number,57 years,Males,Belgium,2021,81339,,
ESTAT:DEMO_PJAN(1.0),30/05/26 11:00:00,Annual,Number,57 years,Males,Belgium,2022,82995,,
ESTAT:DEMO_PJAN(1.0),30/05/26 11:00:00,Annual,Number,57 years,Males,Belgium,2023,81177,,
ESTAT:DEMO_PJAN(1.0),30/05/26 11:00:00,Annual,Number,57 years,Males,Belgium,2024,79552,,
ESTAT:DEMO_PJAN(1.0),30/05/26 11:00:00,Annual,Number,57 years,Males,Belgium,2025,78005,,
ESTAT:DEMO_PJAN(1.0),30/05/26 11:00:00,Annual,Number,57 years,Total,Belgium,2005,135162,,
ESTAT:DEMO_PJAN(1.0),30/05/26 11:00:00,Annual,Number,57 years,Total,Belgium,2006,135991,,
ESTAT:DEMO_PJAN(1.0),30/05/26 11:00:00,Annual,Number,57 years,Total,Belgium,2007,134021,,
ESTAT:DEMO_PJAN(1.0),30/05/26 11:00:00,Annual,Number,57 years,Total,Belgium,2008,134719,,
ESTAT:DEMO_PJAN(1.0),30/05/26 11:00:00,Annual,Number,57 years,Total,Belgium,2009,133613,,
ESTAT:DEMO_PJAN(1.0),30/05/26 11:00:00,Annual,Number,57 years,Total,Belgium,2010,138834,,
ESTAT:DEMO_PJAN(1.0),30/05/26 11:00:00,Annual,Number,57 years,Total,Belgium,2011,140093,,
ESTAT:DEMO_PJAN(1.0),30/05/26 11:00:00,Annual,Number,57 years,Total,Belgium,2012,143212,,
ESTAT:DEMO_PJAN(1.0),30/05/26 11:00:00,Annual,Number,57 years,Total,Belgium,2013,145949,,
ESTAT:DEMO_PJAN(1.0),30/05/26 11:00:00,Annual,Number,57 years,Total,Belgium,2014,147529,,
ESTAT:DEMO_PJAN(1.0),30/05/26 11:00:00,Annual,Number,57 years,Total,Belgium,2015,150073,,
ESTAT:DEMO_PJAN(1.0),30/05/26 11:00:00,Annual,Number,57 years,Total,Belgium,2016,153042,,
ESTAT:DEMO_PJAN(1.0),30/05/26 11:00:00,Annual,Number,57 years,Total,Belgium,2017,156638,,
ESTAT:DEMO_PJAN(1.0),30/05/26 11:00:00,Annual,Number,57 years,Total,Belgium,2018,156411,,
ESTAT:DEMO_PJAN(1.0),30/05/26 11:00:00,Annual,Number,57 years,Total,Belgium,2019,158299,,
ESTAT:DEMO_PJAN(1.0),30/05/26 11:00:00,Annual,Number,57 years,Total,Belgium,2020,158680,,
ESTAT:DEMO_PJAN(1.0),30/05/26 11:00:00,Annual,Number,57 years,Total,Belgium,2021,161953,,
ESTAT:DEMO_PJAN(1.0),30/05/26 11:00:00,Annual,Number,57 years,Total,Belgium,2022,165120,,
ESTAT:DEMO_PJAN(1.0),30/05/26 11:00:00,Annual,Number,57 years,Total,Belgium,2023,161087,,
ESTAT:DEMO_PJAN(1.0),30/05/26 11:00:00,Annual,Number,57 years,Total,Belgium,2024,157727,,
ESTAT:DEMO_PJAN(1.0),30/05/26 11:00:00,Annual,Number,57 years,Total,Belgium,2025,154223,,
ESTAT:DEMO_PJAN(1.0),30/05/26 11:00:00,Annual,Number,58 years,Females,Belgium,2005,67603,,
ESTAT:DEMO_PJAN(1.0),30/05/26 11:00:00,Annual,Number,58 years,Females,Belgium,2006,67363,,
ESTAT:DEMO_PJAN(1.0),30/05/26 11:00:00,Annual,Number,58 years,Females,Belgium,2007,67971,,
ESTAT:DEMO_PJAN(1.0),30/05/26 11:00:00,Annual,Number,58 years,Females,Belgium,2008,66616,,
ESTAT:DEMO_PJAN(1.0),30/05/26 11:00:00,Annual,Number,58 years,Females,Belgium,2009,67339,,
ESTAT:DEMO_PJAN(1.0),30/05/26 11:00:00,Annual,Number,58 years,Females,Belgium,2010,66833,,
ESTAT:DEMO_PJAN(1.0),30/05/26 11:00:00,Annual,Number,58 years,Females,Belgium,2011,69372,,
ESTAT:DEMO_PJAN(1.0),30/05/26 11:00:00,Annual,Number,58 years,Females,Belgium,2012,69899,,
ESTAT:DEMO_PJAN(1.0),30/05/26 11:00:00,Annual,Number,58 years,Females,Belgium,2013,71781,,
ESTAT:DEMO_PJAN(1.0),30/05/26 11:00:00,Annual,Number,58 years,Females,Belgium,2014,73266,,
ESTAT:DEMO_PJAN(1.0),30/05/26 11:00:00,Annual,Number,58 years,Females,Belgium,2015,73922,,
ESTAT:DEMO_PJAN(1.0),30/05/26 11:00:00,Annual,Number,58 years,Females,Belgium,2016,74786,,
ESTAT:DEMO_PJAN(1.0),30/05/26 11:00:00,Annual,Number,58 years,Females,Belgium,2017,76322,,
ESTAT:DEMO_PJAN(1.0),30/05/26 11:00:00,Annual,Number,58 years,Females,Belgium,2018,78384,,
ESTAT:DEMO_PJAN(1.0),30/05/26 11:00:00,Annual,Number,58 years,Females,Belgium,2019,77776,,
ESTAT:DEMO_PJAN(1.0),30/05/26 11:00:00,Annual,Number,58 years,Females,Belgium,2020,79029,,
ESTAT:DEMO_PJAN(1.0),30/05/26 11:00:00,Annual,Number,58 years,Females,Belgium,2021,78589,,
ESTAT:DEMO_PJAN(1.0),30/05/26 11:00:00,Annual,Number,58 years,Females,Belgium,2022,80282,,
ESTAT:DEMO_PJAN(1.0),30/05/26 11:00:00,Annual,Number,58 years,Females,Belgium,2023,82052,,
ESTAT:DEMO_PJAN(1.0),30/05/26 11:00:00,Annual,Number,58 years,Females,Belgium,2024,79548,,
ESTAT:DEMO_PJAN(1.0),30/05/26 11:00:00,Annual,Number,58 years,Females,Belgium,2025,77923,,
ESTAT:DEMO_PJAN(1.0),30/05/26 11:00:00,Annual,Number,58 years,Males,Belgium,2005,67499,,
ESTAT:DEMO_PJAN(1.0),30/05/26 11:00:00,Annual,Number,58 years,Males,Belgium,2006,66928,,
ESTAT:DEMO_PJAN(1.0),30/05/26 11:00:00,Annual,Number,58 years,Males,Belgium,2007,67215,,
ESTAT:DEMO_PJAN(1.0),30/05/26 11:00:00,Annual,Number,58 years,Males,Belgium,2008,66704,,
ESTAT:DEMO_PJAN(1.0),30/05/26 11:00:00,Annual,Number,58 years,Males,Belgium,2009,66527,,
ESTAT:DEMO_PJAN(1.0),30/05/26 11:00:00,Annual,Number,58 years,Males,Belgium,2010,66024,,
ESTAT:DEMO_PJAN(1.0),30/05/26 11:00:00,Annual,Number,58 years,Males,Belgium,2011,68981,,
ESTAT:DEMO_PJAN(1.0),30/05/26 11:00:00,Annual,Number,58 years,Males,Belgium,2012,69363,,
ESTAT:DEMO_PJAN(1.0),30/05/26 11:00:00,Annual,Number,58 years,Males,Belgium,2013,70459,,
ESTAT:DEMO_PJAN(1.0),30/05/26 11:00:00,Annual,Number,58 years,Males,Belgium,2014,71645,,
ESTAT:DEMO_PJAN(1.0),30/05/26 11:00:00,Annual,Number,58 years,Males,Belgium,2015,72743,,
ESTAT:DEMO_PJAN(1.0),30/05/26 11:00:00,Annual,Number,58 years,Males,Belgium,2016,74375,,
ESTAT:DEMO_PJAN(1.0),30/05/26 11:00:00,Annual,Number,58 years,Males,Belgium,2017,75675,,
ESTAT:DEMO_PJAN(1.0),30/05/26 11:00:00,Annual,Number,58 years,Males,Belgium,2018,77393,,
ESTAT:DEMO_PJAN(1.0),30/05/26 11:00:00,Annual,Number,58 years,Males,Belgium,2019,77792,,
ESTAT:DEMO_PJAN(1.0),30/05/26 11:00:00,Annual,Number,58 years,Males,Belgium,2020,78493,,
ESTAT:DEMO_PJAN(1.0),30/05/26 11:00:00,Annual,Number,58 years,Males,Belgium,2021,79221,,
ESTAT:DEMO_PJAN(1.0),30/05/26 11:00:00,Annual,Number,58 years,Males,Belgium,2022,80773,,
ESTAT:DEMO_PJAN(1.0),30/05/26 11:00:00,Annual,Number,58 years,Males,Belgium,2023,82607,,
ESTAT:DEMO_PJAN(1.0),30/05/26 11:00:00,Annual,Number,58 years,Males,Belgium,2024,80776,,
ESTAT:DEMO_PJAN(1.0),30/05/26 11:00:00,Annual,Number,58 years,Males,Belgium,2025,79103,,
ESTAT:DEMO_PJAN(1.0),30/05/26 11:00:00,Annual,Number,58 years,Total,Belgium,2005,135102,,
ESTAT:DEMO_PJAN(1.0),30/05/26 11:00:00,Annual,Number,58 years,Total,Belgium,2006,134291,,
ESTAT:DEMO_PJAN(1.0),30/05/26 11:00:00,Annual,Number,58 years,Total,Belgium,2007,135186,,
ESTAT:DEMO_PJAN(1.0),30/05/26 11:00:00,Annual,Number,58 years,Total,Belgium,2008,133320,,
ESTAT:DEMO_PJAN(1.0),30/05/26 11:00:00,Annual,Number,58 years,Total,Belgium,2009,133866,,
ESTAT:DEMO_PJAN(1.0),30/05/26 11:00:00,Annual,Number,58 years,Total,Belgium,2010,132857,,
ESTAT:DEMO_PJAN(1.0),30/05/26 11:00:00,Annual,Number,58 years,Total,Belgium,2011,138353,,
ESTAT:DEMO_PJAN(1.0),30/05/26 11:00:00,Annual,Number,58 years,Total,Belgium,2012,139262,,
ESTAT:DEMO_PJAN(1.0),30/05/26 11:00:00,Annual,Number,58 years,Total,Belgium,2013,142240,,
ESTAT:DEMO_PJAN(1.0),30/05/26 11:00:00,Annual,Number,58 years,Total,Belgium,2014,144911,,
ESTAT:DEMO_PJAN(1.0),30/05/26 11:00:00,Annual,Number,58 years,Total,Belgium,2015,146665,,
ESTAT:DEMO_PJAN(1.0),30/05/26 11:00:00,Annual,Number,58 years,Total,Belgium,2016,149161,,
ESTAT:DEMO_PJAN(1.0),30/05/26 11:00:00,Annual,Number,58 years,Total,Belgium,2017,151997,,
ESTAT:DEMO_PJAN(1.0),30/05/26 11:00:00,Annual,Number,58 years,Total,Belgium,2018,155777,,
ESTAT:DEMO_PJAN(1.0),30/05/26 11:00:00,Annual,Number,58 years,Total,Belgium,2019,155568,,
ESTAT:DEMO_PJAN(1.0),30/05/26 11:00:00,Annual,Number,58 years,Total,Belgium,2020,157522,,
ESTAT:DEMO_PJAN(1.0),30/05/26 11:00:00,Annual,Number,58 years,Total,Belgium,2021,157810,,
ESTAT:DEMO_PJAN(1.0),30/05/26 11:00:00,Annual,Number,58 years,Total,Belgium,2022,161055,,
ESTAT:DEMO_PJAN(1.0),30/05/26 11:00:00,Annual,Number,58 years,Total,Belgium,2023,164659,,
ESTAT:DEMO_PJAN(1.0),30/05/26 11:00:00,Annual,Number,58 years,Total,Belgium,2024,160324,,
ESTAT:DEMO_PJAN(1.0),30/05/26 11:00:00,Annual,Number,58 years,Total,Belgium,2025,157026,,
ESTAT:DEMO_PJAN(1.0),30/05/26 11:00:00,Annual,Number,59 years,Females,Belgium,2005,57766,,
ESTAT:DEMO_PJAN(1.0),30/05/26 11:00:00,Annual,Number,59 years,Females,Belgium,2006,67322,,
ESTAT:DEMO_PJAN(1.0),30/05/26 11:00:00,Annual,Number,59 years,Females,Belgium,2007,67071,,
ESTAT:DEMO_PJAN(1.0),30/05/26 11:00:00,Annual,Number,59 years,Females,Belgium,2008,67682,,
ESTAT:DEMO_PJAN(1.0),30/05/26 11:00:00,Annual,Number,59 years,Females,Belgium,2009,66340,,
ESTAT:DEMO_PJAN(1.0),30/05/26 11:00:00,Annual,Number,59 years,Females,Belgium,2010,67110,,
ESTAT:DEMO_PJAN(1.0),30/05/26 11:00:00,Annual,Number,59 years,Females,Belgium,2011,66675,,
ESTAT:DEMO_PJAN(1.0),30/05/26 11:00:00,Annual,Number,59 years,Females,Belgium,2012,69022,,
ESTAT:DEMO_PJAN(1.0),30/05/26 11:00:00,Annual,Number,59 years,Females,Belgium,2013,69490,,
ESTAT:DEMO_PJAN(1.0),30/05/26 11:00:00,Annual,Number,59 years,Females,Belgium,2014,71366,,
ESTAT:DEMO_PJAN(1.0),30/05/26 11:00:00,Annual,Number,59 years,Females,Belgium,2015,72899,,
ESTAT:DEMO_PJAN(1.0),30/05/26 11:00:00,Annual,Number,59 years,Females,Belgium,2016,73534,,
ESTAT:DEMO_PJAN(1.0),30/05/26 11:00:00,Annual,Number,59 years,Females,Belgium,2017,74348,,
ESTAT:DEMO_PJAN(1.0),30/05/26 11:00:00,Annual,Number,59 years,Females,Belgium,2018,75955,,
ESTAT:DEMO_PJAN(1.0),30/05/26 11:00:00,Annual,Number,59 years,Females,Belgium,2019,77969,,
ESTAT:DEMO_PJAN(1.0),30/05/26 11:00:00,Annual,Number,59 years,Females,Belgium,2020,77422,,
ESTAT:DEMO_PJAN(1.0),30/05/26 11:00:00,Annual,Number,59 years,Females,Belgium,2021,78662,,
ESTAT:DEMO_PJAN(1.0),30/05/26 11:00:00,Annual,Number,59 years,Females,Belgium,2022,78246,,
ESTAT:DEMO_PJAN(1.0),30/05/26 11:00:00,Annual,Number,59 years,Females,Belgium,2023,80192,,
ESTAT:DEMO_PJAN(1.0),30/05/26 11:00:00,Annual,Number,59 years,Females,Belgium,2024,81784,,
ESTAT:DEMO_PJAN(1.0),30/05/26 11:00:00,Annual,Number,59 years,Females,Belgium,2025,79222,,
ESTAT:DEMO_PJAN(1.0),30/05/26 11:00:00,Annual,Number,59 years,Males,Belgium,2005,56221,,
ESTAT:DEMO_PJAN(1.0),30/05/26 11:00:00,Annual,Number,59 years,Males,Belgium,2006,66809,,
ESTAT:DEMO_PJAN(1.0),30/05/26 11:00:00,Annual,Number,59 years,Males,Belgium,2007,66268,,
ESTAT:DEMO_PJAN(1.0),30/05/26 11:00:00,Annual,Number,59 years,Males,Belgium,2008,66683,,
ESTAT:DEMO_PJAN(1.0),30/05/26 11:00:00,Annual,Number,59 years,Males,Belgium,2009,66119,,
ESTAT:DEMO_PJAN(1.0),30/05/26 11:00:00,Annual,Number,59 years,Males,Belgium,2010,65934,,
ESTAT:DEMO_PJAN(1.0),30/05/26 11:00:00,Annual,Number,59 years,Males,Belgium,2011,65618,,
ESTAT:DEMO_PJAN(1.0),30/05/26 11:00:00,Annual,Number,59 years,Males,Belgium,2012,68349,,
ESTAT:DEMO_PJAN(1.0),30/05/26 11:00:00,Annual,Number,59 years,Males,Belgium,2013,68701,,
ESTAT:DEMO_PJAN(1.0),30/05/26 11:00:00,Annual,Number,59 years,Males,Belgium,2014,69817,,
ESTAT:DEMO_PJAN(1.0),30/05/26 11:00:00,Annual,Number,59 years,Males,Belgium,2015,71050,,
ESTAT:DEMO_PJAN(1.0),30/05/26 11:00:00,Annual,Number,59 years,Males,Belgium,2016,72126,,
ESTAT:DEMO_PJAN(1.0),30/05/26 11:00:00,Annual,Number,59 years,Males,Belgium,2017,73741,,
ESTAT:DEMO_PJAN(1.0),30/05/26 11:00:00,Annual,Number,59 years,Males,Belgium,2018,75120,,
ESTAT:DEMO_PJAN(1.0),30/05/26 11:00:00,Annual,Number,59 years,Males,Belgium,2019,76795,,
ESTAT:DEMO_PJAN(1.0),30/05/26 11:00:00,Annual,Number,59 years,Males,Belgium,2020,77257,,
ESTAT:DEMO_PJAN(1.0),30/05/26 11:00:00,Annual,Number,59 years,Males,Belgium,2021,77897,,
ESTAT:DEMO_PJAN(1.0),30/05/26 11:00:00,Annual,Number,59 years,Males,Belgium,2022,78663,,
ESTAT:DEMO_PJAN(1.0),30/05/26 11:00:00,Annual,Number,59 years,Males,Belgium,2023,80350,,
ESTAT:DEMO_PJAN(1.0),30/05/26 11:00:00,Annual,Number,59 years,Males,Belgium,2024,82094,,
ESTAT:DEMO_PJAN(1.0),30/05/26 11:00:00,Annual,Number,59 years,Males,Belgium,2025,80270,,
ESTAT:DEMO_PJAN(1.0),30/05/26 11:00:00,Annual,Number,59 years,Total,Belgium,2005,113987,,
ESTAT:DEMO_PJAN(1.0),30/05/26 11:00:00,Annual,Number,59 years,Total,Belgium,2006,134131,,
ESTAT:DEMO_PJAN(1.0),30/05/26 11:00:00,Annual,Number,59 years,Total,Belgium,2007,133339,,
ESTAT:DEMO_PJAN(1.0),30/05/26 11:00:00,Annual,Number,59 years,Total,Belgium,2008,134365,,
ESTAT:DEMO_PJAN(1.0),30/05/26 11:00:00,Annual,Number,59 years,Total,Belgium,2009,132459,,
ESTAT:DEMO_PJAN(1.0),30/05/26 11:00:00,Annual,Number,59 years,Total,Belgium,2010,133044,,
ESTAT:DEMO_PJAN(1.0),30/05/26 11:00:00,Annual,Number,59 years,Total,Belgium,2011,132293,,
ESTAT:DEMO_PJAN(1.0),30/05/26 11:00:00,Annual,Number,59 years,Total,Belgium,2012,137371,,
ESTAT:DEMO_PJAN(1.0),30/05/26 11:00:00,Annual,Number,59 years,Total,Belgium,2013,138191,,
ESTAT:DEMO_PJAN(1.0),30/05/26 11:00:00,Annual,Number,59 years,Total,Belgium,2014,141183,,
ESTAT:DEMO_PJAN(1.0),30/05/26 11:00:00,Annual,Number,59 years,Total,Belgium,2015,143949,,
ESTAT:DEMO_PJAN(1.0),30/05/26 11:00:00,Annual,Number,59 years,Total,Belgium,2016,145660,,
ESTAT:DEMO_PJAN(1.0),30/05/26 11:00:00,Annual,Number,59 years,Total,Belgium,2017,148089,,
ESTAT:DEMO_PJAN(1.0),30/05/26 11:00:00,Annual,Number,59 years,Total,Belgium,2018,151075,,
ESTAT:DEMO_PJAN(1.0),30/05/26 11:00:00,Annual,Number,59 years,Total,Belgium,2019,154764,,
ESTAT:DEMO_PJAN(1.0),30/05/26 11:00:00,Annual,Number,59 years,Total,Belgium,2020,154679,,
ESTAT:DEMO_PJAN(1.0),30/05/26 11:00:00,Annual,Number,59 years,Total,Belgium,2021,156559,,
ESTAT:DEMO_PJAN(1.0),30/05/26 11:00:00,Annual,Number,59 years,Total,Belgium,2022,156909,,
ESTAT:DEMO_PJAN(1.0),30/05/26 11:00:00,Annual,Number,59 years,Total,Belgium,2023,160542,,
ESTAT:DEMO_PJAN(1.0),30/05/26 11:00:00,Annual,Number,59 years,Total,Belgium,2024,163878,,
ESTAT:DEMO_PJAN(1.0),30/05/26 11:00:00,Annual,Number,59 years,Total,Belgium,2025,159492,,
ESTAT:DEMO_PJAN(1.0),30/05/26 11:00:00,Annual,Number,6 years,Females,Belgium,2005,57137,,
ESTAT:DEMO_PJAN(1.0),30/05/26 11:00:00,Annual,Number,6 years,Females,Belgium,2006,57275,,
ESTAT:DEMO_PJAN(1.0),30/05/26 11:00:00,Annual,Number,6 years,Females,Belgium,2007,58022,,
ESTAT:DEMO_PJAN(1.0),30/05/26 11:00:00,Annual,Number,6 years,Females,Belgium,2008,57768,,
ESTAT:DEMO_PJAN(1.0),30/05/26 11:00:00,Annual,Number,6 years,Females,Belgium,2009,56772,,
ESTAT:DEMO_PJAN(1.0),30/05/26 11:00:00,Annual,Number,6 years,Females,Belgium,2010,57797,,
ESTAT:DEMO_PJAN(1.0),30/05/26 11:00:00,Annual,Number,6 years,Females,Belgium,2011,60017,,
ESTAT:DEMO_PJAN(1.0),30/05/26 11:00:00,Annual,Number,6 years,Females,Belgium,2012,61007,,
ESTAT:DEMO_PJAN(1.0),30/05/26 11:00:00,Annual,Number,6 years,Females,Belgium,2013,63006,,
ESTAT:DEMO_PJAN(1.0),30/05/26 11:00:00,Annual,Number,6 years,Females,Belgium,2014,63410,,
ESTAT:DEMO_PJAN(1.0),30/05/26 11:00:00,Annual,Number,6 years,Females,Belgium,2015,64656,,
ESTAT:DEMO_PJAN(1.0),30/05/26 11:00:00,Annual,Number,6 years,Females,Belgium,2016,65118,,
ESTAT:DEMO_PJAN(1.0),30/05/26 11:00:00,Annual,Number,6 years,Females,Belgium,2017,65885,,
ESTAT:DEMO_PJAN(1.0),30/05/26 11:00:00,Annual,Number,6 years,Females,Belgium,2018,64967,,
ESTAT:DEMO_PJAN(1.0),30/05/26 11:00:00,Annual,Number,6 years,Females,Belgium,2019,64822,,
ESTAT:DEMO_PJAN(1.0),30/05/26 11:00:00,Annual,Number,6 years,Females,Belgium,2020,63522,,
ESTAT:DEMO_PJAN(1.0),30/05/26 11:00:00,Annual,Number,6 years,Females,Belgium,2021,63378,,
ESTAT:DEMO_PJAN(1.0),30/05/26 11:00:00,Annual,Number,6 years,Females,Belgium,2022,62256,,
ESTAT:DEMO_PJAN(1.0),30/05/26 11:00:00,Annual,Number,6 years,Females,Belgium,2023,62417,,
ESTAT:DEMO_PJAN(1.0),30/05/26 11:00:00,Annual,Number,6 years,Females,Belgium,2024,61592,,
ESTAT:DEMO_PJAN(1.0),30/05/26 11:00:00,Annual,Number,6 years,Females,Belgium,2025,61282,,
ESTAT:DEMO_PJAN(1.0),30/05/26 11:00:00,Annual,Number,6 years,Males,Belgium,2005,59860,,
ESTAT:DEMO_PJAN(1.0),30/05/26 11:00:00,Annual,Number,6 years,Males,Belgium,2006,59486,,
ESTAT:DEMO_PJAN(1.0),30/05/26 11:00:00,Annual,Number,6 years,Males,Belgium,2007,60674,,
ESTAT:DEMO_PJAN(1.0),30/05/26 11:00:00,Annual,Number,6 years,Males,Belgium,2008,60073,,
ESTAT:DEMO_PJAN(1.0),30/05/26 11:00:00,Annual,Number,6 years,Males,Belgium,2009,59487,,
ESTAT:DEMO_PJAN(1.0),30/05/26 11:00:00,Annual,Number,6 years,Males,Belgium,2010,60267,,
ESTAT:DEMO_PJAN(1.0),30/05/26 11:00:00,Annual,Number,6 years,Males,Belgium,2011,62908,,
ESTAT:DEMO_PJAN(1.0),30/05/26 11:00:00,Annual,Number,6 years,Males,Belgium,2012,64143,,
ESTAT:DEMO_PJAN(1.0),30/05/26 11:00:00,Annual,Number,6 years,Males,Belgium,2013,65590,,
ESTAT:DEMO_PJAN(1.0),30/05/26 11:00:00,Annual,Number,6 years,Males,Belgium,2014,66291,,
ESTAT:DEMO_PJAN(1.0),30/05/26 11:00:00,Annual,Number,6 years,Males,Belgium,2015,68133,,
ESTAT:DEMO_PJAN(1.0),30/05/26 11:00:00,Annual,Number,6 years,Males,Belgium,2016,68208,,
ESTAT:DEMO_PJAN(1.0),30/05/26 11:00:00,Annual,Number,6 years,Males,Belgium,2017,68852,,
ESTAT:DEMO_PJAN(1.0),30/05/26 11:00:00,Annual,Number,6 years,Males,Belgium,2018,68056,,
ESTAT:DEMO_PJAN(1.0),30/05/26 11:00:00,Annual,Number,6 years,Males,Belgium,2019,67509,,
ESTAT:DEMO_PJAN(1.0),30/05/26 11:00:00,Annual,Number,6 years,Males,Belgium,2020,66641,,
ESTAT:DEMO_PJAN(1.0),30/05/26 11:00:00,Annual,Number,6 years,Males,Belgium,2021,66716,,
ESTAT:DEMO_PJAN(1.0),30/05/26 11:00:00,Annual,Number,6 years,Males,Belgium,2022,65038,,
ESTAT:DEMO_PJAN(1.0),30/05/26 11:00:00,Annual,Number,6 years,Males,Belgium,2023,65436,,
ESTAT:DEMO_PJAN(1.0),30/05/26 11:00:00,Annual,Number,6 years,Males,Belgium,2024,64339,,
ESTAT:DEMO_PJAN(1.0),30/05/26 11:00:00,Annual,Number,6 years,Males,Belgium,2025,63845,,
ESTAT:DEMO_PJAN(1.0),30/05/26 11:00:00,Annual,Number,6 years,Total,Belgium,2005,116997,,
ESTAT:DEMO_PJAN(1.0),30/05/26 11:00:00,Annual,Number,6 years,Total,Belgium,2006,116761,,
ESTAT:DEMO_PJAN(1.0),30/05/26 11:00:00,Annual,Number,6 years,Total,Belgium,2007,118696,,
ESTAT:DEMO_PJAN(1.0),30/05/26 11:00:00,Annual,Number,6 years,Total,Belgium,2008,117841,,
ESTAT:DEMO_PJAN(1.0),30/05/26 11:00:00,Annual,Number,6 years,Total,Belgium,2009,116259,,
ESTAT:DEMO_PJAN(1.0),30/05/26 11:00:00,Annual,Number,6 years,Total,Belgium,2010,118064,,
ESTAT:DEMO_PJAN(1.0),30/05/26 11:00:00,Annual,Number,6 years,Total,Belgium,2011,122925,,
ESTAT:DEMO_PJAN(1.0),30/05/26 11:00:00,Annual,Number,6 years,Total,Belgium,2012,125150,,
ESTAT:DEMO_PJAN(1.0),30/05/26 11:00:00,Annual,Number,6 years,Total,Belgium,2013,128596,,
ESTAT:DEMO_PJAN(1.0),30/05/26 11:00:00,Annual,Number,6 years,Total,Belgium,2014,129701,,
ESTAT:DEMO_PJAN(1.0),30/05/26 11:00:00,Annual,Number,6 years,Total,Belgium,2015,132789,,
ESTAT:DEMO_PJAN(1.0),30/05/26 11:00:00,Annual,Number,6 years,Total,Belgium,2016,133326,,
ESTAT:DEMO_PJAN(1.0),30/05/26 11:00:00,Annual,Number,6 years,Total,Belgium,2017,134737,,
ESTAT:DEMO_PJAN(1.0),30/05/26 11:00:00,Annual,Number,6 years,Total,Belgium,2018,133023,,
ESTAT:DEMO_PJAN(1.0),30/05/26 11:00:00,Annual,Number,6 years,Total,Belgium,2019,132331,,
ESTAT:DEMO_PJAN(1.0),30/05/26 11:00:00,Annual,Number,6 years,Total,Belgium,2020,130163,,
ESTAT:DEMO_PJAN(1.0),30/05/26 11:00:00,Annual,Number,6 years,Total,Belgium,2021,130094,,
ESTAT:DEMO_PJAN(1.0),30/05/26 11:00:00,Annual,Number,6 years,Total,Belgium,2022,127294,,
ESTAT:DEMO_PJAN(1.0),30/05/26 11:00:00,Annual,Number,6 years,Total,Belgium,2023,127853,,
ESTAT:DEMO_PJAN(1.0),30/05/26 11:00:00,Annual,Number,6 years,Total,Belgium,2024,125931,,
ESTAT:DEMO_PJAN(1.0),30/05/26 11:00:00,Annual,Number,6 years,Total,Belgium,2025,125127,,
ESTAT:DEMO_PJAN(1.0),30/05/26 11:00:00,Annual,Number,60 years,Females,Belgium,2005,57357,,
ESTAT:DEMO_PJAN(1.0),30/05/26 11:00:00,Annual,Number,60 years,Females,Belgium,2006,57465,,
ESTAT:DEMO_PJAN(1.0),30/05/26 11:00:00,Annual,Number,60 years,Females,Belgium,2007,66980,,
ESTAT:DEMO_PJAN(1.0),30/05/26 11:00:00,Annual,Number,60 years,Females,Belgium,2008,66777,,
ESTAT:DEMO_PJAN(1.0),30/05/26 11:00:00,Annual,Number,60 years,Females,Belgium,2009,67303,,
ESTAT:DEMO_PJAN(1.0),30/05/26 11:00:00,Annual,Number,60 years,Females,Belgium,2010,66018,,
ESTAT:DEMO_PJAN(1.0),30/05/26 11:00:00,Annual,Number,60 years,Females,Belgium,2011,66893,,
ESTAT:DEMO_PJAN(1.0),30/05/26 11:00:00,Annual,Number,60 years,Females,Belgium,2012,66313,,
ESTAT:DEMO_PJAN(1.0),30/05/26 11:00:00,Annual,Number,60 years,Females,Belgium,2013,68539,,
ESTAT:DEMO_PJAN(1.0),30/05/26 11:00:00,Annual,Number,60 years,Females,Belgium,2014,69026,,
ESTAT:DEMO_PJAN(1.0),30/05/26 11:00:00,Annual,Number,60 years,Females,Belgium,2015,70914,,
ESTAT:DEMO_PJAN(1.0),30/05/26 11:00:00,Annual,Number,60 years,Females,Belgium,2016,72406,,
ESTAT:DEMO_PJAN(1.0),30/05/26 11:00:00,Annual,Number,60 years,Females,Belgium,2017,73052,,
ESTAT:DEMO_PJAN(1.0),30/05/26 11:00:00,Annual,Number,60 years,Females,Belgium,2018,73928,,
ESTAT:DEMO_PJAN(1.0),30/05/26 11:00:00,Annual,Number,60 years,Females,Belgium,2019,75498,,
ESTAT:DEMO_PJAN(1.0),30/05/26 11:00:00,Annual,Number,60 years,Females,Belgium,2020,77577,,
ESTAT:DEMO_PJAN(1.0),30/05/26 11:00:00,Annual,Number,60 years,Females,Belgium,2021,77013,,
ESTAT:DEMO_PJAN(1.0),30/05/26 11:00:00,Annual,Number,60 years,Females,Belgium,2022,78221,,
ESTAT:DEMO_PJAN(1.0),30/05/26 11:00:00,Annual,Number,60 years,Females,Belgium,2023,78026,,
ESTAT:DEMO_PJAN(1.0),30/05/26 11:00:00,Annual,Number,60 years,Females,Belgium,2024,79800,,
ESTAT:DEMO_PJAN(1.0),30/05/26 11:00:00,Annual,Number,60 years,Females,Belgium,2025,81388,,
ESTAT:DEMO_PJAN(1.0),30/05/26 11:00:00,Annual,Number,60 years,Males,Belgium,2005,55791,,
ESTAT:DEMO_PJAN(1.0),30/05/26 11:00:00,Annual,Number,60 years,Males,Belgium,2006,55559,,
ESTAT:DEMO_PJAN(1.0),30/05/26 11:00:00,Annual,Number,60 years,Males,Belgium,2007,66053,,
ESTAT:DEMO_PJAN(1.0),30/05/26 11:00:00,Annual,Number,60 years,Males,Belgium,2008,65585,,
ESTAT:DEMO_PJAN(1.0),30/05/26 11:00:00,Annual,Number,60 years,Males,Belgium,2009,65926,,
ESTAT:DEMO_PJAN(1.0),30/05/26 11:00:00,Annual,Number,60 years,Males,Belgium,2010,65393,,
ESTAT:DEMO_PJAN(1.0),30/05/26 11:00:00,Annual,Number,60 years,Males,Belgium,2011,65368,,
ESTAT:DEMO_PJAN(1.0),30/05/26 11:00:00,Annual,Number,60 years,Males,Belgium,2012,64833,,
ESTAT:DEMO_PJAN(1.0),30/05/26 11:00:00,Annual,Number,60 years,Males,Belgium,2013,67568,,
ESTAT:DEMO_PJAN(1.0),30/05/26 11:00:00,Annual,Number,60 years,Males,Belgium,2014,67856,,
ESTAT:DEMO_PJAN(1.0),30/05/26 11:00:00,Annual,Number,60 years,Males,Belgium,2015,69112,,
ESTAT:DEMO_PJAN(1.0),30/05/26 11:00:00,Annual,Number,60 years,Males,Belgium,2016,70321,,
ESTAT:DEMO_PJAN(1.0),30/05/26 11:00:00,Annual,Number,60 years,Males,Belgium,2017,71336,,
ESTAT:DEMO_PJAN(1.0),30/05/26 11:00:00,Annual,Number,60 years,Males,Belgium,2018,73029,,
ESTAT:DEMO_PJAN(1.0),30/05/26 11:00:00,Annual,Number,60 years,Males,Belgium,2019,74399,,
ESTAT:DEMO_PJAN(1.0),30/05/26 11:00:00,Annual,Number,60 years,Males,Belgium,2020,76121,,
ESTAT:DEMO_PJAN(1.0),30/05/26 11:00:00,Annual,Number,60 years,Males,Belgium,2021,76615,,
ESTAT:DEMO_PJAN(1.0),30/05/26 11:00:00,Annual,Number,60 years,Males,Belgium,2022,77198,,
ESTAT:DEMO_PJAN(1.0),30/05/26 11:00:00,Annual,Number,60 years,Males,Belgium,2023,78088,,
ESTAT:DEMO_PJAN(1.0),30/05/26 11:00:00,Annual,Number,60 years,Males,Belgium,2024,79752,,
ESTAT:DEMO_PJAN(1.0),30/05/26 11:00:00,Annual,Number,60 years,Males,Belgium,2025,81530,,
ESTAT:DEMO_PJAN(1.0),30/05/26 11:00:00,Annual,Number,60 years,Total,Belgium,2005,113148,,
ESTAT:DEMO_PJAN(1.0),30/05/26 11:00:00,Annual,Number,60 years,Total,Belgium,2006,113024,,
ESTAT:DEMO_PJAN(1.0),30/05/26 11:00:00,Annual,Number,60 years,Total,Belgium,2007,133033,,
ESTAT:DEMO_PJAN(1.0),30/05/26 11:00:00,Annual,Number,60 years,Total,Belgium,2008,132362,,
ESTAT:DEMO_PJAN(1.0),30/05/26 11:00:00,Annual,Number,60 years,Total,Belgium,2009,133229,,
ESTAT:DEMO_PJAN(1.0),30/05/26 11:00:00,Annual,Number,60 years,Total,Belgium,2010,131411,,
ESTAT:DEMO_PJAN(1.0),30/05/26 11:00:00,Annual,Number,60 years,Total,Belgium,2011,132261,,
ESTAT:DEMO_PJAN(1.0),30/05/26 11:00:00,Annual,Number,60 years,Total,Belgium,2012,131146,,
ESTAT:DEMO_PJAN(1.0),30/05/26 11:00:00,Annual,Number,60 years,Total,Belgium,2013,136107,,
ESTAT:DEMO_PJAN(1.0),30/05/26 11:00:00,Annual,Number,60 years,Total,Belgium,2014,136882,,
ESTAT:DEMO_PJAN(1.0),30/05/26 11:00:00,Annual,Number,60 years,Total,Belgium,2015,140026,,
ESTAT:DEMO_PJAN(1.0),30/05/26 11:00:00,Annual,Number,60 years,Total,Belgium,2016,142727,,
ESTAT:DEMO_PJAN(1.0),30/05/26 11:00:00,Annual,Number,60 years,Total,Belgium,2017,144388,,
ESTAT:DEMO_PJAN(1.0),30/05/26 11:00:00,Annual,Number,60 years,Total,Belgium,2018,146957,,
ESTAT:DEMO_PJAN(1.0),30/05/26 11:00:00,Annual,Number,60 years,Total,Belgium,2019,149897,,
ESTAT:DEMO_PJAN(1.0),30/05/26 11:00:00,Annual,Number,60 years,Total,Belgium,2020,153698,,
ESTAT:DEMO_PJAN(1.0),30/05/26 11:00:00,Annual,Number,60 years,Total,Belgium,2021,153628,,
ESTAT:DEMO_PJAN(1.0),30/05/26 11:00:00,Annual,Number,60 years,Total,Belgium,2022,155419,,
ESTAT:DEMO_PJAN(1.0),30/05/26 11:00:00,Annual,Number,60 years,Total,Belgium,2023,156114,,
ESTAT:DEMO_PJAN(1.0),30/05/26 11:00:00,Annual,Number,60 years,Total,Belgium,2024,159552,,
ESTAT:DEMO_PJAN(1.0),30/05/26 11:00:00,Annual,Number,60 years,Total,Belgium,2025,162918,,
ESTAT:DEMO_PJAN(1.0),30/05/26 11:00:00,Annual,Number,61 years,Females,Belgium,2005,54381,,
ESTAT:DEMO_PJAN(1.0),30/05/26 11:00:00,Annual,Number,61 years,Females,Belgium,2006,57031,,
ESTAT:DEMO_PJAN(1.0),30/05/26 11:00:00,Annual,Number,61 years,Females,Belgium,2007,57144,,
ESTAT:DEMO_PJAN(1.0),30/05/26 11:00:00,Annual,Number,61 years,Females,Belgium,2008,66600,,
ESTAT:DEMO_PJAN(1.0),30/05/26 11:00:00,Annual,Number,61 years,Females,Belgium,2009,66398,,
ESTAT:DEMO_PJAN(1.0),30/05/26 11:00:00,Annual,Number,61 years,Females,Belgium,2010,66966,,
ESTAT:DEMO_PJAN(1.0),30/05/26 11:00:00,Annual,Number,61 years,Females,Belgium,2011,65777,,
ESTAT:DEMO_PJAN(1.0),30/05/26 11:00:00,Annual,Number,61 years,Females,Belgium,2012,66453,,
ESTAT:DEMO_PJAN(1.0),30/05/26 11:00:00,Annual,Number,61 years,Females,Belgium,2013,65826,,
ESTAT:DEMO_PJAN(1.0),30/05/26 11:00:00,Annual,Number,61 years,Females,Belgium,2014,68030,,
ESTAT:DEMO_PJAN(1.0),30/05/26 11:00:00,Annual,Number,61 years,Females,Belgium,2015,68590,,
ESTAT:DEMO_PJAN(1.0),30/05/26 11:00:00,Annual,Number,61 years,Females,Belgium,2016,70433,,
ESTAT:DEMO_PJAN(1.0),30/05/26 11:00:00,Annual,Number,61 years,Females,Belgium,2017,71891,,
ESTAT:DEMO_PJAN(1.0),30/05/26 11:00:00,Annual,Number,61 years,Females,Belgium,2018,72577,,
ESTAT:DEMO_PJAN(1.0),30/05/26 11:00:00,Annual,Number,61 years,Females,Belgium,2019,73459,,
ESTAT:DEMO_PJAN(1.0),30/05/26 11:00:00,Annual,Number,61 years,Females,Belgium,2020,75011,,
ESTAT:DEMO_PJAN(1.0),30/05/26 11:00:00,Annual,Number,61 years,Females,Belgium,2021,77058,,
ESTAT:DEMO_PJAN(1.0),30/05/26 11:00:00,Annual,Number,61 years,Females,Belgium,2022,76506,,
ESTAT:DEMO_PJAN(1.0),30/05/26 11:00:00,Annual,Number,61 years,Females,Belgium,2023,77965,,
ESTAT:DEMO_PJAN(1.0),30/05/26 11:00:00,Annual,Number,61 years,Females,Belgium,2024,77594,,
ESTAT:DEMO_PJAN(1.0),30/05/26 11:00:00,Annual,Number,61 years,Females,Belgium,2025,79327,,
ESTAT:DEMO_PJAN(1.0),30/05/26 11:00:00,Annual,Number,61 years,Males,Belgium,2005,52532,,
ESTAT:DEMO_PJAN(1.0),30/05/26 11:00:00,Annual,Number,61 years,Males,Belgium,2006,55167,,
ESTAT:DEMO_PJAN(1.0),30/05/26 11:00:00,Annual,Number,61 years,Males,Belgium,2007,54905,,
ESTAT:DEMO_PJAN(1.0),30/05/26 11:00:00,Annual,Number,61 years,Males,Belgium,2008,65312,,
ESTAT:DEMO_PJAN(1.0),30/05/26 11:00:00,Annual,Number,61 years,Males,Belgium,2009,64771,,
ESTAT:DEMO_PJAN(1.0),30/05/26 11:00:00,Annual,Number,61 years,Males,Belgium,2010,65222,,
ESTAT:DEMO_PJAN(1.0),30/05/26 11:00:00,Annual,Number,61 years,Males,Belgium,2011,64765,,
ESTAT:DEMO_PJAN(1.0),30/05/26 11:00:00,Annual,Number,61 years,Males,Belgium,2012,64558,,
ESTAT:DEMO_PJAN(1.0),30/05/26 11:00:00,Annual,Number,61 years,Males,Belgium,2013,64065,,
ESTAT:DEMO_PJAN(1.0),30/05/26 11:00:00,Annual,Number,61 years,Males,Belgium,2014,66772,,
ESTAT:DEMO_PJAN(1.0),30/05/26 11:00:00,Annual,Number,61 years,Males,Belgium,2015,67068,,
ESTAT:DEMO_PJAN(1.0),30/05/26 11:00:00,Annual,Number,61 years,Males,Belgium,2016,68365,,
ESTAT:DEMO_PJAN(1.0),30/05/26 11:00:00,Annual,Number,61 years,Males,Belgium,2017,69472,,
ESTAT:DEMO_PJAN(1.0),30/05/26 11:00:00,Annual,Number,61 years,Males,Belgium,2018,70551,,
ESTAT:DEMO_PJAN(1.0),30/05/26 11:00:00,Annual,Number,61 years,Males,Belgium,2019,72281,,
ESTAT:DEMO_PJAN(1.0),30/05/26 11:00:00,Annual,Number,61 years,Males,Belgium,2020,73698,,
ESTAT:DEMO_PJAN(1.0),30/05/26 11:00:00,Annual,Number,61 years,Males,Belgium,2021,75316,,
ESTAT:DEMO_PJAN(1.0),30/05/26 11:00:00,Annual,Number,61 years,Males,Belgium,2022,75845,,
ESTAT:DEMO_PJAN(1.0),30/05/26 11:00:00,Annual,Number,61 years,Males,Belgium,2023,76575,,
ESTAT:DEMO_PJAN(1.0),30/05/26 11:00:00,Annual,Number,61 years,Males,Belgium,2024,77439,,
ESTAT:DEMO_PJAN(1.0),30/05/26 11:00:00,Annual,Number,61 years,Males,Belgium,2025,79060,,
ESTAT:DEMO_PJAN(1.0),30/05/26 11:00:00,Annual,Number,61 years,Total,Belgium,2005,106913,,
ESTAT:DEMO_PJAN(1.0),30/05/26 11:00:00,Annual,Number,61 years,Total,Belgium,2006,112198,,
ESTAT:DEMO_PJAN(1.0),30/05/26 11:00:00,Annual,Number,61 years,Total,Belgium,2007,112049,,
ESTAT:DEMO_PJAN(1.0),30/05/26 11:00:00,Annual,Number,61 years,Total,Belgium,2008,131912,,
ESTAT:DEMO_PJAN(1.0),30/05/26 11:00:00,Annual,Number,61 years,Total,Belgium,2009,131169,,
ESTAT:DEMO_PJAN(1.0),30/05/26 11:00:00,Annual,Number,61 years,Total,Belgium,2010,132188,,
ESTAT:DEMO_PJAN(1.0),30/05/26 11:00:00,Annual,Number,61 years,Total,Belgium,2011,130542,,
ESTAT:DEMO_PJAN(1.0),30/05/26 11:00:00,Annual,Number,61 years,Total,Belgium,2012,131011,,
ESTAT:DEMO_PJAN(1.0),30/05/26 11:00:00,Annual,Number,61 years,Total,Belgium,2013,129891,,
ESTAT:DEMO_PJAN(1.0),30/05/26 11:00:00,Annual,Number,61 years,Total,Belgium,2014,134802,,
ESTAT:DEMO_PJAN(1.0),30/05/26 11:00:00,Annual,Number,61 years,Total,Belgium,2015,135658,,
ESTAT:DEMO_PJAN(1.0),30/05/26 11:00:00,Annual,Number,61 years,Total,Belgium,2016,138798,,
ESTAT:DEMO_PJAN(1.0),30/05/26 11:00:00,Annual,Number,61 years,Total,Belgium,2017,141363,,
ESTAT:DEMO_PJAN(1.0),30/05/26 11:00:00,Annual,Number,61 years,Total,Belgium,2018,143128,,
ESTAT:DEMO_PJAN(1.0),30/05/26 11:00:00,Annual,Number,61 years,Total,Belgium,2019,145740,,
ESTAT:DEMO_PJAN(1.0),30/05/26 11:00:00,Annual,Number,61 years,Total,Belgium,2020,148709,,
ESTAT:DEMO_PJAN(1.0),30/05/26 11:00:00,Annual,Number,61 years,Total,Belgium,2021,152374,,
ESTAT:DEMO_PJAN(1.0),30/05/26 11:00:00,Annual,Number,61 years,Total,Belgium,2022,152351,,
ESTAT:DEMO_PJAN(1.0),30/05/26 11:00:00,Annual,Number,61 years,Total,Belgium,2023,154540,,
ESTAT:DEMO_PJAN(1.0),30/05/26 11:00:00,Annual,Number,61 years,Total,Belgium,2024,155033,,
ESTAT:DEMO_PJAN(1.0),30/05/26 11:00:00,Annual,Number,61 years,Total,Belgium,2025,158387,,
ESTAT:DEMO_PJAN(1.0),30/05/26 11:00:00,Annual,Number,62 years,Females,Belgium,2005,47781,,
ESTAT:DEMO_PJAN(1.0),30/05/26 11:00:00,Annual,Number,62 years,Females,Belgium,2006,54046,,
ESTAT:DEMO_PJAN(1.0),30/05/26 11:00:00,Annual,Number,62 years,Females,Belgium,2007,56648,,
ESTAT:DEMO_PJAN(1.0),30/05/26 11:00:00,Annual,Number,62 years,Females,Belgium,2008,56806,,
ESTAT:DEMO_PJAN(1.0),30/05/26 11:00:00,Annual,Number,62 years,Females,Belgium,2009,66187,,
ESTAT:DEMO_PJAN(1.0),30/05/26 11:00:00,Annual,Number,62 years,Females,Belgium,2010,66013,,
ESTAT:DEMO_PJAN(1.0),30/05/26 11:00:00,Annual,Number,62 years,Females,Belgium,2011,66636,,
ESTAT:DEMO_PJAN(1.0),30/05/26 11:00:00,Annual,Number,62 years,Females,Belgium,2012,65342,,
ESTAT:DEMO_PJAN(1.0),30/05/26 11:00:00,Annual,Number,62 years,Females,Belgium,2013,65974,,
ESTAT:DEMO_PJAN(1.0),30/05/26 11:00:00,Annual,Number,62 years,Females,Belgium,2014,65278,,
ESTAT:DEMO_PJAN(1.0),30/05/26 11:00:00,Annual,Number,62 years,Females,Belgium,2015,67546,,
ESTAT:DEMO_PJAN(1.0),30/05/26 11:00:00,Annual,Number,62 years,Females,Belgium,2016,68072,,
ESTAT:DEMO_PJAN(1.0),30/05/26 11:00:00,Annual,Number,62 years,Females,Belgium,2017,69890,,
ESTAT:DEMO_PJAN(1.0),30/05/26 11:00:00,Annual,Number,62 years,Females,Belgium,2018,71329,,
ESTAT:DEMO_PJAN(1.0),30/05/26 11:00:00,Annual,Number,62 years,Females,Belgium,2019,72023,,
ESTAT:DEMO_PJAN(1.0),30/05/26 11:00:00,Annual,Number,62 years,Females,Belgium,2020,72894,,
ESTAT:DEMO_PJAN(1.0),30/05/26 11:00:00,Annual,Number,62 years,Females,Belgium,2021,74479,,
ESTAT:DEMO_PJAN(1.0),30/05/26 11:00:00,Annual,Number,62 years,Females,Belgium,2022,76540,,
ESTAT:DEMO_PJAN(1.0),30/05/26 11:00:00,Annual,Number,62 years,Females,Belgium,2023,76168,,
ESTAT:DEMO_PJAN(1.0),30/05/26 11:00:00,Annual,Number,62 years,Females,Belgium,2024,77507,,
ESTAT:DEMO_PJAN(1.0),30/05/26 11:00:00,Annual,Number,62 years,Females,Belgium,2025,77085,,
ESTAT:DEMO_PJAN(1.0),30/05/26 11:00:00,Annual,Number,62 years,Males,Belgium,2005,45962,,
ESTAT:DEMO_PJAN(1.0),30/05/26 11:00:00,Annual,Number,62 years,Males,Belgium,2006,51834,,
ESTAT:DEMO_PJAN(1.0),30/05/26 11:00:00,Annual,Number,62 years,Males,Belgium,2007,54459,,
ESTAT:DEMO_PJAN(1.0),30/05/26 11:00:00,Annual,Number,62 years,Males,Belgium,2008,54235,,
ESTAT:DEMO_PJAN(1.0),30/05/26 11:00:00,Annual,Number,62 years,Males,Belgium,2009,64480,,
ESTAT:DEMO_PJAN(1.0),30/05/26 11:00:00,Annual,Number,62 years,Males,Belgium,2010,63983,,
ESTAT:DEMO_PJAN(1.0),30/05/26 11:00:00,Annual,Number,62 years,Males,Belgium,2011,64540,,
ESTAT:DEMO_PJAN(1.0),30/05/26 11:00:00,Annual,Number,62 years,Males,Belgium,2012,63938,,
ESTAT:DEMO_PJAN(1.0),30/05/26 11:00:00,Annual,Number,62 years,Males,Belgium,2013,63731,,
ESTAT:DEMO_PJAN(1.0),30/05/26 11:00:00,Annual,Number,62 years,Males,Belgium,2014,63217,,
ESTAT:DEMO_PJAN(1.0),30/05/26 11:00:00,Annual,Number,62 years,Males,Belgium,2015,65962,,
ESTAT:DEMO_PJAN(1.0),30/05/26 11:00:00,Annual,Number,62 years,Males,Belgium,2016,66163,,
ESTAT:DEMO_PJAN(1.0),30/05/26 11:00:00,Annual,Number,62 years,Males,Belgium,2017,67480,,
ESTAT:DEMO_PJAN(1.0),30/05/26 11:00:00,Annual,Number,62 years,Males,Belgium,2018,68582,,
ESTAT:DEMO_PJAN(1.0),30/05/26 11:00:00,Annual,Number,62 years,Males,Belgium,2019,69765,,
ESTAT:DEMO_PJAN(1.0),30/05/26 11:00:00,Annual,Number,62 years,Males,Belgium,2020,71492,,
ESTAT:DEMO_PJAN(1.0),30/05/26 11:00:00,Annual,Number,62 years,Males,Belgium,2021,72864,,
ESTAT:DEMO_PJAN(1.0),30/05/26 11:00:00,Annual,Number,62 years,Males,Belgium,2022,74483,,
ESTAT:DEMO_PJAN(1.0),30/05/26 11:00:00,Annual,Number,62 years,Males,Belgium,2023,75211,,
ESTAT:DEMO_PJAN(1.0),30/05/26 11:00:00,Annual,Number,62 years,Males,Belgium,2024,75797,,
ESTAT:DEMO_PJAN(1.0),30/05/26 11:00:00,Annual,Number,62 years,Males,Belgium,2025,76720,,
ESTAT:DEMO_PJAN(1.0),30/05/26 11:00:00,Annual,Number,62 years,Total,Belgium,2005,93743,,
ESTAT:DEMO_PJAN(1.0),30/05/26 11:00:00,Annual,Number,62 years,Total,Belgium,2006,105880,,
ESTAT:DEMO_PJAN(1.0),30/05/26 11:00:00,Annual,Number,62 years,Total,Belgium,2007,111107,,
ESTAT:DEMO_PJAN(1.0),30/05/26 11:00:00,Annual,Number,62 years,Total,Belgium,2008,111041,,
ESTAT:DEMO_PJAN(1.0),30/05/26 11:00:00,Annual,Number,62 years,Total,Belgium,2009,130667,,
ESTAT:DEMO_PJAN(1.0),30/05/26 11:00:00,Annual,Number,62 years,Total,Belgium,2010,129996,,
ESTAT:DEMO_PJAN(1.0),30/05/26 11:00:00,Annual,Number,62 years,Total,Belgium,2011,131176,,
ESTAT:DEMO_PJAN(1.0),30/05/26 11:00:00,Annual,Number,62 years,Total,Belgium,2012,129280,,
ESTAT:DEMO_PJAN(1.0),30/05/26 11:00:00,Annual,Number,62 years,Total,Belgium,2013,129705,,
ESTAT:DEMO_PJAN(1.0),30/05/26 11:00:00,Annual,Number,62 years,Total,Belgium,2014,128495,,
ESTAT:DEMO_PJAN(1.0),30/05/26 11:00:00,Annual,Number,62 years,Total,Belgium,2015,133508,,
ESTAT:DEMO_PJAN(1.0),30/05/26 11:00:00,Annual,Number,62 years,Total,Belgium,2016,134235,,
ESTAT:DEMO_PJAN(1.0),30/05/26 11:00:00,Annual,Number,62 years,Total,Belgium,2017,137370,,
ESTAT:DEMO_PJAN(1.0),30/05/26 11:00:00,Annual,Number,62 years,Total,Belgium,2018,139911,,
ESTAT:DEMO_PJAN(1.0),30/05/26 11:00:00,Annual,Number,62 years,Total,Belgium,2019,141788,,
ESTAT:DEMO_PJAN(1.0),30/05/26 11:00:00,Annual,Number,62 years,Total,Belgium,2020,144386,,
ESTAT:DEMO_PJAN(1.0),30/05/26 11:00:00,Annual,Number,62 years,Total,Belgium,2021,147343,,
ESTAT:DEMO_PJAN(1.0),30/05/26 11:00:00,Annual,Number,62 years,Total,Belgium,2022,151023,,
ESTAT:DEMO_PJAN(1.0),30/05/26 11:00:00,Annual,Number,62 years,Total,Belgium,2023,151379,,
ESTAT:DEMO_PJAN(1.0),30/05/26 11:00:00,Annual,Number,62 years,Total,Belgium,2024,153304,,
ESTAT:DEMO_PJAN(1.0),30/05/26 11:00:00,Annual,Number,62 years,Total,Belgium,2025,153805,,
ESTAT:DEMO_PJAN(1.0),30/05/26 11:00:00,Annual,Number,63 years,Females,Belgium,2005,43961,,
ESTAT:DEMO_PJAN(1.0),30/05/26 11:00:00,Annual,Number,63 years,Females,Belgium,2006,47435,,
ESTAT:DEMO_PJAN(1.0),30/05/26 11:00:00,Annual,Number,63 years,Females,Belgium,2007,53706,,
ESTAT:DEMO_PJAN(1.0),30/05/26 11:00:00,Annual,Number,63 years,Females,Belgium,2008,56260,,
ESTAT:DEMO_PJAN(1.0),30/05/26 11:00:00,Annual,Number,63 years,Females,Belgium,2009,56434,,
ESTAT:DEMO_PJAN(1.0),30/05/26 11:00:00,Annual,Number,63 years,Females,Belgium,2010,65744,,
ESTAT:DEMO_PJAN(1.0),30/05/26 11:00:00,Annual,Number,63 years,Females,Belgium,2011,65583,,
ESTAT:DEMO_PJAN(1.0),30/05/26 11:00:00,Annual,Number,63 years,Females,Belgium,2012,66170,,
ESTAT:DEMO_PJAN(1.0),30/05/26 11:00:00,Annual,Number,63 years,Females,Belgium,2013,64837,,
ESTAT:DEMO_PJAN(1.0),30/05/26 11:00:00,Annual,Number,63 years,Females,Belgium,2014,65387,,
ESTAT:DEMO_PJAN(1.0),30/05/26 11:00:00,Annual,Number,63 years,Females,Belgium,2015,64750,,
ESTAT:DEMO_PJAN(1.0),30/05/26 11:00:00,Annual,Number,63 years,Females,Belgium,2016,66968,,
ESTAT:DEMO_PJAN(1.0),30/05/26 11:00:00,Annual,Number,63 years,Females,Belgium,2017,67551,,
ESTAT:DEMO_PJAN(1.0),30/05/26 11:00:00,Annual,Number,63 years,Females,Belgium,2018,69258,,
ESTAT:DEMO_PJAN(1.0),30/05/26 11:00:00,Annual,Number,63 years,Females,Belgium,2019,70751,,
ESTAT:DEMO_PJAN(1.0),30/05/26 11:00:00,Annual,Number,63 years,Females,Belgium,2020,71425,,
ESTAT:DEMO_PJAN(1.0),30/05/26 11:00:00,Annual,Number,63 years,Females,Belgium,2021,72283,,
ESTAT:DEMO_PJAN(1.0),30/05/26 11:00:00,Annual,Number,63 years,Females,Belgium,2022,73911,,
ESTAT:DEMO_PJAN(1.0),30/05/26 11:00:00,Annual,Number,63 years,Females,Belgium,2023,76164,,
ESTAT:DEMO_PJAN(1.0),30/05/26 11:00:00,Annual,Number,63 years,Females,Belgium,2024,75661,,
ESTAT:DEMO_PJAN(1.0),30/05/26 11:00:00,Annual,Number,63 years,Females,Belgium,2025,76942,,
ESTAT:DEMO_PJAN(1.0),30/05/26 11:00:00,Annual,Number,63 years,Males,Belgium,2005,41434,,
ESTAT:DEMO_PJAN(1.0),30/05/26 11:00:00,Annual,Number,63 years,Males,Belgium,2006,45337,,
ESTAT:DEMO_PJAN(1.0),30/05/26 11:00:00,Annual,Number,63 years,Males,Belgium,2007,51159,,
ESTAT:DEMO_PJAN(1.0),30/05/26 11:00:00,Annual,Number,63 years,Males,Belgium,2008,53781,,
ESTAT:DEMO_PJAN(1.0),30/05/26 11:00:00,Annual,Number,63 years,Males,Belgium,2009,53528,,
ESTAT:DEMO_PJAN(1.0),30/05/26 11:00:00,Annual,Number,63 years,Males,Belgium,2010,63660,,
ESTAT:DEMO_PJAN(1.0),30/05/26 11:00:00,Annual,Number,63 years,Males,Belgium,2011,63182,,
ESTAT:DEMO_PJAN(1.0),30/05/26 11:00:00,Annual,Number,63 years,Males,Belgium,2012,63674,,
ESTAT:DEMO_PJAN(1.0),30/05/26 11:00:00,Annual,Number,63 years,Males,Belgium,2013,63103,,
ESTAT:DEMO_PJAN(1.0),30/05/26 11:00:00,Annual,Number,63 years,Males,Belgium,2014,62889,,
ESTAT:DEMO_PJAN(1.0),30/05/26 11:00:00,Annual,Number,63 years,Males,Belgium,2015,62439,,
ESTAT:DEMO_PJAN(1.0),30/05/26 11:00:00,Annual,Number,63 years,Males,Belgium,2016,65153,,
ESTAT:DEMO_PJAN(1.0),30/05/26 11:00:00,Annual,Number,63 years,Males,Belgium,2017,65317,,
ESTAT:DEMO_PJAN(1.0),30/05/26 11:00:00,Annual,Number,63 years,Males,Belgium,2018,66683,,
ESTAT:DEMO_PJAN(1.0),30/05/26 11:00:00,Annual,Number,63 years,Males,Belgium,2019,67716,,
ESTAT:DEMO_PJAN(1.0),30/05/26 11:00:00,Annual,Number,63 years,Males,Belgium,2020,68855,,
ESTAT:DEMO_PJAN(1.0),30/05/26 11:00:00,Annual,Number,63 years,Males,Belgium,2021,70527,,
ESTAT:DEMO_PJAN(1.0),30/05/26 11:00:00,Annual,Number,63 years,Males,Belgium,2022,72012,,
ESTAT:DEMO_PJAN(1.0),30/05/26 11:00:00,Annual,Number,63 years,Males,Belgium,2023,73760,,
ESTAT:DEMO_PJAN(1.0),30/05/26 11:00:00,Annual,Number,63 years,Males,Belgium,2024,74391,,
ESTAT:DEMO_PJAN(1.0),30/05/26 11:00:00,Annual,Number,63 years,Males,Belgium,2025,74988,,
ESTAT:DEMO_PJAN(1.0),30/05/26 11:00:00,Annual,Number,63 years,Total,Belgium,2005,85395,,
ESTAT:DEMO_PJAN(1.0),30/05/26 11:00:00,Annual,Number,63 years,Total,Belgium,2006,92772,,
ESTAT:DEMO_PJAN(1.0),30/05/26 11:00:00,Annual,Number,63 years,Total,Belgium,2007,104865,,
ESTAT:DEMO_PJAN(1.0),30/05/26 11:00:00,Annual,Number,63 years,Total,Belgium,2008,110041,,
ESTAT:DEMO_PJAN(1.0),30/05/26 11:00:00,Annual,Number,63 years,Total,Belgium,2009,109962,,
ESTAT:DEMO_PJAN(1.0),30/05/26 11:00:00,Annual,Number,63 years,Total,Belgium,2010,129404,,
ESTAT:DEMO_PJAN(1.0),30/05/26 11:00:00,Annual,Number,63 years,Total,Belgium,2011,128765,,
ESTAT:DEMO_PJAN(1.0),30/05/26 11:00:00,Annual,Number,63 years,Total,Belgium,2012,129844,,
ESTAT:DEMO_PJAN(1.0),30/05/26 11:00:00,Annual,Number,63 years,Total,Belgium,2013,127940,,
ESTAT:DEMO_PJAN(1.0),30/05/26 11:00:00,Annual,Number,63 years,Total,Belgium,2014,128276,,
ESTAT:DEMO_PJAN(1.0),30/05/26 11:00:00,Annual,Number,63 years,Total,Belgium,2015,127189,,
ESTAT:DEMO_PJAN(1.0),30/05/26 11:00:00,Annual,Number,63 years,Total,Belgium,2016,132121,,
ESTAT:DEMO_PJAN(1.0),30/05/26 11:00:00,Annual,Number,63 years,Total,Belgium,2017,132868,,
ESTAT:DEMO_PJAN(1.0),30/05/26 11:00:00,Annual,Number,63 years,Total,Belgium,2018,135941,,
ESTAT:DEMO_PJAN(1.0),30/05/26 11:00:00,Annual,Number,63 years,Total,Belgium,2019,138467,,
ESTAT:DEMO_PJAN(1.0),30/05/26 11:00:00,Annual,Number,63 years,Total,Belgium,2020,140280,,
ESTAT:DEMO_PJAN(1.0),30/05/26 11:00:00,Annual,Number,63 years,Total,Belgium,2021,142810,,
ESTAT:DEMO_PJAN(1.0),30/05/26 11:00:00,Annual,Number,63 years,Total,Belgium,2022,145923,,
ESTAT:DEMO_PJAN(1.0),30/05/26 11:00:00,Annual,Number,63 years,Total,Belgium,2023,149924,,
ESTAT:DEMO_PJAN(1.0),30/05/26 11:00:00,Annual,Number,63 years,Total,Belgium,2024,150052,,
ESTAT:DEMO_PJAN(1.0),30/05/26 11:00:00,Annual,Number,63 years,Total,Belgium,2025,151930,,
ESTAT:DEMO_PJAN(1.0),30/05/26 11:00:00,Annual,Number,64 years,Females,Belgium,2005,49245,,
ESTAT:DEMO_PJAN(1.0),30/05/26 11:00:00,Annual,Number,64 years,Females,Belgium,2006,43623,,
ESTAT:DEMO_PJAN(1.0),30/05/26 11:00:00,Annual,Number,64 years,Females,Belgium,2007,47108,,
ESTAT:DEMO_PJAN(1.0),30/05/26 11:00:00,Annual,Number,64 years,Females,Belgium,2008,53297,,
ESTAT:DEMO_PJAN(1.0),30/05/26 11:00:00,Annual,Number,64 years,Females,Belgium,2009,55829,,
ESTAT:DEMO_PJAN(1.0),30/05/26 11:00:00,Annual,Number,64 years,Females,Belgium,2010,56065,,
ESTAT:DEMO_PJAN(1.0),30/05/26 11:00:00,Annual,Number,64 years,Females,Belgium,2011,65302,,
ESTAT:DEMO_PJAN(1.0),30/05/26 11:00:00,Annual,Number,64 years,Females,Belgium,2012,65090,,
ESTAT:DEMO_PJAN(1.0),30/05/26 11:00:00,Annual,Number,64 years,Females,Belgium,2013,65622,,
ESTAT:DEMO_PJAN(1.0),30/05/26 11:00:00,Annual,Number,64 years,Females,Belgium,2014,64304,,
ESTAT:DEMO_PJAN(1.0),30/05/26 11:00:00,Annual,Number,64 years,Females,Belgium,2015,64858,,
ESTAT:DEMO_PJAN(1.0),30/05/26 11:00:00,Annual,Number,64 years,Females,Belgium,2016,64173,,
ESTAT:DEMO_PJAN(1.0),30/05/26 11:00:00,Annual,Number,64 years,Females,Belgium,2017,66426,,
ESTAT:DEMO_PJAN(1.0),30/05/26 11:00:00,Annual,Number,64 years,Females,Belgium,2018,67039,,
ESTAT:DEMO_PJAN(1.0),30/05/26 11:00:00,Annual,Number,64 years,Females,Belgium,2019,68678,,
ESTAT:DEMO_PJAN(1.0),30/05/26 11:00:00,Annual,Number,64 years,Females,Belgium,2020,70130,,
ESTAT:DEMO_PJAN(1.0),30/05/26 11:00:00,Annual,Number,64 years,Females,Belgium,2021,70825,,
ESTAT:DEMO_PJAN(1.0),30/05/26 11:00:00,Annual,Number,64 years,Females,Belgium,2022,71679,,
ESTAT:DEMO_PJAN(1.0),30/05/26 11:00:00,Annual,Number,64 years,Females,Belgium,2023,73502,,
ESTAT:DEMO_PJAN(1.0),30/05/26 11:00:00,Annual,Number,64 years,Females,Belgium,2024,75629,,
ESTAT:DEMO_PJAN(1.0),30/05/26 11:00:00,Annual,Number,64 years,Females,Belgium,2025,75070,,
ESTAT:DEMO_PJAN(1.0),30/05/26 11:00:00,Annual,Number,64 years,Males,Belgium,2005,45692,,
ESTAT:DEMO_PJAN(1.0),30/05/26 11:00:00,Annual,Number,64 years,Males,Belgium,2006,40839,,
ESTAT:DEMO_PJAN(1.0),30/05/26 11:00:00,Annual,Number,64 years,Males,Belgium,2007,44725,,
ESTAT:DEMO_PJAN(1.0),30/05/26 11:00:00,Annual,Number,64 years,Males,Belgium,2008,50464,,
ESTAT:DEMO_PJAN(1.0),30/05/26 11:00:00,Annual,Number,64 years,Males,Belgium,2009,52971,,
ESTAT:DEMO_PJAN(1.0),30/05/26 11:00:00,Annual,Number,64 years,Males,Belgium,2010,52808,,
ESTAT:DEMO_PJAN(1.0),30/05/26 11:00:00,Annual,Number,64 years,Males,Belgium,2011,62860,,
ESTAT:DEMO_PJAN(1.0),30/05/26 11:00:00,Annual,Number,64 years,Males,Belgium,2012,62354,,
ESTAT:DEMO_PJAN(1.0),30/05/26 11:00:00,Annual,Number,64 years,Males,Belgium,2013,62716,,
ESTAT:DEMO_PJAN(1.0),30/05/26 11:00:00,Annual,Number,64 years,Males,Belgium,2014,62230,,
ESTAT:DEMO_PJAN(1.0),30/05/26 11:00:00,Annual,Number,64 years,Males,Belgium,2015,62082,,
ESTAT:DEMO_PJAN(1.0),30/05/26 11:00:00,Annual,Number,64 years,Males,Belgium,2016,61635,,
ESTAT:DEMO_PJAN(1.0),30/05/26 11:00:00,Annual,Number,64 years,Males,Belgium,2017,64260,,
ESTAT:DEMO_PJAN(1.0),30/05/26 11:00:00,Annual,Number,64 years,Males,Belgium,2018,64445,,
ESTAT:DEMO_PJAN(1.0),30/05/26 11:00:00,Annual,Number,64 years,Males,Belgium,2019,65833,,
ESTAT:DEMO_PJAN(1.0),30/05/26 11:00:00,Annual,Number,64 years,Males,Belgium,2020,66781,,
ESTAT:DEMO_PJAN(1.0),30/05/26 11:00:00,Annual,Number,64 years,Males,Belgium,2021,67918,,
ESTAT:DEMO_PJAN(1.0),30/05/26 11:00:00,Annual,Number,64 years,Males,Belgium,2022,69645,,
ESTAT:DEMO_PJAN(1.0),30/05/26 11:00:00,Annual,Number,64 years,Males,Belgium,2023,71222,,
ESTAT:DEMO_PJAN(1.0),30/05/26 11:00:00,Annual,Number,64 years,Males,Belgium,2024,72815,,
ESTAT:DEMO_PJAN(1.0),30/05/26 11:00:00,Annual,Number,64 years,Males,Belgium,2025,73500,,
ESTAT:DEMO_PJAN(1.0),30/05/26 11:00:00,Annual,Number,64 years,Total,Belgium,2005,94937,,
ESTAT:DEMO_PJAN(1.0),30/05/26 11:00:00,Annual,Number,64 years,Total,Belgium,2006,84462,,
ESTAT:DEMO_PJAN(1.0),30/05/26 11:00:00,Annual,Number,64 years,Total,Belgium,2007,91833,,
ESTAT:DEMO_PJAN(1.0),30/05/26 11:00:00,Annual,Number,64 years,Total,Belgium,2008,103761,,
ESTAT:DEMO_PJAN(1.0),30/05/26 11:00:00,Annual,Number,64 years,Total,Belgium,2009,108800,,
ESTAT:DEMO_PJAN(1.0),30/05/26 11:00:00,Annual,Number,64 years,Total,Belgium,2010,108873,,
ESTAT:DEMO_PJAN(1.0),30/05/26 11:00:00,Annual,Number,64 years,Total,Belgium,2011,128162,,
ESTAT:DEMO_PJAN(1.0),30/05/26 11:00:00,Annual,Number,64 years,Total,Belgium,2012,127444,,
ESTAT:DEMO_PJAN(1.0),30/05/26 11:00:00,Annual,Number,64 years,Total,Belgium,2013,128338,,
ESTAT:DEMO_PJAN(1.0),30/05/26 11:00:00,Annual,Number,64 years,Total,Belgium,2014,126534,,
ESTAT:DEMO_PJAN(1.0),30/05/26 11:00:00,Annual,Number,64 years,Total,Belgium,2015,126940,,
ESTAT:DEMO_PJAN(1.0),30/05/26 11:00:00,Annual,Number,64 years,Total,Belgium,2016,125808,,
ESTAT:DEMO_PJAN(1.0),30/05/26 11:00:00,Annual,Number,64 years,Total,Belgium,2017,130686,,
ESTAT:DEMO_PJAN(1.0),30/05/26 11:00:00,Annual,Number,64 years,Total,Belgium,2018,131484,,
ESTAT:DEMO_PJAN(1.0),30/05/26 11:00:00,Annual,Number,64 years,Total,Belgium,2019,134511,,
ESTAT:DEMO_PJAN(1.0),30/05/26 11:00:00,Annual,Number,64 years,Total,Belgium,2020,136911,,
ESTAT:DEMO_PJAN(1.0),30/05/26 11:00:00,Annual,Number,64 years,Total,Belgium,2021,138743,,
ESTAT:DEMO_PJAN(1.0),30/05/26 11:00:00,Annual,Number,64 years,Total,Belgium,2022,141324,,
ESTAT:DEMO_PJAN(1.0),30/05/26 11:00:00,Annual,Number,64 years,Total,Belgium,2023,144724,,
ESTAT:DEMO_PJAN(1.0),30/05/26 11:00:00,Annual,Number,64 years,Total,Belgium,2024,148444,,
ESTAT:DEMO_PJAN(1.0),30/05/26 11:00:00,Annual,Number,64 years,Total,Belgium,2025,148570,,
ESTAT:DEMO_PJAN(1.0),30/05/26 11:00:00,Annual,Number,65 years,Females,Belgium,2005,53515,,
ESTAT:DEMO_PJAN(1.0),30/05/26 11:00:00,Annual,Number,65 years,Females,Belgium,2006,48866,,
ESTAT:DEMO_PJAN(1.0),30/05/26 11:00:00,Annual,Number,65 years,Females,Belgium,2007,43292,,
ESTAT:DEMO_PJAN(1.0),30/05/26 11:00:00,Annual,Number,65 years,Females,Belgium,2008,46722,,
ESTAT:DEMO_PJAN(1.0),30/05/26 11:00:00,Annual,Number,65 years,Females,Belgium,2009,52858,,
ESTAT:DEMO_PJAN(1.0),30/05/26 11:00:00,Annual,Number,65 years,Females,Belgium,2010,55364,,
ESTAT:DEMO_PJAN(1.0),30/05/26 11:00:00,Annual,Number,65 years,Females,Belgium,2011,55671,,
ESTAT:DEMO_PJAN(1.0),30/05/26 11:00:00,Annual,Number,65 years,Females,Belgium,2012,64773,,
ESTAT:DEMO_PJAN(1.0),30/05/26 11:00:00,Annual,Number,65 years,Females,Belgium,2013,64455,,
ESTAT:DEMO_PJAN(1.0),30/05/26 11:00:00,Annual,Number,65 years,Females,Belgium,2014,64955,,
ESTAT:DEMO_PJAN(1.0),30/05/26 11:00:00,Annual,Number,65 years,Females,Belgium,2015,63661,,
ESTAT:DEMO_PJAN(1.0),30/05/26 11:00:00,Annual,Number,65 years,Females,Belgium,2016,64205,,
ESTAT:DEMO_PJAN(1.0),30/05/26 11:00:00,Annual,Number,65 years,Females,Belgium,2017,63518,,
ESTAT:DEMO_PJAN(1.0),30/05/26 11:00:00,Annual,Number,65 years,Females,Belgium,2018,65772,,
ESTAT:DEMO_PJAN(1.0),30/05/26 11:00:00,Annual,Number,65 years,Females,Belgium,2019,66335,,
ESTAT:DEMO_PJAN(1.0),30/05/26 11:00:00,Annual,Number,65 years,Females,Belgium,2020,67949,,
ESTAT:DEMO_PJAN(1.0),30/05/26 11:00:00,Annual,Number,65 years,Females,Belgium,2021,69398,,
ESTAT:DEMO_PJAN(1.0),30/05/26 11:00:00,Annual,Number,65 years,Females,Belgium,2022,70037,,
ESTAT:DEMO_PJAN(1.0),30/05/26 11:00:00,Annual,Number,65 years,Females,Belgium,2023,71115,,
ESTAT:DEMO_PJAN(1.0),30/05/26 11:00:00,Annual,Number,65 years,Females,Belgium,2024,72806,,
ESTAT:DEMO_PJAN(1.0),30/05/26 11:00:00,Annual,Number,65 years,Females,Belgium,2025,74915,,
ESTAT:DEMO_PJAN(1.0),30/05/26 11:00:00,Annual,Number,65 years,Males,Belgium,2005,48641,,
ESTAT:DEMO_PJAN(1.0),30/05/26 11:00:00,Annual,Number,65 years,Males,Belgium,2006,44921,,
ESTAT:DEMO_PJAN(1.0),30/05/26 11:00:00,Annual,Number,65 years,Males,Belgium,2007,40184,,
ESTAT:DEMO_PJAN(1.0),30/05/26 11:00:00,Annual,Number,65 years,Males,Belgium,2008,44026,,
ESTAT:DEMO_PJAN(1.0),30/05/26 11:00:00,Annual,Number,65 years,Males,Belgium,2009,49654,,
ESTAT:DEMO_PJAN(1.0),30/05/26 11:00:00,Annual,Number,65 years,Males,Belgium,2010,52091,,
ESTAT:DEMO_PJAN(1.0),30/05/26 11:00:00,Annual,Number,65 years,Males,Belgium,2011,51991,,
ESTAT:DEMO_PJAN(1.0),30/05/26 11:00:00,Annual,Number,65 years,Males,Belgium,2012,61830,,
ESTAT:DEMO_PJAN(1.0),30/05/26 11:00:00,Annual,Number,65 years,Males,Belgium,2013,61266,,
ESTAT:DEMO_PJAN(1.0),30/05/26 11:00:00,Annual,Number,65 years,Males,Belgium,2014,61677,,
ESTAT:DEMO_PJAN(1.0),30/05/26 11:00:00,Annual,Number,65 years,Males,Belgium,2015,61197,,
ESTAT:DEMO_PJAN(1.0),30/05/26 11:00:00,Annual,Number,65 years,Males,Belgium,2016,61023,,
ESTAT:DEMO_PJAN(1.0),30/05/26 11:00:00,Annual,Number,65 years,Males,Belgium,2017,60584,,
ESTAT:DEMO_PJAN(1.0),30/05/26 11:00:00,Annual,Number,65 years,Males,Belgium,2018,63223,,
ESTAT:DEMO_PJAN(1.0),30/05/26 11:00:00,Annual,Number,65 years,Males,Belgium,2019,63342,,
ESTAT:DEMO_PJAN(1.0),30/05/26 11:00:00,Annual,Number,65 years,Males,Belgium,2020,64737,,
ESTAT:DEMO_PJAN(1.0),30/05/26 11:00:00,Annual,Number,65 years,Males,Belgium,2021,65688,,
ESTAT:DEMO_PJAN(1.0),30/05/26 11:00:00,Annual,Number,65 years,Males,Belgium,2022,66822,,
ESTAT:DEMO_PJAN(1.0),30/05/26 11:00:00,Annual,Number,65 years,Males,Belgium,2023,68642,,
ESTAT:DEMO_PJAN(1.0),30/05/26 11:00:00,Annual,Number,65 years,Males,Belgium,2024,70147,,
ESTAT:DEMO_PJAN(1.0),30/05/26 11:00:00,Annual,Number,65 years,Males,Belgium,2025,71733,,
ESTAT:DEMO_PJAN(1.0),30/05/26 11:00:00,Annual,Number,65 years,Total,Belgium,2005,102156,,
ESTAT:DEMO_PJAN(1.0),30/05/26 11:00:00,Annual,Number,65 years,Total,Belgium,2006,93787,,
ESTAT:DEMO_PJAN(1.0),30/05/26 11:00:00,Annual,Number,65 years,Total,Belgium,2007,83476,,
ESTAT:DEMO_PJAN(1.0),30/05/26 11:00:00,Annual,Number,65 years,Total,Belgium,2008,90748,,
ESTAT:DEMO_PJAN(1.0),30/05/26 11:00:00,Annual,Number,65 years,Total,Belgium,2009,102512,,
ESTAT:DEMO_PJAN(1.0),30/05/26 11:00:00,Annual,Number,65 years,Total,Belgium,2010,107455,,
ESTAT:DEMO_PJAN(1.0),30/05/26 11:00:00,Annual,Number,65 years,Total,Belgium,2011,107662,,
ESTAT:DEMO_PJAN(1.0),30/05/26 11:00:00,Annual,Number,65 years,Total,Belgium,2012,126603,,
ESTAT:DEMO_PJAN(1.0),30/05/26 11:00:00,Annual,Number,65 years,Total,Belgium,2013,125721,,
ESTAT:DEMO_PJAN(1.0),30/05/26 11:00:00,Annual,Number,65 years,Total,Belgium,2014,126632,,
ESTAT:DEMO_PJAN(1.0),30/05/26 11:00:00,Annual,Number,65 years,Total,Belgium,2015,124858,,
ESTAT:DEMO_PJAN(1.0),30/05/26 11:00:00,Annual,Number,65 years,Total,Belgium,2016,125228,,
ESTAT:DEMO_PJAN(1.0),30/05/26 11:00:00,Annual,Number,65 years,Total,Belgium,2017,124102,,
ESTAT:DEMO_PJAN(1.0),30/05/26 11:00:00,Annual,Number,65 years,Total,Belgium,2018,128995,,
ESTAT:DEMO_PJAN(1.0),30/05/26 11:00:00,Annual,Number,65 years,Total,Belgium,2019,129677,,
ESTAT:DEMO_PJAN(1.0),30/05/26 11:00:00,Annual,Number,65 years,Total,Belgium,2020,132686,,
ESTAT:DEMO_PJAN(1.0),30/05/26 11:00:00,Annual,Number,65 years,Total,Belgium,2021,135086,,
ESTAT:DEMO_PJAN(1.0),30/05/26 11:00:00,Annual,Number,65 years,Total,Belgium,2022,136859,,
ESTAT:DEMO_PJAN(1.0),30/05/26 11:00:00,Annual,Number,65 years,Total,Belgium,2023,139757,,
ESTAT:DEMO_PJAN(1.0),30/05/26 11:00:00,Annual,Number,65 years,Total,Belgium,2024,142953,,
ESTAT:DEMO_PJAN(1.0),30/05/26 11:00:00,Annual,Number,65 years,Total,Belgium,2025,146648,,
ESTAT:DEMO_PJAN(1.0),30/05/26 11:00:00,Annual,Number,66 years,Females,Belgium,2005,54268,,
ESTAT:DEMO_PJAN(1.0),30/05/26 11:00:00,Annual,Number,66 years,Females,Belgium,2006,53075,,
ESTAT:DEMO_PJAN(1.0),30/05/26 11:00:00,Annual,Number,66 years,Females,Belgium,2007,48489,,
ESTAT:DEMO_PJAN(1.0),30/05/26 11:00:00,Annual,Number,66 years,Females,Belgium,2008,42977,,
ESTAT:DEMO_PJAN(1.0),30/05/26 11:00:00,Annual,Number,66 years,Females,Belgium,2009,46369,,
ESTAT:DEMO_PJAN(1.0),30/05/26 11:00:00,Annual,Number,66 years,Females,Belgium,2010,52427,,
ESTAT:DEMO_PJAN(1.0),30/05/26 11:00:00,Annual,Number,66 years,Females,Belgium,2011,54953,,
ESTAT:DEMO_PJAN(1.0),30/05/26 11:00:00,Annual,Number,66 years,Females,Belgium,2012,55156,,
ESTAT:DEMO_PJAN(1.0),30/05/26 11:00:00,Annual,Number,66 years,Females,Belgium,2013,64151,,
ESTAT:DEMO_PJAN(1.0),30/05/26 11:00:00,Annual,Number,66 years,Females,Belgium,2014,63758,,
ESTAT:DEMO_PJAN(1.0),30/05/26 11:00:00,Annual,Number,66 years,Females,Belgium,2015,64293,,
ESTAT:DEMO_PJAN(1.0),30/05/26 11:00:00,Annual,Number,66 years,Females,Belgium,2016,63038,,
ESTAT:DEMO_PJAN(1.0),30/05/26 11:00:00,Annual,Number,66 years,Females,Belgium,2017,63552,,
ESTAT:DEMO_PJAN(1.0),30/05/26 11:00:00,Annual,Number,66 years,Females,Belgium,2018,62914,,
ESTAT:DEMO_PJAN(1.0),30/05/26 11:00:00,Annual,Number,66 years,Females,Belgium,2019,65081,,
ESTAT:DEMO_PJAN(1.0),30/05/26 11:00:00,Annual,Number,66 years,Females,Belgium,2020,65673,,
ESTAT:DEMO_PJAN(1.0),30/05/26 11:00:00,Annual,Number,66 years,Females,Belgium,2021,67316,,
ESTAT:DEMO_PJAN(1.0),30/05/26 11:00:00,Annual,Number,66 years,Females,Belgium,2022,68755,,
ESTAT:DEMO_PJAN(1.0),30/05/26 11:00:00,Annual,Number,66 years,Females,Belgium,2023,69478,,
ESTAT:DEMO_PJAN(1.0),30/05/26 11:00:00,Annual,Number,66 years,Females,Belgium,2024,70479,,
ESTAT:DEMO_PJAN(1.0),30/05/26 11:00:00,Annual,Number,66 years,Females,Belgium,2025,72122,,
ESTAT:DEMO_PJAN(1.0),30/05/26 11:00:00,Annual,Number,66 years,Males,Belgium,2005,49044,,
ESTAT:DEMO_PJAN(1.0),30/05/26 11:00:00,Annual,Number,66 years,Males,Belgium,2006,47745,,
ESTAT:DEMO_PJAN(1.0),30/05/26 11:00:00,Annual,Number,66 years,Males,Belgium,2007,44094,,
ESTAT:DEMO_PJAN(1.0),30/05/26 11:00:00,Annual,Number,66 years,Males,Belgium,2008,39504,,
ESTAT:DEMO_PJAN(1.0),30/05/26 11:00:00,Annual,Number,66 years,Males,Belgium,2009,43263,,
ESTAT:DEMO_PJAN(1.0),30/05/26 11:00:00,Annual,Number,66 years,Males,Belgium,2010,48809,,
ESTAT:DEMO_PJAN(1.0),30/05/26 11:00:00,Annual,Number,66 years,Males,Belgium,2011,51222,,
ESTAT:DEMO_PJAN(1.0),30/05/26 11:00:00,Annual,Number,66 years,Males,Belgium,2012,51044,,
ESTAT:DEMO_PJAN(1.0),30/05/26 11:00:00,Annual,Number,66 years,Males,Belgium,2013,60777,,
ESTAT:DEMO_PJAN(1.0),30/05/26 11:00:00,Annual,Number,66 years,Males,Belgium,2014,60128,,
ESTAT:DEMO_PJAN(1.0),30/05/26 11:00:00,Annual,Number,66 years,Males,Belgium,2015,60558,,
ESTAT:DEMO_PJAN(1.0),30/05/26 11:00:00,Annual,Number,66 years,Males,Belgium,2016,60158,,
ESTAT:DEMO_PJAN(1.0),30/05/26 11:00:00,Annual,Number,66 years,Males,Belgium,2017,59942,,
ESTAT:DEMO_PJAN(1.0),30/05/26 11:00:00,Annual,Number,66 years,Males,Belgium,2018,59527,,
ESTAT:DEMO_PJAN(1.0),30/05/26 11:00:00,Annual,Number,66 years,Males,Belgium,2019,62160,,
ESTAT:DEMO_PJAN(1.0),30/05/26 11:00:00,Annual,Number,66 years,Males,Belgium,2020,62277,,
ESTAT:DEMO_PJAN(1.0),30/05/26 11:00:00,Annual,Number,66 years,Males,Belgium,2021,63596,,
ESTAT:DEMO_PJAN(1.0),30/05/26 11:00:00,Annual,Number,66 years,Males,Belgium,2022,64557,,
ESTAT:DEMO_PJAN(1.0),30/05/26 11:00:00,Annual,Number,66 years,Males,Belgium,2023,65789,,
ESTAT:DEMO_PJAN(1.0),30/05/26 11:00:00,Annual,Number,66 years,Males,Belgium,2024,67528,,
ESTAT:DEMO_PJAN(1.0),30/05/26 11:00:00,Annual,Number,66 years,Males,Belgium,2025,69048,,
ESTAT:DEMO_PJAN(1.0),30/05/26 11:00:00,Annual,Number,66 years,Total,Belgium,2005,103312,,
ESTAT:DEMO_PJAN(1.0),30/05/26 11:00:00,Annual,Number,66 years,Total,Belgium,2006,100820,,
ESTAT:DEMO_PJAN(1.0),30/05/26 11:00:00,Annual,Number,66 years,Total,Belgium,2007,92583,,
ESTAT:DEMO_PJAN(1.0),30/05/26 11:00:00,Annual,Number,66 years,Total,Belgium,2008,82481,,
ESTAT:DEMO_PJAN(1.0),30/05/26 11:00:00,Annual,Number,66 years,Total,Belgium,2009,89632,,
ESTAT:DEMO_PJAN(1.0),30/05/26 11:00:00,Annual,Number,66 years,Total,Belgium,2010,101236,,
ESTAT:DEMO_PJAN(1.0),30/05/26 11:00:00,Annual,Number,66 years,Total,Belgium,2011,106175,,
ESTAT:DEMO_PJAN(1.0),30/05/26 11:00:00,Annual,Number,66 years,Total,Belgium,2012,106200,,
ESTAT:DEMO_PJAN(1.0),30/05/26 11:00:00,Annual,Number,66 years,Total,Belgium,2013,124928,,
ESTAT:DEMO_PJAN(1.0),30/05/26 11:00:00,Annual,Number,66 years,Total,Belgium,2014,123886,,
ESTAT:DEMO_PJAN(1.0),30/05/26 11:00:00,Annual,Number,66 years,Total,Belgium,2015,124851,,
ESTAT:DEMO_PJAN(1.0),30/05/26 11:00:00,Annual,Number,66 years,Total,Belgium,2016,123196,,
ESTAT:DEMO_PJAN(1.0),30/05/26 11:00:00,Annual,Number,66 years,Total,Belgium,2017,123494,,
ESTAT:DEMO_PJAN(1.0),30/05/26 11:00:00,Annual,Number,66 years,Total,Belgium,2018,122441,,
ESTAT:DEMO_PJAN(1.0),30/05/26 11:00:00,Annual,Number,66 years,Total,Belgium,2019,127241,,
ESTAT:DEMO_PJAN(1.0),30/05/26 11:00:00,Annual,Number,66 years,Total,Belgium,2020,127950,,
ESTAT:DEMO_PJAN(1.0),30/05/26 11:00:00,Annual,Number,66 years,Total,Belgium,2021,130912,,
ESTAT:DEMO_PJAN(1.0),30/05/26 11:00:00,Annual,Number,66 years,Total,Belgium,2022,133312,,
ESTAT:DEMO_PJAN(1.0),30/05/26 11:00:00,Annual,Number,66 years,Total,Belgium,2023,135267,,
ESTAT:DEMO_PJAN(1.0),30/05/26 11:00:00,Annual,Number,66 years,Total,Belgium,2024,138007,,
ESTAT:DEMO_PJAN(1.0),30/05/26 11:00:00,Annual,Number,66 years,Total,Belgium,2025,141170,,
ESTAT:DEMO_PJAN(1.0),30/05/26 11:00:00,Annual,Number,67 years,Females,Belgium,2005,51746,,
ESTAT:DEMO_PJAN(1.0),30/05/26 11:00:00,Annual,Number,67 years,Females,Belgium,2006,53778,,
ESTAT:DEMO_PJAN(1.0),30/05/26 11:00:00,Annual,Number,67 years,Females,Belgium,2007,52642,,
ESTAT:DEMO_PJAN(1.0),30/05/26 11:00:00,Annual,Number,67 years,Females,Belgium,2008,48113,,
ESTAT:DEMO_PJAN(1.0),30/05/26 11:00:00,Annual,Number,67 years,Females,Belgium,2009,42575,,
ESTAT:DEMO_PJAN(1.0),30/05/26 11:00:00,Annual,Number,67 years,Females,Belgium,2010,46013,,
ESTAT:DEMO_PJAN(1.0),30/05/26 11:00:00,Annual,Number,67 years,Females,Belgium,2011,51957,,
ESTAT:DEMO_PJAN(1.0),30/05/26 11:00:00,Annual,Number,67 years,Females,Belgium,2012,54465,,
ESTAT:DEMO_PJAN(1.0),30/05/26 11:00:00,Annual,Number,67 years,Females,Belgium,2013,54574,,
ESTAT:DEMO_PJAN(1.0),30/05/26 11:00:00,Annual,Number,67 years,Females,Belgium,2014,63458,,
ESTAT:DEMO_PJAN(1.0),30/05/26 11:00:00,Annual,Number,67 years,Females,Belgium,2015,63099,,
ESTAT:DEMO_PJAN(1.0),30/05/26 11:00:00,Annual,Number,67 years,Females,Belgium,2016,63678,,
ESTAT:DEMO_PJAN(1.0),30/05/26 11:00:00,Annual,Number,67 years,Females,Belgium,2017,62424,,
ESTAT:DEMO_PJAN(1.0),30/05/26 11:00:00,Annual,Number,67 years,Females,Belgium,2018,62908,,
ESTAT:DEMO_PJAN(1.0),30/05/26 11:00:00,Annual,Number,67 years,Females,Belgium,2019,62261,,
ESTAT:DEMO_PJAN(1.0),30/05/26 11:00:00,Annual,Number,67 years,Females,Belgium,2020,64415,,
ESTAT:DEMO_PJAN(1.0),30/05/26 11:00:00,Annual,Number,67 years,Females,Belgium,2021,65047,,
ESTAT:DEMO_PJAN(1.0),30/05/26 11:00:00,Annual,Number,67 years,Females,Belgium,2022,66601,,
ESTAT:DEMO_PJAN(1.0),30/05/26 11:00:00,Annual,Number,67 years,Females,Belgium,2023,68234,,
ESTAT:DEMO_PJAN(1.0),30/05/26 11:00:00,Annual,Number,67 years,Females,Belgium,2024,68831,,
ESTAT:DEMO_PJAN(1.0),30/05/26 11:00:00,Annual,Number,67 years,Females,Belgium,2025,69846,,
ESTAT:DEMO_PJAN(1.0),30/05/26 11:00:00,Annual,Number,67 years,Males,Belgium,2005,46909,,
ESTAT:DEMO_PJAN(1.0),30/05/26 11:00:00,Annual,Number,67 years,Males,Belgium,2006,48088,,
ESTAT:DEMO_PJAN(1.0),30/05/26 11:00:00,Annual,Number,67 years,Males,Belgium,2007,46904,,
ESTAT:DEMO_PJAN(1.0),30/05/26 11:00:00,Annual,Number,67 years,Males,Belgium,2008,43294,,
ESTAT:DEMO_PJAN(1.0),30/05/26 11:00:00,Annual,Number,67 years,Males,Belgium,2009,38753,,
ESTAT:DEMO_PJAN(1.0),30/05/26 11:00:00,Annual,Number,67 years,Males,Belgium,2010,42547,,
ESTAT:DEMO_PJAN(1.0),30/05/26 11:00:00,Annual,Number,67 years,Males,Belgium,2011,48014,,
ESTAT:DEMO_PJAN(1.0),30/05/26 11:00:00,Annual,Number,67 years,Males,Belgium,2012,50357,,
ESTAT:DEMO_PJAN(1.0),30/05/26 11:00:00,Annual,Number,67 years,Males,Belgium,2013,50014,,
ESTAT:DEMO_PJAN(1.0),30/05/26 11:00:00,Annual,Number,67 years,Males,Belgium,2014,59620,,
ESTAT:DEMO_PJAN(1.0),30/05/26 11:00:00,Annual,Number,67 years,Males,Belgium,2015,59066,,
ESTAT:DEMO_PJAN(1.0),30/05/26 11:00:00,Annual,Number,67 years,Males,Belgium,2016,59519,,
ESTAT:DEMO_PJAN(1.0),30/05/26 11:00:00,Annual,Number,67 years,Males,Belgium,2017,59139,,
ESTAT:DEMO_PJAN(1.0),30/05/26 11:00:00,Annual,Number,67 years,Males,Belgium,2018,58876,,
ESTAT:DEMO_PJAN(1.0),30/05/26 11:00:00,Annual,Number,67 years,Males,Belgium,2019,58454,,
ESTAT:DEMO_PJAN(1.0),30/05/26 11:00:00,Annual,Number,67 years,Males,Belgium,2020,61073,,
ESTAT:DEMO_PJAN(1.0),30/05/26 11:00:00,Annual,Number,67 years,Males,Belgium,2021,61151,,
ESTAT:DEMO_PJAN(1.0),30/05/26 11:00:00,Annual,Number,67 years,Males,Belgium,2022,62412,,
ESTAT:DEMO_PJAN(1.0),30/05/26 11:00:00,Annual,Number,67 years,Males,Belgium,2023,63512,,
ESTAT:DEMO_PJAN(1.0),30/05/26 11:00:00,Annual,Number,67 years,Males,Belgium,2024,64669,,
ESTAT:DEMO_PJAN(1.0),30/05/26 11:00:00,Annual,Number,67 years,Males,Belgium,2025,66487,,
ESTAT:DEMO_PJAN(1.0),30/05/26 11:00:00,Annual,Number,67 years,Total,Belgium,2005,98655,,
ESTAT:DEMO_PJAN(1.0),30/05/26 11:00:00,Annual,Number,67 years,Total,Belgium,2006,101866,,
ESTAT:DEMO_PJAN(1.0),30/05/26 11:00:00,Annual,Number,67 years,Total,Belgium,2007,99546,,
ESTAT:DEMO_PJAN(1.0),30/05/26 11:00:00,Annual,Number,67 years,Total,Belgium,2008,91407,,
ESTAT:DEMO_PJAN(1.0),30/05/26 11:00:00,Annual,Number,67 years,Total,Belgium,2009,81328,,
ESTAT:DEMO_PJAN(1.0),30/05/26 11:00:00,Annual,Number,67 years,Total,Belgium,2010,88560,,
ESTAT:DEMO_PJAN(1.0),30/05/26 11:00:00,Annual,Number,67 years,Total,Belgium,2011,99971,,
ESTAT:DEMO_PJAN(1.0),30/05/26 11:00:00,Annual,Number,67 years,Total,Belgium,2012,104822,,
ESTAT:DEMO_PJAN(1.0),30/05/26 11:00:00,Annual,Number,67 years,Total,Belgium,2013,104588,,
ESTAT:DEMO_PJAN(1.0),30/05/26 11:00:00,Annual,Number,67 years,Total,Belgium,2014,123078,,
ESTAT:DEMO_PJAN(1.0),30/05/26 11:00:00,Annual,Number,67 years,Total,Belgium,2015,122165,,
ESTAT:DEMO_PJAN(1.0),30/05/26 11:00:00,Annual,Number,67 years,Total,Belgium,2016,123197,,
ESTAT:DEMO_PJAN(1.0),30/05/26 11:00:00,Annual,Number,67 years,Total,Belgium,2017,121563,,
ESTAT:DEMO_PJAN(1.0),30/05/26 11:00:00,Annual,Number,67 years,Total,Belgium,2018,121784,,
ESTAT:DEMO_PJAN(1.0),30/05/26 11:00:00,Annual,Number,67 years,Total,Belgium,2019,120715,,
ESTAT:DEMO_PJAN(1.0),30/05/26 11:00:00,Annual,Number,67 years,Total,Belgium,2020,125488,,
ESTAT:DEMO_PJAN(1.0),30/05/26 11:00:00,Annual,Number,67 years,Total,Belgium,2021,126198,,
ESTAT:DEMO_PJAN(1.0),30/05/26 11:00:00,Annual,Number,67 years,Total,Belgium,2022,129013,,
ESTAT:DEMO_PJAN(1.0),30/05/26 11:00:00,Annual,Number,67 years,Total,Belgium,2023,131746,,
ESTAT:DEMO_PJAN(1.0),30/05/26 11:00:00,Annual,Number,67 years,Total,Belgium,2024,133500,,
ESTAT:DEMO_PJAN(1.0),30/05/26 11:00:00,Annual,Number,67 years,Total,Belgium,2025,136333,,
ESTAT:DEMO_PJAN(1.0),30/05/26 11:00:00,Annual,Number,68 years,Females,Belgium,2005,50978,,
ESTAT:DEMO_PJAN(1.0),30/05/26 11:00:00,Annual,Number,68 years,Females,Belgium,2006,51237,,
ESTAT:DEMO_PJAN(1.0),30/05/26 11:00:00,Annual,Number,68 years,Females,Belgium,2007,53249,,
ESTAT:DEMO_PJAN(1.0),30/05/26 11:00:00,Annual,Number,68 years,Females,Belgium,2008,52160,,
ESTAT:DEMO_PJAN(1.0),30/05/26 11:00:00,Annual,Number,68 years,Females,Belgium,2009,47651,,
ESTAT:DEMO_PJAN(1.0),30/05/26 11:00:00,Annual,Number,68 years,Females,Belgium,2010,42154,,
ESTAT:DEMO_PJAN(1.0),30/05/26 11:00:00,Annual,Number,68 years,Females,Belgium,2011,45622,,
ESTAT:DEMO_PJAN(1.0),30/05/26 11:00:00,Annual,Number,68 years,Females,Belgium,2012,51409,,
ESTAT:DEMO_PJAN(1.0),30/05/26 11:00:00,Annual,Number,68 years,Females,Belgium,2013,53894,,
ESTAT:DEMO_PJAN(1.0),30/05/26 11:00:00,Annual,Number,68 years,Females,Belgium,2014,53957,,
ESTAT:DEMO_PJAN(1.0),30/05/26 11:00:00,Annual,Number,68 years,Females,Belgium,2015,62770,,
ESTAT:DEMO_PJAN(1.0),30/05/26 11:00:00,Annual,Number,68 years,Females,Belgium,2016,62447,,
ESTAT:DEMO_PJAN(1.0),30/05/26 11:00:00,Annual,Number,68 years,Females,Belgium,2017,63052,,
ESTAT:DEMO_PJAN(1.0),30/05/26 11:00:00,Annual,Number,68 years,Females,Belgium,2018,61794,,
ESTAT:DEMO_PJAN(1.0),30/05/26 11:00:00,Annual,Number,68 years,Females,Belgium,2019,62258,,
ESTAT:DEMO_PJAN(1.0),30/05/26 11:00:00,Annual,Number,68 years,Females,Belgium,2020,61628,,
ESTAT:DEMO_PJAN(1.0),30/05/26 11:00:00,Annual,Number,68 years,Females,Belgium,2021,63703,,
ESTAT:DEMO_PJAN(1.0),30/05/26 11:00:00,Annual,Number,68 years,Females,Belgium,2022,64327,,
ESTAT:DEMO_PJAN(1.0),30/05/26 11:00:00,Annual,Number,68 years,Females,Belgium,2023,66063,,
ESTAT:DEMO_PJAN(1.0),30/05/26 11:00:00,Annual,Number,68 years,Females,Belgium,2024,67548,,
ESTAT:DEMO_PJAN(1.0),30/05/26 11:00:00,Annual,Number,68 years,Females,Belgium,2025,68185,,
ESTAT:DEMO_PJAN(1.0),30/05/26 11:00:00,Annual,Number,68 years,Males,Belgium,2005,44728,,
ESTAT:DEMO_PJAN(1.0),30/05/26 11:00:00,Annual,Number,68 years,Males,Belgium,2006,45971,,
ESTAT:DEMO_PJAN(1.0),30/05/26 11:00:00,Annual,Number,68 years,Males,Belgium,2007,47141,,
ESTAT:DEMO_PJAN(1.0),30/05/26 11:00:00,Annual,Number,68 years,Males,Belgium,2008,46021,,
ESTAT:DEMO_PJAN(1.0),30/05/26 11:00:00,Annual,Number,68 years,Males,Belgium,2009,42473,,
ESTAT:DEMO_PJAN(1.0),30/05/26 11:00:00,Annual,Number,68 years,Males,Belgium,2010,38016,,
ESTAT:DEMO_PJAN(1.0),30/05/26 11:00:00,Annual,Number,68 years,Males,Belgium,2011,41779,,
ESTAT:DEMO_PJAN(1.0),30/05/26 11:00:00,Annual,Number,68 years,Males,Belgium,2012,47048,,
ESTAT:DEMO_PJAN(1.0),30/05/26 11:00:00,Annual,Number,68 years,Males,Belgium,2013,49417,,
ESTAT:DEMO_PJAN(1.0),30/05/26 11:00:00,Annual,Number,68 years,Males,Belgium,2014,49057,,
ESTAT:DEMO_PJAN(1.0),30/05/26 11:00:00,Annual,Number,68 years,Males,Belgium,2015,58458,,
ESTAT:DEMO_PJAN(1.0),30/05/26 11:00:00,Annual,Number,68 years,Males,Belgium,2016,57912,,
ESTAT:DEMO_PJAN(1.0),30/05/26 11:00:00,Annual,Number,68 years,Males,Belgium,2017,58334,,
ESTAT:DEMO_PJAN(1.0),30/05/26 11:00:00,Annual,Number,68 years,Males,Belgium,2018,58008,,
ESTAT:DEMO_PJAN(1.0),30/05/26 11:00:00,Annual,Number,68 years,Males,Belgium,2019,57791,,
ESTAT:DEMO_PJAN(1.0),30/05/26 11:00:00,Annual,Number,68 years,Males,Belgium,2020,57451,,
ESTAT:DEMO_PJAN(1.0),30/05/26 11:00:00,Annual,Number,68 years,Males,Belgium,2021,59857,,
ESTAT:DEMO_PJAN(1.0),30/05/26 11:00:00,Annual,Number,68 years,Males,Belgium,2022,60032,,
ESTAT:DEMO_PJAN(1.0),30/05/26 11:00:00,Annual,Number,68 years,Males,Belgium,2023,61299,,
ESTAT:DEMO_PJAN(1.0),30/05/26 11:00:00,Annual,Number,68 years,Males,Belgium,2024,62472,,
ESTAT:DEMO_PJAN(1.0),30/05/26 11:00:00,Annual,Number,68 years,Males,Belgium,2025,63591,,
ESTAT:DEMO_PJAN(1.0),30/05/26 11:00:00,Annual,Number,68 years,Total,Belgium,2005,95706,,
ESTAT:DEMO_PJAN(1.0),30/05/26 11:00:00,Annual,Number,68 years,Total,Belgium,2006,97208,,
ESTAT:DEMO_PJAN(1.0),30/05/26 11:00:00,Annual,Number,68 years,Total,Belgium,2007,100390,,
ESTAT:DEMO_PJAN(1.0),30/05/26 11:00:00,Annual,Number,68 years,Total,Belgium,2008,98181,,
ESTAT:DEMO_PJAN(1.0),30/05/26 11:00:00,Annual,Number,68 years,Total,Belgium,2009,90124,,
ESTAT:DEMO_PJAN(1.0),30/05/26 11:00:00,Annual,Number,68 years,Total,Belgium,2010,80170,,
ESTAT:DEMO_PJAN(1.0),30/05/26 11:00:00,Annual,Number,68 years,Total,Belgium,2011,87401,,
ESTAT:DEMO_PJAN(1.0),30/05/26 11:00:00,Annual,Number,68 years,Total,Belgium,2012,98457,,
ESTAT:DEMO_PJAN(1.0),30/05/26 11:00:00,Annual,Number,68 years,Total,Belgium,2013,103311,,
ESTAT:DEMO_PJAN(1.0),30/05/26 11:00:00,Annual,Number,68 years,Total,Belgium,2014,103014,,
ESTAT:DEMO_PJAN(1.0),30/05/26 11:00:00,Annual,Number,68 years,Total,Belgium,2015,121228,,
ESTAT:DEMO_PJAN(1.0),30/05/26 11:00:00,Annual,Number,68 years,Total,Belgium,2016,120359,,
ESTAT:DEMO_PJAN(1.0),30/05/26 11:00:00,Annual,Number,68 years,Total,Belgium,2017,121386,,
ESTAT:DEMO_PJAN(1.0),30/05/26 11:00:00,Annual,Number,68 years,Total,Belgium,2018,119802,,
ESTAT:DEMO_PJAN(1.0),30/05/26 11:00:00,Annual,Number,68 years,Total,Belgium,2019,120049,,
ESTAT:DEMO_PJAN(1.0),30/05/26 11:00:00,Annual,Number,68 years,Total,Belgium,2020,119079,,
ESTAT:DEMO_PJAN(1.0),30/05/26 11:00:00,Annual,Number,68 years,Total,Belgium,2021,123560,,
ESTAT:DEMO_PJAN(1.0),30/05/26 11:00:00,Annual,Number,68 years,Total,Belgium,2022,124359,,
ESTAT:DEMO_PJAN(1.0),30/05/26 11:00:00,Annual,Number,68 years,Total,Belgium,2023,127362,,
ESTAT:DEMO_PJAN(1.0),30/05/26 11:00:00,Annual,Number,68 years,Total,Belgium,2024,130020,,
ESTAT:DEMO_PJAN(1.0),30/05/26 11:00:00,Annual,Number,68 years,Total,Belgium,2025,131776,,
ESTAT:DEMO_PJAN(1.0),30/05/26 11:00:00,Annual,Number,69 years,Females,Belgium,2005,50541,,
ESTAT:DEMO_PJAN(1.0),30/05/26 11:00:00,Annual,Number,69 years,Females,Belgium,2006,50393,,
ESTAT:DEMO_PJAN(1.0),30/05/26 11:00:00,Annual,Number,69 years,Females,Belgium,2007,50722,,
ESTAT:DEMO_PJAN(1.0),30/05/26 11:00:00,Annual,Number,69 years,Females,Belgium,2008,52706,,
ESTAT:DEMO_PJAN(1.0),30/05/26 11:00:00,Annual,Number,69 years,Females,Belgium,2009,51629,,
ESTAT:DEMO_PJAN(1.0),30/05/26 11:00:00,Annual,Number,69 years,Females,Belgium,2010,47134,,
ESTAT:DEMO_PJAN(1.0),30/05/26 11:00:00,Annual,Number,69 years,Females,Belgium,2011,41778,,
ESTAT:DEMO_PJAN(1.0),30/05/26 11:00:00,Annual,Number,69 years,Females,Belgium,2012,45157,,
ESTAT:DEMO_PJAN(1.0),30/05/26 11:00:00,Annual,Number,69 years,Females,Belgium,2013,50790,,
ESTAT:DEMO_PJAN(1.0),30/05/26 11:00:00,Annual,Number,69 years,Females,Belgium,2014,53254,,
ESTAT:DEMO_PJAN(1.0),30/05/26 11:00:00,Annual,Number,69 years,Females,Belgium,2015,53366,,
ESTAT:DEMO_PJAN(1.0),30/05/26 11:00:00,Annual,Number,69 years,Females,Belgium,2016,62060,,
ESTAT:DEMO_PJAN(1.0),30/05/26 11:00:00,Annual,Number,69 years,Females,Belgium,2017,61743,,
ESTAT:DEMO_PJAN(1.0),30/05/26 11:00:00,Annual,Number,69 years,Females,Belgium,2018,62374,,
ESTAT:DEMO_PJAN(1.0),30/05/26 11:00:00,Annual,Number,69 years,Females,Belgium,2019,61110,,
ESTAT:DEMO_PJAN(1.0),30/05/26 11:00:00,Annual,Number,69 years,Females,Belgium,2020,61616,,
ESTAT:DEMO_PJAN(1.0),30/05/26 11:00:00,Annual,Number,69 years,Females,Belgium,2021,60872,,
ESTAT:DEMO_PJAN(1.0),30/05/26 11:00:00,Annual,Number,69 years,Females,Belgium,2022,62947,,
ESTAT:DEMO_PJAN(1.0),30/05/26 11:00:00,Annual,Number,69 years,Females,Belgium,2023,63764,,
ESTAT:DEMO_PJAN(1.0),30/05/26 11:00:00,Annual,Number,69 years,Females,Belgium,2024,65377,,
ESTAT:DEMO_PJAN(1.0),30/05/26 11:00:00,Annual,Number,69 years,Females,Belgium,2025,66809,,
ESTAT:DEMO_PJAN(1.0),30/05/26 11:00:00,Annual,Number,69 years,Males,Belgium,2005,43621,,
ESTAT:DEMO_PJAN(1.0),30/05/26 11:00:00,Annual,Number,69 years,Males,Belgium,2006,43752,,
ESTAT:DEMO_PJAN(1.0),30/05/26 11:00:00,Annual,Number,69 years,Males,Belgium,2007,45052,,
ESTAT:DEMO_PJAN(1.0),30/05/26 11:00:00,Annual,Number,69 years,Males,Belgium,2008,46197,,
ESTAT:DEMO_PJAN(1.0),30/05/26 11:00:00,Annual,Number,69 years,Males,Belgium,2009,45040,,
ESTAT:DEMO_PJAN(1.0),30/05/26 11:00:00,Annual,Number,69 years,Males,Belgium,2010,41590,,
ESTAT:DEMO_PJAN(1.0),30/05/26 11:00:00,Annual,Number,69 years,Males,Belgium,2011,37213,,
ESTAT:DEMO_PJAN(1.0),30/05/26 11:00:00,Annual,Number,69 years,Males,Belgium,2012,40923,,
ESTAT:DEMO_PJAN(1.0),30/05/26 11:00:00,Annual,Number,69 years,Males,Belgium,2013,46032,,
ESTAT:DEMO_PJAN(1.0),30/05/26 11:00:00,Annual,Number,69 years,Males,Belgium,2014,48340,,
ESTAT:DEMO_PJAN(1.0),30/05/26 11:00:00,Annual,Number,69 years,Males,Belgium,2015,47992,,
ESTAT:DEMO_PJAN(1.0),30/05/26 11:00:00,Annual,Number,69 years,Males,Belgium,2016,57280,,
ESTAT:DEMO_PJAN(1.0),30/05/26 11:00:00,Annual,Number,69 years,Males,Belgium,2017,56784,,
ESTAT:DEMO_PJAN(1.0),30/05/26 11:00:00,Annual,Number,69 years,Males,Belgium,2018,57181,,
ESTAT:DEMO_PJAN(1.0),30/05/26 11:00:00,Annual,Number,69 years,Males,Belgium,2019,56840,,
ESTAT:DEMO_PJAN(1.0),30/05/26 11:00:00,Annual,Number,69 years,Males,Belgium,2020,56710,,
ESTAT:DEMO_PJAN(1.0),30/05/26 11:00:00,Annual,Number,69 years,Males,Belgium,2021,56179,,
ESTAT:DEMO_PJAN(1.0),30/05/26 11:00:00,Annual,Number,69 years,Males,Belgium,2022,58662,,
ESTAT:DEMO_PJAN(1.0),30/05/26 11:00:00,Annual,Number,69 years,Males,Belgium,2023,58888,,
ESTAT:DEMO_PJAN(1.0),30/05/26 11:00:00,Annual,Number,69 years,Males,Belgium,2024,60193,,
ESTAT:DEMO_PJAN(1.0),30/05/26 11:00:00,Annual,Number,69 years,Males,Belgium,2025,61332,,
ESTAT:DEMO_PJAN(1.0),30/05/26 11:00:00,Annual,Number,69 years,Total,Belgium,2005,94162,,
ESTAT:DEMO_PJAN(1.0),30/05/26 11:00:00,Annual,Number,69 years,Total,Belgium,2006,94145,,
ESTAT:DEMO_PJAN(1.0),30/05/26 11:00:00,Annual,Number,69 years,Total,Belgium,2007,95774,,
ESTAT:DEMO_PJAN(1.0),30/05/26 11:00:00,Annual,Number,69 years,Total,Belgium,2008,98903,,
ESTAT:DEMO_PJAN(1.0),30/05/26 11:00:00,Annual,Number,69 years,Total,Belgium,2009,96669,,
ESTAT:DEMO_PJAN(1.0),30/05/26 11:00:00,Annual,Number,69 years,Total,Belgium,2010,88724,,
ESTAT:DEMO_PJAN(1.0),30/05/26 11:00:00,Annual,Number,69 years,Total,Belgium,2011,78991,,
ESTAT:DEMO_PJAN(1.0),30/05/26 11:00:00,Annual,Number,69 years,Total,Belgium,2012,86080,,
ESTAT:DEMO_PJAN(1.0),30/05/26 11:00:00,Annual,Number,69 years,Total,Belgium,2013,96822,,
ESTAT:DEMO_PJAN(1.0),30/05/26 11:00:00,Annual,Number,69 years,Total,Belgium,2014,101594,,
ESTAT:DEMO_PJAN(1.0),30/05/26 11:00:00,Annual,Number,69 years,Total,Belgium,2015,101358,,
ESTAT:DEMO_PJAN(1.0),30/05/26 11:00:00,Annual,Number,69 years,Total,Belgium,2016,119340,,
ESTAT:DEMO_PJAN(1.0),30/05/26 11:00:00,Annual,Number,69 years,Total,Belgium,2017,118527,,
ESTAT:DEMO_PJAN(1.0),30/05/26 11:00:00,Annual,Number,69 years,Total,Belgium,2018,119555,,
ESTAT:DEMO_PJAN(1.0),30/05/26 11:00:00,Annual,Number,69 years,Total,Belgium,2019,117950,,
ESTAT:DEMO_PJAN(1.0),30/05/26 11:00:00,Annual,Number,69 years,Total,Belgium,2020,118326,,
ESTAT:DEMO_PJAN(1.0),30/05/26 11:00:00,Annual,Number,69 years,Total,Belgium,2021,117051,,
ESTAT:DEMO_PJAN(1.0),30/05/26 11:00:00,Annual,Number,69 years,Total,Belgium,2022,121609,,
ESTAT:DEMO_PJAN(1.0),30/05/26 11:00:00,Annual,Number,69 years,Total,Belgium,2023,122652,,
ESTAT:DEMO_PJAN(1.0),30/05/26 11:00:00,Annual,Number,69 years,Total,Belgium,2024,125570,,
ESTAT:DEMO_PJAN(1.0),30/05/26 11:00:00,Annual,Number,69 years,Total,Belgium,2025,128141,,
ESTAT:DEMO_PJAN(1.0),30/05/26 11:00:00,Annual,Number,7 years,Females,Belgium,2005,58107,,
ESTAT:DEMO_PJAN(1.0),30/05/26 11:00:00,Annual,Number,7 years,Females,Belgium,2006,57514,,
ESTAT:DEMO_PJAN(1.0),30/05/26 11:00:00,Annual,Number,7 years,Females,Belgium,2007,57598,,
ESTAT:DEMO_PJAN(1.0),30/05/26 11:00:00,Annual,Number,7 years,Females,Belgium,2008,58359,,
ESTAT:DEMO_PJAN(1.0),30/05/26 11:00:00,Annual,Number,7 years,Females,Belgium,2009,58065,,
ESTAT:DEMO_PJAN(1.0),30/05/26 11:00:00,Annual,Number,7 years,Females,Belgium,2010,57164,,
ESTAT:DEMO_PJAN(1.0),30/05/26 11:00:00,Annual,Number,7 years,Females,Belgium,2011,58632,,
ESTAT:DEMO_PJAN(1.0),30/05/26 11:00:00,Annual,Number,7 years,Females,Belgium,2012,60190,,
ESTAT:DEMO_PJAN(1.0),30/05/26 11:00:00,Annual,Number,7 years,Females,Belgium,2013,61139,,
ESTAT:DEMO_PJAN(1.0),30/05/26 11:00:00,Annual,Number,7 years,Females,Belgium,2014,63171,,
ESTAT:DEMO_PJAN(1.0),30/05/26 11:00:00,Annual,Number,7 years,Females,Belgium,2015,63690,,
ESTAT:DEMO_PJAN(1.0),30/05/26 11:00:00,Annual,Number,7 years,Females,Belgium,2016,65105,,
ESTAT:DEMO_PJAN(1.0),30/05/26 11:00:00,Annual,Number,7 years,Females,Belgium,2017,65304,,
ESTAT:DEMO_PJAN(1.0),30/05/26 11:00:00,Annual,Number,7 years,Females,Belgium,2018,66153,,
ESTAT:DEMO_PJAN(1.0),30/05/26 11:00:00,Annual,Number,7 years,Females,Belgium,2019,65318,,
ESTAT:DEMO_PJAN(1.0),30/05/26 11:00:00,Annual,Number,7 years,Females,Belgium,2020,65235,,
ESTAT:DEMO_PJAN(1.0),30/05/26 11:00:00,Annual,Number,7 years,Females,Belgium,2021,63779,,
ESTAT:DEMO_PJAN(1.0),30/05/26 11:00:00,Annual,Number,7 years,Females,Belgium,2022,63693,,
ESTAT:DEMO_PJAN(1.0),30/05/26 11:00:00,Annual,Number,7 years,Females,Belgium,2023,63186,,
ESTAT:DEMO_PJAN(1.0),30/05/26 11:00:00,Annual,Number,7 years,Females,Belgium,2024,62803,,
ESTAT:DEMO_PJAN(1.0),30/05/26 11:00:00,Annual,Number,7 years,Females,Belgium,2025,62056,,
ESTAT:DEMO_PJAN(1.0),30/05/26 11:00:00,Annual,Number,7 years,Males,Belgium,2005,60702,,
ESTAT:DEMO_PJAN(1.0),30/05/26 11:00:00,Annual,Number,7 years,Males,Belgium,2006,60228,,
ESTAT:DEMO_PJAN(1.0),30/05/26 11:00:00,Annual,Number,7 years,Males,Belgium,2007,59813,,
ESTAT:DEMO_PJAN(1.0),30/05/26 11:00:00,Annual,Number,7 years,Males,Belgium,2008,61079,,
ESTAT:DEMO_PJAN(1.0),30/05/26 11:00:00,Annual,Number,7 years,Males,Belgium,2009,60344,,
ESTAT:DEMO_PJAN(1.0),30/05/26 11:00:00,Annual,Number,7 years,Males,Belgium,2010,59927,,
ESTAT:DEMO_PJAN(1.0),30/05/26 11:00:00,Annual,Number,7 years,Males,Belgium,2011,61221,,
ESTAT:DEMO_PJAN(1.0),30/05/26 11:00:00,Annual,Number,7 years,Males,Belgium,2012,63211,,
ESTAT:DEMO_PJAN(1.0),30/05/26 11:00:00,Annual,Number,7 years,Males,Belgium,2013,64348,,
ESTAT:DEMO_PJAN(1.0),30/05/26 11:00:00,Annual,Number,7 years,Males,Belgium,2014,65751,,
ESTAT:DEMO_PJAN(1.0),30/05/26 11:00:00,Annual,Number,7 years,Males,Belgium,2015,66545,,
ESTAT:DEMO_PJAN(1.0),30/05/26 11:00:00,Annual,Number,7 years,Males,Belgium,2016,68635,,
ESTAT:DEMO_PJAN(1.0),30/05/26 11:00:00,Annual,Number,7 years,Males,Belgium,2017,68477,,
ESTAT:DEMO_PJAN(1.0),30/05/26 11:00:00,Annual,Number,7 years,Males,Belgium,2018,69217,,
ESTAT:DEMO_PJAN(1.0),30/05/26 11:00:00,Annual,Number,7 years,Males,Belgium,2019,68336,,
ESTAT:DEMO_PJAN(1.0),30/05/26 11:00:00,Annual,Number,7 years,Males,Belgium,2020,68010,,
ESTAT:DEMO_PJAN(1.0),30/05/26 11:00:00,Annual,Number,7 years,Males,Belgium,2021,66884,,
ESTAT:DEMO_PJAN(1.0),30/05/26 11:00:00,Annual,Number,7 years,Males,Belgium,2022,67080,,
ESTAT:DEMO_PJAN(1.0),30/05/26 11:00:00,Annual,Number,7 years,Males,Belgium,2023,65998,,
ESTAT:DEMO_PJAN(1.0),30/05/26 11:00:00,Annual,Number,7 years,Males,Belgium,2024,65988,,
ESTAT:DEMO_PJAN(1.0),30/05/26 11:00:00,Annual,Number,7 years,Males,Belgium,2025,64819,,
ESTAT:DEMO_PJAN(1.0),30/05/26 11:00:00,Annual,Number,7 years,Total,Belgium,2005,118809,,
ESTAT:DEMO_PJAN(1.0),30/05/26 11:00:00,Annual,Number,7 years,Total,Belgium,2006,117742,,
ESTAT:DEMO_PJAN(1.0),30/05/26 11:00:00,Annual,Number,7 years,Total,Belgium,2007,117411,,
ESTAT:DEMO_PJAN(1.0),30/05/26 11:00:00,Annual,Number,7 years,Total,Belgium,2008,119438,,
ESTAT:DEMO_PJAN(1.0),30/05/26 11:00:00,Annual,Number,7 years,Total,Belgium,2009,118409,,
ESTAT:DEMO_PJAN(1.0),30/05/26 11:00:00,Annual,Number,7 years,Total,Belgium,2010,117091,,
ESTAT:DEMO_PJAN(1.0),30/05/26 11:00:00,Annual,Number,7 years,Total,Belgium,2011,119853,,
ESTAT:DEMO_PJAN(1.0),30/05/26 11:00:00,Annual,Number,7 years,Total,Belgium,2012,123401,,
ESTAT:DEMO_PJAN(1.0),30/05/26 11:00:00,Annual,Number,7 years,Total,Belgium,2013,125487,,
ESTAT:DEMO_PJAN(1.0),30/05/26 11:00:00,Annual,Number,7 years,Total,Belgium,2014,128922,,
ESTAT:DEMO_PJAN(1.0),30/05/26 11:00:00,Annual,Number,7 years,Total,Belgium,2015,130235,,
ESTAT:DEMO_PJAN(1.0),30/05/26 11:00:00,Annual,Number,7 years,Total,Belgium,2016,133740,,
ESTAT:DEMO_PJAN(1.0),30/05/26 11:00:00,Annual,Number,7 years,Total,Belgium,2017,133781,,
ESTAT:DEMO_PJAN(1.0),30/05/26 11:00:00,Annual,Number,7 years,Total,Belgium,2018,135370,,
ESTAT:DEMO_PJAN(1.0),30/05/26 11:00:00,Annual,Number,7 years,Total,Belgium,2019,133654,,
ESTAT:DEMO_PJAN(1.0),30/05/26 11:00:00,Annual,Number,7 years,Total,Belgium,2020,133245,,
ESTAT:DEMO_PJAN(1.0),30/05/26 11:00:00,Annual,Number,7 years,Total,Belgium,2021,130663,,
ESTAT:DEMO_PJAN(1.0),30/05/26 11:00:00,Annual,Number,7 years,Total,Belgium,2022,130773,,
ESTAT:DEMO_PJAN(1.0),30/05/26 11:00:00,Annual,Number,7 years,Total,Belgium,2023,129184,,
ESTAT:DEMO_PJAN(1.0),30/05/26 11:00:00,Annual,Number,7 years,Total,Belgium,2024,128791,,
ESTAT:DEMO_PJAN(1.0),30/05/26 11:00:00,Annual,Number,7 years,Total,Belgium,2025,126875,,
ESTAT:DEMO_PJAN(1.0),30/05/26 11:00:00,Annual,Number,70 years,Females,Belgium,2005,51397,,
ESTAT:DEMO_PJAN(1.0),30/05/26 11:00:00,Annual,Number,70 years,Females,Belgium,2006,49947,,
ESTAT:DEMO_PJAN(1.0),30/05/26 11:00:00,Annual,Number,70 years,Females,Belgium,2007,49805,,
ESTAT:DEMO_PJAN(1.0),30/05/26 11:00:00,Annual,Number,70 years,Females,Belgium,2008,50173,,
ESTAT:DEMO_PJAN(1.0),30/05/26 11:00:00,Annual,Number,70 years,Females,Belgium,2009,52072,,
ESTAT:DEMO_PJAN(1.0),30/05/26 11:00:00,Annual,Number,70 years,Females,Belgium,2010,51068,,
ESTAT:DEMO_PJAN(1.0),30/05/26 11:00:00,Annual,Number,70 years,Females,Belgium,2011,46634,,
ESTAT:DEMO_PJAN(1.0),30/05/26 11:00:00,Annual,Number,70 years,Females,Belgium,2012,41260,,
ESTAT:DEMO_PJAN(1.0),30/05/26 11:00:00,Annual,Number,70 years,Females,Belgium,2013,44616,,
ESTAT:DEMO_PJAN(1.0),30/05/26 11:00:00,Annual,Number,70 years,Females,Belgium,2014,50146,,
ESTAT:DEMO_PJAN(1.0),30/05/26 11:00:00,Annual,Number,70 years,Females,Belgium,2015,52612,,
ESTAT:DEMO_PJAN(1.0),30/05/26 11:00:00,Annual,Number,70 years,Females,Belgium,2016,52760,,
ESTAT:DEMO_PJAN(1.0),30/05/26 11:00:00,Annual,Number,70 years,Females,Belgium,2017,61297,,
ESTAT:DEMO_PJAN(1.0),30/05/26 11:00:00,Annual,Number,70 years,Females,Belgium,2018,60964,,
ESTAT:DEMO_PJAN(1.0),30/05/26 11:00:00,Annual,Number,70 years,Females,Belgium,2019,61630,,
ESTAT:DEMO_PJAN(1.0),30/05/26 11:00:00,Annual,Number,70 years,Females,Belgium,2020,60401,,
ESTAT:DEMO_PJAN(1.0),30/05/26 11:00:00,Annual,Number,70 years,Females,Belgium,2021,60843,,
ESTAT:DEMO_PJAN(1.0),30/05/26 11:00:00,Annual,Number,70 years,Females,Belgium,2022,60087,,
ESTAT:DEMO_PJAN(1.0),30/05/26 11:00:00,Annual,Number,70 years,Females,Belgium,2023,62371,,
ESTAT:DEMO_PJAN(1.0),30/05/26 11:00:00,Annual,Number,70 years,Females,Belgium,2024,63016,,
ESTAT:DEMO_PJAN(1.0),30/05/26 11:00:00,Annual,Number,70 years,Females,Belgium,2025,64589,,
ESTAT:DEMO_PJAN(1.0),30/05/26 11:00:00,Annual,Number,70 years,Males,Belgium,2005,43520,,
ESTAT:DEMO_PJAN(1.0),30/05/26 11:00:00,Annual,Number,70 years,Males,Belgium,2006,42504,,
ESTAT:DEMO_PJAN(1.0),30/05/26 11:00:00,Annual,Number,70 years,Males,Belgium,2007,42758,,
ESTAT:DEMO_PJAN(1.0),30/05/26 11:00:00,Annual,Number,70 years,Males,Belgium,2008,44009,,
ESTAT:DEMO_PJAN(1.0),30/05/26 11:00:00,Annual,Number,70 years,Males,Belgium,2009,45157,,
ESTAT:DEMO_PJAN(1.0),30/05/26 11:00:00,Annual,Number,70 years,Males,Belgium,2010,44049,,
ESTAT:DEMO_PJAN(1.0),30/05/26 11:00:00,Annual,Number,70 years,Males,Belgium,2011,40644,,
ESTAT:DEMO_PJAN(1.0),30/05/26 11:00:00,Annual,Number,70 years,Males,Belgium,2012,36443,,
ESTAT:DEMO_PJAN(1.0),30/05/26 11:00:00,Annual,Number,70 years,Males,Belgium,2013,39967,,
ESTAT:DEMO_PJAN(1.0),30/05/26 11:00:00,Annual,Number,70 years,Males,Belgium,2014,45023,,
ESTAT:DEMO_PJAN(1.0),30/05/26 11:00:00,Annual,Number,70 years,Males,Belgium,2015,47242,,
ESTAT:DEMO_PJAN(1.0),30/05/26 11:00:00,Annual,Number,70 years,Males,Belgium,2016,46948,,
ESTAT:DEMO_PJAN(1.0),30/05/26 11:00:00,Annual,Number,70 years,Males,Belgium,2017,56035,,
ESTAT:DEMO_PJAN(1.0),30/05/26 11:00:00,Annual,Number,70 years,Males,Belgium,2018,55583,,
ESTAT:DEMO_PJAN(1.0),30/05/26 11:00:00,Annual,Number,70 years,Males,Belgium,2019,55949,,
ESTAT:DEMO_PJAN(1.0),30/05/26 11:00:00,Annual,Number,70 years,Males,Belgium,2020,55675,,
ESTAT:DEMO_PJAN(1.0),30/05/26 11:00:00,Annual,Number,70 years,Males,Belgium,2021,55460,,
ESTAT:DEMO_PJAN(1.0),30/05/26 11:00:00,Annual,Number,70 years,Males,Belgium,2022,54963,,
ESTAT:DEMO_PJAN(1.0),30/05/26 11:00:00,Annual,Number,70 years,Males,Belgium,2023,57446,,
ESTAT:DEMO_PJAN(1.0),30/05/26 11:00:00,Annual,Number,70 years,Males,Belgium,2024,57744,,
ESTAT:DEMO_PJAN(1.0),30/05/26 11:00:00,Annual,Number,70 years,Males,Belgium,2025,58983,,
ESTAT:DEMO_PJAN(1.0),30/05/26 11:00:00,Annual,Number,70 years,Total,Belgium,2005,94917,,
ESTAT:DEMO_PJAN(1.0),30/05/26 11:00:00,Annual,Number,70 years,Total,Belgium,2006,92451,,
ESTAT:DEMO_PJAN(1.0),30/05/26 11:00:00,Annual,Number,70 years,Total,Belgium,2007,92563,,
ESTAT:DEMO_PJAN(1.0),30/05/26 11:00:00,Annual,Number,70 years,Total,Belgium,2008,94182,,
ESTAT:DEMO_PJAN(1.0),30/05/26 11:00:00,Annual,Number,70 years,Total,Belgium,2009,97229,,
ESTAT:DEMO_PJAN(1.0),30/05/26 11:00:00,Annual,Number,70 years,Total,Belgium,2010,95117,,
ESTAT:DEMO_PJAN(1.0),30/05/26 11:00:00,Annual,Number,70 years,Total,Belgium,2011,87278,,
ESTAT:DEMO_PJAN(1.0),30/05/26 11:00:00,Annual,Number,70 years,Total,Belgium,2012,77703,,
ESTAT:DEMO_PJAN(1.0),30/05/26 11:00:00,Annual,Number,70 years,Total,Belgium,2013,84583,,
ESTAT:DEMO_PJAN(1.0),30/05/26 11:00:00,Annual,Number,70 years,Total,Belgium,2014,95169,,
ESTAT:DEMO_PJAN(1.0),30/05/26 11:00:00,Annual,Number,70 years,Total,Belgium,2015,99854,,
ESTAT:DEMO_PJAN(1.0),30/05/26 11:00:00,Annual,Number,70 years,Total,Belgium,2016,99708,,
ESTAT:DEMO_PJAN(1.0),30/05/26 11:00:00,Annual,Number,70 years,Total,Belgium,2017,117332,,
ESTAT:DEMO_PJAN(1.0),30/05/26 11:00:00,Annual,Number,70 years,Total,Belgium,2018,116547,,
ESTAT:DEMO_PJAN(1.0),30/05/26 11:00:00,Annual,Number,70 years,Total,Belgium,2019,117579,,
ESTAT:DEMO_PJAN(1.0),30/05/26 11:00:00,Annual,Number,70 years,Total,Belgium,2020,116076,,
ESTAT:DEMO_PJAN(1.0),30/05/26 11:00:00,Annual,Number,70 years,Total,Belgium,2021,116303,,
ESTAT:DEMO_PJAN(1.0),30/05/26 11:00:00,Annual,Number,70 years,Total,Belgium,2022,115050,,
ESTAT:DEMO_PJAN(1.0),30/05/26 11:00:00,Annual,Number,70 years,Total,Belgium,2023,119817,,
ESTAT:DEMO_PJAN(1.0),30/05/26 11:00:00,Annual,Number,70 years,Total,Belgium,2024,120760,,
ESTAT:DEMO_PJAN(1.0),30/05/26 11:00:00,Annual,Number,70 years,Total,Belgium,2025,123572,,
ESTAT:DEMO_PJAN(1.0),30/05/26 11:00:00,Annual,Number,71 years,Females,Belgium,2005,51048,,
ESTAT:DEMO_PJAN(1.0),30/05/26 11:00:00,Annual,Number,71 years,Females,Belgium,2006,50660,,
ESTAT:DEMO_PJAN(1.0),30/05/26 11:00:00,Annual,Number,71 years,Females,Belgium,2007,49303,,
ESTAT:DEMO_PJAN(1.0),30/05/26 11:00:00,Annual,Number,71 years,Females,Belgium,2008,49235,,
ESTAT:DEMO_PJAN(1.0),30/05/26 11:00:00,Annual,Number,71 years,Females,Belgium,2009,49531,,
ESTAT:DEMO_PJAN(1.0),30/05/26 11:00:00,Annual,Number,71 years,Females,Belgium,2010,51428,,
ESTAT:DEMO_PJAN(1.0),30/05/26 11:00:00,Annual,Number,71 years,Females,Belgium,2011,50497,,
ESTAT:DEMO_PJAN(1.0),30/05/26 11:00:00,Annual,Number,71 years,Females,Belgium,2012,46043,,
ESTAT:DEMO_PJAN(1.0),30/05/26 11:00:00,Annual,Number,71 years,Females,Belgium,2013,40626,,
ESTAT:DEMO_PJAN(1.0),30/05/26 11:00:00,Annual,Number,71 years,Females,Belgium,2014,44038,,
ESTAT:DEMO_PJAN(1.0),30/05/26 11:00:00,Annual,Number,71 years,Females,Belgium,2015,49443,,
ESTAT:DEMO_PJAN(1.0),30/05/26 11:00:00,Annual,Number,71 years,Females,Belgium,2016,51927,,
ESTAT:DEMO_PJAN(1.0),30/05/26 11:00:00,Annual,Number,71 years,Females,Belgium,2017,52085,,
ESTAT:DEMO_PJAN(1.0),30/05/26 11:00:00,Annual,Number,71 years,Females,Belgium,2018,60500,,
ESTAT:DEMO_PJAN(1.0),30/05/26 11:00:00,Annual,Number,71 years,Females,Belgium,2019,60232,,
ESTAT:DEMO_PJAN(1.0),30/05/26 11:00:00,Annual,Number,71 years,Females,Belgium,2020,60773,,
ESTAT:DEMO_PJAN(1.0),30/05/26 11:00:00,Annual,Number,71 years,Females,Belgium,2021,59616,,
ESTAT:DEMO_PJAN(1.0),30/05/26 11:00:00,Annual,Number,71 years,Females,Belgium,2022,60012,,
ESTAT:DEMO_PJAN(1.0),30/05/26 11:00:00,Annual,Number,71 years,Females,Belgium,2023,59444,,
ESTAT:DEMO_PJAN(1.0),30/05/26 11:00:00,Annual,Number,71 years,Females,Belgium,2024,61595,,
ESTAT:DEMO_PJAN(1.0),30/05/26 11:00:00,Annual,Number,71 years,Females,Belgium,2025,62242,,
ESTAT:DEMO_PJAN(1.0),30/05/26 11:00:00,Annual,Number,71 years,Males,Belgium,2005,42685,,
ESTAT:DEMO_PJAN(1.0),30/05/26 11:00:00,Annual,Number,71 years,Males,Belgium,2006,42367,,
ESTAT:DEMO_PJAN(1.0),30/05/26 11:00:00,Annual,Number,71 years,Males,Belgium,2007,41388,,
ESTAT:DEMO_PJAN(1.0),30/05/26 11:00:00,Annual,Number,71 years,Males,Belgium,2008,41697,,
ESTAT:DEMO_PJAN(1.0),30/05/26 11:00:00,Annual,Number,71 years,Males,Belgium,2009,42973,,
ESTAT:DEMO_PJAN(1.0),30/05/26 11:00:00,Annual,Number,71 years,Males,Belgium,2010,44089,,
ESTAT:DEMO_PJAN(1.0),30/05/26 11:00:00,Annual,Number,71 years,Males,Belgium,2011,43010,,
ESTAT:DEMO_PJAN(1.0),30/05/26 11:00:00,Annual,Number,71 years,Males,Belgium,2012,39670,,
ESTAT:DEMO_PJAN(1.0),30/05/26 11:00:00,Annual,Number,71 years,Males,Belgium,2013,35496,,
ESTAT:DEMO_PJAN(1.0),30/05/26 11:00:00,Annual,Number,71 years,Males,Belgium,2014,38954,,
ESTAT:DEMO_PJAN(1.0),30/05/26 11:00:00,Annual,Number,71 years,Males,Belgium,2015,43927,,
ESTAT:DEMO_PJAN(1.0),30/05/26 11:00:00,Annual,Number,71 years,Males,Belgium,2016,46145,,
ESTAT:DEMO_PJAN(1.0),30/05/26 11:00:00,Annual,Number,71 years,Males,Belgium,2017,45876,,
ESTAT:DEMO_PJAN(1.0),30/05/26 11:00:00,Annual,Number,71 years,Males,Belgium,2018,54819,,
ESTAT:DEMO_PJAN(1.0),30/05/26 11:00:00,Annual,Number,71 years,Males,Belgium,2019,54345,,
ESTAT:DEMO_PJAN(1.0),30/05/26 11:00:00,Annual,Number,71 years,Males,Belgium,2020,54761,,
ESTAT:DEMO_PJAN(1.0),30/05/26 11:00:00,Annual,Number,71 years,Males,Belgium,2021,54317,,
ESTAT:DEMO_PJAN(1.0),30/05/26 11:00:00,Annual,Number,71 years,Males,Belgium,2022,54159,,
ESTAT:DEMO_PJAN(1.0),30/05/26 11:00:00,Annual,Number,71 years,Males,Belgium,2023,53824,,
ESTAT:DEMO_PJAN(1.0),30/05/26 11:00:00,Annual,Number,71 years,Males,Belgium,2024,56268,,
ESTAT:DEMO_PJAN(1.0),30/05/26 11:00:00,Annual,Number,71 years,Males,Belgium,2025,56550,,
ESTAT:DEMO_PJAN(1.0),30/05/26 11:00:00,Annual,Number,71 years,Total,Belgium,2005,93733,,
ESTAT:DEMO_PJAN(1.0),30/05/26 11:00:00,Annual,Number,71 years,Total,Belgium,2006,93027,,
ESTAT:DEMO_PJAN(1.0),30/05/26 11:00:00,Annual,Number,71 years,Total,Belgium,2007,90691,,
ESTAT:DEMO_PJAN(1.0),30/05/26 11:00:00,Annual,Number,71 years,Total,Belgium,2008,90932,,
ESTAT:DEMO_PJAN(1.0),30/05/26 11:00:00,Annual,Number,71 years,Total,Belgium,2009,92504,,
ESTAT:DEMO_PJAN(1.0),30/05/26 11:00:00,Annual,Number,71 years,Total,Belgium,2010,95517,,
ESTAT:DEMO_PJAN(1.0),30/05/26 11:00:00,Annual,Number,71 years,Total,Belgium,2011,93507,,
ESTAT:DEMO_PJAN(1.0),30/05/26 11:00:00,Annual,Number,71 years,Total,Belgium,2012,85713,,
ESTAT:DEMO_PJAN(1.0),30/05/26 11:00:00,Annual,Number,71 years,Total,Belgium,2013,76122,,
ESTAT:DEMO_PJAN(1.0),30/05/26 11:00:00,Annual,Number,71 years,Total,Belgium,2014,82992,,
ESTAT:DEMO_PJAN(1.0),30/05/26 11:00:00,Annual,Number,71 years,Total,Belgium,2015,93370,,
ESTAT:DEMO_PJAN(1.0),30/05/26 11:00:00,Annual,Number,71 years,Total,Belgium,2016,98072,,
ESTAT:DEMO_PJAN(1.0),30/05/26 11:00:00,Annual,Number,71 years,Total,Belgium,2017,97961,,
ESTAT:DEMO_PJAN(1.0),30/05/26 11:00:00,Annual,Number,71 years,Total,Belgium,2018,115319,,
ESTAT:DEMO_PJAN(1.0),30/05/26 11:00:00,Annual,Number,71 years,Total,Belgium,2019,114577,,
ESTAT:DEMO_PJAN(1.0),30/05/26 11:00:00,Annual,Number,71 years,Total,Belgium,2020,115534,,
ESTAT:DEMO_PJAN(1.0),30/05/26 11:00:00,Annual,Number,71 years,Total,Belgium,2021,113933,,
ESTAT:DEMO_PJAN(1.0),30/05/26 11:00:00,Annual,Number,71 years,Total,Belgium,2022,114171,,
ESTAT:DEMO_PJAN(1.0),30/05/26 11:00:00,Annual,Number,71 years,Total,Belgium,2023,113268,,
ESTAT:DEMO_PJAN(1.0),30/05/26 11:00:00,Annual,Number,71 years,Total,Belgium,2024,117863,,
ESTAT:DEMO_PJAN(1.0),30/05/26 11:00:00,Annual,Number,71 years,Total,Belgium,2025,118792,,
ESTAT:DEMO_PJAN(1.0),30/05/26 11:00:00,Annual,Number,72 years,Females,Belgium,2005,53090,,
ESTAT:DEMO_PJAN(1.0),30/05/26 11:00:00,Annual,Number,72 years,Females,Belgium,2006,50307,,
ESTAT:DEMO_PJAN(1.0),30/05/26 11:00:00,Annual,Number,72 years,Females,Belgium,2007,49985,,
ESTAT:DEMO_PJAN(1.0),30/05/26 11:00:00,Annual,Number,72 years,Females,Belgium,2008,48573,,
ESTAT:DEMO_PJAN(1.0),30/05/26 11:00:00,Annual,Number,72 years,Females,Belgium,2009,48499,,
ESTAT:DEMO_PJAN(1.0),30/05/26 11:00:00,Annual,Number,72 years,Females,Belgium,2010,48833,,
ESTAT:DEMO_PJAN(1.0),30/05/26 11:00:00,Annual,Number,72 years,Females,Belgium,2011,50765,,
ESTAT:DEMO_PJAN(1.0),30/05/26 11:00:00,Annual,Number,72 years,Females,Belgium,2012,49774,,
ESTAT:DEMO_PJAN(1.0),30/05/26 11:00:00,Annual,Number,72 years,Females,Belgium,2013,45336,,
ESTAT:DEMO_PJAN(1.0),30/05/26 11:00:00,Annual,Number,72 years,Females,Belgium,2014,40010,,
ESTAT:DEMO_PJAN(1.0),30/05/26 11:00:00,Annual,Number,72 years,Females,Belgium,2015,43412,,
ESTAT:DEMO_PJAN(1.0),30/05/26 11:00:00,Annual,Number,72 years,Females,Belgium,2016,48748,,
ESTAT:DEMO_PJAN(1.0),30/05/26 11:00:00,Annual,Number,72 years,Females,Belgium,2017,51194,,
ESTAT:DEMO_PJAN(1.0),30/05/26 11:00:00,Annual,Number,72 years,Females,Belgium,2018,51362,,
ESTAT:DEMO_PJAN(1.0),30/05/26 11:00:00,Annual,Number,72 years,Females,Belgium,2019,59708,,
ESTAT:DEMO_PJAN(1.0),30/05/26 11:00:00,Annual,Number,72 years,Females,Belgium,2020,59436,,
ESTAT:DEMO_PJAN(1.0),30/05/26 11:00:00,Annual,Number,72 years,Females,Belgium,2021,59833,,
ESTAT:DEMO_PJAN(1.0),30/05/26 11:00:00,Annual,Number,72 years,Females,Belgium,2022,58729,,
ESTAT:DEMO_PJAN(1.0),30/05/26 11:00:00,Annual,Number,72 years,Females,Belgium,2023,59271,,
ESTAT:DEMO_PJAN(1.0),30/05/26 11:00:00,Annual,Number,72 years,Females,Belgium,2024,58591,,
ESTAT:DEMO_PJAN(1.0),30/05/26 11:00:00,Annual,Number,72 years,Females,Belgium,2025,60737,,
ESTAT:DEMO_PJAN(1.0),30/05/26 11:00:00,Annual,Number,72 years,Males,Belgium,2005,42826,,
ESTAT:DEMO_PJAN(1.0),30/05/26 11:00:00,Annual,Number,72 years,Males,Belgium,2006,41333,,
ESTAT:DEMO_PJAN(1.0),30/05/26 11:00:00,Annual,Number,72 years,Males,Belgium,2007,41154,,
ESTAT:DEMO_PJAN(1.0),30/05/26 11:00:00,Annual,Number,72 years,Males,Belgium,2008,40316,,
ESTAT:DEMO_PJAN(1.0),30/05/26 11:00:00,Annual,Number,72 years,Males,Belgium,2009,40508,,
ESTAT:DEMO_PJAN(1.0),30/05/26 11:00:00,Annual,Number,72 years,Males,Belgium,2010,41831,,
ESTAT:DEMO_PJAN(1.0),30/05/26 11:00:00,Annual,Number,72 years,Males,Belgium,2011,42868,,
ESTAT:DEMO_PJAN(1.0),30/05/26 11:00:00,Annual,Number,72 years,Males,Belgium,2012,41853,,
ESTAT:DEMO_PJAN(1.0),30/05/26 11:00:00,Annual,Number,72 years,Males,Belgium,2013,38602,,
ESTAT:DEMO_PJAN(1.0),30/05/26 11:00:00,Annual,Number,72 years,Males,Belgium,2014,34584,,
ESTAT:DEMO_PJAN(1.0),30/05/26 11:00:00,Annual,Number,72 years,Males,Belgium,2015,37973,,
ESTAT:DEMO_PJAN(1.0),30/05/26 11:00:00,Annual,Number,72 years,Males,Belgium,2016,42839,,
ESTAT:DEMO_PJAN(1.0),30/05/26 11:00:00,Annual,Number,72 years,Males,Belgium,2017,44985,,
ESTAT:DEMO_PJAN(1.0),30/05/26 11:00:00,Annual,Number,72 years,Males,Belgium,2018,44763,,
ESTAT:DEMO_PJAN(1.0),30/05/26 11:00:00,Annual,Number,72 years,Males,Belgium,2019,53512,,
ESTAT:DEMO_PJAN(1.0),30/05/26 11:00:00,Annual,Number,72 years,Males,Belgium,2020,53083,,
ESTAT:DEMO_PJAN(1.0),30/05/26 11:00:00,Annual,Number,72 years,Males,Belgium,2021,53354,,
ESTAT:DEMO_PJAN(1.0),30/05/26 11:00:00,Annual,Number,72 years,Males,Belgium,2022,53000,,
ESTAT:DEMO_PJAN(1.0),30/05/26 11:00:00,Annual,Number,72 years,Males,Belgium,2023,52942,,
ESTAT:DEMO_PJAN(1.0),30/05/26 11:00:00,Annual,Number,72 years,Males,Belgium,2024,52600,,
ESTAT:DEMO_PJAN(1.0),30/05/26 11:00:00,Annual,Number,72 years,Males,Belgium,2025,55008,,
ESTAT:DEMO_PJAN(1.0),30/05/26 11:00:00,Annual,Number,72 years,Total,Belgium,2005,95916,,
ESTAT:DEMO_PJAN(1.0),30/05/26 11:00:00,Annual,Number,72 years,Total,Belgium,2006,91640,,
ESTAT:DEMO_PJAN(1.0),30/05/26 11:00:00,Annual,Number,72 years,Total,Belgium,2007,91139,,
ESTAT:DEMO_PJAN(1.0),30/05/26 11:00:00,Annual,Number,72 years,Total,Belgium,2008,88889,,
ESTAT:DEMO_PJAN(1.0),30/05/26 11:00:00,Annual,Number,72 years,Total,Belgium,2009,89007,,
ESTAT:DEMO_PJAN(1.0),30/05/26 11:00:00,Annual,Number,72 years,Total,Belgium,2010,90664,,
ESTAT:DEMO_PJAN(1.0),30/05/26 11:00:00,Annual,Number,72 years,Total,Belgium,2011,93633,,
ESTAT:DEMO_PJAN(1.0),30/05/26 11:00:00,Annual,Number,72 years,Total,Belgium,2012,91627,,
ESTAT:DEMO_PJAN(1.0),30/05/26 11:00:00,Annual,Number,72 years,Total,Belgium,2013,83938,,
ESTAT:DEMO_PJAN(1.0),30/05/26 11:00:00,Annual,Number,72 years,Total,Belgium,2014,74594,,
ESTAT:DEMO_PJAN(1.0),30/05/26 11:00:00,Annual,Number,72 years,Total,Belgium,2015,81385,,
ESTAT:DEMO_PJAN(1.0),30/05/26 11:00:00,Annual,Number,72 years,Total,Belgium,2016,91587,,
ESTAT:DEMO_PJAN(1.0),30/05/26 11:00:00,Annual,Number,72 years,Total,Belgium,2017,96179,,
ESTAT:DEMO_PJAN(1.0),30/05/26 11:00:00,Annual,Number,72 years,Total,Belgium,2018,96125,,
ESTAT:DEMO_PJAN(1.0),30/05/26 11:00:00,Annual,Number,72 years,Total,Belgium,2019,113220,,
ESTAT:DEMO_PJAN(1.0),30/05/26 11:00:00,Annual,Number,72 years,Total,Belgium,2020,112519,,
ESTAT:DEMO_PJAN(1.0),30/05/26 11:00:00,Annual,Number,72 years,Total,Belgium,2021,113187,,
ESTAT:DEMO_PJAN(1.0),30/05/26 11:00:00,Annual,Number,72 years,Total,Belgium,2022,111729,,
ESTAT:DEMO_PJAN(1.0),30/05/26 11:00:00,Annual,Number,72 years,Total,Belgium,2023,112213,,
ESTAT:DEMO_PJAN(1.0),30/05/26 11:00:00,Annual,Number,72 years,Total,Belgium,2024,111191,,
ESTAT:DEMO_PJAN(1.0),30/05/26 11:00:00,Annual,Number,72 years,Total,Belgium,2025,115745,,
ESTAT:DEMO_PJAN(1.0),30/05/26 11:00:00,Annual,Number,73 years,Females,Belgium,2005,52842,,
ESTAT:DEMO_PJAN(1.0),30/05/26 11:00:00,Annual,Number,73 years,Females,Belgium,2006,52235,,
ESTAT:DEMO_PJAN(1.0),30/05/26 11:00:00,Annual,Number,73 years,Females,Belgium,2007,49512,,
ESTAT:DEMO_PJAN(1.0),30/05/26 11:00:00,Annual,Number,73 years,Females,Belgium,2008,49191,,
ESTAT:DEMO_PJAN(1.0),30/05/26 11:00:00,Annual,Number,73 years,Females,Belgium,2009,47827,,
ESTAT:DEMO_PJAN(1.0),30/05/26 11:00:00,Annual,Number,73 years,Females,Belgium,2010,47747,,
ESTAT:DEMO_PJAN(1.0),30/05/26 11:00:00,Annual,Number,73 years,Females,Belgium,2011,48129,,
ESTAT:DEMO_PJAN(1.0),30/05/26 11:00:00,Annual,Number,73 years,Females,Belgium,2012,49960,,
ESTAT:DEMO_PJAN(1.0),30/05/26 11:00:00,Annual,Number,73 years,Females,Belgium,2013,48981,,
ESTAT:DEMO_PJAN(1.0),30/05/26 11:00:00,Annual,Number,73 years,Females,Belgium,2014,44576,,
ESTAT:DEMO_PJAN(1.0),30/05/26 11:00:00,Annual,Number,73 years,Females,Belgium,2015,39399,,
ESTAT:DEMO_PJAN(1.0),30/05/26 11:00:00,Annual,Number,73 years,Females,Belgium,2016,42740,,
ESTAT:DEMO_PJAN(1.0),30/05/26 11:00:00,Annual,Number,73 years,Females,Belgium,2017,47995,,
ESTAT:DEMO_PJAN(1.0),30/05/26 11:00:00,Annual,Number,73 years,Females,Belgium,2018,50352,,
ESTAT:DEMO_PJAN(1.0),30/05/26 11:00:00,Annual,Number,73 years,Females,Belgium,2019,50554,,
ESTAT:DEMO_PJAN(1.0),30/05/26 11:00:00,Annual,Number,73 years,Females,Belgium,2020,58791,,
ESTAT:DEMO_PJAN(1.0),30/05/26 11:00:00,Annual,Number,73 years,Females,Belgium,2021,58454,,
ESTAT:DEMO_PJAN(1.0),30/05/26 11:00:00,Annual,Number,73 years,Females,Belgium,2022,58908,,
ESTAT:DEMO_PJAN(1.0),30/05/26 11:00:00,Annual,Number,73 years,Females,Belgium,2023,57959,,
ESTAT:DEMO_PJAN(1.0),30/05/26 11:00:00,Annual,Number,73 years,Females,Belgium,2024,58386,,
ESTAT:DEMO_PJAN(1.0),30/05/26 11:00:00,Annual,Number,73 years,Females,Belgium,2025,57748,,
ESTAT:DEMO_PJAN(1.0),30/05/26 11:00:00,Annual,Number,73 years,Males,Belgium,2005,41660,,
ESTAT:DEMO_PJAN(1.0),30/05/26 11:00:00,Annual,Number,73 years,Males,Belgium,2006,41358,,
ESTAT:DEMO_PJAN(1.0),30/05/26 11:00:00,Annual,Number,73 years,Males,Belgium,2007,40019,,
ESTAT:DEMO_PJAN(1.0),30/05/26 11:00:00,Annual,Number,73 years,Males,Belgium,2008,39962,,
ESTAT:DEMO_PJAN(1.0),30/05/26 11:00:00,Annual,Number,73 years,Males,Belgium,2009,39122,,
ESTAT:DEMO_PJAN(1.0),30/05/26 11:00:00,Annual,Number,73 years,Males,Belgium,2010,39337,,
ESTAT:DEMO_PJAN(1.0),30/05/26 11:00:00,Annual,Number,73 years,Males,Belgium,2011,40677,,
ESTAT:DEMO_PJAN(1.0),30/05/26 11:00:00,Annual,Number,73 years,Males,Belgium,2012,41681,,
ESTAT:DEMO_PJAN(1.0),30/05/26 11:00:00,Annual,Number,73 years,Males,Belgium,2013,40627,,
ESTAT:DEMO_PJAN(1.0),30/05/26 11:00:00,Annual,Number,73 years,Males,Belgium,2014,37479,,
ESTAT:DEMO_PJAN(1.0),30/05/26 11:00:00,Annual,Number,73 years,Males,Belgium,2015,33610,,
ESTAT:DEMO_PJAN(1.0),30/05/26 11:00:00,Annual,Number,73 years,Males,Belgium,2016,36911,,
ESTAT:DEMO_PJAN(1.0),30/05/26 11:00:00,Annual,Number,73 years,Males,Belgium,2017,41632,,
ESTAT:DEMO_PJAN(1.0),30/05/26 11:00:00,Annual,Number,73 years,Males,Belgium,2018,43781,,
ESTAT:DEMO_PJAN(1.0),30/05/26 11:00:00,Annual,Number,73 years,Males,Belgium,2019,43571,,
ESTAT:DEMO_PJAN(1.0),30/05/26 11:00:00,Annual,Number,73 years,Males,Belgium,2020,52074,,
ESTAT:DEMO_PJAN(1.0),30/05/26 11:00:00,Annual,Number,73 years,Males,Belgium,2021,51557,,
ESTAT:DEMO_PJAN(1.0),30/05/26 11:00:00,Annual,Number,73 years,Males,Belgium,2022,51942,,
ESTAT:DEMO_PJAN(1.0),30/05/26 11:00:00,Annual,Number,73 years,Males,Belgium,2023,51669,,
ESTAT:DEMO_PJAN(1.0),30/05/26 11:00:00,Annual,Number,73 years,Males,Belgium,2024,51706,,
ESTAT:DEMO_PJAN(1.0),30/05/26 11:00:00,Annual,Number,73 years,Males,Belgium,2025,51252,,
ESTAT:DEMO_PJAN(1.0),30/05/26 11:00:00,Annual,Number,73 years,Total,Belgium,2005,94502,,
ESTAT:DEMO_PJAN(1.0),30/05/26 11:00:00,Annual,Number,73 years,Total,Belgium,2006,93593,,
ESTAT:DEMO_PJAN(1.0),30/05/26 11:00:00,Annual,Number,73 years,Total,Belgium,2007,89531,,
ESTAT:DEMO_PJAN(1.0),30/05/26 11:00:00,Annual,Number,73 years,Total,Belgium,2008,89153,,
ESTAT:DEMO_PJAN(1.0),30/05/26 11:00:00,Annual,Number,73 years,Total,Belgium,2009,86949,,
ESTAT:DEMO_PJAN(1.0),30/05/26 11:00:00,Annual,Number,73 years,Total,Belgium,2010,87084,,
ESTAT:DEMO_PJAN(1.0),30/05/26 11:00:00,Annual,Number,73 years,Total,Belgium,2011,88806,,
ESTAT:DEMO_PJAN(1.0),30/05/26 11:00:00,Annual,Number,73 years,Total,Belgium,2012,91641,,
ESTAT:DEMO_PJAN(1.0),30/05/26 11:00:00,Annual,Number,73 years,Total,Belgium,2013,89608,,
ESTAT:DEMO_PJAN(1.0),30/05/26 11:00:00,Annual,Number,73 years,Total,Belgium,2014,82055,,
ESTAT:DEMO_PJAN(1.0),30/05/26 11:00:00,Annual,Number,73 years,Total,Belgium,2015,73009,,
ESTAT:DEMO_PJAN(1.0),30/05/26 11:00:00,Annual,Number,73 years,Total,Belgium,2016,79651,,
ESTAT:DEMO_PJAN(1.0),30/05/26 11:00:00,Annual,Number,73 years,Total,Belgium,2017,89627,,
ESTAT:DEMO_PJAN(1.0),30/05/26 11:00:00,Annual,Number,73 years,Total,Belgium,2018,94133,,
ESTAT:DEMO_PJAN(1.0),30/05/26 11:00:00,Annual,Number,73 years,Total,Belgium,2019,94125,,
ESTAT:DEMO_PJAN(1.0),30/05/26 11:00:00,Annual,Number,73 years,Total,Belgium,2020,110865,,
ESTAT:DEMO_PJAN(1.0),30/05/26 11:00:00,Annual,Number,73 years,Total,Belgium,2021,110011,,
ESTAT:DEMO_PJAN(1.0),30/05/26 11:00:00,Annual,Number,73 years,Total,Belgium,2022,110850,,
ESTAT:DEMO_PJAN(1.0),30/05/26 11:00:00,Annual,Number,73 years,Total,Belgium,2023,109628,,
ESTAT:DEMO_PJAN(1.0),30/05/26 11:00:00,Annual,Number,73 years,Total,Belgium,2024,110092,,
ESTAT:DEMO_PJAN(1.0),30/05/26 11:00:00,Annual,Number,73 years,Total,Belgium,2025,109000,,
ESTAT:DEMO_PJAN(1.0),30/05/26 11:00:00,Annual,Number,74 years,Females,Belgium,2005,52756,,
ESTAT:DEMO_PJAN(1.0),30/05/26 11:00:00,Annual,Number,74 years,Females,Belgium,2006,51783,,
ESTAT:DEMO_PJAN(1.0),30/05/26 11:00:00,Annual,Number,74 years,Females,Belgium,2007,51282,,
ESTAT:DEMO_PJAN(1.0),30/05/26 11:00:00,Annual,Number,74 years,Females,Belgium,2008,48618,,
ESTAT:DEMO_PJAN(1.0),30/05/26 11:00:00,Annual,Number,74 years,Females,Belgium,2009,48346,,
ESTAT:DEMO_PJAN(1.0),30/05/26 11:00:00,Annual,Number,74 years,Females,Belgium,2010,47086,,
ESTAT:DEMO_PJAN(1.0),30/05/26 11:00:00,Annual,Number,74 years,Females,Belgium,2011,46968,,
ESTAT:DEMO_PJAN(1.0),30/05/26 11:00:00,Annual,Number,74 years,Females,Belgium,2012,47330,,
ESTAT:DEMO_PJAN(1.0),30/05/26 11:00:00,Annual,Number,74 years,Females,Belgium,2013,49046,,
ESTAT:DEMO_PJAN(1.0),30/05/26 11:00:00,Annual,Number,74 years,Females,Belgium,2014,48131,,
ESTAT:DEMO_PJAN(1.0),30/05/26 11:00:00,Annual,Number,74 years,Females,Belgium,2015,43829,,
ESTAT:DEMO_PJAN(1.0),30/05/26 11:00:00,Annual,Number,74 years,Females,Belgium,2016,38696,,
ESTAT:DEMO_PJAN(1.0),30/05/26 11:00:00,Annual,Number,74 years,Females,Belgium,2017,42057,,
ESTAT:DEMO_PJAN(1.0),30/05/26 11:00:00,Annual,Number,74 years,Females,Belgium,2018,47186,,
ESTAT:DEMO_PJAN(1.0),30/05/26 11:00:00,Annual,Number,74 years,Females,Belgium,2019,49472,,
ESTAT:DEMO_PJAN(1.0),30/05/26 11:00:00,Annual,Number,74 years,Females,Belgium,2020,49732,,
ESTAT:DEMO_PJAN(1.0),30/05/26 11:00:00,Annual,Number,74 years,Females,Belgium,2021,57691,,
ESTAT:DEMO_PJAN(1.0),30/05/26 11:00:00,Annual,Number,74 years,Females,Belgium,2022,57495,,
ESTAT:DEMO_PJAN(1.0),30/05/26 11:00:00,Annual,Number,74 years,Females,Belgium,2023,58025,,
ESTAT:DEMO_PJAN(1.0),30/05/26 11:00:00,Annual,Number,74 years,Females,Belgium,2024,57010,,
ESTAT:DEMO_PJAN(1.0),30/05/26 11:00:00,Annual,Number,74 years,Females,Belgium,2025,57408,,
ESTAT:DEMO_PJAN(1.0),30/05/26 11:00:00,Annual,Number,74 years,Males,Belgium,2005,39927,,
ESTAT:DEMO_PJAN(1.0),30/05/26 11:00:00,Annual,Number,74 years,Males,Belgium,2006,40150,,
ESTAT:DEMO_PJAN(1.0),30/05/26 11:00:00,Annual,Number,74 years,Males,Belgium,2007,39928,,
ESTAT:DEMO_PJAN(1.0),30/05/26 11:00:00,Annual,Number,74 years,Males,Belgium,2008,38663,,
ESTAT:DEMO_PJAN(1.0),30/05/26 11:00:00,Annual,Number,74 years,Males,Belgium,2009,38573,,
ESTAT:DEMO_PJAN(1.0),30/05/26 11:00:00,Annual,Number,74 years,Males,Belgium,2010,37819,,
ESTAT:DEMO_PJAN(1.0),30/05/26 11:00:00,Annual,Number,74 years,Males,Belgium,2011,38183,,
ESTAT:DEMO_PJAN(1.0),30/05/26 11:00:00,Annual,Number,74 years,Males,Belgium,2012,39399,,
ESTAT:DEMO_PJAN(1.0),30/05/26 11:00:00,Annual,Number,74 years,Males,Belgium,2013,40296,,
ESTAT:DEMO_PJAN(1.0),30/05/26 11:00:00,Annual,Number,74 years,Males,Belgium,2014,39266,,
ESTAT:DEMO_PJAN(1.0),30/05/26 11:00:00,Annual,Number,74 years,Males,Belgium,2015,36422,,
ESTAT:DEMO_PJAN(1.0),30/05/26 11:00:00,Annual,Number,74 years,Males,Belgium,2016,32622,,
ESTAT:DEMO_PJAN(1.0),30/05/26 11:00:00,Annual,Number,74 years,Males,Belgium,2017,35790,,
ESTAT:DEMO_PJAN(1.0),30/05/26 11:00:00,Annual,Number,74 years,Males,Belgium,2018,40409,,
ESTAT:DEMO_PJAN(1.0),30/05/26 11:00:00,Annual,Number,74 years,Males,Belgium,2019,42565,,
ESTAT:DEMO_PJAN(1.0),30/05/26 11:00:00,Annual,Number,74 years,Males,Belgium,2020,42320,,
ESTAT:DEMO_PJAN(1.0),30/05/26 11:00:00,Annual,Number,74 years,Males,Belgium,2021,50386,,
ESTAT:DEMO_PJAN(1.0),30/05/26 11:00:00,Annual,Number,74 years,Males,Belgium,2022,49976,,
ESTAT:DEMO_PJAN(1.0),30/05/26 11:00:00,Annual,Number,74 years,Males,Belgium,2023,50499,,
ESTAT:DEMO_PJAN(1.0),30/05/26 11:00:00,Annual,Number,74 years,Males,Belgium,2024,50322,,
ESTAT:DEMO_PJAN(1.0),30/05/26 11:00:00,Annual,Number,74 years,Males,Belgium,2025,50337,,
ESTAT:DEMO_PJAN(1.0),30/05/26 11:00:00,Annual,Number,74 years,Total,Belgium,2005,92683,,
ESTAT:DEMO_PJAN(1.0),30/05/26 11:00:00,Annual,Number,74 years,Total,Belgium,2006,91933,,
ESTAT:DEMO_PJAN(1.0),30/05/26 11:00:00,Annual,Number,74 years,Total,Belgium,2007,91210,,
ESTAT:DEMO_PJAN(1.0),30/05/26 11:00:00,Annual,Number,74 years,Total,Belgium,2008,87281,,
ESTAT:DEMO_PJAN(1.0),30/05/26 11:00:00,Annual,Number,74 years,Total,Belgium,2009,86919,,
ESTAT:DEMO_PJAN(1.0),30/05/26 11:00:00,Annual,Number,74 years,Total,Belgium,2010,84905,,
ESTAT:DEMO_PJAN(1.0),30/05/26 11:00:00,Annual,Number,74 years,Total,Belgium,2011,85151,,
ESTAT:DEMO_PJAN(1.0),30/05/26 11:00:00,Annual,Number,74 years,Total,Belgium,2012,86729,,
ESTAT:DEMO_PJAN(1.0),30/05/26 11:00:00,Annual,Number,74 years,Total,Belgium,2013,89342,,
ESTAT:DEMO_PJAN(1.0),30/05/26 11:00:00,Annual,Number,74 years,Total,Belgium,2014,87397,,
ESTAT:DEMO_PJAN(1.0),30/05/26 11:00:00,Annual,Number,74 years,Total,Belgium,2015,80251,,
ESTAT:DEMO_PJAN(1.0),30/05/26 11:00:00,Annual,Number,74 years,Total,Belgium,2016,71318,,
ESTAT:DEMO_PJAN(1.0),30/05/26 11:00:00,Annual,Number,74 years,Total,Belgium,2017,77847,,
ESTAT:DEMO_PJAN(1.0),30/05/26 11:00:00,Annual,Number,74 years,Total,Belgium,2018,87595,,
ESTAT:DEMO_PJAN(1.0),30/05/26 11:00:00,Annual,Number,74 years,Total,Belgium,2019,92037,,
ESTAT:DEMO_PJAN(1.0),30/05/26 11:00:00,Annual,Number,74 years,Total,Belgium,2020,92052,,
ESTAT:DEMO_PJAN(1.0),30/05/26 11:00:00,Annual,Number,74 years,Total,Belgium,2021,108077,,
ESTAT:DEMO_PJAN(1.0),30/05/26 11:00:00,Annual,Number,74 years,Total,Belgium,2022,107471,,
ESTAT:DEMO_PJAN(1.0),30/05/26 11:00:00,Annual,Number,74 years,Total,Belgium,2023,108524,,
ESTAT:DEMO_PJAN(1.0),30/05/26 11:00:00,Annual,Number,74 years,Total,Belgium,2024,107332,,
ESTAT:DEMO_PJAN(1.0),30/05/26 11:00:00,Annual,Number,74 years,Total,Belgium,2025,107745,,
ESTAT:DEMO_PJAN(1.0),30/05/26 11:00:00,Annual,Number,75 years,Females,Belgium,2005,48699,,
ESTAT:DEMO_PJAN(1.0),30/05/26 11:00:00,Annual,Number,75 years,Females,Belgium,2006,51602,,
ESTAT:DEMO_PJAN(1.0),30/05/26 11:00:00,Annual,Number,75 years,Females,Belgium,2007,50734,,
ESTAT:DEMO_PJAN(1.0),30/05/26 11:00:00,Annual,Number,75 years,Females,Belgium,2008,50233,,
ESTAT:DEMO_PJAN(1.0),30/05/26 11:00:00,Annual,Number,75 years,Females,Belgium,2009,47661,,
ESTAT:DEMO_PJAN(1.0),30/05/26 11:00:00,Annual,Number,75 years,Females,Belgium,2010,47387,,
ESTAT:DEMO_PJAN(1.0),30/05/26 11:00:00,Annual,Number,75 years,Females,Belgium,2011,46181,,
ESTAT:DEMO_PJAN(1.0),30/05/26 11:00:00,Annual,Number,75 years,Females,Belgium,2012,46161,,
ESTAT:DEMO_PJAN(1.0),30/05/26 11:00:00,Annual,Number,75 years,Females,Belgium,2013,46405,,
ESTAT:DEMO_PJAN(1.0),30/05/26 11:00:00,Annual,Number,75 years,Females,Belgium,2014,48099,,
ESTAT:DEMO_PJAN(1.0),30/05/26 11:00:00,Annual,Number,75 years,Females,Belgium,2015,47233,,
ESTAT:DEMO_PJAN(1.0),30/05/26 11:00:00,Annual,Number,75 years,Females,Belgium,2016,42980,,
ESTAT:DEMO_PJAN(1.0),30/05/26 11:00:00,Annual,Number,75 years,Females,Belgium,2017,37991,,
ESTAT:DEMO_PJAN(1.0),30/05/26 11:00:00,Annual,Number,75 years,Females,Belgium,2018,41301,,
ESTAT:DEMO_PJAN(1.0),30/05/26 11:00:00,Annual,Number,75 years,Females,Belgium,2019,46295,,
ESTAT:DEMO_PJAN(1.0),30/05/26 11:00:00,Annual,Number,75 years,Females,Belgium,2020,48564,,
ESTAT:DEMO_PJAN(1.0),30/05/26 11:00:00,Annual,Number,75 years,Females,Belgium,2021,48730,,
ESTAT:DEMO_PJAN(1.0),30/05/26 11:00:00,Annual,Number,75 years,Females,Belgium,2022,56542,,
ESTAT:DEMO_PJAN(1.0),30/05/26 11:00:00,Annual,Number,75 years,Females,Belgium,2023,56449,,
ESTAT:DEMO_PJAN(1.0),30/05/26 11:00:00,Annual,Number,75 years,Females,Belgium,2024,56973,,
ESTAT:DEMO_PJAN(1.0),30/05/26 11:00:00,Annual,Number,75 years,Females,Belgium,2025,56004,,
ESTAT:DEMO_PJAN(1.0),30/05/26 11:00:00,Annual,Number,75 years,Males,Belgium,2005,35860,,
ESTAT:DEMO_PJAN(1.0),30/05/26 11:00:00,Annual,Number,75 years,Males,Belgium,2006,38298,,
ESTAT:DEMO_PJAN(1.0),30/05/26 11:00:00,Annual,Number,75 years,Males,Belgium,2007,38598,,
ESTAT:DEMO_PJAN(1.0),30/05/26 11:00:00,Annual,Number,75 years,Males,Belgium,2008,38359,,
ESTAT:DEMO_PJAN(1.0),30/05/26 11:00:00,Annual,Number,75 years,Males,Belgium,2009,37203,,
ESTAT:DEMO_PJAN(1.0),30/05/26 11:00:00,Annual,Number,75 years,Males,Belgium,2010,37272,,
ESTAT:DEMO_PJAN(1.0),30/05/26 11:00:00,Annual,Number,75 years,Males,Belgium,2011,36531,,
ESTAT:DEMO_PJAN(1.0),30/05/26 11:00:00,Annual,Number,75 years,Males,Belgium,2012,36895,,
ESTAT:DEMO_PJAN(1.0),30/05/26 11:00:00,Annual,Number,75 years,Males,Belgium,2013,38059,,
ESTAT:DEMO_PJAN(1.0),30/05/26 11:00:00,Annual,Number,75 years,Males,Belgium,2014,38935,,
ESTAT:DEMO_PJAN(1.0),30/05/26 11:00:00,Annual,Number,75 years,Males,Belgium,2015,37960,,
ESTAT:DEMO_PJAN(1.0),30/05/26 11:00:00,Annual,Number,75 years,Males,Belgium,2016,35234,,
ESTAT:DEMO_PJAN(1.0),30/05/26 11:00:00,Annual,Number,75 years,Males,Belgium,2017,31580,,
ESTAT:DEMO_PJAN(1.0),30/05/26 11:00:00,Annual,Number,75 years,Males,Belgium,2018,34688,,
ESTAT:DEMO_PJAN(1.0),30/05/26 11:00:00,Annual,Number,75 years,Males,Belgium,2019,39164,,
ESTAT:DEMO_PJAN(1.0),30/05/26 11:00:00,Annual,Number,75 years,Males,Belgium,2020,41244,,
ESTAT:DEMO_PJAN(1.0),30/05/26 11:00:00,Annual,Number,75 years,Males,Belgium,2021,40826,,
ESTAT:DEMO_PJAN(1.0),30/05/26 11:00:00,Annual,Number,75 years,Males,Belgium,2022,48763,,
ESTAT:DEMO_PJAN(1.0),30/05/26 11:00:00,Annual,Number,75 years,Males,Belgium,2023,48471,,
ESTAT:DEMO_PJAN(1.0),30/05/26 11:00:00,Annual,Number,75 years,Males,Belgium,2024,49029,,
ESTAT:DEMO_PJAN(1.0),30/05/26 11:00:00,Annual,Number,75 years,Males,Belgium,2025,48810,,
ESTAT:DEMO_PJAN(1.0),30/05/26 11:00:00,Annual,Number,75 years,Total,Belgium,2005,84559,,
ESTAT:DEMO_PJAN(1.0),30/05/26 11:00:00,Annual,Number,75 years,Total,Belgium,2006,89900,,
ESTAT:DEMO_PJAN(1.0),30/05/26 11:00:00,Annual,Number,75 years,Total,Belgium,2007,89332,,
ESTAT:DEMO_PJAN(1.0),30/05/26 11:00:00,Annual,Number,75 years,Total,Belgium,2008,88592,,
ESTAT:DEMO_PJAN(1.0),30/05/26 11:00:00,Annual,Number,75 years,Total,Belgium,2009,84864,,
ESTAT:DEMO_PJAN(1.0),30/05/26 11:00:00,Annual,Number,75 years,Total,Belgium,2010,84659,,
ESTAT:DEMO_PJAN(1.0),30/05/26 11:00:00,Annual,Number,75 years,Total,Belgium,2011,82712,,
ESTAT:DEMO_PJAN(1.0),30/05/26 11:00:00,Annual,Number,75 years,Total,Belgium,2012,83056,,
ESTAT:DEMO_PJAN(1.0),30/05/26 11:00:00,Annual,Number,75 years,Total,Belgium,2013,84464,,
ESTAT:DEMO_PJAN(1.0),30/05/26 11:00:00,Annual,Number,75 years,Total,Belgium,2014,87034,,
ESTAT:DEMO_PJAN(1.0),30/05/26 11:00:00,Annual,Number,75 years,Total,Belgium,2015,85193,,
ESTAT:DEMO_PJAN(1.0),30/05/26 11:00:00,Annual,Number,75 years,Total,Belgium,2016,78214,,
ESTAT:DEMO_PJAN(1.0),30/05/26 11:00:00,Annual,Number,75 years,Total,Belgium,2017,69571,,
ESTAT:DEMO_PJAN(1.0),30/05/26 11:00:00,Annual,Number,75 years,Total,Belgium,2018,75989,,
ESTAT:DEMO_PJAN(1.0),30/05/26 11:00:00,Annual,Number,75 years,Total,Belgium,2019,85459,,
ESTAT:DEMO_PJAN(1.0),30/05/26 11:00:00,Annual,Number,75 years,Total,Belgium,2020,89808,,
ESTAT:DEMO_PJAN(1.0),30/05/26 11:00:00,Annual,Number,75 years,Total,Belgium,2021,89556,,
ESTAT:DEMO_PJAN(1.0),30/05/26 11:00:00,Annual,Number,75 years,Total,Belgium,2022,105305,,
ESTAT:DEMO_PJAN(1.0),30/05/26 11:00:00,Annual,Number,75 years,Total,Belgium,2023,104920,,
ESTAT:DEMO_PJAN(1.0),30/05/26 11:00:00,Annual,Number,75 years,Total,Belgium,2024,106002,,
ESTAT:DEMO_PJAN(1.0),30/05/26 11:00:00,Annual,Number,75 years,Total,Belgium,2025,104814,,
ESTAT:DEMO_PJAN(1.0),30/05/26 11:00:00,Annual,Number,76 years,Females,Belgium,2005,47226,,
ESTAT:DEMO_PJAN(1.0),30/05/26 11:00:00,Annual,Number,76 years,Females,Belgium,2006,47498,,
ESTAT:DEMO_PJAN(1.0),30/05/26 11:00:00,Annual,Number,76 years,Females,Belgium,2007,50365,,
ESTAT:DEMO_PJAN(1.0),30/05/26 11:00:00,Annual,Number,76 years,Females,Belgium,2008,49575,,
ESTAT:DEMO_PJAN(1.0),30/05/26 11:00:00,Annual,Number,76 years,Females,Belgium,2009,49079,,
ESTAT:DEMO_PJAN(1.0),30/05/26 11:00:00,Annual,Number,76 years,Females,Belgium,2010,46590,,
ESTAT:DEMO_PJAN(1.0),30/05/26 11:00:00,Annual,Number,76 years,Females,Belgium,2011,46428,,
ESTAT:DEMO_PJAN(1.0),30/05/26 11:00:00,Annual,Number,76 years,Females,Belgium,2012,45261,,
ESTAT:DEMO_PJAN(1.0),30/05/26 11:00:00,Annual,Number,76 years,Females,Belgium,2013,45196,,
ESTAT:DEMO_PJAN(1.0),30/05/26 11:00:00,Annual,Number,76 years,Females,Belgium,2014,45396,,
ESTAT:DEMO_PJAN(1.0),30/05/26 11:00:00,Annual,Number,76 years,Females,Belgium,2015,47089,,
ESTAT:DEMO_PJAN(1.0),30/05/26 11:00:00,Annual,Number,76 years,Females,Belgium,2016,46254,,
ESTAT:DEMO_PJAN(1.0),30/05/26 11:00:00,Annual,Number,76 years,Females,Belgium,2017,42077,,
ESTAT:DEMO_PJAN(1.0),30/05/26 11:00:00,Annual,Number,76 years,Females,Belgium,2018,37214,,
ESTAT:DEMO_PJAN(1.0),30/05/26 11:00:00,Annual,Number,76 years,Females,Belgium,2019,40482,,
ESTAT:DEMO_PJAN(1.0),30/05/26 11:00:00,Annual,Number,76 years,Females,Belgium,2020,45394,,
ESTAT:DEMO_PJAN(1.0),30/05/26 11:00:00,Annual,Number,76 years,Females,Belgium,2021,47495,,
ESTAT:DEMO_PJAN(1.0),30/05/26 11:00:00,Annual,Number,76 years,Females,Belgium,2022,47740,,
ESTAT:DEMO_PJAN(1.0),30/05/26 11:00:00,Annual,Number,76 years,Females,Belgium,2023,55436,,
ESTAT:DEMO_PJAN(1.0),30/05/26 11:00:00,Annual,Number,76 years,Females,Belgium,2024,55332,,
ESTAT:DEMO_PJAN(1.0),30/05/26 11:00:00,Annual,Number,76 years,Females,Belgium,2025,55880,,
ESTAT:DEMO_PJAN(1.0),30/05/26 11:00:00,Annual,Number,76 years,Males,Belgium,2005,33609,,
ESTAT:DEMO_PJAN(1.0),30/05/26 11:00:00,Annual,Number,76 years,Males,Belgium,2006,34220,,
ESTAT:DEMO_PJAN(1.0),30/05/26 11:00:00,Annual,Number,76 years,Males,Belgium,2007,36584,,
ESTAT:DEMO_PJAN(1.0),30/05/26 11:00:00,Annual,Number,76 years,Males,Belgium,2008,37002,,
ESTAT:DEMO_PJAN(1.0),30/05/26 11:00:00,Annual,Number,76 years,Males,Belgium,2009,36791,,
ESTAT:DEMO_PJAN(1.0),30/05/26 11:00:00,Annual,Number,76 years,Males,Belgium,2010,35710,,
ESTAT:DEMO_PJAN(1.0),30/05/26 11:00:00,Annual,Number,76 years,Males,Belgium,2011,35856,,
ESTAT:DEMO_PJAN(1.0),30/05/26 11:00:00,Annual,Number,76 years,Males,Belgium,2012,35177,,
ESTAT:DEMO_PJAN(1.0),30/05/26 11:00:00,Annual,Number,76 years,Males,Belgium,2013,35473,,
ESTAT:DEMO_PJAN(1.0),30/05/26 11:00:00,Annual,Number,76 years,Males,Belgium,2014,36571,,
ESTAT:DEMO_PJAN(1.0),30/05/26 11:00:00,Annual,Number,76 years,Males,Belgium,2015,37629,,
ESTAT:DEMO_PJAN(1.0),30/05/26 11:00:00,Annual,Number,76 years,Males,Belgium,2016,36608,,
ESTAT:DEMO_PJAN(1.0),30/05/26 11:00:00,Annual,Number,76 years,Males,Belgium,2017,33965,,
ESTAT:DEMO_PJAN(1.0),30/05/26 11:00:00,Annual,Number,76 years,Males,Belgium,2018,30421,,
ESTAT:DEMO_PJAN(1.0),30/05/26 11:00:00,Annual,Number,76 years,Males,Belgium,2019,33539,,
ESTAT:DEMO_PJAN(1.0),30/05/26 11:00:00,Annual,Number,76 years,Males,Belgium,2020,37849,,
ESTAT:DEMO_PJAN(1.0),30/05/26 11:00:00,Annual,Number,76 years,Males,Belgium,2021,39719,,
ESTAT:DEMO_PJAN(1.0),30/05/26 11:00:00,Annual,Number,76 years,Males,Belgium,2022,39346,,
ESTAT:DEMO_PJAN(1.0),30/05/26 11:00:00,Annual,Number,76 years,Males,Belgium,2023,47196,,
ESTAT:DEMO_PJAN(1.0),30/05/26 11:00:00,Annual,Number,76 years,Males,Belgium,2024,46968,,
ESTAT:DEMO_PJAN(1.0),30/05/26 11:00:00,Annual,Number,76 years,Males,Belgium,2025,47436,,
ESTAT:DEMO_PJAN(1.0),30/05/26 11:00:00,Annual,Number,76 years,Total,Belgium,2005,80835,,
ESTAT:DEMO_PJAN(1.0),30/05/26 11:00:00,Annual,Number,76 years,Total,Belgium,2006,81718,,
ESTAT:DEMO_PJAN(1.0),30/05/26 11:00:00,Annual,Number,76 years,Total,Belgium,2007,86949,,
ESTAT:DEMO_PJAN(1.0),30/05/26 11:00:00,Annual,Number,76 years,Total,Belgium,2008,86577,,
ESTAT:DEMO_PJAN(1.0),30/05/26 11:00:00,Annual,Number,76 years,Total,Belgium,2009,85870,,
ESTAT:DEMO_PJAN(1.0),30/05/26 11:00:00,Annual,Number,76 years,Total,Belgium,2010,82300,,
ESTAT:DEMO_PJAN(1.0),30/05/26 11:00:00,Annual,Number,76 years,Total,Belgium,2011,82284,,
ESTAT:DEMO_PJAN(1.0),30/05/26 11:00:00,Annual,Number,76 years,Total,Belgium,2012,80438,,
ESTAT:DEMO_PJAN(1.0),30/05/26 11:00:00,Annual,Number,76 years,Total,Belgium,2013,80669,,
ESTAT:DEMO_PJAN(1.0),30/05/26 11:00:00,Annual,Number,76 years,Total,Belgium,2014,81967,,
ESTAT:DEMO_PJAN(1.0),30/05/26 11:00:00,Annual,Number,76 years,Total,Belgium,2015,84718,,
ESTAT:DEMO_PJAN(1.0),30/05/26 11:00:00,Annual,Number,76 years,Total,Belgium,2016,82862,,
ESTAT:DEMO_PJAN(1.0),30/05/26 11:00:00,Annual,Number,76 years,Total,Belgium,2017,76042,,
ESTAT:DEMO_PJAN(1.0),30/05/26 11:00:00,Annual,Number,76 years,Total,Belgium,2018,67635,,
ESTAT:DEMO_PJAN(1.0),30/05/26 11:00:00,Annual,Number,76 years,Total,Belgium,2019,74021,,
ESTAT:DEMO_PJAN(1.0),30/05/26 11:00:00,Annual,Number,76 years,Total,Belgium,2020,83243,,
ESTAT:DEMO_PJAN(1.0),30/05/26 11:00:00,Annual,Number,76 years,Total,Belgium,2021,87214,,
ESTAT:DEMO_PJAN(1.0),30/05/26 11:00:00,Annual,Number,76 years,Total,Belgium,2022,87086,,
ESTAT:DEMO_PJAN(1.0),30/05/26 11:00:00,Annual,Number,76 years,Total,Belgium,2023,102632,,
ESTAT:DEMO_PJAN(1.0),30/05/26 11:00:00,Annual,Number,76 years,Total,Belgium,2024,102300,,
ESTAT:DEMO_PJAN(1.0),30/05/26 11:00:00,Annual,Number,76 years,Total,Belgium,2025,103316,,
ESTAT:DEMO_PJAN(1.0),30/05/26 11:00:00,Annual,Number,77 years,Females,Belgium,2005,45012,,
ESTAT:DEMO_PJAN(1.0),30/05/26 11:00:00,Annual,Number,77 years,Females,Belgium,2006,45981,,
ESTAT:DEMO_PJAN(1.0),30/05/26 11:00:00,Annual,Number,77 years,Females,Belgium,2007,46191,,
ESTAT:DEMO_PJAN(1.0),30/05/26 11:00:00,Annual,Number,77 years,Females,Belgium,2008,49129,,
ESTAT:DEMO_PJAN(1.0),30/05/26 11:00:00,Annual,Number,77 years,Females,Belgium,2009,48246,,
ESTAT:DEMO_PJAN(1.0),30/05/26 11:00:00,Annual,Number,77 years,Females,Belgium,2010,47917,,
ESTAT:DEMO_PJAN(1.0),30/05/26 11:00:00,Annual,Number,77 years,Females,Belgium,2011,45392,,
ESTAT:DEMO_PJAN(1.0),30/05/26 11:00:00,Annual,Number,77 years,Females,Belgium,2012,45316,,
ESTAT:DEMO_PJAN(1.0),30/05/26 11:00:00,Annual,Number,77 years,Females,Belgium,2013,44141,,
ESTAT:DEMO_PJAN(1.0),30/05/26 11:00:00,Annual,Number,77 years,Females,Belgium,2014,44100,,
ESTAT:DEMO_PJAN(1.0),30/05/26 11:00:00,Annual,Number,77 years,Females,Belgium,2015,44442,,
ESTAT:DEMO_PJAN(1.0),30/05/26 11:00:00,Annual,Number,77 years,Females,Belgium,2016,46031,,
ESTAT:DEMO_PJAN(1.0),30/05/26 11:00:00,Annual,Number,77 years,Females,Belgium,2017,45205,,
ESTAT:DEMO_PJAN(1.0),30/05/26 11:00:00,Annual,Number,77 years,Females,Belgium,2018,41067,,
ESTAT:DEMO_PJAN(1.0),30/05/26 11:00:00,Annual,Number,77 years,Females,Belgium,2019,36393,,
ESTAT:DEMO_PJAN(1.0),30/05/26 11:00:00,Annual,Number,77 years,Females,Belgium,2020,39614,,
ESTAT:DEMO_PJAN(1.0),30/05/26 11:00:00,Annual,Number,77 years,Females,Belgium,2021,44267,,
ESTAT:DEMO_PJAN(1.0),30/05/26 11:00:00,Annual,Number,77 years,Females,Belgium,2022,46369,,
ESTAT:DEMO_PJAN(1.0),30/05/26 11:00:00,Annual,Number,77 years,Females,Belgium,2023,46696,,
ESTAT:DEMO_PJAN(1.0),30/05/26 11:00:00,Annual,Number,77 years,Females,Belgium,2024,54242,,
ESTAT:DEMO_PJAN(1.0),30/05/26 11:00:00,Annual,Number,77 years,Females,Belgium,2025,54138,,
ESTAT:DEMO_PJAN(1.0),30/05/26 11:00:00,Annual,Number,77 years,Males,Belgium,2005,31303,,
ESTAT:DEMO_PJAN(1.0),30/05/26 11:00:00,Annual,Number,77 years,Males,Belgium,2006,31910,,
ESTAT:DEMO_PJAN(1.0),30/05/26 11:00:00,Annual,Number,77 years,Males,Belgium,2007,32566,,
ESTAT:DEMO_PJAN(1.0),30/05/26 11:00:00,Annual,Number,77 years,Males,Belgium,2008,34880,,
ESTAT:DEMO_PJAN(1.0),30/05/26 11:00:00,Annual,Number,77 years,Males,Belgium,2009,35258,,
ESTAT:DEMO_PJAN(1.0),30/05/26 11:00:00,Annual,Number,77 years,Males,Belgium,2010,35087,,
ESTAT:DEMO_PJAN(1.0),30/05/26 11:00:00,Annual,Number,77 years,Males,Belgium,2011,34167,,
ESTAT:DEMO_PJAN(1.0),30/05/26 11:00:00,Annual,Number,77 years,Males,Belgium,2012,34374,,
ESTAT:DEMO_PJAN(1.0),30/05/26 11:00:00,Annual,Number,77 years,Males,Belgium,2013,33703,,
ESTAT:DEMO_PJAN(1.0),30/05/26 11:00:00,Annual,Number,77 years,Males,Belgium,2014,33979,,
ESTAT:DEMO_PJAN(1.0),30/05/26 11:00:00,Annual,Number,77 years,Males,Belgium,2015,35144,,
ESTAT:DEMO_PJAN(1.0),30/05/26 11:00:00,Annual,Number,77 years,Males,Belgium,2016,36039,,
ESTAT:DEMO_PJAN(1.0),30/05/26 11:00:00,Annual,Number,77 years,Males,Belgium,2017,35125,,
ESTAT:DEMO_PJAN(1.0),30/05/26 11:00:00,Annual,Number,77 years,Males,Belgium,2018,32641,,
ESTAT:DEMO_PJAN(1.0),30/05/26 11:00:00,Annual,Number,77 years,Males,Belgium,2019,29253,,
ESTAT:DEMO_PJAN(1.0),30/05/26 11:00:00,Annual,Number,77 years,Males,Belgium,2020,32320,,
ESTAT:DEMO_PJAN(1.0),30/05/26 11:00:00,Annual,Number,77 years,Males,Belgium,2021,36238,,
ESTAT:DEMO_PJAN(1.0),30/05/26 11:00:00,Annual,Number,77 years,Males,Belgium,2022,38211,,
ESTAT:DEMO_PJAN(1.0),30/05/26 11:00:00,Annual,Number,77 years,Males,Belgium,2023,37854,,
ESTAT:DEMO_PJAN(1.0),30/05/26 11:00:00,Annual,Number,77 years,Males,Belgium,2024,45465,,
ESTAT:DEMO_PJAN(1.0),30/05/26 11:00:00,Annual,Number,77 years,Males,Belgium,2025,45344,,
ESTAT:DEMO_PJAN(1.0),30/05/26 11:00:00,Annual,Number,77 years,Total,Belgium,2005,76315,,
ESTAT:DEMO_PJAN(1.0),30/05/26 11:00:00,Annual,Number,77 years,Total,Belgium,2006,77891,,
ESTAT:DEMO_PJAN(1.0),30/05/26 11:00:00,Annual,Number,77 years,Total,Belgium,2007,78757,,
ESTAT:DEMO_PJAN(1.0),30/05/26 11:00:00,Annual,Number,77 years,Total,Belgium,2008,84009,,
ESTAT:DEMO_PJAN(1.0),30/05/26 11:00:00,Annual,Number,77 years,Total,Belgium,2009,83504,,
ESTAT:DEMO_PJAN(1.0),30/05/26 11:00:00,Annual,Number,77 years,Total,Belgium,2010,83004,,
ESTAT:DEMO_PJAN(1.0),30/05/26 11:00:00,Annual,Number,77 years,Total,Belgium,2011,79559,,
ESTAT:DEMO_PJAN(1.0),30/05/26 11:00:00,Annual,Number,77 years,Total,Belgium,2012,79690,,
ESTAT:DEMO_PJAN(1.0),30/05/26 11:00:00,Annual,Number,77 years,Total,Belgium,2013,77844,,
ESTAT:DEMO_PJAN(1.0),30/05/26 11:00:00,Annual,Number,77 years,Total,Belgium,2014,78079,,
ESTAT:DEMO_PJAN(1.0),30/05/26 11:00:00,Annual,Number,77 years,Total,Belgium,2015,79586,,
ESTAT:DEMO_PJAN(1.0),30/05/26 11:00:00,Annual,Number,77 years,Total,Belgium,2016,82070,,
ESTAT:DEMO_PJAN(1.0),30/05/26 11:00:00,Annual,Number,77 years,Total,Belgium,2017,80330,,
ESTAT:DEMO_PJAN(1.0),30/05/26 11:00:00,Annual,Number,77 years,Total,Belgium,2018,73708,,
ESTAT:DEMO_PJAN(1.0),30/05/26 11:00:00,Annual,Number,77 years,Total,Belgium,2019,65646,,
ESTAT:DEMO_PJAN(1.0),30/05/26 11:00:00,Annual,Number,77 years,Total,Belgium,2020,71934,,
ESTAT:DEMO_PJAN(1.0),30/05/26 11:00:00,Annual,Number,77 years,Total,Belgium,2021,80505,,
ESTAT:DEMO_PJAN(1.0),30/05/26 11:00:00,Annual,Number,77 years,Total,Belgium,2022,84580,,
ESTAT:DEMO_PJAN(1.0),30/05/26 11:00:00,Annual,Number,77 years,Total,Belgium,2023,84550,,
ESTAT:DEMO_PJAN(1.0),30/05/26 11:00:00,Annual,Number,77 years,Total,Belgium,2024,99707,,
ESTAT:DEMO_PJAN(1.0),30/05/26 11:00:00,Annual,Number,77 years,Total,Belgium,2025,99482,,
ESTAT:DEMO_PJAN(1.0),30/05/26 11:00:00,Annual,Number,78 years,Females,Belgium,2005,44400,,
ESTAT:DEMO_PJAN(1.0),30/05/26 11:00:00,Annual,Number,78 years,Females,Belgium,2006,43588,,
ESTAT:DEMO_PJAN(1.0),30/05/26 11:00:00,Annual,Number,78 years,Females,Belgium,2007,44617,,
ESTAT:DEMO_PJAN(1.0),30/05/26 11:00:00,Annual,Number,78 years,Females,Belgium,2008,44784,,
ESTAT:DEMO_PJAN(1.0),30/05/26 11:00:00,Annual,Number,78 years,Females,Belgium,2009,47626,,
ESTAT:DEMO_PJAN(1.0),30/05/26 11:00:00,Annual,Number,78 years,Females,Belgium,2010,46896,,
ESTAT:DEMO_PJAN(1.0),30/05/26 11:00:00,Annual,Number,78 years,Females,Belgium,2011,46617,,
ESTAT:DEMO_PJAN(1.0),30/05/26 11:00:00,Annual,Number,78 years,Females,Belgium,2012,44158,,
ESTAT:DEMO_PJAN(1.0),30/05/26 11:00:00,Annual,Number,78 years,Females,Belgium,2013,44083,,
ESTAT:DEMO_PJAN(1.0),30/05/26 11:00:00,Annual,Number,78 years,Females,Belgium,2014,42969,,
ESTAT:DEMO_PJAN(1.0),30/05/26 11:00:00,Annual,Number,78 years,Females,Belgium,2015,42952,,
ESTAT:DEMO_PJAN(1.0),30/05/26 11:00:00,Annual,Number,78 years,Females,Belgium,2016,43271,,
ESTAT:DEMO_PJAN(1.0),30/05/26 11:00:00,Annual,Number,78 years,Females,Belgium,2017,44907,,
ESTAT:DEMO_PJAN(1.0),30/05/26 11:00:00,Annual,Number,78 years,Females,Belgium,2018,44114,,
ESTAT:DEMO_PJAN(1.0),30/05/26 11:00:00,Annual,Number,78 years,Females,Belgium,2019,40061,,
ESTAT:DEMO_PJAN(1.0),30/05/26 11:00:00,Annual,Number,78 years,Females,Belgium,2020,35445,,
ESTAT:DEMO_PJAN(1.0),30/05/26 11:00:00,Annual,Number,78 years,Females,Belgium,2021,38430,,
ESTAT:DEMO_PJAN(1.0),30/05/26 11:00:00,Annual,Number,78 years,Females,Belgium,2022,43116,,
ESTAT:DEMO_PJAN(1.0),30/05/26 11:00:00,Annual,Number,78 years,Females,Belgium,2023,45212,,
ESTAT:DEMO_PJAN(1.0),30/05/26 11:00:00,Annual,Number,78 years,Females,Belgium,2024,45547,,
ESTAT:DEMO_PJAN(1.0),30/05/26 11:00:00,Annual,Number,78 years,Females,Belgium,2025,52927,,
ESTAT:DEMO_PJAN(1.0),30/05/26 11:00:00,Annual,Number,78 years,Males,Belgium,2005,29129,,
ESTAT:DEMO_PJAN(1.0),30/05/26 11:00:00,Annual,Number,78 years,Males,Belgium,2006,29516,,
ESTAT:DEMO_PJAN(1.0),30/05/26 11:00:00,Annual,Number,78 years,Males,Belgium,2007,30140,,
ESTAT:DEMO_PJAN(1.0),30/05/26 11:00:00,Annual,Number,78 years,Males,Belgium,2008,30827,,
ESTAT:DEMO_PJAN(1.0),30/05/26 11:00:00,Annual,Number,78 years,Males,Belgium,2009,33044,,
ESTAT:DEMO_PJAN(1.0),30/05/26 11:00:00,Annual,Number,78 years,Males,Belgium,2010,33469,,
ESTAT:DEMO_PJAN(1.0),30/05/26 11:00:00,Annual,Number,78 years,Males,Belgium,2011,33345,,
ESTAT:DEMO_PJAN(1.0),30/05/26 11:00:00,Annual,Number,78 years,Males,Belgium,2012,32574,,
ESTAT:DEMO_PJAN(1.0),30/05/26 11:00:00,Annual,Number,78 years,Males,Belgium,2013,32752,,
ESTAT:DEMO_PJAN(1.0),30/05/26 11:00:00,Annual,Number,78 years,Males,Belgium,2014,32065,,
ESTAT:DEMO_PJAN(1.0),30/05/26 11:00:00,Annual,Number,78 years,Males,Belgium,2015,32539,,
ESTAT:DEMO_PJAN(1.0),30/05/26 11:00:00,Annual,Number,78 years,Males,Belgium,2016,33623,,
ESTAT:DEMO_PJAN(1.0),30/05/26 11:00:00,Annual,Number,78 years,Males,Belgium,2017,34490,,
ESTAT:DEMO_PJAN(1.0),30/05/26 11:00:00,Annual,Number,78 years,Males,Belgium,2018,33621,,
ESTAT:DEMO_PJAN(1.0),30/05/26 11:00:00,Annual,Number,78 years,Males,Belgium,2019,31265,,
ESTAT:DEMO_PJAN(1.0),30/05/26 11:00:00,Annual,Number,78 years,Males,Belgium,2020,28043,,
ESTAT:DEMO_PJAN(1.0),30/05/26 11:00:00,Annual,Number,78 years,Males,Belgium,2021,30800,,
ESTAT:DEMO_PJAN(1.0),30/05/26 11:00:00,Annual,Number,78 years,Males,Belgium,2022,34675,,
ESTAT:DEMO_PJAN(1.0),30/05/26 11:00:00,Annual,Number,78 years,Males,Belgium,2023,36643,,
ESTAT:DEMO_PJAN(1.0),30/05/26 11:00:00,Annual,Number,78 years,Males,Belgium,2024,36401,,
ESTAT:DEMO_PJAN(1.0),30/05/26 11:00:00,Annual,Number,78 years,Males,Belgium,2025,43767,,
ESTAT:DEMO_PJAN(1.0),30/05/26 11:00:00,Annual,Number,78 years,Total,Belgium,2005,73529,,
ESTAT:DEMO_PJAN(1.0),30/05/26 11:00:00,Annual,Number,78 years,Total,Belgium,2006,73104,,
ESTAT:DEMO_PJAN(1.0),30/05/26 11:00:00,Annual,Number,78 years,Total,Belgium,2007,74757,,
ESTAT:DEMO_PJAN(1.0),30/05/26 11:00:00,Annual,Number,78 years,Total,Belgium,2008,75611,,
ESTAT:DEMO_PJAN(1.0),30/05/26 11:00:00,Annual,Number,78 years,Total,Belgium,2009,80670,,
ESTAT:DEMO_PJAN(1.0),30/05/26 11:00:00,Annual,Number,78 years,Total,Belgium,2010,80365,,
ESTAT:DEMO_PJAN(1.0),30/05/26 11:00:00,Annual,Number,78 years,Total,Belgium,2011,79962,,
ESTAT:DEMO_PJAN(1.0),30/05/26 11:00:00,Annual,Number,78 years,Total,Belgium,2012,76732,,
ESTAT:DEMO_PJAN(1.0),30/05/26 11:00:00,Annual,Number,78 years,Total,Belgium,2013,76835,,
ESTAT:DEMO_PJAN(1.0),30/05/26 11:00:00,Annual,Number,78 years,Total,Belgium,2014,75034,,
ESTAT:DEMO_PJAN(1.0),30/05/26 11:00:00,Annual,Number,78 years,Total,Belgium,2015,75491,,
ESTAT:DEMO_PJAN(1.0),30/05/26 11:00:00,Annual,Number,78 years,Total,Belgium,2016,76894,,
ESTAT:DEMO_PJAN(1.0),30/05/26 11:00:00,Annual,Number,78 years,Total,Belgium,2017,79397,,
ESTAT:DEMO_PJAN(1.0),30/05/26 11:00:00,Annual,Number,78 years,Total,Belgium,2018,77735,,
ESTAT:DEMO_PJAN(1.0),30/05/26 11:00:00,Annual,Number,78 years,Total,Belgium,2019,71326,,
ESTAT:DEMO_PJAN(1.0),30/05/26 11:00:00,Annual,Number,78 years,Total,Belgium,2020,63488,,
ESTAT:DEMO_PJAN(1.0),30/05/26 11:00:00,Annual,Number,78 years,Total,Belgium,2021,69230,,
ESTAT:DEMO_PJAN(1.0),30/05/26 11:00:00,Annual,Number,78 years,Total,Belgium,2022,77791,,
ESTAT:DEMO_PJAN(1.0),30/05/26 11:00:00,Annual,Number,78 years,Total,Belgium,2023,81855,,
ESTAT:DEMO_PJAN(1.0),30/05/26 11:00:00,Annual,Number,78 years,Total,Belgium,2024,81948,,
ESTAT:DEMO_PJAN(1.0),30/05/26 11:00:00,Annual,Number,78 years,Total,Belgium,2025,96694,,
ESTAT:DEMO_PJAN(1.0),30/05/26 11:00:00,Annual,Number,79 years,Females,Belgium,2005,43133,,
ESTAT:DEMO_PJAN(1.0),30/05/26 11:00:00,Annual,Number,79 years,Females,Belgium,2006,42791,,
ESTAT:DEMO_PJAN(1.0),30/05/26 11:00:00,Annual,Number,79 years,Females,Belgium,2007,42012,,
ESTAT:DEMO_PJAN(1.0),30/05/26 11:00:00,Annual,Number,79 years,Females,Belgium,2008,43122,,
ESTAT:DEMO_PJAN(1.0),30/05/26 11:00:00,Annual,Number,79 years,Females,Belgium,2009,43334,,
ESTAT:DEMO_PJAN(1.0),30/05/26 11:00:00,Annual,Number,79 years,Females,Belgium,2010,46039,,
ESTAT:DEMO_PJAN(1.0),30/05/26 11:00:00,Annual,Number,79 years,Females,Belgium,2011,45438,,
ESTAT:DEMO_PJAN(1.0),30/05/26 11:00:00,Annual,Number,79 years,Females,Belgium,2012,45194,,
ESTAT:DEMO_PJAN(1.0),30/05/26 11:00:00,Annual,Number,79 years,Females,Belgium,2013,42794,,
ESTAT:DEMO_PJAN(1.0),30/05/26 11:00:00,Annual,Number,79 years,Females,Belgium,2014,42747,,
ESTAT:DEMO_PJAN(1.0),30/05/26 11:00:00,Annual,Number,79 years,Females,Belgium,2015,41735,,
ESTAT:DEMO_PJAN(1.0),30/05/26 11:00:00,Annual,Number,79 years,Females,Belgium,2016,41663,,
ESTAT:DEMO_PJAN(1.0),30/05/26 11:00:00,Annual,Number,79 years,Females,Belgium,2017,41998,,
ESTAT:DEMO_PJAN(1.0),30/05/26 11:00:00,Annual,Number,79 years,Females,Belgium,2018,43626,,
ESTAT:DEMO_PJAN(1.0),30/05/26 11:00:00,Annual,Number,79 years,Females,Belgium,2019,42808,,
ESTAT:DEMO_PJAN(1.0),30/05/26 11:00:00,Annual,Number,79 years,Females,Belgium,2020,38997,,
ESTAT:DEMO_PJAN(1.0),30/05/26 11:00:00,Annual,Number,79 years,Females,Belgium,2021,34329,,
ESTAT:DEMO_PJAN(1.0),30/05/26 11:00:00,Annual,Number,79 years,Females,Belgium,2022,37328,,
ESTAT:DEMO_PJAN(1.0),30/05/26 11:00:00,Annual,Number,79 years,Females,Belgium,2023,41909,,
ESTAT:DEMO_PJAN(1.0),30/05/26 11:00:00,Annual,Number,79 years,Females,Belgium,2024,43938,,
ESTAT:DEMO_PJAN(1.0),30/05/26 11:00:00,Annual,Number,79 years,Females,Belgium,2025,44325,,
ESTAT:DEMO_PJAN(1.0),30/05/26 11:00:00,Annual,Number,79 years,Males,Belgium,2005,27735,,
ESTAT:DEMO_PJAN(1.0),30/05/26 11:00:00,Annual,Number,79 years,Males,Belgium,2006,27291,,
ESTAT:DEMO_PJAN(1.0),30/05/26 11:00:00,Annual,Number,79 years,Males,Belgium,2007,27713,,
ESTAT:DEMO_PJAN(1.0),30/05/26 11:00:00,Annual,Number,79 years,Males,Belgium,2008,28445,,
ESTAT:DEMO_PJAN(1.0),30/05/26 11:00:00,Annual,Number,79 years,Males,Belgium,2009,28954,,
ESTAT:DEMO_PJAN(1.0),30/05/26 11:00:00,Annual,Number,79 years,Males,Belgium,2010,31212,,
ESTAT:DEMO_PJAN(1.0),30/05/26 11:00:00,Annual,Number,79 years,Males,Belgium,2011,31639,,
ESTAT:DEMO_PJAN(1.0),30/05/26 11:00:00,Annual,Number,79 years,Males,Belgium,2012,31536,,
ESTAT:DEMO_PJAN(1.0),30/05/26 11:00:00,Annual,Number,79 years,Males,Belgium,2013,30816,,
ESTAT:DEMO_PJAN(1.0),30/05/26 11:00:00,Annual,Number,79 years,Males,Belgium,2014,31006,,
ESTAT:DEMO_PJAN(1.0),30/05/26 11:00:00,Annual,Number,79 years,Males,Belgium,2015,30531,,
ESTAT:DEMO_PJAN(1.0),30/05/26 11:00:00,Annual,Number,79 years,Males,Belgium,2016,30961,,
ESTAT:DEMO_PJAN(1.0),30/05/26 11:00:00,Annual,Number,79 years,Males,Belgium,2017,32040,,
ESTAT:DEMO_PJAN(1.0),30/05/26 11:00:00,Annual,Number,79 years,Males,Belgium,2018,32889,,
ESTAT:DEMO_PJAN(1.0),30/05/26 11:00:00,Annual,Number,79 years,Males,Belgium,2019,32060,,
ESTAT:DEMO_PJAN(1.0),30/05/26 11:00:00,Annual,Number,79 years,Males,Belgium,2020,29835,,
ESTAT:DEMO_PJAN(1.0),30/05/26 11:00:00,Annual,Number,79 years,Males,Belgium,2021,26637,,
ESTAT:DEMO_PJAN(1.0),30/05/26 11:00:00,Annual,Number,79 years,Males,Belgium,2022,29266,,
ESTAT:DEMO_PJAN(1.0),30/05/26 11:00:00,Annual,Number,79 years,Males,Belgium,2023,33120,,
ESTAT:DEMO_PJAN(1.0),30/05/26 11:00:00,Annual,Number,79 years,Males,Belgium,2024,35108,,
ESTAT:DEMO_PJAN(1.0),30/05/26 11:00:00,Annual,Number,79 years,Males,Belgium,2025,34857,,
ESTAT:DEMO_PJAN(1.0),30/05/26 11:00:00,Annual,Number,79 years,Total,Belgium,2005,70868,,
ESTAT:DEMO_PJAN(1.0),30/05/26 11:00:00,Annual,Number,79 years,Total,Belgium,2006,70082,,
ESTAT:DEMO_PJAN(1.0),30/05/26 11:00:00,Annual,Number,79 years,Total,Belgium,2007,69725,,
ESTAT:DEMO_PJAN(1.0),30/05/26 11:00:00,Annual,Number,79 years,Total,Belgium,2008,71567,,
ESTAT:DEMO_PJAN(1.0),30/05/26 11:00:00,Annual,Number,79 years,Total,Belgium,2009,72288,,
ESTAT:DEMO_PJAN(1.0),30/05/26 11:00:00,Annual,Number,79 years,Total,Belgium,2010,77251,,
ESTAT:DEMO_PJAN(1.0),30/05/26 11:00:00,Annual,Number,79 years,Total,Belgium,2011,77077,,
ESTAT:DEMO_PJAN(1.0),30/05/26 11:00:00,Annual,Number,79 years,Total,Belgium,2012,76730,,
ESTAT:DEMO_PJAN(1.0),30/05/26 11:00:00,Annual,Number,79 years,Total,Belgium,2013,73610,,
ESTAT:DEMO_PJAN(1.0),30/05/26 11:00:00,Annual,Number,79 years,Total,Belgium,2014,73753,,
ESTAT:DEMO_PJAN(1.0),30/05/26 11:00:00,Annual,Number,79 years,Total,Belgium,2015,72266,,
ESTAT:DEMO_PJAN(1.0),30/05/26 11:00:00,Annual,Number,79 years,Total,Belgium,2016,72624,,
ESTAT:DEMO_PJAN(1.0),30/05/26 11:00:00,Annual,Number,79 years,Total,Belgium,2017,74038,,
ESTAT:DEMO_PJAN(1.0),30/05/26 11:00:00,Annual,Number,79 years,Total,Belgium,2018,76515,,
ESTAT:DEMO_PJAN(1.0),30/05/26 11:00:00,Annual,Number,79 years,Total,Belgium,2019,74868,,
ESTAT:DEMO_PJAN(1.0),30/05/26 11:00:00,Annual,Number,79 years,Total,Belgium,2020,68832,,
ESTAT:DEMO_PJAN(1.0),30/05/26 11:00:00,Annual,Number,79 years,Total,Belgium,2021,60966,,
ESTAT:DEMO_PJAN(1.0),30/05/26 11:00:00,Annual,Number,79 years,Total,Belgium,2022,66594,,
ESTAT:DEMO_PJAN(1.0),30/05/26 11:00:00,Annual,Number,79 years,Total,Belgium,2023,75029,,
ESTAT:DEMO_PJAN(1.0),30/05/26 11:00:00,Annual,Number,79 years,Total,Belgium,2024,79046,,
ESTAT:DEMO_PJAN(1.0),30/05/26 11:00:00,Annual,Number,79 years,Total,Belgium,2025,79182,,
ESTAT:DEMO_PJAN(1.0),30/05/26 11:00:00,Annual,Number,8 years,Females,Belgium,2005,58476,,
ESTAT:DEMO_PJAN(1.0),30/05/26 11:00:00,Annual,Number,8 years,Females,Belgium,2006,58519,,
ESTAT:DEMO_PJAN(1.0),30/05/26 11:00:00,Annual,Number,8 years,Females,Belgium,2007,57842,,
ESTAT:DEMO_PJAN(1.0),30/05/26 11:00:00,Annual,Number,8 years,Females,Belgium,2008,57969,,
ESTAT:DEMO_PJAN(1.0),30/05/26 11:00:00,Annual,Number,8 years,Females,Belgium,2009,58742,,
ESTAT:DEMO_PJAN(1.0),30/05/26 11:00:00,Annual,Number,8 years,Females,Belgium,2010,58478,,
ESTAT:DEMO_PJAN(1.0),30/05/26 11:00:00,Annual,Number,8 years,Females,Belgium,2011,58087,,
ESTAT:DEMO_PJAN(1.0),30/05/26 11:00:00,Annual,Number,8 years,Females,Belgium,2012,58889,,
ESTAT:DEMO_PJAN(1.0),30/05/26 11:00:00,Annual,Number,8 years,Females,Belgium,2013,60383,,
ESTAT:DEMO_PJAN(1.0),30/05/26 11:00:00,Annual,Number,8 years,Females,Belgium,2014,61383,,
ESTAT:DEMO_PJAN(1.0),30/05/26 11:00:00,Annual,Number,8 years,Females,Belgium,2015,63391,,
ESTAT:DEMO_PJAN(1.0),30/05/26 11:00:00,Annual,Number,8 years,Females,Belgium,2016,64117,,
ESTAT:DEMO_PJAN(1.0),30/05/26 11:00:00,Annual,Number,8 years,Females,Belgium,2017,65369,,
ESTAT:DEMO_PJAN(1.0),30/05/26 11:00:00,Annual,Number,8 years,Females,Belgium,2018,65528,,
ESTAT:DEMO_PJAN(1.0),30/05/26 11:00:00,Annual,Number,8 years,Females,Belgium,2019,66510,,
ESTAT:DEMO_PJAN(1.0),30/05/26 11:00:00,Annual,Number,8 years,Females,Belgium,2020,65739,,
ESTAT:DEMO_PJAN(1.0),30/05/26 11:00:00,Annual,Number,8 years,Females,Belgium,2021,65520,,
ESTAT:DEMO_PJAN(1.0),30/05/26 11:00:00,Annual,Number,8 years,Females,Belgium,2022,64096,,
ESTAT:DEMO_PJAN(1.0),30/05/26 11:00:00,Annual,Number,8 years,Females,Belgium,2023,64601,,
ESTAT:DEMO_PJAN(1.0),30/05/26 11:00:00,Annual,Number,8 years,Females,Belgium,2024,63673,,
ESTAT:DEMO_PJAN(1.0),30/05/26 11:00:00,Annual,Number,8 years,Females,Belgium,2025,63405,,
ESTAT:DEMO_PJAN(1.0),30/05/26 11:00:00,Annual,Number,8 years,Males,Belgium,2005,60717,,
ESTAT:DEMO_PJAN(1.0),30/05/26 11:00:00,Annual,Number,8 years,Males,Belgium,2006,61064,,
ESTAT:DEMO_PJAN(1.0),30/05/26 11:00:00,Annual,Number,8 years,Males,Belgium,2007,60568,,
ESTAT:DEMO_PJAN(1.0),30/05/26 11:00:00,Annual,Number,8 years,Males,Belgium,2008,60208,,
ESTAT:DEMO_PJAN(1.0),30/05/26 11:00:00,Annual,Number,8 years,Males,Belgium,2009,61502,,
ESTAT:DEMO_PJAN(1.0),30/05/26 11:00:00,Annual,Number,8 years,Males,Belgium,2010,60806,,
ESTAT:DEMO_PJAN(1.0),30/05/26 11:00:00,Annual,Number,8 years,Males,Belgium,2011,60852,,
ESTAT:DEMO_PJAN(1.0),30/05/26 11:00:00,Annual,Number,8 years,Males,Belgium,2012,61458,,
ESTAT:DEMO_PJAN(1.0),30/05/26 11:00:00,Annual,Number,8 years,Males,Belgium,2013,63468,,
ESTAT:DEMO_PJAN(1.0),30/05/26 11:00:00,Annual,Number,8 years,Males,Belgium,2014,64579,,
ESTAT:DEMO_PJAN(1.0),30/05/26 11:00:00,Annual,Number,8 years,Males,Belgium,2015,66059,,
ESTAT:DEMO_PJAN(1.0),30/05/26 11:00:00,Annual,Number,8 years,Males,Belgium,2016,66973,,
ESTAT:DEMO_PJAN(1.0),30/05/26 11:00:00,Annual,Number,8 years,Males,Belgium,2017,68939,,
ESTAT:DEMO_PJAN(1.0),30/05/26 11:00:00,Annual,Number,8 years,Males,Belgium,2018,68766,,
ESTAT:DEMO_PJAN(1.0),30/05/26 11:00:00,Annual,Number,8 years,Males,Belgium,2019,69597,,
ESTAT:DEMO_PJAN(1.0),30/05/26 11:00:00,Annual,Number,8 years,Males,Belgium,2020,68812,,
ESTAT:DEMO_PJAN(1.0),30/05/26 11:00:00,Annual,Number,8 years,Males,Belgium,2021,68289,,
ESTAT:DEMO_PJAN(1.0),30/05/26 11:00:00,Annual,Number,8 years,Males,Belgium,2022,67241,,
ESTAT:DEMO_PJAN(1.0),30/05/26 11:00:00,Annual,Number,8 years,Males,Belgium,2023,68137,,
ESTAT:DEMO_PJAN(1.0),30/05/26 11:00:00,Annual,Number,8 years,Males,Belgium,2024,66484,,
ESTAT:DEMO_PJAN(1.0),30/05/26 11:00:00,Annual,Number,8 years,Males,Belgium,2025,66629,,
ESTAT:DEMO_PJAN(1.0),30/05/26 11:00:00,Annual,Number,8 years,Total,Belgium,2005,119193,,
ESTAT:DEMO_PJAN(1.0),30/05/26 11:00:00,Annual,Number,8 years,Total,Belgium,2006,119583,,
ESTAT:DEMO_PJAN(1.0),30/05/26 11:00:00,Annual,Number,8 years,Total,Belgium,2007,118410,,
ESTAT:DEMO_PJAN(1.0),30/05/26 11:00:00,Annual,Number,8 years,Total,Belgium,2008,118177,,
ESTAT:DEMO_PJAN(1.0),30/05/26 11:00:00,Annual,Number,8 years,Total,Belgium,2009,120244,,
ESTAT:DEMO_PJAN(1.0),30/05/26 11:00:00,Annual,Number,8 years,Total,Belgium,2010,119284,,
ESTAT:DEMO_PJAN(1.0),30/05/26 11:00:00,Annual,Number,8 years,Total,Belgium,2011,118939,,
ESTAT:DEMO_PJAN(1.0),30/05/26 11:00:00,Annual,Number,8 years,Total,Belgium,2012,120347,,
ESTAT:DEMO_PJAN(1.0),30/05/26 11:00:00,Annual,Number,8 years,Total,Belgium,2013,123851,,
ESTAT:DEMO_PJAN(1.0),30/05/26 11:00:00,Annual,Number,8 years,Total,Belgium,2014,125962,,
ESTAT:DEMO_PJAN(1.0),30/05/26 11:00:00,Annual,Number,8 years,Total,Belgium,2015,129450,,
ESTAT:DEMO_PJAN(1.0),30/05/26 11:00:00,Annual,Number,8 years,Total,Belgium,2016,131090,,
ESTAT:DEMO_PJAN(1.0),30/05/26 11:00:00,Annual,Number,8 years,Total,Belgium,2017,134308,,
ESTAT:DEMO_PJAN(1.0),30/05/26 11:00:00,Annual,Number,8 years,Total,Belgium,2018,134294,,
ESTAT:DEMO_PJAN(1.0),30/05/26 11:00:00,Annual,Number,8 years,Total,Belgium,2019,136107,,
ESTAT:DEMO_PJAN(1.0),30/05/26 11:00:00,Annual,Number,8 years,Total,Belgium,2020,134551,,
ESTAT:DEMO_PJAN(1.0),30/05/26 11:00:00,Annual,Number,8 years,Total,Belgium,2021,133809,,
ESTAT:DEMO_PJAN(1.0),30/05/26 11:00:00,Annual,Number,8 years,Total,Belgium,2022,131337,,
ESTAT:DEMO_PJAN(1.0),30/05/26 11:00:00,Annual,Number,8 years,Total,Belgium,2023,132738,,
ESTAT:DEMO_PJAN(1.0),30/05/26 11:00:00,Annual,Number,8 years,Total,Belgium,2024,130157,,
ESTAT:DEMO_PJAN(1.0),30/05/26 11:00:00,Annual,Number,8 years,Total,Belgium,2025,130034,,
ESTAT:DEMO_PJAN(1.0),30/05/26 11:00:00,Annual,Number,80 years,Females,Belgium,2005,40923,,
ESTAT:DEMO_PJAN(1.0),30/05/26 11:00:00,Annual,Number,80 years,Females,Belgium,2006,41325,,
ESTAT:DEMO_PJAN(1.0),30/05/26 11:00:00,Annual,Number,80 years,Females,Belgium,2007,41027,,
ESTAT:DEMO_PJAN(1.0),30/05/26 11:00:00,Annual,Number,80 years,Females,Belgium,2008,40368,,
ESTAT:DEMO_PJAN(1.0),30/05/26 11:00:00,Annual,Number,80 years,Females,Belgium,2009,41329,,
ESTAT:DEMO_PJAN(1.0),30/05/26 11:00:00,Annual,Number,80 years,Females,Belgium,2010,41688,,
ESTAT:DEMO_PJAN(1.0),30/05/26 11:00:00,Annual,Number,80 years,Females,Belgium,2011,44332,,
ESTAT:DEMO_PJAN(1.0),30/05/26 11:00:00,Annual,Number,80 years,Females,Belgium,2012,43780,,
ESTAT:DEMO_PJAN(1.0),30/05/26 11:00:00,Annual,Number,80 years,Females,Belgium,2013,43537,,
ESTAT:DEMO_PJAN(1.0),30/05/26 11:00:00,Annual,Number,80 years,Females,Belgium,2014,41267,,
ESTAT:DEMO_PJAN(1.0),30/05/26 11:00:00,Annual,Number,80 years,Females,Belgium,2015,41327,,
ESTAT:DEMO_PJAN(1.0),30/05/26 11:00:00,Annual,Number,80 years,Females,Belgium,2016,40284,,
ESTAT:DEMO_PJAN(1.0),30/05/26 11:00:00,Annual,Number,80 years,Females,Belgium,2017,40376,,
ESTAT:DEMO_PJAN(1.0),30/05/26 11:00:00,Annual,Number,80 years,Females,Belgium,2018,40660,,
ESTAT:DEMO_PJAN(1.0),30/05/26 11:00:00,Annual,Number,80 years,Females,Belgium,2019,42212,,
ESTAT:DEMO_PJAN(1.0),30/05/26 11:00:00,Annual,Number,80 years,Females,Belgium,2020,41510,,
ESTAT:DEMO_PJAN(1.0),30/05/26 11:00:00,Annual,Number,80 years,Females,Belgium,2021,37592,,
ESTAT:DEMO_PJAN(1.0),30/05/26 11:00:00,Annual,Number,80 years,Females,Belgium,2022,33245,,
ESTAT:DEMO_PJAN(1.0),30/05/26 11:00:00,Annual,Number,80 years,Females,Belgium,2023,36112,,
ESTAT:DEMO_PJAN(1.0),30/05/26 11:00:00,Annual,Number,80 years,Females,Belgium,2024,40611,,
ESTAT:DEMO_PJAN(1.0),30/05/26 11:00:00,Annual,Number,80 years,Females,Belgium,2025,42570,,
ESTAT:DEMO_PJAN(1.0),30/05/26 11:00:00,Annual,Number,80 years,Males,Belgium,2005,25181,,
ESTAT:DEMO_PJAN(1.0),30/05/26 11:00:00,Annual,Number,80 years,Males,Belgium,2006,25732,,
ESTAT:DEMO_PJAN(1.0),30/05/26 11:00:00,Annual,Number,80 years,Males,Belgium,2007,25380,,
ESTAT:DEMO_PJAN(1.0),30/05/26 11:00:00,Annual,Number,80 years,Males,Belgium,2008,25933,,
ESTAT:DEMO_PJAN(1.0),30/05/26 11:00:00,Annual,Number,80 years,Males,Belgium,2009,26526,,
ESTAT:DEMO_PJAN(1.0),30/05/26 11:00:00,Annual,Number,80 years,Males,Belgium,2010,27156,,
ESTAT:DEMO_PJAN(1.0),30/05/26 11:00:00,Annual,Number,80 years,Males,Belgium,2011,29309,,
ESTAT:DEMO_PJAN(1.0),30/05/26 11:00:00,Annual,Number,80 years,Males,Belgium,2012,29805,,
ESTAT:DEMO_PJAN(1.0),30/05/26 11:00:00,Annual,Number,80 years,Males,Belgium,2013,29686,,
ESTAT:DEMO_PJAN(1.0),30/05/26 11:00:00,Annual,Number,80 years,Males,Belgium,2014,29126,,
ESTAT:DEMO_PJAN(1.0),30/05/26 11:00:00,Annual,Number,80 years,Males,Belgium,2015,29350,,
ESTAT:DEMO_PJAN(1.0),30/05/26 11:00:00,Annual,Number,80 years,Males,Belgium,2016,28785,,
ESTAT:DEMO_PJAN(1.0),30/05/26 11:00:00,Annual,Number,80 years,Males,Belgium,2017,29339,,
ESTAT:DEMO_PJAN(1.0),30/05/26 11:00:00,Annual,Number,80 years,Males,Belgium,2018,30418,,
ESTAT:DEMO_PJAN(1.0),30/05/26 11:00:00,Annual,Number,80 years,Males,Belgium,2019,31195,,
ESTAT:DEMO_PJAN(1.0),30/05/26 11:00:00,Annual,Number,80 years,Males,Belgium,2020,30534,,
ESTAT:DEMO_PJAN(1.0),30/05/26 11:00:00,Annual,Number,80 years,Males,Belgium,2021,28065,,
ESTAT:DEMO_PJAN(1.0),30/05/26 11:00:00,Annual,Number,80 years,Males,Belgium,2022,25267,,
ESTAT:DEMO_PJAN(1.0),30/05/26 11:00:00,Annual,Number,80 years,Males,Belgium,2023,27864,,
ESTAT:DEMO_PJAN(1.0),30/05/26 11:00:00,Annual,Number,80 years,Males,Belgium,2024,31510,,
ESTAT:DEMO_PJAN(1.0),30/05/26 11:00:00,Annual,Number,80 years,Males,Belgium,2025,33444,,
ESTAT:DEMO_PJAN(1.0),30/05/26 11:00:00,Annual,Number,80 years,Total,Belgium,2005,66104,,
ESTAT:DEMO_PJAN(1.0),30/05/26 11:00:00,Annual,Number,80 years,Total,Belgium,2006,67057,,
ESTAT:DEMO_PJAN(1.0),30/05/26 11:00:00,Annual,Number,80 years,Total,Belgium,2007,66407,,
ESTAT:DEMO_PJAN(1.0),30/05/26 11:00:00,Annual,Number,80 years,Total,Belgium,2008,66301,,
ESTAT:DEMO_PJAN(1.0),30/05/26 11:00:00,Annual,Number,80 years,Total,Belgium,2009,67855,,
ESTAT:DEMO_PJAN(1.0),30/05/26 11:00:00,Annual,Number,80 years,Total,Belgium,2010,68844,,
ESTAT:DEMO_PJAN(1.0),30/05/26 11:00:00,Annual,Number,80 years,Total,Belgium,2011,73641,,
ESTAT:DEMO_PJAN(1.0),30/05/26 11:00:00,Annual,Number,80 years,Total,Belgium,2012,73585,,
ESTAT:DEMO_PJAN(1.0),30/05/26 11:00:00,Annual,Number,80 years,Total,Belgium,2013,73223,,
ESTAT:DEMO_PJAN(1.0),30/05/26 11:00:00,Annual,Number,80 years,Total,Belgium,2014,70393,,
ESTAT:DEMO_PJAN(1.0),30/05/26 11:00:00,Annual,Number,80 years,Total,Belgium,2015,70677,,
ESTAT:DEMO_PJAN(1.0),30/05/26 11:00:00,Annual,Number,80 years,Total,Belgium,2016,69069,,
ESTAT:DEMO_PJAN(1.0),30/05/26 11:00:00,Annual,Number,80 years,Total,Belgium,2017,69715,,
ESTAT:DEMO_PJAN(1.0),30/05/26 11:00:00,Annual,Number,80 years,Total,Belgium,2018,71078,,
ESTAT:DEMO_PJAN(1.0),30/05/26 11:00:00,Annual,Number,80 years,Total,Belgium,2019,73407,,
ESTAT:DEMO_PJAN(1.0),30/05/26 11:00:00,Annual,Number,80 years,Total,Belgium,2020,72044,,
ESTAT:DEMO_PJAN(1.0),30/05/26 11:00:00,Annual,Number,80 years,Total,Belgium,2021,65657,,
ESTAT:DEMO_PJAN(1.0),30/05/26 11:00:00,Annual,Number,80 years,Total,Belgium,2022,58512,,
ESTAT:DEMO_PJAN(1.0),30/05/26 11:00:00,Annual,Number,80 years,Total,Belgium,2023,63976,,
ESTAT:DEMO_PJAN(1.0),30/05/26 11:00:00,Annual,Number,80 years,Total,Belgium,2024,72121,,
ESTAT:DEMO_PJAN(1.0),30/05/26 11:00:00,Annual,Number,80 years,Total,Belgium,2025,76014,,
ESTAT:DEMO_PJAN(1.0),30/05/26 11:00:00,Annual,Number,81 years,Females,Belgium,2005,39125,,
ESTAT:DEMO_PJAN(1.0),30/05/26 11:00:00,Annual,Number,81 years,Females,Belgium,2006,38917,,
ESTAT:DEMO_PJAN(1.0),30/05/26 11:00:00,Annual,Number,81 years,Females,Belgium,2007,39478,,
ESTAT:DEMO_PJAN(1.0),30/05/26 11:00:00,Annual,Number,81 years,Females,Belgium,2008,39269,,
ESTAT:DEMO_PJAN(1.0),30/05/26 11:00:00,Annual,Number,81 years,Females,Belgium,2009,38612,,
ESTAT:DEMO_PJAN(1.0),30/05/26 11:00:00,Annual,Number,81 years,Females,Belgium,2010,39451,,
ESTAT:DEMO_PJAN(1.0),30/05/26 11:00:00,Annual,Number,81 years,Females,Belgium,2011,39943,,
ESTAT:DEMO_PJAN(1.0),30/05/26 11:00:00,Annual,Number,81 years,Females,Belgium,2012,42415,,
ESTAT:DEMO_PJAN(1.0),30/05/26 11:00:00,Annual,Number,81 years,Females,Belgium,2013,41982,,
ESTAT:DEMO_PJAN(1.0),30/05/26 11:00:00,Annual,Number,81 years,Females,Belgium,2014,41819,,
ESTAT:DEMO_PJAN(1.0),30/05/26 11:00:00,Annual,Number,81 years,Females,Belgium,2015,39673,,
ESTAT:DEMO_PJAN(1.0),30/05/26 11:00:00,Annual,Number,81 years,Females,Belgium,2016,39738,,
ESTAT:DEMO_PJAN(1.0),30/05/26 11:00:00,Annual,Number,81 years,Females,Belgium,2017,38777,,
ESTAT:DEMO_PJAN(1.0),30/05/26 11:00:00,Annual,Number,81 years,Females,Belgium,2018,38901,,
ESTAT:DEMO_PJAN(1.0),30/05/26 11:00:00,Annual,Number,81 years,Females,Belgium,2019,39175,,
ESTAT:DEMO_PJAN(1.0),30/05/26 11:00:00,Annual,Number,81 years,Females,Belgium,2020,40671,,
ESTAT:DEMO_PJAN(1.0),30/05/26 11:00:00,Annual,Number,81 years,Females,Belgium,2021,39774,,
ESTAT:DEMO_PJAN(1.0),30/05/26 11:00:00,Annual,Number,81 years,Females,Belgium,2022,36152,,
ESTAT:DEMO_PJAN(1.0),30/05/26 11:00:00,Annual,Number,81 years,Females,Belgium,2023,32070,,
ESTAT:DEMO_PJAN(1.0),30/05/26 11:00:00,Annual,Number,81 years,Females,Belgium,2024,34902,,
ESTAT:DEMO_PJAN(1.0),30/05/26 11:00:00,Annual,Number,81 years,Females,Belgium,2025,39230,,
ESTAT:DEMO_PJAN(1.0),30/05/26 11:00:00,Annual,Number,81 years,Males,Belgium,2005,22662,,
ESTAT:DEMO_PJAN(1.0),30/05/26 11:00:00,Annual,Number,81 years,Males,Belgium,2006,23261,,
ESTAT:DEMO_PJAN(1.0),30/05/26 11:00:00,Annual,Number,81 years,Males,Belgium,2007,23823,,
ESTAT:DEMO_PJAN(1.0),30/05/26 11:00:00,Annual,Number,81 years,Males,Belgium,2008,23592,,
ESTAT:DEMO_PJAN(1.0),30/05/26 11:00:00,Annual,Number,81 years,Males,Belgium,2009,24078,,
ESTAT:DEMO_PJAN(1.0),30/05/26 11:00:00,Annual,Number,81 years,Males,Belgium,2010,24714,,
ESTAT:DEMO_PJAN(1.0),30/05/26 11:00:00,Annual,Number,81 years,Males,Belgium,2011,25318,,
ESTAT:DEMO_PJAN(1.0),30/05/26 11:00:00,Annual,Number,81 years,Males,Belgium,2012,27407,,
ESTAT:DEMO_PJAN(1.0),30/05/26 11:00:00,Annual,Number,81 years,Males,Belgium,2013,27762,,
ESTAT:DEMO_PJAN(1.0),30/05/26 11:00:00,Annual,Number,81 years,Males,Belgium,2014,27754,,
ESTAT:DEMO_PJAN(1.0),30/05/26 11:00:00,Annual,Number,81 years,Males,Belgium,2015,27380,,
ESTAT:DEMO_PJAN(1.0),30/05/26 11:00:00,Annual,Number,81 years,Males,Belgium,2016,27547,,
ESTAT:DEMO_PJAN(1.0),30/05/26 11:00:00,Annual,Number,81 years,Males,Belgium,2017,27098,,
ESTAT:DEMO_PJAN(1.0),30/05/26 11:00:00,Annual,Number,81 years,Males,Belgium,2018,27638,,
ESTAT:DEMO_PJAN(1.0),30/05/26 11:00:00,Annual,Number,81 years,Males,Belgium,2019,28647,,
ESTAT:DEMO_PJAN(1.0),30/05/26 11:00:00,Annual,Number,81 years,Males,Belgium,2020,29501,,
ESTAT:DEMO_PJAN(1.0),30/05/26 11:00:00,Annual,Number,81 years,Males,Belgium,2021,28559,,
ESTAT:DEMO_PJAN(1.0),30/05/26 11:00:00,Annual,Number,81 years,Males,Belgium,2022,26432,,
ESTAT:DEMO_PJAN(1.0),30/05/26 11:00:00,Annual,Number,81 years,Males,Belgium,2023,23913,,
ESTAT:DEMO_PJAN(1.0),30/05/26 11:00:00,Annual,Number,81 years,Males,Belgium,2024,26402,,
ESTAT:DEMO_PJAN(1.0),30/05/26 11:00:00,Annual,Number,81 years,Males,Belgium,2025,29771,,
ESTAT:DEMO_PJAN(1.0),30/05/26 11:00:00,Annual,Number,81 years,Total,Belgium,2005,61787,,
ESTAT:DEMO_PJAN(1.0),30/05/26 11:00:00,Annual,Number,81 years,Total,Belgium,2006,62178,,
ESTAT:DEMO_PJAN(1.0),30/05/26 11:00:00,Annual,Number,81 years,Total,Belgium,2007,63301,,
ESTAT:DEMO_PJAN(1.0),30/05/26 11:00:00,Annual,Number,81 years,Total,Belgium,2008,62861,,
ESTAT:DEMO_PJAN(1.0),30/05/26 11:00:00,Annual,Number,81 years,Total,Belgium,2009,62690,,
ESTAT:DEMO_PJAN(1.0),30/05/26 11:00:00,Annual,Number,81 years,Total,Belgium,2010,64165,,
ESTAT:DEMO_PJAN(1.0),30/05/26 11:00:00,Annual,Number,81 years,Total,Belgium,2011,65261,,
ESTAT:DEMO_PJAN(1.0),30/05/26 11:00:00,Annual,Number,81 years,Total,Belgium,2012,69822,,
ESTAT:DEMO_PJAN(1.0),30/05/26 11:00:00,Annual,Number,81 years,Total,Belgium,2013,69744,,
ESTAT:DEMO_PJAN(1.0),30/05/26 11:00:00,Annual,Number,81 years,Total,Belgium,2014,69573,,
ESTAT:DEMO_PJAN(1.0),30/05/26 11:00:00,Annual,Number,81 years,Total,Belgium,2015,67053,,
ESTAT:DEMO_PJAN(1.0),30/05/26 11:00:00,Annual,Number,81 years,Total,Belgium,2016,67285,,
ESTAT:DEMO_PJAN(1.0),30/05/26 11:00:00,Annual,Number,81 years,Total,Belgium,2017,65875,,
ESTAT:DEMO_PJAN(1.0),30/05/26 11:00:00,Annual,Number,81 years,Total,Belgium,2018,66539,,
ESTAT:DEMO_PJAN(1.0),30/05/26 11:00:00,Annual,Number,81 years,Total,Belgium,2019,67822,,
ESTAT:DEMO_PJAN(1.0),30/05/26 11:00:00,Annual,Number,81 years,Total,Belgium,2020,70172,,
ESTAT:DEMO_PJAN(1.0),30/05/26 11:00:00,Annual,Number,81 years,Total,Belgium,2021,68333,,
ESTAT:DEMO_PJAN(1.0),30/05/26 11:00:00,Annual,Number,81 years,Total,Belgium,2022,62584,,
ESTAT:DEMO_PJAN(1.0),30/05/26 11:00:00,Annual,Number,81 years,Total,Belgium,2023,55983,,
ESTAT:DEMO_PJAN(1.0),30/05/26 11:00:00,Annual,Number,81 years,Total,Belgium,2024,61304,,
ESTAT:DEMO_PJAN(1.0),30/05/26 11:00:00,Annual,Number,81 years,Total,Belgium,2025,69001,,
ESTAT:DEMO_PJAN(1.0),30/05/26 11:00:00,Annual,Number,82 years,Females,Belgium,2005,35854,,
ESTAT:DEMO_PJAN(1.0),30/05/26 11:00:00,Annual,Number,82 years,Females,Belgium,2006,36971,,
ESTAT:DEMO_PJAN(1.0),30/05/26 11:00:00,Annual,Number,82 years,Females,Belgium,2007,36824,,
ESTAT:DEMO_PJAN(1.0),30/05/26 11:00:00,Annual,Number,82 years,Females,Belgium,2008,37519,,
ESTAT:DEMO_PJAN(1.0),30/05/26 11:00:00,Annual,Number,82 years,Females,Belgium,2009,37171,,
ESTAT:DEMO_PJAN(1.0),30/05/26 11:00:00,Annual,Number,82 years,Females,Belgium,2010,36769,,
ESTAT:DEMO_PJAN(1.0),30/05/26 11:00:00,Annual,Number,82 years,Females,Belgium,2011,37479,,
ESTAT:DEMO_PJAN(1.0),30/05/26 11:00:00,Annual,Number,82 years,Females,Belgium,2012,38144,,
ESTAT:DEMO_PJAN(1.0),30/05/26 11:00:00,Annual,Number,82 years,Females,Belgium,2013,40433,,
ESTAT:DEMO_PJAN(1.0),30/05/26 11:00:00,Annual,Number,82 years,Females,Belgium,2014,39971,,
ESTAT:DEMO_PJAN(1.0),30/05/26 11:00:00,Annual,Number,82 years,Females,Belgium,2015,39993,,
ESTAT:DEMO_PJAN(1.0),30/05/26 11:00:00,Annual,Number,82 years,Females,Belgium,2016,37871,,
ESTAT:DEMO_PJAN(1.0),30/05/26 11:00:00,Annual,Number,82 years,Females,Belgium,2017,38055,,
ESTAT:DEMO_PJAN(1.0),30/05/26 11:00:00,Annual,Number,82 years,Females,Belgium,2018,37188,,
ESTAT:DEMO_PJAN(1.0),30/05/26 11:00:00,Annual,Number,82 years,Females,Belgium,2019,37312,,
ESTAT:DEMO_PJAN(1.0),30/05/26 11:00:00,Annual,Number,82 years,Females,Belgium,2020,37664,,
ESTAT:DEMO_PJAN(1.0),30/05/26 11:00:00,Annual,Number,82 years,Females,Belgium,2021,38739,,
ESTAT:DEMO_PJAN(1.0),30/05/26 11:00:00,Annual,Number,82 years,Females,Belgium,2022,38189,,
ESTAT:DEMO_PJAN(1.0),30/05/26 11:00:00,Annual,Number,82 years,Females,Belgium,2023,34593,,
ESTAT:DEMO_PJAN(1.0),30/05/26 11:00:00,Annual,Number,82 years,Females,Belgium,2024,30840,,
ESTAT:DEMO_PJAN(1.0),30/05/26 11:00:00,Annual,Number,82 years,Females,Belgium,2025,33524,,
ESTAT:DEMO_PJAN(1.0),30/05/26 11:00:00,Annual,Number,82 years,Males,Belgium,2005,20016,,
ESTAT:DEMO_PJAN(1.0),30/05/26 11:00:00,Annual,Number,82 years,Males,Belgium,2006,20671,,
ESTAT:DEMO_PJAN(1.0),30/05/26 11:00:00,Annual,Number,82 years,Males,Belgium,2007,21376,,
ESTAT:DEMO_PJAN(1.0),30/05/26 11:00:00,Annual,Number,82 years,Males,Belgium,2008,21902,,
ESTAT:DEMO_PJAN(1.0),30/05/26 11:00:00,Annual,Number,82 years,Males,Belgium,2009,21695,,
ESTAT:DEMO_PJAN(1.0),30/05/26 11:00:00,Annual,Number,82 years,Males,Belgium,2010,22250,,
ESTAT:DEMO_PJAN(1.0),30/05/26 11:00:00,Annual,Number,82 years,Males,Belgium,2011,22766,,
ESTAT:DEMO_PJAN(1.0),30/05/26 11:00:00,Annual,Number,82 years,Males,Belgium,2012,23496,,
ESTAT:DEMO_PJAN(1.0),30/05/26 11:00:00,Annual,Number,82 years,Males,Belgium,2013,25408,,
ESTAT:DEMO_PJAN(1.0),30/05/26 11:00:00,Annual,Number,82 years,Males,Belgium,2014,25756,,
ESTAT:DEMO_PJAN(1.0),30/05/26 11:00:00,Annual,Number,82 years,Males,Belgium,2015,25882,,
ESTAT:DEMO_PJAN(1.0),30/05/26 11:00:00,Annual,Number,82 years,Males,Belgium,2016,25535,,
ESTAT:DEMO_PJAN(1.0),30/05/26 11:00:00,Annual,Number,82 years,Males,Belgium,2017,25723,,
ESTAT:DEMO_PJAN(1.0),30/05/26 11:00:00,Annual,Number,82 years,Males,Belgium,2018,25302,,
ESTAT:DEMO_PJAN(1.0),30/05/26 11:00:00,Annual,Number,82 years,Males,Belgium,2019,25895,,
ESTAT:DEMO_PJAN(1.0),30/05/26 11:00:00,Annual,Number,82 years,Males,Belgium,2020,26879,,
ESTAT:DEMO_PJAN(1.0),30/05/26 11:00:00,Annual,Number,82 years,Males,Belgium,2021,27394,,
ESTAT:DEMO_PJAN(1.0),30/05/26 11:00:00,Annual,Number,82 years,Males,Belgium,2022,26703,,
ESTAT:DEMO_PJAN(1.0),30/05/26 11:00:00,Annual,Number,82 years,Males,Belgium,2023,24762,,
ESTAT:DEMO_PJAN(1.0),30/05/26 11:00:00,Annual,Number,82 years,Males,Belgium,2024,22498,,
ESTAT:DEMO_PJAN(1.0),30/05/26 11:00:00,Annual,Number,82 years,Males,Belgium,2025,24916,,
ESTAT:DEMO_PJAN(1.0),30/05/26 11:00:00,Annual,Number,82 years,Total,Belgium,2005,55870,,
ESTAT:DEMO_PJAN(1.0),30/05/26 11:00:00,Annual,Number,82 years,Total,Belgium,2006,57642,,
ESTAT:DEMO_PJAN(1.0),30/05/26 11:00:00,Annual,Number,82 years,Total,Belgium,2007,58200,,
ESTAT:DEMO_PJAN(1.0),30/05/26 11:00:00,Annual,Number,82 years,Total,Belgium,2008,59421,,
ESTAT:DEMO_PJAN(1.0),30/05/26 11:00:00,Annual,Number,82 years,Total,Belgium,2009,58866,,
ESTAT:DEMO_PJAN(1.0),30/05/26 11:00:00,Annual,Number,82 years,Total,Belgium,2010,59019,,
ESTAT:DEMO_PJAN(1.0),30/05/26 11:00:00,Annual,Number,82 years,Total,Belgium,2011,60245,,
ESTAT:DEMO_PJAN(1.0),30/05/26 11:00:00,Annual,Number,82 years,Total,Belgium,2012,61640,,
ESTAT:DEMO_PJAN(1.0),30/05/26 11:00:00,Annual,Number,82 years,Total,Belgium,2013,65841,,
ESTAT:DEMO_PJAN(1.0),30/05/26 11:00:00,Annual,Number,82 years,Total,Belgium,2014,65727,,
ESTAT:DEMO_PJAN(1.0),30/05/26 11:00:00,Annual,Number,82 years,Total,Belgium,2015,65875,,
ESTAT:DEMO_PJAN(1.0),30/05/26 11:00:00,Annual,Number,82 years,Total,Belgium,2016,63406,,
ESTAT:DEMO_PJAN(1.0),30/05/26 11:00:00,Annual,Number,82 years,Total,Belgium,2017,63778,,
ESTAT:DEMO_PJAN(1.0),30/05/26 11:00:00,Annual,Number,82 years,Total,Belgium,2018,62490,,
ESTAT:DEMO_PJAN(1.0),30/05/26 11:00:00,Annual,Number,82 years,Total,Belgium,2019,63207,,
ESTAT:DEMO_PJAN(1.0),30/05/26 11:00:00,Annual,Number,82 years,Total,Belgium,2020,64543,,
ESTAT:DEMO_PJAN(1.0),30/05/26 11:00:00,Annual,Number,82 years,Total,Belgium,2021,66133,,
ESTAT:DEMO_PJAN(1.0),30/05/26 11:00:00,Annual,Number,82 years,Total,Belgium,2022,64892,,
ESTAT:DEMO_PJAN(1.0),30/05/26 11:00:00,Annual,Number,82 years,Total,Belgium,2023,59355,,
ESTAT:DEMO_PJAN(1.0),30/05/26 11:00:00,Annual,Number,82 years,Total,Belgium,2024,53338,,
ESTAT:DEMO_PJAN(1.0),30/05/26 11:00:00,Annual,Number,82 years,Total,Belgium,2025,58440,,
ESTAT:DEMO_PJAN(1.0),30/05/26 11:00:00,Annual,Number,83 years,Females,Belgium,2005,33853,,
ESTAT:DEMO_PJAN(1.0),30/05/26 11:00:00,Annual,Number,83 years,Females,Belgium,2006,33628,,
ESTAT:DEMO_PJAN(1.0),30/05/26 11:00:00,Annual,Number,83 years,Females,Belgium,2007,34761,,
ESTAT:DEMO_PJAN(1.0),30/05/26 11:00:00,Annual,Number,83 years,Females,Belgium,2008,34642,,
ESTAT:DEMO_PJAN(1.0),30/05/26 11:00:00,Annual,Number,83 years,Females,Belgium,2009,35293,,
ESTAT:DEMO_PJAN(1.0),30/05/26 11:00:00,Annual,Number,83 years,Females,Belgium,2010,35000,,
ESTAT:DEMO_PJAN(1.0),30/05/26 11:00:00,Annual,Number,83 years,Females,Belgium,2011,34698,,
ESTAT:DEMO_PJAN(1.0),30/05/26 11:00:00,Annual,Number,83 years,Females,Belgium,2012,35412,,
ESTAT:DEMO_PJAN(1.0),30/05/26 11:00:00,Annual,Number,83 years,Females,Belgium,2013,36047,,
ESTAT:DEMO_PJAN(1.0),30/05/26 11:00:00,Annual,Number,83 years,Females,Belgium,2014,38276,,
ESTAT:DEMO_PJAN(1.0),30/05/26 11:00:00,Annual,Number,83 years,Females,Belgium,2015,38014,,
ESTAT:DEMO_PJAN(1.0),30/05/26 11:00:00,Annual,Number,83 years,Females,Belgium,2016,37911,,
ESTAT:DEMO_PJAN(1.0),30/05/26 11:00:00,Annual,Number,83 years,Females,Belgium,2017,36011,,
ESTAT:DEMO_PJAN(1.0),30/05/26 11:00:00,Annual,Number,83 years,Females,Belgium,2018,36173,,
ESTAT:DEMO_PJAN(1.0),30/05/26 11:00:00,Annual,Number,83 years,Females,Belgium,2019,35434,,
ESTAT:DEMO_PJAN(1.0),30/05/26 11:00:00,Annual,Number,83 years,Females,Belgium,2020,35581,,
ESTAT:DEMO_PJAN(1.0),30/05/26 11:00:00,Annual,Number,83 years,Females,Belgium,2021,35566,,
ESTAT:DEMO_PJAN(1.0),30/05/26 11:00:00,Annual,Number,83 years,Females,Belgium,2022,36925,,
ESTAT:DEMO_PJAN(1.0),30/05/26 11:00:00,Annual,Number,83 years,Females,Belgium,2023,36432,,
ESTAT:DEMO_PJAN(1.0),30/05/26 11:00:00,Annual,Number,83 years,Females,Belgium,2024,32993,,
ESTAT:DEMO_PJAN(1.0),30/05/26 11:00:00,Annual,Number,83 years,Females,Belgium,2025,29467,,
ESTAT:DEMO_PJAN(1.0),30/05/26 11:00:00,Annual,Number,83 years,Males,Belgium,2005,18005,,
ESTAT:DEMO_PJAN(1.0),30/05/26 11:00:00,Annual,Number,83 years,Males,Belgium,2006,18158,,
ESTAT:DEMO_PJAN(1.0),30/05/26 11:00:00,Annual,Number,83 years,Males,Belgium,2007,18696,,
ESTAT:DEMO_PJAN(1.0),30/05/26 11:00:00,Annual,Number,83 years,Males,Belgium,2008,19511,,
ESTAT:DEMO_PJAN(1.0),30/05/26 11:00:00,Annual,Number,83 years,Males,Belgium,2009,19918,,
ESTAT:DEMO_PJAN(1.0),30/05/26 11:00:00,Annual,Number,83 years,Males,Belgium,2010,19781,,
ESTAT:DEMO_PJAN(1.0),30/05/26 11:00:00,Annual,Number,83 years,Males,Belgium,2011,20309,,
ESTAT:DEMO_PJAN(1.0),30/05/26 11:00:00,Annual,Number,83 years,Males,Belgium,2012,20820,,
ESTAT:DEMO_PJAN(1.0),30/05/26 11:00:00,Annual,Number,83 years,Males,Belgium,2013,21535,,
ESTAT:DEMO_PJAN(1.0),30/05/26 11:00:00,Annual,Number,83 years,Males,Belgium,2014,23412,,
ESTAT:DEMO_PJAN(1.0),30/05/26 11:00:00,Annual,Number,83 years,Males,Belgium,2015,23809,,
ESTAT:DEMO_PJAN(1.0),30/05/26 11:00:00,Annual,Number,83 years,Males,Belgium,2016,23850,,
ESTAT:DEMO_PJAN(1.0),30/05/26 11:00:00,Annual,Number,83 years,Males,Belgium,2017,23632,,
ESTAT:DEMO_PJAN(1.0),30/05/26 11:00:00,Annual,Number,83 years,Males,Belgium,2018,23875,,
ESTAT:DEMO_PJAN(1.0),30/05/26 11:00:00,Annual,Number,83 years,Males,Belgium,2019,23469,,
ESTAT:DEMO_PJAN(1.0),30/05/26 11:00:00,Annual,Number,83 years,Males,Belgium,2020,24157,,
ESTAT:DEMO_PJAN(1.0),30/05/26 11:00:00,Annual,Number,83 years,Males,Belgium,2021,24702,,
ESTAT:DEMO_PJAN(1.0),30/05/26 11:00:00,Annual,Number,83 years,Males,Belgium,2022,25409,,
ESTAT:DEMO_PJAN(1.0),30/05/26 11:00:00,Annual,Number,83 years,Males,Belgium,2023,24924,,
ESTAT:DEMO_PJAN(1.0),30/05/26 11:00:00,Annual,Number,83 years,Males,Belgium,2024,23132,,
ESTAT:DEMO_PJAN(1.0),30/05/26 11:00:00,Annual,Number,83 years,Males,Belgium,2025,21076,,
ESTAT:DEMO_PJAN(1.0),30/05/26 11:00:00,Annual,Number,83 years,Total,Belgium,2005,51858,,
ESTAT:DEMO_PJAN(1.0),30/05/26 11:00:00,Annual,Number,83 years,Total,Belgium,2006,51786,,
ESTAT:DEMO_PJAN(1.0),30/05/26 11:00:00,Annual,Number,83 years,Total,Belgium,2007,53457,,
ESTAT:DEMO_PJAN(1.0),30/05/26 11:00:00,Annual,Number,83 years,Total,Belgium,2008,54153,,
ESTAT:DEMO_PJAN(1.0),30/05/26 11:00:00,Annual,Number,83 years,Total,Belgium,2009,55211,,
ESTAT:DEMO_PJAN(1.0),30/05/26 11:00:00,Annual,Number,83 years,Total,Belgium,2010,54781,,
ESTAT:DEMO_PJAN(1.0),30/05/26 11:00:00,Annual,Number,83 years,Total,Belgium,2011,55007,,
ESTAT:DEMO_PJAN(1.0),30/05/26 11:00:00,Annual,Number,83 years,Total,Belgium,2012,56232,,
ESTAT:DEMO_PJAN(1.0),30/05/26 11:00:00,Annual,Number,83 years,Total,Belgium,2013,57582,,
ESTAT:DEMO_PJAN(1.0),30/05/26 11:00:00,Annual,Number,83 years,Total,Belgium,2014,61688,,
ESTAT:DEMO_PJAN(1.0),30/05/26 11:00:00,Annual,Number,83 years,Total,Belgium,2015,61823,,
ESTAT:DEMO_PJAN(1.0),30/05/26 11:00:00,Annual,Number,83 years,Total,Belgium,2016,61761,,
ESTAT:DEMO_PJAN(1.0),30/05/26 11:00:00,Annual,Number,83 years,Total,Belgium,2017,59643,,
ESTAT:DEMO_PJAN(1.0),30/05/26 11:00:00,Annual,Number,83 years,Total,Belgium,2018,60048,,
ESTAT:DEMO_PJAN(1.0),30/05/26 11:00:00,Annual,Number,83 years,Total,Belgium,2019,58903,,
ESTAT:DEMO_PJAN(1.0),30/05/26 11:00:00,Annual,Number,83 years,Total,Belgium,2020,59738,,
ESTAT:DEMO_PJAN(1.0),30/05/26 11:00:00,Annual,Number,83 years,Total,Belgium,2021,60268,,
ESTAT:DEMO_PJAN(1.0),30/05/26 11:00:00,Annual,Number,83 years,Total,Belgium,2022,62334,,
ESTAT:DEMO_PJAN(1.0),30/05/26 11:00:00,Annual,Number,83 years,Total,Belgium,2023,61356,,
ESTAT:DEMO_PJAN(1.0),30/05/26 11:00:00,Annual,Number,83 years,Total,Belgium,2024,56125,,
ESTAT:DEMO_PJAN(1.0),30/05/26 11:00:00,Annual,Number,83 years,Total,Belgium,2025,50543,,
ESTAT:DEMO_PJAN(1.0),30/05/26 11:00:00,Annual,Number,84 years,Females,Belgium,2005,31027,,
ESTAT:DEMO_PJAN(1.0),30/05/26 11:00:00,Annual,Number,84 years,Females,Belgium,2006,31445,,
ESTAT:DEMO_PJAN(1.0),30/05/26 11:00:00,Annual,Number,84 years,Females,Belgium,2007,31295,,
ESTAT:DEMO_PJAN(1.0),30/05/26 11:00:00,Annual,Number,84 years,Females,Belgium,2008,32453,,
ESTAT:DEMO_PJAN(1.0),30/05/26 11:00:00,Annual,Number,84 years,Females,Belgium,2009,32312,,
ESTAT:DEMO_PJAN(1.0),30/05/26 11:00:00,Annual,Number,84 years,Females,Belgium,2010,32979,,
ESTAT:DEMO_PJAN(1.0),30/05/26 11:00:00,Annual,Number,84 years,Females,Belgium,2011,32745,,
ESTAT:DEMO_PJAN(1.0),30/05/26 11:00:00,Annual,Number,84 years,Females,Belgium,2012,32554,,
ESTAT:DEMO_PJAN(1.0),30/05/26 11:00:00,Annual,Number,84 years,Females,Belgium,2013,33183,,
ESTAT:DEMO_PJAN(1.0),30/05/26 11:00:00,Annual,Number,84 years,Females,Belgium,2014,33824,,
ESTAT:DEMO_PJAN(1.0),30/05/26 11:00:00,Annual,Number,84 years,Females,Belgium,2015,36085,,
ESTAT:DEMO_PJAN(1.0),30/05/26 11:00:00,Annual,Number,84 years,Females,Belgium,2016,35792,,
ESTAT:DEMO_PJAN(1.0),30/05/26 11:00:00,Annual,Number,84 years,Females,Belgium,2017,35766,,
ESTAT:DEMO_PJAN(1.0),30/05/26 11:00:00,Annual,Number,84 years,Females,Belgium,2018,34054,,
ESTAT:DEMO_PJAN(1.0),30/05/26 11:00:00,Annual,Number,84 years,Females,Belgium,2019,34098,,
ESTAT:DEMO_PJAN(1.0),30/05/26 11:00:00,Annual,Number,84 years,Females,Belgium,2020,33533,,
ESTAT:DEMO_PJAN(1.0),30/05/26 11:00:00,Annual,Number,84 years,Females,Belgium,2021,33345,,
ESTAT:DEMO_PJAN(1.0),30/05/26 11:00:00,Annual,Number,84 years,Females,Belgium,2022,33709,,
ESTAT:DEMO_PJAN(1.0),30/05/26 11:00:00,Annual,Number,84 years,Females,Belgium,2023,34983,,
ESTAT:DEMO_PJAN(1.0),30/05/26 11:00:00,Annual,Number,84 years,Females,Belgium,2024,34554,,
ESTAT:DEMO_PJAN(1.0),30/05/26 11:00:00,Annual,Number,84 years,Females,Belgium,2025,31267,,
ESTAT:DEMO_PJAN(1.0),30/05/26 11:00:00,Annual,Number,84 years,Males,Belgium,2005,15427,,
ESTAT:DEMO_PJAN(1.0),30/05/26 11:00:00,Annual,Number,84 years,Males,Belgium,2006,16021,,
ESTAT:DEMO_PJAN(1.0),30/05/26 11:00:00,Annual,Number,84 years,Males,Belgium,2007,16304,,
ESTAT:DEMO_PJAN(1.0),30/05/26 11:00:00,Annual,Number,84 years,Males,Belgium,2008,16844,,
ESTAT:DEMO_PJAN(1.0),30/05/26 11:00:00,Annual,Number,84 years,Males,Belgium,2009,17489,,
ESTAT:DEMO_PJAN(1.0),30/05/26 11:00:00,Annual,Number,84 years,Males,Belgium,2010,17939,,
ESTAT:DEMO_PJAN(1.0),30/05/26 11:00:00,Annual,Number,84 years,Males,Belgium,2011,17889,,
ESTAT:DEMO_PJAN(1.0),30/05/26 11:00:00,Annual,Number,84 years,Males,Belgium,2012,18471,,
ESTAT:DEMO_PJAN(1.0),30/05/26 11:00:00,Annual,Number,84 years,Males,Belgium,2013,18878,,
ESTAT:DEMO_PJAN(1.0),30/05/26 11:00:00,Annual,Number,84 years,Males,Belgium,2014,19549,,
ESTAT:DEMO_PJAN(1.0),30/05/26 11:00:00,Annual,Number,84 years,Males,Belgium,2015,21442,,
ESTAT:DEMO_PJAN(1.0),30/05/26 11:00:00,Annual,Number,84 years,Males,Belgium,2016,21761,,
ESTAT:DEMO_PJAN(1.0),30/05/26 11:00:00,Annual,Number,84 years,Males,Belgium,2017,21875,,
ESTAT:DEMO_PJAN(1.0),30/05/26 11:00:00,Annual,Number,84 years,Males,Belgium,2018,21768,,
ESTAT:DEMO_PJAN(1.0),30/05/26 11:00:00,Annual,Number,84 years,Males,Belgium,2019,21948,,
ESTAT:DEMO_PJAN(1.0),30/05/26 11:00:00,Annual,Number,84 years,Males,Belgium,2020,21619,,
ESTAT:DEMO_PJAN(1.0),30/05/26 11:00:00,Annual,Number,84 years,Males,Belgium,2021,21940,,
ESTAT:DEMO_PJAN(1.0),30/05/26 11:00:00,Annual,Number,84 years,Males,Belgium,2022,22797,,
ESTAT:DEMO_PJAN(1.0),30/05/26 11:00:00,Annual,Number,84 years,Males,Belgium,2023,23418,,
ESTAT:DEMO_PJAN(1.0),30/05/26 11:00:00,Annual,Number,84 years,Males,Belgium,2024,23013,,
ESTAT:DEMO_PJAN(1.0),30/05/26 11:00:00,Annual,Number,84 years,Males,Belgium,2025,21427,,
ESTAT:DEMO_PJAN(1.0),30/05/26 11:00:00,Annual,Number,84 years,Total,Belgium,2005,46454,,
ESTAT:DEMO_PJAN(1.0),30/05/26 11:00:00,Annual,Number,84 years,Total,Belgium,2006,47466,,
ESTAT:DEMO_PJAN(1.0),30/05/26 11:00:00,Annual,Number,84 years,Total,Belgium,2007,47599,,
ESTAT:DEMO_PJAN(1.0),30/05/26 11:00:00,Annual,Number,84 years,Total,Belgium,2008,49297,,
ESTAT:DEMO_PJAN(1.0),30/05/26 11:00:00,Annual,Number,84 years,Total,Belgium,2009,49801,,
ESTAT:DEMO_PJAN(1.0),30/05/26 11:00:00,Annual,Number,84 years,Total,Belgium,2010,50918,,
ESTAT:DEMO_PJAN(1.0),30/05/26 11:00:00,Annual,Number,84 years,Total,Belgium,2011,50634,,
ESTAT:DEMO_PJAN(1.0),30/05/26 11:00:00,Annual,Number,84 years,Total,Belgium,2012,51025,,
ESTAT:DEMO_PJAN(1.0),30/05/26 11:00:00,Annual,Number,84 years,Total,Belgium,2013,52061,,
ESTAT:DEMO_PJAN(1.0),30/05/26 11:00:00,Annual,Number,84 years,Total,Belgium,2014,53373,,
ESTAT:DEMO_PJAN(1.0),30/05/26 11:00:00,Annual,Number,84 years,Total,Belgium,2015,57527,,
ESTAT:DEMO_PJAN(1.0),30/05/26 11:00:00,Annual,Number,84 years,Total,Belgium,2016,57553,,
ESTAT:DEMO_PJAN(1.0),30/05/26 11:00:00,Annual,Number,84 years,Total,Belgium,2017,57641,,
ESTAT:DEMO_PJAN(1.0),30/05/26 11:00:00,Annual,Number,84 years,Total,Belgium,2018,55822,,
ESTAT:DEMO_PJAN(1.0),30/05/26 11:00:00,Annual,Number,84 years,Total,Belgium,2019,56046,,
ESTAT:DEMO_PJAN(1.0),30/05/26 11:00:00,Annual,Number,84 years,Total,Belgium,2020,55152,,
ESTAT:DEMO_PJAN(1.0),30/05/26 11:00:00,Annual,Number,84 years,Total,Belgium,2021,55285,,
ESTAT:DEMO_PJAN(1.0),30/05/26 11:00:00,Annual,Number,84 years,Total,Belgium,2022,56506,,
ESTAT:DEMO_PJAN(1.0),30/05/26 11:00:00,Annual,Number,84 years,Total,Belgium,2023,58401,,
ESTAT:DEMO_PJAN(1.0),30/05/26 11:00:00,Annual,Number,84 years,Total,Belgium,2024,57567,,
ESTAT:DEMO_PJAN(1.0),30/05/26 11:00:00,Annual,Number,84 years,Total,Belgium,2025,52694,,
ESTAT:DEMO_PJAN(1.0),30/05/26 11:00:00,Annual,Number,85 years,Females,Belgium,2005,21242,,
ESTAT:DEMO_PJAN(1.0),30/05/26 11:00:00,Annual,Number,85 years,Females,Belgium,2006,28478,,
ESTAT:DEMO_PJAN(1.0),30/05/26 11:00:00,Annual,Number,85 years,Females,Belgium,2007,28951,,
ESTAT:DEMO_PJAN(1.0),30/05/26 11:00:00,Annual,Number,85 years,Females,Belgium,2008,28968,,
ESTAT:DEMO_PJAN(1.0),30/05/26 11:00:00,Annual,Number,85 years,Females,Belgium,2009,29949,,
ESTAT:DEMO_PJAN(1.0),30/05/26 11:00:00,Annual,Number,85 years,Females,Belgium,2010,29895,,
ESTAT:DEMO_PJAN(1.0),30/05/26 11:00:00,Annual,Number,85 years,Females,Belgium,2011,30562,,
ESTAT:DEMO_PJAN(1.0),30/05/26 11:00:00,Annual,Number,85 years,Females,Belgium,2012,30407,,
ESTAT:DEMO_PJAN(1.0),30/05/26 11:00:00,Annual,Number,85 years,Females,Belgium,2013,30200,,
ESTAT:DEMO_PJAN(1.0),30/05/26 11:00:00,Annual,Number,85 years,Females,Belgium,2014,30833,,
ESTAT:DEMO_PJAN(1.0),30/05/26 11:00:00,Annual,Number,85 years,Females,Belgium,2015,31643,,
ESTAT:DEMO_PJAN(1.0),30/05/26 11:00:00,Annual,Number,85 years,Females,Belgium,2016,33606,,
ESTAT:DEMO_PJAN(1.0),30/05/26 11:00:00,Annual,Number,85 years,Females,Belgium,2017,33442,,
ESTAT:DEMO_PJAN(1.0),30/05/26 11:00:00,Annual,Number,85 years,Females,Belgium,2018,33425,,
ESTAT:DEMO_PJAN(1.0),30/05/26 11:00:00,Annual,Number,85 years,Females,Belgium,2019,31971,,
ESTAT:DEMO_PJAN(1.0),30/05/26 11:00:00,Annual,Number,85 years,Females,Belgium,2020,32065,,
ESTAT:DEMO_PJAN(1.0),30/05/26 11:00:00,Annual,Number,85 years,Females,Belgium,2021,31169,,
ESTAT:DEMO_PJAN(1.0),30/05/26 11:00:00,Annual,Number,85 years,Females,Belgium,2022,31295,,
ESTAT:DEMO_PJAN(1.0),30/05/26 11:00:00,Annual,Number,85 years,Females,Belgium,2023,31650,,
ESTAT:DEMO_PJAN(1.0),30/05/26 11:00:00,Annual,Number,85 years,Females,Belgium,2024,32955,,
ESTAT:DEMO_PJAN(1.0),30/05/26 11:00:00,Annual,Number,85 years,Females,Belgium,2025,32583,,
ESTAT:DEMO_PJAN(1.0),30/05/26 11:00:00,Annual,Number,85 years,Males,Belgium,2005,10109,,
ESTAT:DEMO_PJAN(1.0),30/05/26 11:00:00,Annual,Number,85 years,Males,Belgium,2006,13587,,
ESTAT:DEMO_PJAN(1.0),30/05/26 11:00:00,Annual,Number,85 years,Males,Belgium,2007,14203,,
ESTAT:DEMO_PJAN(1.0),30/05/26 11:00:00,Annual,Number,85 years,Males,Belgium,2008,14504,,
ESTAT:DEMO_PJAN(1.0),30/05/26 11:00:00,Annual,Number,85 years,Males,Belgium,2009,14925,,
ESTAT:DEMO_PJAN(1.0),30/05/26 11:00:00,Annual,Number,85 years,Males,Belgium,2010,15561,,
ESTAT:DEMO_PJAN(1.0),30/05/26 11:00:00,Annual,Number,85 years,Males,Belgium,2011,15985,,
ESTAT:DEMO_PJAN(1.0),30/05/26 11:00:00,Annual,Number,85 years,Males,Belgium,2012,16075,,
ESTAT:DEMO_PJAN(1.0),30/05/26 11:00:00,Annual,Number,85 years,Males,Belgium,2013,16501,,
ESTAT:DEMO_PJAN(1.0),30/05/26 11:00:00,Annual,Number,85 years,Males,Belgium,2014,16940,,
ESTAT:DEMO_PJAN(1.0),30/05/26 11:00:00,Annual,Number,85 years,Males,Belgium,2015,17657,,
ESTAT:DEMO_PJAN(1.0),30/05/26 11:00:00,Annual,Number,85 years,Males,Belgium,2016,19443,,
ESTAT:DEMO_PJAN(1.0),30/05/26 11:00:00,Annual,Number,85 years,Males,Belgium,2017,19763,,
ESTAT:DEMO_PJAN(1.0),30/05/26 11:00:00,Annual,Number,85 years,Males,Belgium,2018,19804,,
ESTAT:DEMO_PJAN(1.0),30/05/26 11:00:00,Annual,Number,85 years,Males,Belgium,2019,19747,,
ESTAT:DEMO_PJAN(1.0),30/05/26 11:00:00,Annual,Number,85 years,Males,Belgium,2020,20158,,
ESTAT:DEMO_PJAN(1.0),30/05/26 11:00:00,Annual,Number,85 years,Males,Belgium,2021,19365,,
ESTAT:DEMO_PJAN(1.0),30/05/26 11:00:00,Annual,Number,85 years,Males,Belgium,2022,19957,,
ESTAT:DEMO_PJAN(1.0),30/05/26 11:00:00,Annual,Number,85 years,Males,Belgium,2023,20800,,
ESTAT:DEMO_PJAN(1.0),30/05/26 11:00:00,Annual,Number,85 years,Males,Belgium,2024,21538,,
ESTAT:DEMO_PJAN(1.0),30/05/26 11:00:00,Annual,Number,85 years,Males,Belgium,2025,21142,,
ESTAT:DEMO_PJAN(1.0),30/05/26 11:00:00,Annual,Number,85 years,Total,Belgium,2005,31351,,
ESTAT:DEMO_PJAN(1.0),30/05/26 11:00:00,Annual,Number,85 years,Total,Belgium,2006,42065,,
ESTAT:DEMO_PJAN(1.0),30/05/26 11:00:00,Annual,Number,85 years,Total,Belgium,2007,43154,,
ESTAT:DEMO_PJAN(1.0),30/05/26 11:00:00,Annual,Number,85 years,Total,Belgium,2008,43472,,
ESTAT:DEMO_PJAN(1.0),30/05/26 11:00:00,Annual,Number,85 years,Total,Belgium,2009,44874,,
ESTAT:DEMO_PJAN(1.0),30/05/26 11:00:00,Annual,Number,85 years,Total,Belgium,2010,45456,,
ESTAT:DEMO_PJAN(1.0),30/05/26 11:00:00,Annual,Number,85 years,Total,Belgium,2011,46547,,
ESTAT:DEMO_PJAN(1.0),30/05/26 11:00:00,Annual,Number,85 years,Total,Belgium,2012,46482,,
ESTAT:DEMO_PJAN(1.0),30/05/26 11:00:00,Annual,Number,85 years,Total,Belgium,2013,46701,,
ESTAT:DEMO_PJAN(1.0),30/05/26 11:00:00,Annual,Number,85 years,Total,Belgium,2014,47773,,
ESTAT:DEMO_PJAN(1.0),30/05/26 11:00:00,Annual,Number,85 years,Total,Belgium,2015,49300,,
ESTAT:DEMO_PJAN(1.0),30/05/26 11:00:00,Annual,Number,85 years,Total,Belgium,2016,53049,,
ESTAT:DEMO_PJAN(1.0),30/05/26 11:00:00,Annual,Number,85 years,Total,Belgium,2017,53205,,
ESTAT:DEMO_PJAN(1.0),30/05/26 11:00:00,Annual,Number,85 years,Total,Belgium,2018,53229,,
ESTAT:DEMO_PJAN(1.0),30/05/26 11:00:00,Annual,Number,85 years,Total,Belgium,2019,51718,,
ESTAT:DEMO_PJAN(1.0),30/05/26 11:00:00,Annual,Number,85 years,Total,Belgium,2020,52223,,
ESTAT:DEMO_PJAN(1.0),30/05/26 11:00:00,Annual,Number,85 years,Total,Belgium,2021,50534,,
ESTAT:DEMO_PJAN(1.0),30/05/26 11:00:00,Annual,Number,85 years,Total,Belgium,2022,51252,,
ESTAT:DEMO_PJAN(1.0),30/05/26 11:00:00,Annual,Number,85 years,Total,Belgium,2023,52450,,
ESTAT:DEMO_PJAN(1.0),30/05/26 11:00:00,Annual,Number,85 years,Total,Belgium,2024,54493,,
ESTAT:DEMO_PJAN(1.0),30/05/26 11:00:00,Annual,Number,85 years,Total,Belgium,2025,53725,,
ESTAT:DEMO_PJAN(1.0),30/05/26 11:00:00,Annual,Number,86 years,Females,Belgium,2005,13676,,
ESTAT:DEMO_PJAN(1.0),30/05/26 11:00:00,Annual,Number,86 years,Females,Belgium,2006,19247,,
ESTAT:DEMO_PJAN(1.0),30/05/26 11:00:00,Annual,Number,86 years,Females,Belgium,2007,25872,,
ESTAT:DEMO_PJAN(1.0),30/05/26 11:00:00,Annual,Number,86 years,Females,Belgium,2008,26432,,
ESTAT:DEMO_PJAN(1.0),30/05/26 11:00:00,Annual,Number,86 years,Females,Belgium,2009,26364,,
ESTAT:DEMO_PJAN(1.0),30/05/26 11:00:00,Annual,Number,86 years,Females,Belgium,2010,27343,,
ESTAT:DEMO_PJAN(1.0),30/05/26 11:00:00,Annual,Number,86 years,Females,Belgium,2011,27443,,
ESTAT:DEMO_PJAN(1.0),30/05/26 11:00:00,Annual,Number,86 years,Females,Belgium,2012,28053,,
ESTAT:DEMO_PJAN(1.0),30/05/26 11:00:00,Annual,Number,86 years,Females,Belgium,2013,27891,,
ESTAT:DEMO_PJAN(1.0),30/05/26 11:00:00,Annual,Number,86 years,Females,Belgium,2014,27688,,
ESTAT:DEMO_PJAN(1.0),30/05/26 11:00:00,Annual,Number,86 years,Females,Belgium,2015,28435,,
ESTAT:DEMO_PJAN(1.0),30/05/26 11:00:00,Annual,Number,86 years,Females,Belgium,2016,29222,,
ESTAT:DEMO_PJAN(1.0),30/05/26 11:00:00,Annual,Number,86 years,Females,Belgium,2017,31087,,
ESTAT:DEMO_PJAN(1.0),30/05/26 11:00:00,Annual,Number,86 years,Females,Belgium,2018,30963,,
ESTAT:DEMO_PJAN(1.0),30/05/26 11:00:00,Annual,Number,86 years,Females,Belgium,2019,30935,,
ESTAT:DEMO_PJAN(1.0),30/05/26 11:00:00,Annual,Number,86 years,Females,Belgium,2020,29757,,
ESTAT:DEMO_PJAN(1.0),30/05/26 11:00:00,Annual,Number,86 years,Females,Belgium,2021,29427,,
ESTAT:DEMO_PJAN(1.0),30/05/26 11:00:00,Annual,Number,86 years,Females,Belgium,2022,28991,,
ESTAT:DEMO_PJAN(1.0),30/05/26 11:00:00,Annual,Number,86 years,Females,Belgium,2023,29074,,
ESTAT:DEMO_PJAN(1.0),30/05/26 11:00:00,Annual,Number,86 years,Females,Belgium,2024,29506,,
ESTAT:DEMO_PJAN(1.0),30/05/26 11:00:00,Annual,Number,86 years,Females,Belgium,2025,30731,,
ESTAT:DEMO_PJAN(1.0),30/05/26 11:00:00,Annual,Number,86 years,Males,Belgium,2005,5895,,
ESTAT:DEMO_PJAN(1.0),30/05/26 11:00:00,Annual,Number,86 years,Males,Belgium,2006,8757,,
ESTAT:DEMO_PJAN(1.0),30/05/26 11:00:00,Annual,Number,86 years,Males,Belgium,2007,11807,,
ESTAT:DEMO_PJAN(1.0),30/05/26 11:00:00,Annual,Number,86 years,Males,Belgium,2008,12442,,
ESTAT:DEMO_PJAN(1.0),30/05/26 11:00:00,Annual,Number,86 years,Males,Belgium,2009,12692,,
ESTAT:DEMO_PJAN(1.0),30/05/26 11:00:00,Annual,Number,86 years,Males,Belgium,2010,13092,,
ESTAT:DEMO_PJAN(1.0),30/05/26 11:00:00,Annual,Number,86 years,Males,Belgium,2011,13692,,
ESTAT:DEMO_PJAN(1.0),30/05/26 11:00:00,Annual,Number,86 years,Males,Belgium,2012,14107,,
ESTAT:DEMO_PJAN(1.0),30/05/26 11:00:00,Annual,Number,86 years,Males,Belgium,2013,14155,,
ESTAT:DEMO_PJAN(1.0),30/05/26 11:00:00,Annual,Number,86 years,Males,Belgium,2014,14554,,
ESTAT:DEMO_PJAN(1.0),30/05/26 11:00:00,Annual,Number,86 years,Males,Belgium,2015,15101,,
ESTAT:DEMO_PJAN(1.0),30/05/26 11:00:00,Annual,Number,86 years,Males,Belgium,2016,15758,,
ESTAT:DEMO_PJAN(1.0),30/05/26 11:00:00,Annual,Number,86 years,Males,Belgium,2017,17361,,
ESTAT:DEMO_PJAN(1.0),30/05/26 11:00:00,Annual,Number,86 years,Males,Belgium,2018,17705,,
ESTAT:DEMO_PJAN(1.0),30/05/26 11:00:00,Annual,Number,86 years,Males,Belgium,2019,17729,,
ESTAT:DEMO_PJAN(1.0),30/05/26 11:00:00,Annual,Number,86 years,Males,Belgium,2020,17730,,
ESTAT:DEMO_PJAN(1.0),30/05/26 11:00:00,Annual,Number,86 years,Males,Belgium,2021,17906,,
ESTAT:DEMO_PJAN(1.0),30/05/26 11:00:00,Annual,Number,86 years,Males,Belgium,2022,17436,,
ESTAT:DEMO_PJAN(1.0),30/05/26 11:00:00,Annual,Number,86 years,Males,Belgium,2023,17982,,
ESTAT:DEMO_PJAN(1.0),30/05/26 11:00:00,Annual,Number,86 years,Males,Belgium,2024,18840,,
ESTAT:DEMO_PJAN(1.0),30/05/26 11:00:00,Annual,Number,86 years,Males,Belgium,2025,19565,,
ESTAT:DEMO_PJAN(1.0),30/05/26 11:00:00,Annual,Number,86 years,Total,Belgium,2005,19571,,
ESTAT:DEMO_PJAN(1.0),30/05/26 11:00:00,Annual,Number,86 years,Total,Belgium,2006,28004,,
ESTAT:DEMO_PJAN(1.0),30/05/26 11:00:00,Annual,Number,86 years,Total,Belgium,2007,37679,,
ESTAT:DEMO_PJAN(1.0),30/05/26 11:00:00,Annual,Number,86 years,Total,Belgium,2008,38874,,
ESTAT:DEMO_PJAN(1.0),30/05/26 11:00:00,Annual,Number,86 years,Total,Belgium,2009,39056,,
ESTAT:DEMO_PJAN(1.0),30/05/26 11:00:00,Annual,Number,86 years,Total,Belgium,2010,40435,,
ESTAT:DEMO_PJAN(1.0),30/05/26 11:00:00,Annual,Number,86 years,Total,Belgium,2011,41135,,
ESTAT:DEMO_PJAN(1.0),30/05/26 11:00:00,Annual,Number,86 years,Total,Belgium,2012,42160,,
ESTAT:DEMO_PJAN(1.0),30/05/26 11:00:00,Annual,Number,86 years,Total,Belgium,2013,42046,,
ESTAT:DEMO_PJAN(1.0),30/05/26 11:00:00,Annual,Number,86 years,Total,Belgium,2014,42242,,
ESTAT:DEMO_PJAN(1.0),30/05/26 11:00:00,Annual,Number,86 years,Total,Belgium,2015,43536,,
ESTAT:DEMO_PJAN(1.0),30/05/26 11:00:00,Annual,Number,86 years,Total,Belgium,2016,44980,,
ESTAT:DEMO_PJAN(1.0),30/05/26 11:00:00,Annual,Number,86 years,Total,Belgium,2017,48448,,
ESTAT:DEMO_PJAN(1.0),30/05/26 11:00:00,Annual,Number,86 years,Total,Belgium,2018,48668,,
ESTAT:DEMO_PJAN(1.0),30/05/26 11:00:00,Annual,Number,86 years,Total,Belgium,2019,48664,,
ESTAT:DEMO_PJAN(1.0),30/05/26 11:00:00,Annual,Number,86 years,Total,Belgium,2020,47487,,
ESTAT:DEMO_PJAN(1.0),30/05/26 11:00:00,Annual,Number,86 years,Total,Belgium,2021,47333,,
ESTAT:DEMO_PJAN(1.0),30/05/26 11:00:00,Annual,Number,86 years,Total,Belgium,2022,46427,,
ESTAT:DEMO_PJAN(1.0),30/05/26 11:00:00,Annual,Number,86 years,Total,Belgium,2023,47056,,
ESTAT:DEMO_PJAN(1.0),30/05/26 11:00:00,Annual,Number,86 years,Total,Belgium,2024,48346,,
ESTAT:DEMO_PJAN(1.0),30/05/26 11:00:00,Annual,Number,86 years,Total,Belgium,2025,50296,,
ESTAT:DEMO_PJAN(1.0),30/05/26 11:00:00,Annual,Number,87 years,Females,Belgium,2005,11917,,
ESTAT:DEMO_PJAN(1.0),30/05/26 11:00:00,Annual,Number,87 years,Females,Belgium,2006,12209,,
ESTAT:DEMO_PJAN(1.0),30/05/26 11:00:00,Annual,Number,87 years,Females,Belgium,2007,17297,,
ESTAT:DEMO_PJAN(1.0),30/05/26 11:00:00,Annual,Number,87 years,Females,Belgium,2008,23264,,
ESTAT:DEMO_PJAN(1.0),30/05/26 11:00:00,Annual,Number,87 years,Females,Belgium,2009,23767,,
ESTAT:DEMO_PJAN(1.0),30/05/26 11:00:00,Annual,Number,87 years,Females,Belgium,2010,23793,,
ESTAT:DEMO_PJAN(1.0),30/05/26 11:00:00,Annual,Number,87 years,Females,Belgium,2011,24834,,
ESTAT:DEMO_PJAN(1.0),30/05/26 11:00:00,Annual,Number,87 years,Females,Belgium,2012,25000,,
ESTAT:DEMO_PJAN(1.0),30/05/26 11:00:00,Annual,Number,87 years,Females,Belgium,2013,25314,,
ESTAT:DEMO_PJAN(1.0),30/05/26 11:00:00,Annual,Number,87 years,Females,Belgium,2014,25256,,
ESTAT:DEMO_PJAN(1.0),30/05/26 11:00:00,Annual,Number,87 years,Females,Belgium,2015,25336,,
ESTAT:DEMO_PJAN(1.0),30/05/26 11:00:00,Annual,Number,87 years,Females,Belgium,2016,25893,,
ESTAT:DEMO_PJAN(1.0),30/05/26 11:00:00,Annual,Number,87 years,Females,Belgium,2017,26773,,
ESTAT:DEMO_PJAN(1.0),30/05/26 11:00:00,Annual,Number,87 years,Females,Belgium,2018,28439,,
ESTAT:DEMO_PJAN(1.0),30/05/26 11:00:00,Annual,Number,87 years,Females,Belgium,2019,28351,,
ESTAT:DEMO_PJAN(1.0),30/05/26 11:00:00,Annual,Number,87 years,Females,Belgium,2020,28335,,
ESTAT:DEMO_PJAN(1.0),30/05/26 11:00:00,Annual,Number,87 years,Females,Belgium,2021,26894,,
ESTAT:DEMO_PJAN(1.0),30/05/26 11:00:00,Annual,Number,87 years,Females,Belgium,2022,27151,,
ESTAT:DEMO_PJAN(1.0),30/05/26 11:00:00,Annual,Number,87 years,Females,Belgium,2023,26582,,
ESTAT:DEMO_PJAN(1.0),30/05/26 11:00:00,Annual,Number,87 years,Females,Belgium,2024,26780,,
ESTAT:DEMO_PJAN(1.0),30/05/26 11:00:00,Annual,Number,87 years,Females,Belgium,2025,27283,,
ESTAT:DEMO_PJAN(1.0),30/05/26 11:00:00,Annual,Number,87 years,Males,Belgium,2005,4805,,
ESTAT:DEMO_PJAN(1.0),30/05/26 11:00:00,Annual,Number,87 years,Males,Belgium,2006,4977,,
ESTAT:DEMO_PJAN(1.0),30/05/26 11:00:00,Annual,Number,87 years,Males,Belgium,2007,7551,,
ESTAT:DEMO_PJAN(1.0),30/05/26 11:00:00,Annual,Number,87 years,Males,Belgium,2008,10152,,
ESTAT:DEMO_PJAN(1.0),30/05/26 11:00:00,Annual,Number,87 years,Males,Belgium,2009,10710,,
ESTAT:DEMO_PJAN(1.0),30/05/26 11:00:00,Annual,Number,87 years,Males,Belgium,2010,10914,,
ESTAT:DEMO_PJAN(1.0),30/05/26 11:00:00,Annual,Number,87 years,Males,Belgium,2011,11315,,
ESTAT:DEMO_PJAN(1.0),30/05/26 11:00:00,Annual,Number,87 years,Males,Belgium,2012,11968,,
ESTAT:DEMO_PJAN(1.0),30/05/26 11:00:00,Annual,Number,87 years,Males,Belgium,2013,12267,,
ESTAT:DEMO_PJAN(1.0),30/05/26 11:00:00,Annual,Number,87 years,Males,Belgium,2014,12245,,
ESTAT:DEMO_PJAN(1.0),30/05/26 11:00:00,Annual,Number,87 years,Males,Belgium,2015,12744,,
ESTAT:DEMO_PJAN(1.0),30/05/26 11:00:00,Annual,Number,87 years,Males,Belgium,2016,13223,,
ESTAT:DEMO_PJAN(1.0),30/05/26 11:00:00,Annual,Number,87 years,Males,Belgium,2017,13861,,
ESTAT:DEMO_PJAN(1.0),30/05/26 11:00:00,Annual,Number,87 years,Males,Belgium,2018,15336,,
ESTAT:DEMO_PJAN(1.0),30/05/26 11:00:00,Annual,Number,87 years,Males,Belgium,2019,15681,,
ESTAT:DEMO_PJAN(1.0),30/05/26 11:00:00,Annual,Number,87 years,Males,Belgium,2020,15774,,
ESTAT:DEMO_PJAN(1.0),30/05/26 11:00:00,Annual,Number,87 years,Males,Belgium,2021,15347,,
ESTAT:DEMO_PJAN(1.0),30/05/26 11:00:00,Annual,Number,87 years,Males,Belgium,2022,15878,,
ESTAT:DEMO_PJAN(1.0),30/05/26 11:00:00,Annual,Number,87 years,Males,Belgium,2023,15483,,
ESTAT:DEMO_PJAN(1.0),30/05/26 11:00:00,Annual,Number,87 years,Males,Belgium,2024,16101,,
ESTAT:DEMO_PJAN(1.0),30/05/26 11:00:00,Annual,Number,87 years,Males,Belgium,2025,16911,,
ESTAT:DEMO_PJAN(1.0),30/05/26 11:00:00,Annual,Number,87 years,Total,Belgium,2005,16722,,
ESTAT:DEMO_PJAN(1.0),30/05/26 11:00:00,Annual,Number,87 years,Total,Belgium,2006,17186,,
ESTAT:DEMO_PJAN(1.0),30/05/26 11:00:00,Annual,Number,87 years,Total,Belgium,2007,24848,,
ESTAT:DEMO_PJAN(1.0),30/05/26 11:00:00,Annual,Number,87 years,Total,Belgium,2008,33416,,
ESTAT:DEMO_PJAN(1.0),30/05/26 11:00:00,Annual,Number,87 years,Total,Belgium,2009,34477,,
ESTAT:DEMO_PJAN(1.0),30/05/26 11:00:00,Annual,Number,87 years,Total,Belgium,2010,34707,,
ESTAT:DEMO_PJAN(1.0),30/05/26 11:00:00,Annual,Number,87 years,Total,Belgium,2011,36149,,
ESTAT:DEMO_PJAN(1.0),30/05/26 11:00:00,Annual,Number,87 years,Total,Belgium,2012,36968,,
ESTAT:DEMO_PJAN(1.0),30/05/26 11:00:00,Annual,Number,87 years,Total,Belgium,2013,37581,,
ESTAT:DEMO_PJAN(1.0),30/05/26 11:00:00,Annual,Number,87 years,Total,Belgium,2014,37501,,
ESTAT:DEMO_PJAN(1.0),30/05/26 11:00:00,Annual,Number,87 years,Total,Belgium,2015,38080,,
ESTAT:DEMO_PJAN(1.0),30/05/26 11:00:00,Annual,Number,87 years,Total,Belgium,2016,39116,,
ESTAT:DEMO_PJAN(1.0),30/05/26 11:00:00,Annual,Number,87 years,Total,Belgium,2017,40634,,
ESTAT:DEMO_PJAN(1.0),30/05/26 11:00:00,Annual,Number,87 years,Total,Belgium,2018,43775,,
ESTAT:DEMO_PJAN(1.0),30/05/26 11:00:00,Annual,Number,87 years,Total,Belgium,2019,44032,,
ESTAT:DEMO_PJAN(1.0),30/05/26 11:00:00,Annual,Number,87 years,Total,Belgium,2020,44109,,
ESTAT:DEMO_PJAN(1.0),30/05/26 11:00:00,Annual,Number,87 years,Total,Belgium,2021,42241,,
ESTAT:DEMO_PJAN(1.0),30/05/26 11:00:00,Annual,Number,87 years,Total,Belgium,2022,43029,,
ESTAT:DEMO_PJAN(1.0),30/05/26 11:00:00,Annual,Number,87 years,Total,Belgium,2023,42065,,
ESTAT:DEMO_PJAN(1.0),30/05/26 11:00:00,Annual,Number,87 years,Total,Belgium,2024,42881,,
ESTAT:DEMO_PJAN(1.0),30/05/26 11:00:00,Annual,Number,87 years,Total,Belgium,2025,44194,,
ESTAT:DEMO_PJAN(1.0),30/05/26 11:00:00,Annual,Number,88 years,Females,Belgium,2005,11722,,
ESTAT:DEMO_PJAN(1.0),30/05/26 11:00:00,Annual,Number,88 years,Females,Belgium,2006,10467,,
ESTAT:DEMO_PJAN(1.0),30/05/26 11:00:00,Annual,Number,88 years,Females,Belgium,2007,10739,,
ESTAT:DEMO_PJAN(1.0),30/05/26 11:00:00,Annual,Number,88 years,Females,Belgium,2008,15307,,
ESTAT:DEMO_PJAN(1.0),30/05/26 11:00:00,Annual,Number,88 years,Females,Belgium,2009,20566,,
ESTAT:DEMO_PJAN(1.0),30/05/26 11:00:00,Annual,Number,88 years,Females,Belgium,2010,21142,,
ESTAT:DEMO_PJAN(1.0),30/05/26 11:00:00,Annual,Number,88 years,Females,Belgium,2011,21229,,
ESTAT:DEMO_PJAN(1.0),30/05/26 11:00:00,Annual,Number,88 years,Females,Belgium,2012,22187,,
ESTAT:DEMO_PJAN(1.0),30/05/26 11:00:00,Annual,Number,88 years,Females,Belgium,2013,22303,,
ESTAT:DEMO_PJAN(1.0),30/05/26 11:00:00,Annual,Number,88 years,Females,Belgium,2014,22582,,
ESTAT:DEMO_PJAN(1.0),30/05/26 11:00:00,Annual,Number,88 years,Females,Belgium,2015,22758,,
ESTAT:DEMO_PJAN(1.0),30/05/26 11:00:00,Annual,Number,88 years,Females,Belgium,2016,22669,,
ESTAT:DEMO_PJAN(1.0),30/05/26 11:00:00,Annual,Number,88 years,Females,Belgium,2017,23316,,
ESTAT:DEMO_PJAN(1.0),30/05/26 11:00:00,Annual,Number,88 years,Females,Belgium,2018,24184,,
ESTAT:DEMO_PJAN(1.0),30/05/26 11:00:00,Annual,Number,88 years,Females,Belgium,2019,25794,,
ESTAT:DEMO_PJAN(1.0),30/05/26 11:00:00,Annual,Number,88 years,Females,Belgium,2020,25693,,
ESTAT:DEMO_PJAN(1.0),30/05/26 11:00:00,Annual,Number,88 years,Females,Belgium,2021,25179,,
ESTAT:DEMO_PJAN(1.0),30/05/26 11:00:00,Annual,Number,88 years,Females,Belgium,2022,24619,,
ESTAT:DEMO_PJAN(1.0),30/05/26 11:00:00,Annual,Number,88 years,Females,Belgium,2023,24556,,
ESTAT:DEMO_PJAN(1.0),30/05/26 11:00:00,Annual,Number,88 years,Females,Belgium,2024,24177,,
ESTAT:DEMO_PJAN(1.0),30/05/26 11:00:00,Annual,Number,88 years,Females,Belgium,2025,24460,,
ESTAT:DEMO_PJAN(1.0),30/05/26 11:00:00,Annual,Number,88 years,Males,Belgium,2005,4540,,
ESTAT:DEMO_PJAN(1.0),30/05/26 11:00:00,Annual,Number,88 years,Males,Belgium,2006,4025,,
ESTAT:DEMO_PJAN(1.0),30/05/26 11:00:00,Annual,Number,88 years,Males,Belgium,2007,4215,,
ESTAT:DEMO_PJAN(1.0),30/05/26 11:00:00,Annual,Number,88 years,Males,Belgium,2008,6445,,
ESTAT:DEMO_PJAN(1.0),30/05/26 11:00:00,Annual,Number,88 years,Males,Belgium,2009,8585,,
ESTAT:DEMO_PJAN(1.0),30/05/26 11:00:00,Annual,Number,88 years,Males,Belgium,2010,9128,,
ESTAT:DEMO_PJAN(1.0),30/05/26 11:00:00,Annual,Number,88 years,Males,Belgium,2011,9281,,
ESTAT:DEMO_PJAN(1.0),30/05/26 11:00:00,Annual,Number,88 years,Males,Belgium,2012,9743,,
ESTAT:DEMO_PJAN(1.0),30/05/26 11:00:00,Annual,Number,88 years,Males,Belgium,2013,10167,,
ESTAT:DEMO_PJAN(1.0),30/05/26 11:00:00,Annual,Number,88 years,Males,Belgium,2014,10529,,
ESTAT:DEMO_PJAN(1.0),30/05/26 11:00:00,Annual,Number,88 years,Males,Belgium,2015,10581,,
ESTAT:DEMO_PJAN(1.0),30/05/26 11:00:00,Annual,Number,88 years,Males,Belgium,2016,10985,,
ESTAT:DEMO_PJAN(1.0),30/05/26 11:00:00,Annual,Number,88 years,Males,Belgium,2017,11498,,
ESTAT:DEMO_PJAN(1.0),30/05/26 11:00:00,Annual,Number,88 years,Males,Belgium,2018,12004,,
ESTAT:DEMO_PJAN(1.0),30/05/26 11:00:00,Annual,Number,88 years,Males,Belgium,2019,13347,,
ESTAT:DEMO_PJAN(1.0),30/05/26 11:00:00,Annual,Number,88 years,Males,Belgium,2020,13733,,
ESTAT:DEMO_PJAN(1.0),30/05/26 11:00:00,Annual,Number,88 years,Males,Belgium,2021,13531,,
ESTAT:DEMO_PJAN(1.0),30/05/26 11:00:00,Annual,Number,88 years,Males,Belgium,2022,13472,,
ESTAT:DEMO_PJAN(1.0),30/05/26 11:00:00,Annual,Number,88 years,Males,Belgium,2023,13887,,
ESTAT:DEMO_PJAN(1.0),30/05/26 11:00:00,Annual,Number,88 years,Males,Belgium,2024,13636,,
ESTAT:DEMO_PJAN(1.0),30/05/26 11:00:00,Annual,Number,88 years,Males,Belgium,2025,14177,,
ESTAT:DEMO_PJAN(1.0),30/05/26 11:00:00,Annual,Number,88 years,Total,Belgium,2005,16262,,
ESTAT:DEMO_PJAN(1.0),30/05/26 11:00:00,Annual,Number,88 years,Total,Belgium,2006,14492,,
ESTAT:DEMO_PJAN(1.0),30/05/26 11:00:00,Annual,Number,88 years,Total,Belgium,2007,14954,,
ESTAT:DEMO_PJAN(1.0),30/05/26 11:00:00,Annual,Number,88 years,Total,Belgium,2008,21752,,
ESTAT:DEMO_PJAN(1.0),30/05/26 11:00:00,Annual,Number,88 years,Total,Belgium,2009,29151,,
ESTAT:DEMO_PJAN(1.0),30/05/26 11:00:00,Annual,Number,88 years,Total,Belgium,2010,30270,,
ESTAT:DEMO_PJAN(1.0),30/05/26 11:00:00,Annual,Number,88 years,Total,Belgium,2011,30510,,
ESTAT:DEMO_PJAN(1.0),30/05/26 11:00:00,Annual,Number,88 years,Total,Belgium,2012,31930,,
ESTAT:DEMO_PJAN(1.0),30/05/26 11:00:00,Annual,Number,88 years,Total,Belgium,2013,32470,,
ESTAT:DEMO_PJAN(1.0),30/05/26 11:00:00,Annual,Number,88 years,Total,Belgium,2014,33111,,
ESTAT:DEMO_PJAN(1.0),30/05/26 11:00:00,Annual,Number,88 years,Total,Belgium,2015,33339,,
ESTAT:DEMO_PJAN(1.0),30/05/26 11:00:00,Annual,Number,88 years,Total,Belgium,2016,33654,,
ESTAT:DEMO_PJAN(1.0),30/05/26 11:00:00,Annual,Number,88 years,Total,Belgium,2017,34814,,
ESTAT:DEMO_PJAN(1.0),30/05/26 11:00:00,Annual,Number,88 years,Total,Belgium,2018,36188,,
ESTAT:DEMO_PJAN(1.0),30/05/26 11:00:00,Annual,Number,88 years,Total,Belgium,2019,39141,,
ESTAT:DEMO_PJAN(1.0),30/05/26 11:00:00,Annual,Number,88 years,Total,Belgium,2020,39426,,
ESTAT:DEMO_PJAN(1.0),30/05/26 11:00:00,Annual,Number,88 years,Total,Belgium,2021,38710,,
ESTAT:DEMO_PJAN(1.0),30/05/26 11:00:00,Annual,Number,88 years,Total,Belgium,2022,38091,,
ESTAT:DEMO_PJAN(1.0),30/05/26 11:00:00,Annual,Number,88 years,Total,Belgium,2023,38443,,
ESTAT:DEMO_PJAN(1.0),30/05/26 11:00:00,Annual,Number,88 years,Total,Belgium,2024,37813,,
ESTAT:DEMO_PJAN(1.0),30/05/26 11:00:00,Annual,Number,88 years,Total,Belgium,2025,38637,,
ESTAT:DEMO_PJAN(1.0),30/05/26 11:00:00,Annual,Number,89 years,Females,Belgium,2005,12183,,
ESTAT:DEMO_PJAN(1.0),30/05/26 11:00:00,Annual,Number,89 years,Females,Belgium,2006,10127,,
ESTAT:DEMO_PJAN(1.0),30/05/26 11:00:00,Annual,Number,89 years,Females,Belgium,2007,9087,,
ESTAT:DEMO_PJAN(1.0),30/05/26 11:00:00,Annual,Number,89 years,Females,Belgium,2008,9394,,
ESTAT:DEMO_PJAN(1.0),30/05/26 11:00:00,Annual,Number,89 years,Females,Belgium,2009,13322,,
ESTAT:DEMO_PJAN(1.0),30/05/26 11:00:00,Annual,Number,89 years,Females,Belgium,2010,18106,,
ESTAT:DEMO_PJAN(1.0),30/05/26 11:00:00,Annual,Number,89 years,Females,Belgium,2011,18464,,
ESTAT:DEMO_PJAN(1.0),30/05/26 11:00:00,Annual,Number,89 years,Females,Belgium,2012,18677,,
ESTAT:DEMO_PJAN(1.0),30/05/26 11:00:00,Annual,Number,89 years,Females,Belgium,2013,19340,,
ESTAT:DEMO_PJAN(1.0),30/05/26 11:00:00,Annual,Number,89 years,Females,Belgium,2014,19586,,
ESTAT:DEMO_PJAN(1.0),30/05/26 11:00:00,Annual,Number,89 years,Females,Belgium,2015,20014,,
ESTAT:DEMO_PJAN(1.0),30/05/26 11:00:00,Annual,Number,89 years,Females,Belgium,2016,20002,,
ESTAT:DEMO_PJAN(1.0),30/05/26 11:00:00,Annual,Number,89 years,Females,Belgium,2017,20122,,
ESTAT:DEMO_PJAN(1.0),30/05/26 11:00:00,Annual,Number,89 years,Females,Belgium,2018,20738,,
ESTAT:DEMO_PJAN(1.0),30/05/26 11:00:00,Annual,Number,89 years,Females,Belgium,2019,21469,,
ESTAT:DEMO_PJAN(1.0),30/05/26 11:00:00,Annual,Number,89 years,Females,Belgium,2020,23076,,
ESTAT:DEMO_PJAN(1.0),30/05/26 11:00:00,Annual,Number,89 years,Females,Belgium,2021,22542,,
ESTAT:DEMO_PJAN(1.0),30/05/26 11:00:00,Annual,Number,89 years,Females,Belgium,2022,22606,,
ESTAT:DEMO_PJAN(1.0),30/05/26 11:00:00,Annual,Number,89 years,Females,Belgium,2023,21961,,
ESTAT:DEMO_PJAN(1.0),30/05/26 11:00:00,Annual,Number,89 years,Females,Belgium,2024,22120,,
ESTAT:DEMO_PJAN(1.0),30/05/26 11:00:00,Annual,Number,89 years,Females,Belgium,2025,21728,,
ESTAT:DEMO_PJAN(1.0),30/05/26 11:00:00,Annual,Number,89 years,Males,Belgium,2005,4443,,
ESTAT:DEMO_PJAN(1.0),30/05/26 11:00:00,Annual,Number,89 years,Males,Belgium,2006,3711,,
ESTAT:DEMO_PJAN(1.0),30/05/26 11:00:00,Annual,Number,89 years,Males,Belgium,2007,3346,,
ESTAT:DEMO_PJAN(1.0),30/05/26 11:00:00,Annual,Number,89 years,Males,Belgium,2008,3535,,
ESTAT:DEMO_PJAN(1.0),30/05/26 11:00:00,Annual,Number,89 years,Males,Belgium,2009,5323,,
ESTAT:DEMO_PJAN(1.0),30/05/26 11:00:00,Annual,Number,89 years,Males,Belgium,2010,7140,,
ESTAT:DEMO_PJAN(1.0),30/05/26 11:00:00,Annual,Number,89 years,Males,Belgium,2011,7690,,
ESTAT:DEMO_PJAN(1.0),30/05/26 11:00:00,Annual,Number,89 years,Males,Belgium,2012,7853,,
ESTAT:DEMO_PJAN(1.0),30/05/26 11:00:00,Annual,Number,89 years,Males,Belgium,2013,8174,,
ESTAT:DEMO_PJAN(1.0),30/05/26 11:00:00,Annual,Number,89 years,Males,Belgium,2014,8450,,
ESTAT:DEMO_PJAN(1.0),30/05/26 11:00:00,Annual,Number,89 years,Males,Belgium,2015,9004,,
ESTAT:DEMO_PJAN(1.0),30/05/26 11:00:00,Annual,Number,89 years,Males,Belgium,2016,8966,,
ESTAT:DEMO_PJAN(1.0),30/05/26 11:00:00,Annual,Number,89 years,Males,Belgium,2017,9405,,
ESTAT:DEMO_PJAN(1.0),30/05/26 11:00:00,Annual,Number,89 years,Males,Belgium,2018,9789,,
ESTAT:DEMO_PJAN(1.0),30/05/26 11:00:00,Annual,Number,89 years,Males,Belgium,2019,10238,,
ESTAT:DEMO_PJAN(1.0),30/05/26 11:00:00,Annual,Number,89 years,Males,Belgium,2020,11411,,
ESTAT:DEMO_PJAN(1.0),30/05/26 11:00:00,Annual,Number,89 years,Males,Belgium,2021,11541,,
ESTAT:DEMO_PJAN(1.0),30/05/26 11:00:00,Annual,Number,89 years,Males,Belgium,2022,11704,,
ESTAT:DEMO_PJAN(1.0),30/05/26 11:00:00,Annual,Number,89 years,Males,Belgium,2023,11568,,
ESTAT:DEMO_PJAN(1.0),30/05/26 11:00:00,Annual,Number,89 years,Males,Belgium,2024,12026,,
ESTAT:DEMO_PJAN(1.0),30/05/26 11:00:00,Annual,Number,89 years,Males,Belgium,2025,11904,,
ESTAT:DEMO_PJAN(1.0),30/05/26 11:00:00,Annual,Number,89 years,Total,Belgium,2005,16626,,
ESTAT:DEMO_PJAN(1.0),30/05/26 11:00:00,Annual,Number,89 years,Total,Belgium,2006,13838,,
ESTAT:DEMO_PJAN(1.0),30/05/26 11:00:00,Annual,Number,89 years,Total,Belgium,2007,12433,,
ESTAT:DEMO_PJAN(1.0),30/05/26 11:00:00,Annual,Number,89 years,Total,Belgium,2008,12929,,
ESTAT:DEMO_PJAN(1.0),30/05/26 11:00:00,Annual,Number,89 years,Total,Belgium,2009,18645,,
ESTAT:DEMO_PJAN(1.0),30/05/26 11:00:00,Annual,Number,89 years,Total,Belgium,2010,25246,,
ESTAT:DEMO_PJAN(1.0),30/05/26 11:00:00,Annual,Number,89 years,Total,Belgium,2011,26154,,
ESTAT:DEMO_PJAN(1.0),30/05/26 11:00:00,Annual,Number,89 years,Total,Belgium,2012,26530,,
ESTAT:DEMO_PJAN(1.0),30/05/26 11:00:00,Annual,Number,89 years,Total,Belgium,2013,27514,,
ESTAT:DEMO_PJAN(1.0),30/05/26 11:00:00,Annual,Number,89 years,Total,Belgium,2014,28036,,
ESTAT:DEMO_PJAN(1.0),30/05/26 11:00:00,Annual,Number,89 years,Total,Belgium,2015,29018,,
ESTAT:DEMO_PJAN(1.0),30/05/26 11:00:00,Annual,Number,89 years,Total,Belgium,2016,28968,,
ESTAT:DEMO_PJAN(1.0),30/05/26 11:00:00,Annual,Number,89 years,Total,Belgium,2017,29527,,
ESTAT:DEMO_PJAN(1.0),30/05/26 11:00:00,Annual,Number,89 years,Total,Belgium,2018,30527,,
ESTAT:DEMO_PJAN(1.0),30/05/26 11:00:00,Annual,Number,89 years,Total,Belgium,2019,31707,,
ESTAT:DEMO_PJAN(1.0),30/05/26 11:00:00,Annual,Number,89 years,Total,Belgium,2020,34487,,
ESTAT:DEMO_PJAN(1.0),30/05/26 11:00:00,Annual,Number,89 years,Total,Belgium,2021,34083,,
ESTAT:DEMO_PJAN(1.0),30/05/26 11:00:00,Annual,Number,89 years,Total,Belgium,2022,34310,,
ESTAT:DEMO_PJAN(1.0),30/05/26 11:00:00,Annual,Number,89 years,Total,Belgium,2023,33529,,
ESTAT:DEMO_PJAN(1.0),30/05/26 11:00:00,Annual,Number,89 years,Total,Belgium,2024,34146,,
ESTAT:DEMO_PJAN(1.0),30/05/26 11:00:00,Annual,Number,89 years,Total,Belgium,2025,33632,,
ESTAT:DEMO_PJAN(1.0),30/05/26 11:00:00,Annual,Number,9 years,Females,Belgium,2005,57807,,
ESTAT:DEMO_PJAN(1.0),30/05/26 11:00:00,Annual,Number,9 years,Females,Belgium,2006,58759,,
ESTAT:DEMO_PJAN(1.0),30/05/26 11:00:00,Annual,Number,9 years,Females,Belgium,2007,58875,,
ESTAT:DEMO_PJAN(1.0),30/05/26 11:00:00,Annual,Number,9 years,Females,Belgium,2008,58217,,
ESTAT:DEMO_PJAN(1.0),30/05/26 11:00:00,Annual,Number,9 years,Females,Belgium,2009,58336,,
ESTAT:DEMO_PJAN(1.0),30/05/26 11:00:00,Annual,Number,9 years,Females,Belgium,2010,59140,,
ESTAT:DEMO_PJAN(1.0),30/05/26 11:00:00,Annual,Number,9 years,Females,Belgium,2011,59298,,
ESTAT:DEMO_PJAN(1.0),30/05/26 11:00:00,Annual,Number,9 years,Females,Belgium,2012,58316,,
ESTAT:DEMO_PJAN(1.0),30/05/26 11:00:00,Annual,Number,9 years,Females,Belgium,2013,59089,,
ESTAT:DEMO_PJAN(1.0),30/05/26 11:00:00,Annual,Number,9 years,Females,Belgium,2014,60609,,
ESTAT:DEMO_PJAN(1.0),30/05/26 11:00:00,Annual,Number,9 years,Females,Belgium,2015,61651,,
ESTAT:DEMO_PJAN(1.0),30/05/26 11:00:00,Annual,Number,9 years,Females,Belgium,2016,63868,,
ESTAT:DEMO_PJAN(1.0),30/05/26 11:00:00,Annual,Number,9 years,Females,Belgium,2017,64445,,
ESTAT:DEMO_PJAN(1.0),30/05/26 11:00:00,Annual,Number,9 years,Females,Belgium,2018,65644,,
ESTAT:DEMO_PJAN(1.0),30/05/26 11:00:00,Annual,Number,9 years,Females,Belgium,2019,65919,,
ESTAT:DEMO_PJAN(1.0),30/05/26 11:00:00,Annual,Number,9 years,Females,Belgium,2020,66902,,
ESTAT:DEMO_PJAN(1.0),30/05/26 11:00:00,Annual,Number,9 years,Females,Belgium,2021,66031,,
ESTAT:DEMO_PJAN(1.0),30/05/26 11:00:00,Annual,Number,9 years,Females,Belgium,2022,65866,,
ESTAT:DEMO_PJAN(1.0),30/05/26 11:00:00,Annual,Number,9 years,Females,Belgium,2023,65016,,
ESTAT:DEMO_PJAN(1.0),30/05/26 11:00:00,Annual,Number,9 years,Females,Belgium,2024,65041,,
ESTAT:DEMO_PJAN(1.0),30/05/26 11:00:00,Annual,Number,9 years,Females,Belgium,2025,64156,,
ESTAT:DEMO_PJAN(1.0),30/05/26 11:00:00,Annual,Number,9 years,Males,Belgium,2005,60389,,
ESTAT:DEMO_PJAN(1.0),30/05/26 11:00:00,Annual,Number,9 years,Males,Belgium,2006,61128,,
ESTAT:DEMO_PJAN(1.0),30/05/26 11:00:00,Annual,Number,9 years,Males,Belgium,2007,61401,,
ESTAT:DEMO_PJAN(1.0),30/05/26 11:00:00,Annual,Number,9 years,Males,Belgium,2008,60891,,
ESTAT:DEMO_PJAN(1.0),30/05/26 11:00:00,Annual,Number,9 years,Males,Belgium,2009,60595,,
ESTAT:DEMO_PJAN(1.0),30/05/26 11:00:00,Annual,Number,9 years,Males,Belgium,2010,61900,,
ESTAT:DEMO_PJAN(1.0),30/05/26 11:00:00,Annual,Number,9 years,Males,Belgium,2011,61678,,
ESTAT:DEMO_PJAN(1.0),30/05/26 11:00:00,Annual,Number,9 years,Males,Belgium,2012,61045,,
ESTAT:DEMO_PJAN(1.0),30/05/26 11:00:00,Annual,Number,9 years,Males,Belgium,2013,61677,,
ESTAT:DEMO_PJAN(1.0),30/05/26 11:00:00,Annual,Number,9 years,Males,Belgium,2014,63627,,
ESTAT:DEMO_PJAN(1.0),30/05/26 11:00:00,Annual,Number,9 years,Males,Belgium,2015,64850,,
ESTAT:DEMO_PJAN(1.0),30/05/26 11:00:00,Annual,Number,9 years,Males,Belgium,2016,66441,,
ESTAT:DEMO_PJAN(1.0),30/05/26 11:00:00,Annual,Number,9 years,Males,Belgium,2017,67269,,
ESTAT:DEMO_PJAN(1.0),30/05/26 11:00:00,Annual,Number,9 years,Males,Belgium,2018,69291,,
ESTAT:DEMO_PJAN(1.0),30/05/26 11:00:00,Annual,Number,9 years,Males,Belgium,2019,69193,,
ESTAT:DEMO_PJAN(1.0),30/05/26 11:00:00,Annual,Number,9 years,Males,Belgium,2020,69941,,
ESTAT:DEMO_PJAN(1.0),30/05/26 11:00:00,Annual,Number,9 years,Males,Belgium,2021,69151,,
ESTAT:DEMO_PJAN(1.0),30/05/26 11:00:00,Annual,Number,9 years,Males,Belgium,2022,68601,,
ESTAT:DEMO_PJAN(1.0),30/05/26 11:00:00,Annual,Number,9 years,Males,Belgium,2023,68276,,
ESTAT:DEMO_PJAN(1.0),30/05/26 11:00:00,Annual,Number,9 years,Males,Belgium,2024,68618,,
ESTAT:DEMO_PJAN(1.0),30/05/26 11:00:00,Annual,Number,9 years,Males,Belgium,2025,67078,,
ESTAT:DEMO_PJAN(1.0),30/05/26 11:00:00,Annual,Number,9 years,Total,Belgium,2005,118196,,
ESTAT:DEMO_PJAN(1.0),30/05/26 11:00:00,Annual,Number,9 years,Total,Belgium,2006,119887,,
ESTAT:DEMO_PJAN(1.0),30/05/26 11:00:00,Annual,Number,9 years,Total,Belgium,2007,120276,,
ESTAT:DEMO_PJAN(1.0),30/05/26 11:00:00,Annual,Number,9 years,Total,Belgium,2008,119108,,
ESTAT:DEMO_PJAN(1.0),30/05/26 11:00:00,Annual,Number,9 years,Total,Belgium,2009,118931,,
ESTAT:DEMO_PJAN(1.0),30/05/26 11:00:00,Annual,Number,9 years,Total,Belgium,2010,121040,,
ESTAT:DEMO_PJAN(1.0),30/05/26 11:00:00,Annual,Number,9 years,Total,Belgium,2011,120976,,
ESTAT:DEMO_PJAN(1.0),30/05/26 11:00:00,Annual,Number,9 years,Total,Belgium,2012,119361,,
ESTAT:DEMO_PJAN(1.0),30/05/26 11:00:00,Annual,Number,9 years,Total,Belgium,2013,120766,,
ESTAT:DEMO_PJAN(1.0),30/05/26 11:00:00,Annual,Number,9 years,Total,Belgium,2014,124236,,
ESTAT:DEMO_PJAN(1.0),30/05/26 11:00:00,Annual,Number,9 years,Total,Belgium,2015,126501,,
ESTAT:DEMO_PJAN(1.0),30/05/26 11:00:00,Annual,Number,9 years,Total,Belgium,2016,130309,,
ESTAT:DEMO_PJAN(1.0),30/05/26 11:00:00,Annual,Number,9 years,Total,Belgium,2017,131714,,
ESTAT:DEMO_PJAN(1.0),30/05/26 11:00:00,Annual,Number,9 years,Total,Belgium,2018,134935,,
ESTAT:DEMO_PJAN(1.0),30/05/26 11:00:00,Annual,Number,9 years,Total,Belgium,2019,135112,,
ESTAT:DEMO_PJAN(1.0),30/05/26 11:00:00,Annual,Number,9 years,Total,Belgium,2020,136843,,
ESTAT:DEMO_PJAN(1.0),30/05/26 11:00:00,Annual,Number,9 years,Total,Belgium,2021,135182,,
ESTAT:DEMO_PJAN(1.0),30/05/26 11:00:00,Annual,Number,9 years,Total,Belgium,2022,134467,,
ESTAT:DEMO_PJAN(1.0),30/05/26 11:00:00,Annual,Number,9 years,Total,Belgium,2023,133292,,
ESTAT:DEMO_PJAN(1.0),30/05/26 11:00:00,Annual,Number,9 years,Total,Belgium,2024,133659,,
ESTAT:DEMO_PJAN(1.0),30/05/26 11:00:00,Annual,Number,9 years,Total,Belgium,2025,131234,,
ESTAT:DEMO_PJAN(1.0),30/05/26 11:00:00,Annual,Number,90 years,Females,Belgium,2005,12209,,
ESTAT:DEMO_PJAN(1.0),30/05/26 11:00:00,Annual,Number,90 years,Females,Belgium,2006,10344,,
ESTAT:DEMO_PJAN(1.0),30/05/26 11:00:00,Annual,Number,90 years,Females,Belgium,2007,8658,,
ESTAT:DEMO_PJAN(1.0),30/05/26 11:00:00,Annual,Number,90 years,Females,Belgium,2008,7843,,
ESTAT:DEMO_PJAN(1.0),30/05/26 11:00:00,Annual,Number,90 years,Females,Belgium,2009,8061,,
ESTAT:DEMO_PJAN(1.0),30/05/26 11:00:00,Annual,Number,90 years,Females,Belgium,2010,11479,,
ESTAT:DEMO_PJAN(1.0),30/05/26 11:00:00,Annual,Number,90 years,Females,Belgium,2011,15596,,
ESTAT:DEMO_PJAN(1.0),30/05/26 11:00:00,Annual,Number,90 years,Females,Belgium,2012,15969,,
ESTAT:DEMO_PJAN(1.0),30/05/26 11:00:00,Annual,Number,90 years,Females,Belgium,2013,16076,,
ESTAT:DEMO_PJAN(1.0),30/05/26 11:00:00,Annual,Number,90 years,Females,Belgium,2014,16614,,
ESTAT:DEMO_PJAN(1.0),30/05/26 11:00:00,Annual,Number,90 years,Females,Belgium,2015,17088,,
ESTAT:DEMO_PJAN(1.0),30/05/26 11:00:00,Annual,Number,90 years,Females,Belgium,2016,17254,,
ESTAT:DEMO_PJAN(1.0),30/05/26 11:00:00,Annual,Number,90 years,Females,Belgium,2017,17445,,
ESTAT:DEMO_PJAN(1.0),30/05/26 11:00:00,Annual,Number,90 years,Females,Belgium,2018,17526,,
ESTAT:DEMO_PJAN(1.0),30/05/26 11:00:00,Annual,Number,90 years,Females,Belgium,2019,18131,,
ESTAT:DEMO_PJAN(1.0),30/05/26 11:00:00,Annual,Number,90 years,Females,Belgium,2020,18801,,
ESTAT:DEMO_PJAN(1.0),30/05/26 11:00:00,Annual,Number,90 years,Females,Belgium,2021,19790,,
ESTAT:DEMO_PJAN(1.0),30/05/26 11:00:00,Annual,Number,90 years,Females,Belgium,2022,19958,,
ESTAT:DEMO_PJAN(1.0),30/05/26 11:00:00,Annual,Number,90 years,Females,Belgium,2023,19831,,
ESTAT:DEMO_PJAN(1.0),30/05/26 11:00:00,Annual,Number,90 years,Females,Belgium,2024,19317,,
ESTAT:DEMO_PJAN(1.0),30/05/26 11:00:00,Annual,Number,90 years,Females,Belgium,2025,19469,,
ESTAT:DEMO_PJAN(1.0),30/05/26 11:00:00,Annual,Number,90 years,Males,Belgium,2005,4111,,
ESTAT:DEMO_PJAN(1.0),30/05/26 11:00:00,Annual,Number,90 years,Males,Belgium,2006,3613,,
ESTAT:DEMO_PJAN(1.0),30/05/26 11:00:00,Annual,Number,90 years,Males,Belgium,2007,3010,,
ESTAT:DEMO_PJAN(1.0),30/05/26 11:00:00,Annual,Number,90 years,Males,Belgium,2008,2769,,
ESTAT:DEMO_PJAN(1.0),30/05/26 11:00:00,Annual,Number,90 years,Males,Belgium,2009,2835,,
ESTAT:DEMO_PJAN(1.0),30/05/26 11:00:00,Annual,Number,90 years,Males,Belgium,2010,4361,,
ESTAT:DEMO_PJAN(1.0),30/05/26 11:00:00,Annual,Number,90 years,Males,Belgium,2011,5860,,
ESTAT:DEMO_PJAN(1.0),30/05/26 11:00:00,Annual,Number,90 years,Males,Belgium,2012,6373,,
ESTAT:DEMO_PJAN(1.0),30/05/26 11:00:00,Annual,Number,90 years,Males,Belgium,2013,6430,,
ESTAT:DEMO_PJAN(1.0),30/05/26 11:00:00,Annual,Number,90 years,Males,Belgium,2014,6747,,
ESTAT:DEMO_PJAN(1.0),30/05/26 11:00:00,Annual,Number,90 years,Males,Belgium,2015,7048,,
ESTAT:DEMO_PJAN(1.0),30/05/26 11:00:00,Annual,Number,90 years,Males,Belgium,2016,7464,,
ESTAT:DEMO_PJAN(1.0),30/05/26 11:00:00,Annual,Number,90 years,Males,Belgium,2017,7475,,
ESTAT:DEMO_PJAN(1.0),30/05/26 11:00:00,Annual,Number,90 years,Males,Belgium,2018,7871,,
ESTAT:DEMO_PJAN(1.0),30/05/26 11:00:00,Annual,Number,90 years,Males,Belgium,2019,8203,,
ESTAT:DEMO_PJAN(1.0),30/05/26 11:00:00,Annual,Number,90 years,Males,Belgium,2020,8635,,
ESTAT:DEMO_PJAN(1.0),30/05/26 11:00:00,Annual,Number,90 years,Males,Belgium,2021,9272,,
ESTAT:DEMO_PJAN(1.0),30/05/26 11:00:00,Annual,Number,90 years,Males,Belgium,2022,9696,,
ESTAT:DEMO_PJAN(1.0),30/05/26 11:00:00,Annual,Number,90 years,Males,Belgium,2023,9920,,
ESTAT:DEMO_PJAN(1.0),30/05/26 11:00:00,Annual,Number,90 years,Males,Belgium,2024,9775,,
ESTAT:DEMO_PJAN(1.0),30/05/26 11:00:00,Annual,Number,90 years,Males,Belgium,2025,10271,,
ESTAT:DEMO_PJAN(1.0),30/05/26 11:00:00,Annual,Number,90 years,Total,Belgium,2005,16320,,
ESTAT:DEMO_PJAN(1.0),30/05/26 11:00:00,Annual,Number,90 years,Total,Belgium,2006,13957,,
ESTAT:DEMO_PJAN(1.0),30/05/26 11:00:00,Annual,Number,90 years,Total,Belgium,2007,11668,,
ESTAT:DEMO_PJAN(1.0),30/05/26 11:00:00,Annual,Number,90 years,Total,Belgium,2008,10612,,
ESTAT:DEMO_PJAN(1.0),30/05/26 11:00:00,Annual,Number,90 years,Total,Belgium,2009,10896,,
ESTAT:DEMO_PJAN(1.0),30/05/26 11:00:00,Annual,Number,90 years,Total,Belgium,2010,15840,,
ESTAT:DEMO_PJAN(1.0),30/05/26 11:00:00,Annual,Number,90 years,Total,Belgium,2011,21456,,
ESTAT:DEMO_PJAN(1.0),30/05/26 11:00:00,Annual,Number,90 years,Total,Belgium,2012,22342,,
ESTAT:DEMO_PJAN(1.0),30/05/26 11:00:00,Annual,Number,90 years,Total,Belgium,2013,22506,,
ESTAT:DEMO_PJAN(1.0),30/05/26 11:00:00,Annual,Number,90 years,Total,Belgium,2014,23361,,
ESTAT:DEMO_PJAN(1.0),30/05/26 11:00:00,Annual,Number,90 years,Total,Belgium,2015,24136,,
ESTAT:DEMO_PJAN(1.0),30/05/26 11:00:00,Annual,Number,90 years,Total,Belgium,2016,24718,,
ESTAT:DEMO_PJAN(1.0),30/05/26 11:00:00,Annual,Number,90 years,Total,Belgium,2017,24920,,
ESTAT:DEMO_PJAN(1.0),30/05/26 11:00:00,Annual,Number,90 years,Total,Belgium,2018,25397,,
ESTAT:DEMO_PJAN(1.0),30/05/26 11:00:00,Annual,Number,90 years,Total,Belgium,2019,26334,,
ESTAT:DEMO_PJAN(1.0),30/05/26 11:00:00,Annual,Number,90 years,Total,Belgium,2020,27436,,
ESTAT:DEMO_PJAN(1.0),30/05/26 11:00:00,Annual,Number,90 years,Total,Belgium,2021,29062,,
ESTAT:DEMO_PJAN(1.0),30/05/26 11:00:00,Annual,Number,90 years,Total,Belgium,2022,29654,,
ESTAT:DEMO_PJAN(1.0),30/05/26 11:00:00,Annual,Number,90 years,Total,Belgium,2023,29751,,
ESTAT:DEMO_PJAN(1.0),30/05/26 11:00:00,Annual,Number,90 years,Total,Belgium,2024,29092,,
ESTAT:DEMO_PJAN(1.0),30/05/26 11:00:00,Annual,Number,90 years,Total,Belgium,2025,29740,,
ESTAT:DEMO_PJAN(1.0),30/05/26 11:00:00,Annual,Number,91 years,Females,Belgium,2005,10007,,
ESTAT:DEMO_PJAN(1.0),30/05/26 11:00:00,Annual,Number,91 years,Females,Belgium,2006,10117,,
ESTAT:DEMO_PJAN(1.0),30/05/26 11:00:00,Annual,Number,91 years,Females,Belgium,2007,8731,,
ESTAT:DEMO_PJAN(1.0),30/05/26 11:00:00,Annual,Number,91 years,Females,Belgium,2008,7304,,
ESTAT:DEMO_PJAN(1.0),30/05/26 11:00:00,Annual,Number,91 years,Females,Belgium,2009,6604,,
ESTAT:DEMO_PJAN(1.0),30/05/26 11:00:00,Annual,Number,91 years,Females,Belgium,2010,6823,,
ESTAT:DEMO_PJAN(1.0),30/05/26 11:00:00,Annual,Number,91 years,Females,Belgium,2011,9696,,
ESTAT:DEMO_PJAN(1.0),30/05/26 11:00:00,Annual,Number,91 years,Females,Belgium,2012,13262,,
ESTAT:DEMO_PJAN(1.0),30/05/26 11:00:00,Annual,Number,91 years,Females,Belgium,2013,13524,,
ESTAT:DEMO_PJAN(1.0),30/05/26 11:00:00,Annual,Number,91 years,Females,Belgium,2014,13645,,
ESTAT:DEMO_PJAN(1.0),30/05/26 11:00:00,Annual,Number,91 years,Females,Belgium,2015,14249,,
ESTAT:DEMO_PJAN(1.0),30/05/26 11:00:00,Annual,Number,91 years,Females,Belgium,2016,14520,,
ESTAT:DEMO_PJAN(1.0),30/05/26 11:00:00,Annual,Number,91 years,Females,Belgium,2017,14854,,
ESTAT:DEMO_PJAN(1.0),30/05/26 11:00:00,Annual,Number,91 years,Females,Belgium,2018,14938,,
ESTAT:DEMO_PJAN(1.0),30/05/26 11:00:00,Annual,Number,91 years,Females,Belgium,2019,15009,,
ESTAT:DEMO_PJAN(1.0),30/05/26 11:00:00,Annual,Number,91 years,Females,Belgium,2020,15585,,
ESTAT:DEMO_PJAN(1.0),30/05/26 11:00:00,Annual,Number,91 years,Females,Belgium,2021,15693,,
ESTAT:DEMO_PJAN(1.0),30/05/26 11:00:00,Annual,Number,91 years,Females,Belgium,2022,17197,,
ESTAT:DEMO_PJAN(1.0),30/05/26 11:00:00,Annual,Number,91 years,Females,Belgium,2023,17077,,
ESTAT:DEMO_PJAN(1.0),30/05/26 11:00:00,Annual,Number,91 years,Females,Belgium,2024,17219,,
ESTAT:DEMO_PJAN(1.0),30/05/26 11:00:00,Annual,Number,91 years,Females,Belgium,2025,16772,,
ESTAT:DEMO_PJAN(1.0),30/05/26 11:00:00,Annual,Number,91 years,Males,Belgium,2005,3059,,
ESTAT:DEMO_PJAN(1.0),30/05/26 11:00:00,Annual,Number,91 years,Males,Belgium,2006,3241,,
ESTAT:DEMO_PJAN(1.0),30/05/26 11:00:00,Annual,Number,91 years,Males,Belgium,2007,2849,,
ESTAT:DEMO_PJAN(1.0),30/05/26 11:00:00,Annual,Number,91 years,Males,Belgium,2008,2402,,
ESTAT:DEMO_PJAN(1.0),30/05/26 11:00:00,Annual,Number,91 years,Males,Belgium,2009,2228,,
ESTAT:DEMO_PJAN(1.0),30/05/26 11:00:00,Annual,Number,91 years,Males,Belgium,2010,2299,,
ESTAT:DEMO_PJAN(1.0),30/05/26 11:00:00,Annual,Number,91 years,Males,Belgium,2011,3491,,
ESTAT:DEMO_PJAN(1.0),30/05/26 11:00:00,Annual,Number,91 years,Males,Belgium,2012,4723,,
ESTAT:DEMO_PJAN(1.0),30/05/26 11:00:00,Annual,Number,91 years,Males,Belgium,2013,5195,,
ESTAT:DEMO_PJAN(1.0),30/05/26 11:00:00,Annual,Number,91 years,Males,Belgium,2014,5198,,
ESTAT:DEMO_PJAN(1.0),30/05/26 11:00:00,Annual,Number,91 years,Males,Belgium,2015,5492,,
ESTAT:DEMO_PJAN(1.0),30/05/26 11:00:00,Annual,Number,91 years,Males,Belgium,2016,5759,,
ESTAT:DEMO_PJAN(1.0),30/05/26 11:00:00,Annual,Number,91 years,Males,Belgium,2017,6124,,
ESTAT:DEMO_PJAN(1.0),30/05/26 11:00:00,Annual,Number,91 years,Males,Belgium,2018,6071,,
ESTAT:DEMO_PJAN(1.0),30/05/26 11:00:00,Annual,Number,91 years,Males,Belgium,2019,6502,,
ESTAT:DEMO_PJAN(1.0),30/05/26 11:00:00,Annual,Number,91 years,Males,Belgium,2020,6772,,
ESTAT:DEMO_PJAN(1.0),30/05/26 11:00:00,Annual,Number,91 years,Males,Belgium,2021,6811,,
ESTAT:DEMO_PJAN(1.0),30/05/26 11:00:00,Annual,Number,91 years,Males,Belgium,2022,7688,,
ESTAT:DEMO_PJAN(1.0),30/05/26 11:00:00,Annual,Number,91 years,Males,Belgium,2023,7966,,
ESTAT:DEMO_PJAN(1.0),30/05/26 11:00:00,Annual,Number,91 years,Males,Belgium,2024,8263,,
ESTAT:DEMO_PJAN(1.0),30/05/26 11:00:00,Annual,Number,91 years,Males,Belgium,2025,8150,,
ESTAT:DEMO_PJAN(1.0),30/05/26 11:00:00,Annual,Number,91 years,Total,Belgium,2005,13066,,
ESTAT:DEMO_PJAN(1.0),30/05/26 11:00:00,Annual,Number,91 years,Total,Belgium,2006,13358,,
ESTAT:DEMO_PJAN(1.0),30/05/26 11:00:00,Annual,Number,91 years,Total,Belgium,2007,11580,,
ESTAT:DEMO_PJAN(1.0),30/05/26 11:00:00,Annual,Number,91 years,Total,Belgium,2008,9706,,
ESTAT:DEMO_PJAN(1.0),30/05/26 11:00:00,Annual,Number,91 years,Total,Belgium,2009,8832,,
ESTAT:DEMO_PJAN(1.0),30/05/26 11:00:00,Annual,Number,91 years,Total,Belgium,2010,9122,,
ESTAT:DEMO_PJAN(1.0),30/05/26 11:00:00,Annual,Number,91 years,Total,Belgium,2011,13187,,
ESTAT:DEMO_PJAN(1.0),30/05/26 11:00:00,Annual,Number,91 years,Total,Belgium,2012,17985,,
ESTAT:DEMO_PJAN(1.0),30/05/26 11:00:00,Annual,Number,91 years,Total,Belgium,2013,18719,,
ESTAT:DEMO_PJAN(1.0),30/05/26 11:00:00,Annual,Number,91 years,Total,Belgium,2014,18843,,
ESTAT:DEMO_PJAN(1.0),30/05/26 11:00:00,Annual,Number,91 years,Total,Belgium,2015,19741,,
ESTAT:DEMO_PJAN(1.0),30/05/26 11:00:00,Annual,Number,91 years,Total,Belgium,2016,20279,,
ESTAT:DEMO_PJAN(1.0),30/05/26 11:00:00,Annual,Number,91 years,Total,Belgium,2017,20978,,
ESTAT:DEMO_PJAN(1.0),30/05/26 11:00:00,Annual,Number,91 years,Total,Belgium,2018,21009,,
ESTAT:DEMO_PJAN(1.0),30/05/26 11:00:00,Annual,Number,91 years,Total,Belgium,2019,21511,,
ESTAT:DEMO_PJAN(1.0),30/05/26 11:00:00,Annual,Number,91 years,Total,Belgium,2020,22357,,
ESTAT:DEMO_PJAN(1.0),30/05/26 11:00:00,Annual,Number,91 years,Total,Belgium,2021,22504,,
ESTAT:DEMO_PJAN(1.0),30/05/26 11:00:00,Annual,Number,91 years,Total,Belgium,2022,24885,,
ESTAT:DEMO_PJAN(1.0),30/05/26 11:00:00,Annual,Number,91 years,Total,Belgium,2023,25043,,
ESTAT:DEMO_PJAN(1.0),30/05/26 11:00:00,Annual,Number,91 years,Total,Belgium,2024,25482,,
ESTAT:DEMO_PJAN(1.0),30/05/26 11:00:00,Annual,Number,91 years,Total,Belgium,2025,24922,,
ESTAT:DEMO_PJAN(1.0),30/05/26 11:00:00,Annual,Number,92 years,Females,Belgium,2005,7977,,
ESTAT:DEMO_PJAN(1.0),30/05/26 11:00:00,Annual,Number,92 years,Females,Belgium,2006,8142,,
ESTAT:DEMO_PJAN(1.0),30/05/26 11:00:00,Annual,Number,92 years,Females,Belgium,2007,8358,,
ESTAT:DEMO_PJAN(1.0),30/05/26 11:00:00,Annual,Number,92 years,Females,Belgium,2008,7158,,
ESTAT:DEMO_PJAN(1.0),30/05/26 11:00:00,Annual,Number,92 years,Females,Belgium,2009,6004,,
ESTAT:DEMO_PJAN(1.0),30/05/26 11:00:00,Annual,Number,92 years,Females,Belgium,2010,5425,,
ESTAT:DEMO_PJAN(1.0),30/05/26 11:00:00,Annual,Number,92 years,Females,Belgium,2011,5601,,
ESTAT:DEMO_PJAN(1.0),30/05/26 11:00:00,Annual,Number,92 years,Females,Belgium,2012,8076,,
ESTAT:DEMO_PJAN(1.0),30/05/26 11:00:00,Annual,Number,92 years,Females,Belgium,2013,10877,,
ESTAT:DEMO_PJAN(1.0),30/05/26 11:00:00,Annual,Number,92 years,Females,Belgium,2014,11231,,
ESTAT:DEMO_PJAN(1.0),30/05/26 11:00:00,Annual,Number,92 years,Females,Belgium,2015,11446,,
ESTAT:DEMO_PJAN(1.0),30/05/26 11:00:00,Annual,Number,92 years,Females,Belgium,2016,11803,,
ESTAT:DEMO_PJAN(1.0),30/05/26 11:00:00,Annual,Number,92 years,Females,Belgium,2017,12170,,
ESTAT:DEMO_PJAN(1.0),30/05/26 11:00:00,Annual,Number,92 years,Females,Belgium,2018,12391,,
ESTAT:DEMO_PJAN(1.0),30/05/26 11:00:00,Annual,Number,92 years,Females,Belgium,2019,12554,,
ESTAT:DEMO_PJAN(1.0),30/05/26 11:00:00,Annual,Number,92 years,Females,Belgium,2020,12625,,
ESTAT:DEMO_PJAN(1.0),30/05/26 11:00:00,Annual,Number,92 years,Females,Belgium,2021,12697,,
ESTAT:DEMO_PJAN(1.0),30/05/26 11:00:00,Annual,Number,92 years,Females,Belgium,2022,13440,,
ESTAT:DEMO_PJAN(1.0),30/05/26 11:00:00,Annual,Number,92 years,Females,Belgium,2023,14476,,
ESTAT:DEMO_PJAN(1.0),30/05/26 11:00:00,Annual,Number,92 years,Females,Belgium,2024,14475,,
ESTAT:DEMO_PJAN(1.0),30/05/26 11:00:00,Annual,Number,92 years,Females,Belgium,2025,14610,,
ESTAT:DEMO_PJAN(1.0),30/05/26 11:00:00,Annual,Number,92 years,Males,Belgium,2005,2253,,
ESTAT:DEMO_PJAN(1.0),30/05/26 11:00:00,Annual,Number,92 years,Males,Belgium,2006,2300,,
ESTAT:DEMO_PJAN(1.0),30/05/26 11:00:00,Annual,Number,92 years,Males,Belgium,2007,2485,,
ESTAT:DEMO_PJAN(1.0),30/05/26 11:00:00,Annual,Number,92 years,Males,Belgium,2008,2222,,
ESTAT:DEMO_PJAN(1.0),30/05/26 11:00:00,Annual,Number,92 years,Males,Belgium,2009,1853,,
ESTAT:DEMO_PJAN(1.0),30/05/26 11:00:00,Annual,Number,92 years,Males,Belgium,2010,1706,,
ESTAT:DEMO_PJAN(1.0),30/05/26 11:00:00,Annual,Number,92 years,Males,Belgium,2011,1804,,
ESTAT:DEMO_PJAN(1.0),30/05/26 11:00:00,Annual,Number,92 years,Males,Belgium,2012,2774,,
ESTAT:DEMO_PJAN(1.0),30/05/26 11:00:00,Annual,Number,92 years,Males,Belgium,2013,3662,,
ESTAT:DEMO_PJAN(1.0),30/05/26 11:00:00,Annual,Number,92 years,Males,Belgium,2014,4080,,
ESTAT:DEMO_PJAN(1.0),30/05/26 11:00:00,Annual,Number,92 years,Males,Belgium,2015,4199,,
ESTAT:DEMO_PJAN(1.0),30/05/26 11:00:00,Annual,Number,92 years,Males,Belgium,2016,4315,,
ESTAT:DEMO_PJAN(1.0),30/05/26 11:00:00,Annual,Number,92 years,Males,Belgium,2017,4591,,
ESTAT:DEMO_PJAN(1.0),30/05/26 11:00:00,Annual,Number,92 years,Males,Belgium,2018,4827,,
ESTAT:DEMO_PJAN(1.0),30/05/26 11:00:00,Annual,Number,92 years,Males,Belgium,2019,4876,,
ESTAT:DEMO_PJAN(1.0),30/05/26 11:00:00,Annual,Number,92 years,Males,Belgium,2020,5267,,
ESTAT:DEMO_PJAN(1.0),30/05/26 11:00:00,Annual,Number,92 years,Males,Belgium,2021,5215,,
ESTAT:DEMO_PJAN(1.0),30/05/26 11:00:00,Annual,Number,92 years,Males,Belgium,2022,5503,,
ESTAT:DEMO_PJAN(1.0),30/05/26 11:00:00,Annual,Number,92 years,Males,Belgium,2023,6150,,
ESTAT:DEMO_PJAN(1.0),30/05/26 11:00:00,Annual,Number,92 years,Males,Belgium,2024,6447,,
ESTAT:DEMO_PJAN(1.0),30/05/26 11:00:00,Annual,Number,92 years,Males,Belgium,2025,6824,,
ESTAT:DEMO_PJAN(1.0),30/05/26 11:00:00,Annual,Number,92 years,Total,Belgium,2005,10230,,
ESTAT:DEMO_PJAN(1.0),30/05/26 11:00:00,Annual,Number,92 years,Total,Belgium,2006,10442,,
ESTAT:DEMO_PJAN(1.0),30/05/26 11:00:00,Annual,Number,92 years,Total,Belgium,2007,10843,,
ESTAT:DEMO_PJAN(1.0),30/05/26 11:00:00,Annual,Number,92 years,Total,Belgium,2008,9380,,
ESTAT:DEMO_PJAN(1.0),30/05/26 11:00:00,Annual,Number,92 years,Total,Belgium,2009,7857,,
ESTAT:DEMO_PJAN(1.0),30/05/26 11:00:00,Annual,Number,92 years,Total,Belgium,2010,7131,,
ESTAT:DEMO_PJAN(1.0),30/05/26 11:00:00,Annual,Number,92 years,Total,Belgium,2011,7405,,
ESTAT:DEMO_PJAN(1.0),30/05/26 11:00:00,Annual,Number,92 years,Total,Belgium,2012,10850,,
ESTAT:DEMO_PJAN(1.0),30/05/26 11:00:00,Annual,Number,92 years,Total,Belgium,2013,14539,,
ESTAT:DEMO_PJAN(1.0),30/05/26 11:00:00,Annual,Number,92 years,Total,Belgium,2014,15311,,
ESTAT:DEMO_PJAN(1.0),30/05/26 11:00:00,Annual,Number,92 years,Total,Belgium,2015,15645,,
ESTAT:DEMO_PJAN(1.0),30/05/26 11:00:00,Annual,Number,92 years,Total,Belgium,2016,16118,,
ESTAT:DEMO_PJAN(1.0),30/05/26 11:00:00,Annual,Number,92 years,Total,Belgium,2017,16761,,
ESTAT:DEMO_PJAN(1.0),30/05/26 11:00:00,Annual,Number,92 years,Total,Belgium,2018,17218,,
ESTAT:DEMO_PJAN(1.0),30/05/26 11:00:00,Annual,Number,92 years,Total,Belgium,2019,17430,,
ESTAT:DEMO_PJAN(1.0),30/05/26 11:00:00,Annual,Number,92 years,Total,Belgium,2020,17892,,
ESTAT:DEMO_PJAN(1.0),30/05/26 11:00:00,Annual,Number,92 years,Total,Belgium,2021,17912,,
ESTAT:DEMO_PJAN(1.0),30/05/26 11:00:00,Annual,Number,92 years,Total,Belgium,2022,18943,,
ESTAT:DEMO_PJAN(1.0),30/05/26 11:00:00,Annual,Number,92 years,Total,Belgium,2023,20626,,
ESTAT:DEMO_PJAN(1.0),30/05/26 11:00:00,Annual,Number,92 years,Total,Belgium,2024,20922,,
ESTAT:DEMO_PJAN(1.0),30/05/26 11:00:00,Annual,Number,92 years,Total,Belgium,2025,21434,,
ESTAT:DEMO_PJAN(1.0),30/05/26 11:00:00,Annual,Number,93 years,Females,Belgium,2005,5873,,
ESTAT:DEMO_PJAN(1.0),30/05/26 11:00:00,Annual,Number,93 years,Females,Belgium,2006,6404,,
ESTAT:DEMO_PJAN(1.0),30/05/26 11:00:00,Annual,Number,93 years,Females,Belgium,2007,6518,,
ESTAT:DEMO_PJAN(1.0),30/05/26 11:00:00,Annual,Number,93 years,Females,Belgium,2008,6792,,
ESTAT:DEMO_PJAN(1.0),30/05/26 11:00:00,Annual,Number,93 years,Females,Belgium,2009,5742,,
ESTAT:DEMO_PJAN(1.0),30/05/26 11:00:00,Annual,Number,93 years,Females,Belgium,2010,4833,,
ESTAT:DEMO_PJAN(1.0),30/05/26 11:00:00,Annual,Number,93 years,Females,Belgium,2011,4447,,
ESTAT:DEMO_PJAN(1.0),30/05/26 11:00:00,Annual,Number,93 years,Females,Belgium,2012,4568,,
ESTAT:DEMO_PJAN(1.0),30/05/26 11:00:00,Annual,Number,93 years,Females,Belgium,2013,6525,,
ESTAT:DEMO_PJAN(1.0),30/05/26 11:00:00,Annual,Number,93 years,Females,Belgium,2014,8833,,
ESTAT:DEMO_PJAN(1.0),30/05/26 11:00:00,Annual,Number,93 years,Females,Belgium,2015,9159,,
ESTAT:DEMO_PJAN(1.0),30/05/26 11:00:00,Annual,Number,93 years,Females,Belgium,2016,9242,,
ESTAT:DEMO_PJAN(1.0),30/05/26 11:00:00,Annual,Number,93 years,Females,Belgium,2017,9674,,
ESTAT:DEMO_PJAN(1.0),30/05/26 11:00:00,Annual,Number,93 years,Females,Belgium,2018,10007,,
ESTAT:DEMO_PJAN(1.0),30/05/26 11:00:00,Annual,Number,93 years,Females,Belgium,2019,10119,,
ESTAT:DEMO_PJAN(1.0),30/05/26 11:00:00,Annual,Number,93 years,Females,Belgium,2020,10403,,
ESTAT:DEMO_PJAN(1.0),30/05/26 11:00:00,Annual,Number,93 years,Females,Belgium,2021,10029,,
ESTAT:DEMO_PJAN(1.0),30/05/26 11:00:00,Annual,Number,93 years,Females,Belgium,2022,10552,,
ESTAT:DEMO_PJAN(1.0),30/05/26 11:00:00,Annual,Number,93 years,Females,Belgium,2023,11041,,
ESTAT:DEMO_PJAN(1.0),30/05/26 11:00:00,Annual,Number,93 years,Females,Belgium,2024,12066,,
ESTAT:DEMO_PJAN(1.0),30/05/26 11:00:00,Annual,Number,93 years,Females,Belgium,2025,11929,,
ESTAT:DEMO_PJAN(1.0),30/05/26 11:00:00,Annual,Number,93 years,Males,Belgium,2005,1515,,
ESTAT:DEMO_PJAN(1.0),30/05/26 11:00:00,Annual,Number,93 years,Males,Belgium,2006,1659,,
ESTAT:DEMO_PJAN(1.0),30/05/26 11:00:00,Annual,Number,93 years,Males,Belgium,2007,1744,,
ESTAT:DEMO_PJAN(1.0),30/05/26 11:00:00,Annual,Number,93 years,Males,Belgium,2008,1884,,
ESTAT:DEMO_PJAN(1.0),30/05/26 11:00:00,Annual,Number,93 years,Males,Belgium,2009,1673,,
ESTAT:DEMO_PJAN(1.0),30/05/26 11:00:00,Annual,Number,93 years,Males,Belgium,2010,1427,,
ESTAT:DEMO_PJAN(1.0),30/05/26 11:00:00,Annual,Number,93 years,Males,Belgium,2011,1311,,
ESTAT:DEMO_PJAN(1.0),30/05/26 11:00:00,Annual,Number,93 years,Males,Belgium,2012,1410,,
ESTAT:DEMO_PJAN(1.0),30/05/26 11:00:00,Annual,Number,93 years,Males,Belgium,2013,2064,,
ESTAT:DEMO_PJAN(1.0),30/05/26 11:00:00,Annual,Number,93 years,Males,Belgium,2014,2789,,
ESTAT:DEMO_PJAN(1.0),30/05/26 11:00:00,Annual,Number,93 years,Males,Belgium,2015,3179,,
ESTAT:DEMO_PJAN(1.0),30/05/26 11:00:00,Annual,Number,93 years,Males,Belgium,2016,3253,,
ESTAT:DEMO_PJAN(1.0),30/05/26 11:00:00,Annual,Number,93 years,Males,Belgium,2017,3324,,
ESTAT:DEMO_PJAN(1.0),30/05/26 11:00:00,Annual,Number,93 years,Males,Belgium,2018,3540,,
ESTAT:DEMO_PJAN(1.0),30/05/26 11:00:00,Annual,Number,93 years,Males,Belgium,2019,3771,,
ESTAT:DEMO_PJAN(1.0),30/05/26 11:00:00,Annual,Number,93 years,Males,Belgium,2020,3869,,
ESTAT:DEMO_PJAN(1.0),30/05/26 11:00:00,Annual,Number,93 years,Males,Belgium,2021,3947,,
ESTAT:DEMO_PJAN(1.0),30/05/26 11:00:00,Annual,Number,93 years,Males,Belgium,2022,4098,,
ESTAT:DEMO_PJAN(1.0),30/05/26 11:00:00,Annual,Number,93 years,Males,Belgium,2023,4234,,
ESTAT:DEMO_PJAN(1.0),30/05/26 11:00:00,Annual,Number,93 years,Males,Belgium,2024,4872,,
ESTAT:DEMO_PJAN(1.0),30/05/26 11:00:00,Annual,Number,93 years,Males,Belgium,2025,5147,,
ESTAT:DEMO_PJAN(1.0),30/05/26 11:00:00,Annual,Number,93 years,Total,Belgium,2005,7388,,
ESTAT:DEMO_PJAN(1.0),30/05/26 11:00:00,Annual,Number,93 years,Total,Belgium,2006,8063,,
ESTAT:DEMO_PJAN(1.0),30/05/26 11:00:00,Annual,Number,93 years,Total,Belgium,2007,8262,,
ESTAT:DEMO_PJAN(1.0),30/05/26 11:00:00,Annual,Number,93 years,Total,Belgium,2008,8676,,
ESTAT:DEMO_PJAN(1.0),30/05/26 11:00:00,Annual,Number,93 years,Total,Belgium,2009,7415,,
ESTAT:DEMO_PJAN(1.0),30/05/26 11:00:00,Annual,Number,93 years,Total,Belgium,2010,6260,,
ESTAT:DEMO_PJAN(1.0),30/05/26 11:00:00,Annual,Number,93 years,Total,Belgium,2011,5758,,
ESTAT:DEMO_PJAN(1.0),30/05/26 11:00:00,Annual,Number,93 years,Total,Belgium,2012,5978,,
ESTAT:DEMO_PJAN(1.0),30/05/26 11:00:00,Annual,Number,93 years,Total,Belgium,2013,8589,,
ESTAT:DEMO_PJAN(1.0),30/05/26 11:00:00,Annual,Number,93 years,Total,Belgium,2014,11622,,
ESTAT:DEMO_PJAN(1.0),30/05/26 11:00:00,Annual,Number,93 years,Total,Belgium,2015,12338,,
ESTAT:DEMO_PJAN(1.0),30/05/26 11:00:00,Annual,Number,93 years,Total,Belgium,2016,12495,,
ESTAT:DEMO_PJAN(1.0),30/05/26 11:00:00,Annual,Number,93 years,Total,Belgium,2017,12998,,
ESTAT:DEMO_PJAN(1.0),30/05/26 11:00:00,Annual,Number,93 years,Total,Belgium,2018,13547,,
ESTAT:DEMO_PJAN(1.0),30/05/26 11:00:00,Annual,Number,93 years,Total,Belgium,2019,13890,,
ESTAT:DEMO_PJAN(1.0),30/05/26 11:00:00,Annual,Number,93 years,Total,Belgium,2020,14272,,
ESTAT:DEMO_PJAN(1.0),30/05/26 11:00:00,Annual,Number,93 years,Total,Belgium,2021,13976,,
ESTAT:DEMO_PJAN(1.0),30/05/26 11:00:00,Annual,Number,93 years,Total,Belgium,2022,14650,,
ESTAT:DEMO_PJAN(1.0),30/05/26 11:00:00,Annual,Number,93 years,Total,Belgium,2023,15275,,
ESTAT:DEMO_PJAN(1.0),30/05/26 11:00:00,Annual,Number,93 years,Total,Belgium,2024,16938,,
ESTAT:DEMO_PJAN(1.0),30/05/26 11:00:00,Annual,Number,93 years,Total,Belgium,2025,17076,,
ESTAT:DEMO_PJAN(1.0),30/05/26 11:00:00,Annual,Number,94 years,Females,Belgium,2005,4577,,
ESTAT:DEMO_PJAN(1.0),30/05/26 11:00:00,Annual,Number,94 years,Females,Belgium,2006,4519,,
ESTAT:DEMO_PJAN(1.0),30/05/26 11:00:00,Annual,Number,94 years,Females,Belgium,2007,5021,,
ESTAT:DEMO_PJAN(1.0),30/05/26 11:00:00,Annual,Number,94 years,Females,Belgium,2008,5101,,
ESTAT:DEMO_PJAN(1.0),30/05/26 11:00:00,Annual,Number,94 years,Females,Belgium,2009,5264,,
ESTAT:DEMO_PJAN(1.0),30/05/26 11:00:00,Annual,Number,94 years,Females,Belgium,2010,4550,,
ESTAT:DEMO_PJAN(1.0),30/05/26 11:00:00,Annual,Number,94 years,Females,Belgium,2011,3827,,
ESTAT:DEMO_PJAN(1.0),30/05/26 11:00:00,Annual,Number,94 years,Females,Belgium,2012,3526,,
ESTAT:DEMO_PJAN(1.0),30/05/26 11:00:00,Annual,Number,94 years,Females,Belgium,2013,3568,,
ESTAT:DEMO_PJAN(1.0),30/05/26 11:00:00,Annual,Number,94 years,Females,Belgium,2014,5169,,
ESTAT:DEMO_PJAN(1.0),30/05/26 11:00:00,Annual,Number,94 years,Females,Belgium,2015,7139,,
ESTAT:DEMO_PJAN(1.0),30/05/26 11:00:00,Annual,Number,94 years,Females,Belgium,2016,7179,,
ESTAT:DEMO_PJAN(1.0),30/05/26 11:00:00,Annual,Number,94 years,Females,Belgium,2017,7364,,
ESTAT:DEMO_PJAN(1.0),30/05/26 11:00:00,Annual,Number,94 years,Females,Belgium,2018,7727,,
ESTAT:DEMO_PJAN(1.0),30/05/26 11:00:00,Annual,Number,94 years,Females,Belgium,2019,7930,,
ESTAT:DEMO_PJAN(1.0),30/05/26 11:00:00,Annual,Number,94 years,Females,Belgium,2020,8216,,
ESTAT:DEMO_PJAN(1.0),30/05/26 11:00:00,Annual,Number,94 years,Females,Belgium,2021,8055,,
ESTAT:DEMO_PJAN(1.0),30/05/26 11:00:00,Annual,Number,94 years,Females,Belgium,2022,8242,,
ESTAT:DEMO_PJAN(1.0),30/05/26 11:00:00,Annual,Number,94 years,Females,Belgium,2023,8435,,
ESTAT:DEMO_PJAN(1.0),30/05/26 11:00:00,Annual,Number,94 years,Females,Belgium,2024,8957,,
ESTAT:DEMO_PJAN(1.0),30/05/26 11:00:00,Annual,Number,94 years,Females,Belgium,2025,9821,,
ESTAT:DEMO_PJAN(1.0),30/05/26 11:00:00,Annual,Number,94 years,Males,Belgium,2005,1117,,
ESTAT:DEMO_PJAN(1.0),30/05/26 11:00:00,Annual,Number,94 years,Males,Belgium,2006,1085,,
ESTAT:DEMO_PJAN(1.0),30/05/26 11:00:00,Annual,Number,94 years,Males,Belgium,2007,1221,,
ESTAT:DEMO_PJAN(1.0),30/05/26 11:00:00,Annual,Number,94 years,Males,Belgium,2008,1293,,
ESTAT:DEMO_PJAN(1.0),30/05/26 11:00:00,Annual,Number,94 years,Males,Belgium,2009,1363,,
ESTAT:DEMO_PJAN(1.0),30/05/26 11:00:00,Annual,Number,94 years,Males,Belgium,2010,1230,,
ESTAT:DEMO_PJAN(1.0),30/05/26 11:00:00,Annual,Number,94 years,Males,Belgium,2011,1075,,
ESTAT:DEMO_PJAN(1.0),30/05/26 11:00:00,Annual,Number,94 years,Males,Belgium,2012,969,,
ESTAT:DEMO_PJAN(1.0),30/05/26 11:00:00,Annual,Number,94 years,Males,Belgium,2013,1038,,
ESTAT:DEMO_PJAN(1.0),30/05/26 11:00:00,Annual,Number,94 years,Males,Belgium,2014,1505,,
ESTAT:DEMO_PJAN(1.0),30/05/26 11:00:00,Annual,Number,94 years,Males,Belgium,2015,2102,,
ESTAT:DEMO_PJAN(1.0),30/05/26 11:00:00,Annual,Number,94 years,Males,Belgium,2016,2327,,
ESTAT:DEMO_PJAN(1.0),30/05/26 11:00:00,Annual,Number,94 years,Males,Belgium,2017,2466,,
ESTAT:DEMO_PJAN(1.0),30/05/26 11:00:00,Annual,Number,94 years,Males,Belgium,2018,2517,,
ESTAT:DEMO_PJAN(1.0),30/05/26 11:00:00,Annual,Number,94 years,Males,Belgium,2019,2692,,
ESTAT:DEMO_PJAN(1.0),30/05/26 11:00:00,Annual,Number,94 years,Males,Belgium,2020,2888,,
ESTAT:DEMO_PJAN(1.0),30/05/26 11:00:00,Annual,Number,94 years,Males,Belgium,2021,2827,,
ESTAT:DEMO_PJAN(1.0),30/05/26 11:00:00,Annual,Number,94 years,Males,Belgium,2022,3034,,
ESTAT:DEMO_PJAN(1.0),30/05/26 11:00:00,Annual,Number,94 years,Males,Belgium,2023,3052,,
ESTAT:DEMO_PJAN(1.0),30/05/26 11:00:00,Annual,Number,94 years,Males,Belgium,2024,3234,,
ESTAT:DEMO_PJAN(1.0),30/05/26 11:00:00,Annual,Number,94 years,Males,Belgium,2025,3771,,
ESTAT:DEMO_PJAN(1.0),30/05/26 11:00:00,Annual,Number,94 years,Total,Belgium,2005,5694,,
ESTAT:DEMO_PJAN(1.0),30/05/26 11:00:00,Annual,Number,94 years,Total,Belgium,2006,5604,,
ESTAT:DEMO_PJAN(1.0),30/05/26 11:00:00,Annual,Number,94 years,Total,Belgium,2007,6242,,
ESTAT:DEMO_PJAN(1.0),30/05/26 11:00:00,Annual,Number,94 years,Total,Belgium,2008,6394,,
ESTAT:DEMO_PJAN(1.0),30/05/26 11:00:00,Annual,Number,94 years,Total,Belgium,2009,6627,,
ESTAT:DEMO_PJAN(1.0),30/05/26 11:00:00,Annual,Number,94 years,Total,Belgium,2010,5780,,
ESTAT:DEMO_PJAN(1.0),30/05/26 11:00:00,Annual,Number,94 years,Total,Belgium,2011,4902,,
ESTAT:DEMO_PJAN(1.0),30/05/26 11:00:00,Annual,Number,94 years,Total,Belgium,2012,4495,,
ESTAT:DEMO_PJAN(1.0),30/05/26 11:00:00,Annual,Number,94 years,Total,Belgium,2013,4606,,
ESTAT:DEMO_PJAN(1.0),30/05/26 11:00:00,Annual,Number,94 years,Total,Belgium,2014,6674,,
ESTAT:DEMO_PJAN(1.0),30/05/26 11:00:00,Annual,Number,94 years,Total,Belgium,2015,9241,,
ESTAT:DEMO_PJAN(1.0),30/05/26 11:00:00,Annual,Number,94 years,Total,Belgium,2016,9506,,
ESTAT:DEMO_PJAN(1.0),30/05/26 11:00:00,Annual,Number,94 years,Total,Belgium,2017,9830,,
ESTAT:DEMO_PJAN(1.0),30/05/26 11:00:00,Annual,Number,94 years,Total,Belgium,2018,10244,,
ESTAT:DEMO_PJAN(1.0),30/05/26 11:00:00,Annual,Number,94 years,Total,Belgium,2019,10622,,
ESTAT:DEMO_PJAN(1.0),30/05/26 11:00:00,Annual,Number,94 years,Total,Belgium,2020,11104,,
ESTAT:DEMO_PJAN(1.0),30/05/26 11:00:00,Annual,Number,94 years,Total,Belgium,2021,10882,,
ESTAT:DEMO_PJAN(1.0),30/05/26 11:00:00,Annual,Number,94 years,Total,Belgium,2022,11276,,
ESTAT:DEMO_PJAN(1.0),30/05/26 11:00:00,Annual,Number,94 years,Total,Belgium,2023,11487,,
ESTAT:DEMO_PJAN(1.0),30/05/26 11:00:00,Annual,Number,94 years,Total,Belgium,2024,12191,,
ESTAT:DEMO_PJAN(1.0),30/05/26 11:00:00,Annual,Number,94 years,Total,Belgium,2025,13592,,
ESTAT:DEMO_PJAN(1.0),30/05/26 11:00:00,Annual,Number,95 years,Females,Belgium,2005,3252,,
ESTAT:DEMO_PJAN(1.0),30/05/26 11:00:00,Annual,Number,95 years,Females,Belgium,2006,3482,,
ESTAT:DEMO_PJAN(1.0),30/05/26 11:00:00,Annual,Number,95 years,Females,Belgium,2007,3440,,
ESTAT:DEMO_PJAN(1.0),30/05/26 11:00:00,Annual,Number,95 years,Females,Belgium,2008,3884,,
ESTAT:DEMO_PJAN(1.0),30/05/26 11:00:00,Annual,Number,95 years,Females,Belgium,2009,3863,,
ESTAT:DEMO_PJAN(1.0),30/05/26 11:00:00,Annual,Number,95 years,Females,Belgium,2010,4031,,
ESTAT:DEMO_PJAN(1.0),30/05/26 11:00:00,Annual,Number,95 years,Females,Belgium,2011,3476,,
ESTAT:DEMO_PJAN(1.0),30/05/26 11:00:00,Annual,Number,95 years,Females,Belgium,2012,3017,,
ESTAT:DEMO_PJAN(1.0),30/05/26 11:00:00,Annual,Number,95 years,Females,Belgium,2013,2684,,
ESTAT:DEMO_PJAN(1.0),30/05/26 11:00:00,Annual,Number,95 years,Females,Belgium,2014,2691,,
ESTAT:DEMO_PJAN(1.0),30/05/26 11:00:00,Annual,Number,95 years,Females,Belgium,2015,4020,,
ESTAT:DEMO_PJAN(1.0),30/05/26 11:00:00,Annual,Number,95 years,Females,Belgium,2016,5446,,
ESTAT:DEMO_PJAN(1.0),30/05/26 11:00:00,Annual,Number,95 years,Females,Belgium,2017,5557,,
ESTAT:DEMO_PJAN(1.0),30/05/26 11:00:00,Annual,Number,95 years,Females,Belgium,2018,5713,,
ESTAT:DEMO_PJAN(1.0),30/05/26 11:00:00,Annual,Number,95 years,Females,Belgium,2019,5924,,
ESTAT:DEMO_PJAN(1.0),30/05/26 11:00:00,Annual,Number,95 years,Females,Belgium,2020,6193,,
ESTAT:DEMO_PJAN(1.0),30/05/26 11:00:00,Annual,Number,95 years,Females,Belgium,2021,6184,,
ESTAT:DEMO_PJAN(1.0),30/05/26 11:00:00,Annual,Number,95 years,Females,Belgium,2022,6377,,
ESTAT:DEMO_PJAN(1.0),30/05/26 11:00:00,Annual,Number,95 years,Females,Belgium,2023,6376,,
ESTAT:DEMO_PJAN(1.0),30/05/26 11:00:00,Annual,Number,95 years,Females,Belgium,2024,6658,,
ESTAT:DEMO_PJAN(1.0),30/05/26 11:00:00,Annual,Number,95 years,Females,Belgium,2025,7077,,
ESTAT:DEMO_PJAN(1.0),30/05/26 11:00:00,Annual,Number,95 years,Males,Belgium,2005,704,,
ESTAT:DEMO_PJAN(1.0),30/05/26 11:00:00,Annual,Number,95 years,Males,Belgium,2006,807,,
ESTAT:DEMO_PJAN(1.0),30/05/26 11:00:00,Annual,Number,95 years,Males,Belgium,2007,803,,
ESTAT:DEMO_PJAN(1.0),30/05/26 11:00:00,Annual,Number,95 years,Males,Belgium,2008,863,,
ESTAT:DEMO_PJAN(1.0),30/05/26 11:00:00,Annual,Number,95 years,Males,Belgium,2009,923,,
ESTAT:DEMO_PJAN(1.0),30/05/26 11:00:00,Annual,Number,95 years,Males,Belgium,2010,988,,
ESTAT:DEMO_PJAN(1.0),30/05/26 11:00:00,Annual,Number,95 years,Males,Belgium,2011,882,,
ESTAT:DEMO_PJAN(1.0),30/05/26 11:00:00,Annual,Number,95 years,Males,Belgium,2012,782,,
ESTAT:DEMO_PJAN(1.0),30/05/26 11:00:00,Annual,Number,95 years,Males,Belgium,2013,677,,
ESTAT:DEMO_PJAN(1.0),30/05/26 11:00:00,Annual,Number,95 years,Males,Belgium,2014,772,,
ESTAT:DEMO_PJAN(1.0),30/05/26 11:00:00,Annual,Number,95 years,Males,Belgium,2015,1132,,
ESTAT:DEMO_PJAN(1.0),30/05/26 11:00:00,Annual,Number,95 years,Males,Belgium,2016,1517,,
ESTAT:DEMO_PJAN(1.0),30/05/26 11:00:00,Annual,Number,95 years,Males,Belgium,2017,1712,,
ESTAT:DEMO_PJAN(1.0),30/05/26 11:00:00,Annual,Number,95 years,Males,Belgium,2018,1814,,
ESTAT:DEMO_PJAN(1.0),30/05/26 11:00:00,Annual,Number,95 years,Males,Belgium,2019,1825,,
ESTAT:DEMO_PJAN(1.0),30/05/26 11:00:00,Annual,Number,95 years,Males,Belgium,2020,1992,,
ESTAT:DEMO_PJAN(1.0),30/05/26 11:00:00,Annual,Number,95 years,Males,Belgium,2021,2039,,
ESTAT:DEMO_PJAN(1.0),30/05/26 11:00:00,Annual,Number,95 years,Males,Belgium,2022,2088,,
ESTAT:DEMO_PJAN(1.0),30/05/26 11:00:00,Annual,Number,95 years,Males,Belgium,2023,2184,,
ESTAT:DEMO_PJAN(1.0),30/05/26 11:00:00,Annual,Number,95 years,Males,Belgium,2024,2281,,
ESTAT:DEMO_PJAN(1.0),30/05/26 11:00:00,Annual,Number,95 years,Males,Belgium,2025,2436,,
ESTAT:DEMO_PJAN(1.0),30/05/26 11:00:00,Annual,Number,95 years,Total,Belgium,2005,3956,,
ESTAT:DEMO_PJAN(1.0),30/05/26 11:00:00,Annual,Number,95 years,Total,Belgium,2006,4289,,
ESTAT:DEMO_PJAN(1.0),30/05/26 11:00:00,Annual,Number,95 years,Total,Belgium,2007,4243,,
ESTAT:DEMO_PJAN(1.0),30/05/26 11:00:00,Annual,Number,95 years,Total,Belgium,2008,4747,,
ESTAT:DEMO_PJAN(1.0),30/05/26 11:00:00,Annual,Number,95 years,Total,Belgium,2009,4786,,
ESTAT:DEMO_PJAN(1.0),30/05/26 11:00:00,Annual,Number,95 years,Total,Belgium,2010,5019,,
ESTAT:DEMO_PJAN(1.0),30/05/26 11:00:00,Annual,Number,95 years,Total,Belgium,2011,4358,,
ESTAT:DEMO_PJAN(1.0),30/05/26 11:00:00,Annual,Number,95 years,Total,Belgium,2012,3799,,
ESTAT:DEMO_PJAN(1.0),30/05/26 11:00:00,Annual,Number,95 years,Total,Belgium,2013,3361,,
ESTAT:DEMO_PJAN(1.0),30/05/26 11:00:00,Annual,Number,95 years,Total,Belgium,2014,3463,,
ESTAT:DEMO_PJAN(1.0),30/05/26 11:00:00,Annual,Number,95 years,Total,Belgium,2015,5152,,
ESTAT:DEMO_PJAN(1.0),30/05/26 11:00:00,Annual,Number,95 years,Total,Belgium,2016,6963,,
ESTAT:DEMO_PJAN(1.0),30/05/26 11:00:00,Annual,Number,95 years,Total,Belgium,2017,7269,,
ESTAT:DEMO_PJAN(1.0),30/05/26 11:00:00,Annual,Number,95 years,Total,Belgium,2018,7527,,
ESTAT:DEMO_PJAN(1.0),30/05/26 11:00:00,Annual,Number,95 years,Total,Belgium,2019,7749,,
ESTAT:DEMO_PJAN(1.0),30/05/26 11:00:00,Annual,Number,95 years,Total,Belgium,2020,8185,,
ESTAT:DEMO_PJAN(1.0),30/05/26 11:00:00,Annual,Number,95 years,Total,Belgium,2021,8223,,
ESTAT:DEMO_PJAN(1.0),30/05/26 11:00:00,Annual,Number,95 years,Total,Belgium,2022,8465,,
ESTAT:DEMO_PJAN(1.0),30/05/26 11:00:00,Annual,Number,95 years,Total,Belgium,2023,8560,,
ESTAT:DEMO_PJAN(1.0),30/05/26 11:00:00,Annual,Number,95 years,Total,Belgium,2024,8939,,
ESTAT:DEMO_PJAN(1.0),30/05/26 11:00:00,Annual,Number,95 years,Total,Belgium,2025,9513,,
ESTAT:DEMO_PJAN(1.0),30/05/26 11:00:00,Annual,Number,96 years,Females,Belgium,2005,2516,,
ESTAT:DEMO_PJAN(1.0),30/05/26 11:00:00,Annual,Number,96 years,Females,Belgium,2006,2373,,
ESTAT:DEMO_PJAN(1.0),30/05/26 11:00:00,Annual,Number,96 years,Females,Belgium,2007,2523,,
ESTAT:DEMO_PJAN(1.0),30/05/26 11:00:00,Annual,Number,96 years,Females,Belgium,2008,2636,,
ESTAT:DEMO_PJAN(1.0),30/05/26 11:00:00,Annual,Number,96 years,Females,Belgium,2009,2813,,
ESTAT:DEMO_PJAN(1.0),30/05/26 11:00:00,Annual,Number,96 years,Females,Belgium,2010,2867,,
ESTAT:DEMO_PJAN(1.0),30/05/26 11:00:00,Annual,Number,96 years,Females,Belgium,2011,3035,,
ESTAT:DEMO_PJAN(1.0),30/05/26 11:00:00,Annual,Number,96 years,Females,Belgium,2012,2599,,
ESTAT:DEMO_PJAN(1.0),30/05/26 11:00:00,Annual,Number,96 years,Females,Belgium,2013,2240,,
ESTAT:DEMO_PJAN(1.0),30/05/26 11:00:00,Annual,Number,96 years,Females,Belgium,2014,2016,,
ESTAT:DEMO_PJAN(1.0),30/05/26 11:00:00,Annual,Number,96 years,Females,Belgium,2015,2010,,
ESTAT:DEMO_PJAN(1.0),30/05/26 11:00:00,Annual,Number,96 years,Females,Belgium,2016,3027,,
ESTAT:DEMO_PJAN(1.0),30/05/26 11:00:00,Annual,Number,96 years,Females,Belgium,2017,4105,,
ESTAT:DEMO_PJAN(1.0),30/05/26 11:00:00,Annual,Number,96 years,Females,Belgium,2018,4129,,
ESTAT:DEMO_PJAN(1.0),30/05/26 11:00:00,Annual,Number,96 years,Females,Belgium,2019,4276,,
ESTAT:DEMO_PJAN(1.0),30/05/26 11:00:00,Annual,Number,96 years,Females,Belgium,2020,4506,,
ESTAT:DEMO_PJAN(1.0),30/05/26 11:00:00,Annual,Number,96 years,Females,Belgium,2021,4519,,
ESTAT:DEMO_PJAN(1.0),30/05/26 11:00:00,Annual,Number,96 years,Females,Belgium,2022,4802,,
ESTAT:DEMO_PJAN(1.0),30/05/26 11:00:00,Annual,Number,96 years,Females,Belgium,2023,4750,,
ESTAT:DEMO_PJAN(1.0),30/05/26 11:00:00,Annual,Number,96 years,Females,Belgium,2024,4889,,
ESTAT:DEMO_PJAN(1.0),30/05/26 11:00:00,Annual,Number,96 years,Females,Belgium,2025,5138,,
ESTAT:DEMO_PJAN(1.0),30/05/26 11:00:00,Annual,Number,96 years,Males,Belgium,2005,458,,
ESTAT:DEMO_PJAN(1.0),30/05/26 11:00:00,Annual,Number,96 years,Males,Belgium,2006,470,,
ESTAT:DEMO_PJAN(1.0),30/05/26 11:00:00,Annual,Number,96 years,Males,Belgium,2007,553,,
ESTAT:DEMO_PJAN(1.0),30/05/26 11:00:00,Annual,Number,96 years,Males,Belgium,2008,563,,
ESTAT:DEMO_PJAN(1.0),30/05/26 11:00:00,Annual,Number,96 years,Males,Belgium,2009,574,,
ESTAT:DEMO_PJAN(1.0),30/05/26 11:00:00,Annual,Number,96 years,Males,Belgium,2010,661,,
ESTAT:DEMO_PJAN(1.0),30/05/26 11:00:00,Annual,Number,96 years,Males,Belgium,2011,662,,
ESTAT:DEMO_PJAN(1.0),30/05/26 11:00:00,Annual,Number,96 years,Males,Belgium,2012,615,,
ESTAT:DEMO_PJAN(1.0),30/05/26 11:00:00,Annual,Number,96 years,Males,Belgium,2013,549,,
ESTAT:DEMO_PJAN(1.0),30/05/26 11:00:00,Annual,Number,96 years,Males,Belgium,2014,460,,
ESTAT:DEMO_PJAN(1.0),30/05/26 11:00:00,Annual,Number,96 years,Males,Belgium,2015,553,,
ESTAT:DEMO_PJAN(1.0),30/05/26 11:00:00,Annual,Number,96 years,Males,Belgium,2016,819,,
ESTAT:DEMO_PJAN(1.0),30/05/26 11:00:00,Annual,Number,96 years,Males,Belgium,2017,1102,,
ESTAT:DEMO_PJAN(1.0),30/05/26 11:00:00,Annual,Number,96 years,Males,Belgium,2018,1210,,
ESTAT:DEMO_PJAN(1.0),30/05/26 11:00:00,Annual,Number,96 years,Males,Belgium,2019,1244,,
ESTAT:DEMO_PJAN(1.0),30/05/26 11:00:00,Annual,Number,96 years,Males,Belgium,2020,1284,,
ESTAT:DEMO_PJAN(1.0),30/05/26 11:00:00,Annual,Number,96 years,Males,Belgium,2021,1323,,
ESTAT:DEMO_PJAN(1.0),30/05/26 11:00:00,Annual,Number,96 years,Males,Belgium,2022,1495,,
ESTAT:DEMO_PJAN(1.0),30/05/26 11:00:00,Annual,Number,96 years,Males,Belgium,2023,1471,,
ESTAT:DEMO_PJAN(1.0),30/05/26 11:00:00,Annual,Number,96 years,Males,Belgium,2024,1553,,
ESTAT:DEMO_PJAN(1.0),30/05/26 11:00:00,Annual,Number,96 years,Males,Belgium,2025,1590,,
ESTAT:DEMO_PJAN(1.0),30/05/26 11:00:00,Annual,Number,96 years,Total,Belgium,2005,2974,,
ESTAT:DEMO_PJAN(1.0),30/05/26 11:00:00,Annual,Number,96 years,Total,Belgium,2006,2843,,
ESTAT:DEMO_PJAN(1.0),30/05/26 11:00:00,Annual,Number,96 years,Total,Belgium,2007,3076,,
ESTAT:DEMO_PJAN(1.0),30/05/26 11:00:00,Annual,Number,96 years,Total,Belgium,2008,3199,,
ESTAT:DEMO_PJAN(1.0),30/05/26 11:00:00,Annual,Number,96 years,Total,Belgium,2009,3387,,
ESTAT:DEMO_PJAN(1.0),30/05/26 11:00:00,Annual,Number,96 years,Total,Belgium,2010,3528,,
ESTAT:DEMO_PJAN(1.0),30/05/26 11:00:00,Annual,Number,96 years,Total,Belgium,2011,3697,,
ESTAT:DEMO_PJAN(1.0),30/05/26 11:00:00,Annual,Number,96 years,Total,Belgium,2012,3214,,
ESTAT:DEMO_PJAN(1.0),30/05/26 11:00:00,Annual,Number,96 years,Total,Belgium,2013,2789,,
ESTAT:DEMO_PJAN(1.0),30/05/26 11:00:00,Annual,Number,96 years,Total,Belgium,2014,2476,,
ESTAT:DEMO_PJAN(1.0),30/05/26 11:00:00,Annual,Number,96 years,Total,Belgium,2015,2563,,
ESTAT:DEMO_PJAN(1.0),30/05/26 11:00:00,Annual,Number,96 years,Total,Belgium,2016,3846,,
ESTAT:DEMO_PJAN(1.0),30/05/26 11:00:00,Annual,Number,96 years,Total,Belgium,2017,5207,,
ESTAT:DEMO_PJAN(1.0),30/05/26 11:00:00,Annual,Number,96 years,Total,Belgium,2018,5339,,
ESTAT:DEMO_PJAN(1.0),30/05/26 11:00:00,Annual,Number,96 years,Total,Belgium,2019,5520,,
ESTAT:DEMO_PJAN(1.0),30/05/26 11:00:00,Annual,Number,96 years,Total,Belgium,2020,5790,,
ESTAT:DEMO_PJAN(1.0),30/05/26 11:00:00,Annual,Number,96 years,Total,Belgium,2021,5842,,
ESTAT:DEMO_PJAN(1.0),30/05/26 11:00:00,Annual,Number,96 years,Total,Belgium,2022,6297,,
ESTAT:DEMO_PJAN(1.0),30/05/26 11:00:00,Annual,Number,96 years,Total,Belgium,2023,6221,,
ESTAT:DEMO_PJAN(1.0),30/05/26 11:00:00,Annual,Number,96 years,Total,Belgium,2024,6442,,
ESTAT:DEMO_PJAN(1.0),30/05/26 11:00:00,Annual,Number,96 years,Total,Belgium,2025,6728,,
ESTAT:DEMO_PJAN(1.0),30/05/26 11:00:00,Annual,Number,97 years,Females,Belgium,2005,1697,,
ESTAT:DEMO_PJAN(1.0),30/05/26 11:00:00,Annual,Number,97 years,Females,Belgium,2006,1772,,
ESTAT:DEMO_PJAN(1.0),30/05/26 11:00:00,Annual,Number,97 years,Females,Belgium,2007,1725,,
ESTAT:DEMO_PJAN(1.0),30/05/26 11:00:00,Annual,Number,97 years,Females,Belgium,2008,1815,,
ESTAT:DEMO_PJAN(1.0),30/05/26 11:00:00,Annual,Number,97 years,Females,Belgium,2009,1909,,
ESTAT:DEMO_PJAN(1.0),30/05/26 11:00:00,Annual,Number,97 years,Females,Belgium,2010,2022,,
ESTAT:DEMO_PJAN(1.0),30/05/26 11:00:00,Annual,Number,97 years,Females,Belgium,2011,2074,,
ESTAT:DEMO_PJAN(1.0),30/05/26 11:00:00,Annual,Number,97 years,Females,Belgium,2012,2232,,
ESTAT:DEMO_PJAN(1.0),30/05/26 11:00:00,Annual,Number,97 years,Females,Belgium,2013,1875,,
ESTAT:DEMO_PJAN(1.0),30/05/26 11:00:00,Annual,Number,97 years,Females,Belgium,2014,1644,,
ESTAT:DEMO_PJAN(1.0),30/05/26 11:00:00,Annual,Number,97 years,Females,Belgium,2015,1489,,
ESTAT:DEMO_PJAN(1.0),30/05/26 11:00:00,Annual,Number,97 years,Females,Belgium,2016,1430,,
ESTAT:DEMO_PJAN(1.0),30/05/26 11:00:00,Annual,Number,97 years,Females,Belgium,2017,2184,,
ESTAT:DEMO_PJAN(1.0),30/05/26 11:00:00,Annual,Number,97 years,Females,Belgium,2018,2994,,
ESTAT:DEMO_PJAN(1.0),30/05/26 11:00:00,Annual,Number,97 years,Females,Belgium,2019,3016,,
ESTAT:DEMO_PJAN(1.0),30/05/26 11:00:00,Annual,Number,97 years,Females,Belgium,2020,3140,,
ESTAT:DEMO_PJAN(1.0),30/05/26 11:00:00,Annual,Number,97 years,Females,Belgium,2021,3180,,
ESTAT:DEMO_PJAN(1.0),30/05/26 11:00:00,Annual,Number,97 years,Females,Belgium,2022,3395,,
ESTAT:DEMO_PJAN(1.0),30/05/26 11:00:00,Annual,Number,97 years,Females,Belgium,2023,3473,,
ESTAT:DEMO_PJAN(1.0),30/05/26 11:00:00,Annual,Number,97 years,Females,Belgium,2024,3510,,
ESTAT:DEMO_PJAN(1.0),30/05/26 11:00:00,Annual,Number,97 years,Females,Belgium,2025,3602,,
ESTAT:DEMO_PJAN(1.0),30/05/26 11:00:00,Annual,Number,97 years,Males,Belgium,2005,281,,
ESTAT:DEMO_PJAN(1.0),30/05/26 11:00:00,Annual,Number,97 years,Males,Belgium,2006,296,,
ESTAT:DEMO_PJAN(1.0),30/05/26 11:00:00,Annual,Number,97 years,Males,Belgium,2007,314,,
ESTAT:DEMO_PJAN(1.0),30/05/26 11:00:00,Annual,Number,97 years,Males,Belgium,2008,364,,
ESTAT:DEMO_PJAN(1.0),30/05/26 11:00:00,Annual,Number,97 years,Males,Belgium,2009,370,,
ESTAT:DEMO_PJAN(1.0),30/05/26 11:00:00,Annual,Number,97 years,Males,Belgium,2010,349,,
ESTAT:DEMO_PJAN(1.0),30/05/26 11:00:00,Annual,Number,97 years,Males,Belgium,2011,460,,
ESTAT:DEMO_PJAN(1.0),30/05/26 11:00:00,Annual,Number,97 years,Males,Belgium,2012,479,,
ESTAT:DEMO_PJAN(1.0),30/05/26 11:00:00,Annual,Number,97 years,Males,Belgium,2013,416,,
ESTAT:DEMO_PJAN(1.0),30/05/26 11:00:00,Annual,Number,97 years,Males,Belgium,2014,354,,
ESTAT:DEMO_PJAN(1.0),30/05/26 11:00:00,Annual,Number,97 years,Males,Belgium,2015,326,,
ESTAT:DEMO_PJAN(1.0),30/05/26 11:00:00,Annual,Number,97 years,Males,Belgium,2016,389,,
ESTAT:DEMO_PJAN(1.0),30/05/26 11:00:00,Annual,Number,97 years,Males,Belgium,2017,569,,
ESTAT:DEMO_PJAN(1.0),30/05/26 11:00:00,Annual,Number,97 years,Males,Belgium,2018,752,,
ESTAT:DEMO_PJAN(1.0),30/05/26 11:00:00,Annual,Number,97 years,Males,Belgium,2019,832,,
ESTAT:DEMO_PJAN(1.0),30/05/26 11:00:00,Annual,Number,97 years,Males,Belgium,2020,855,,
ESTAT:DEMO_PJAN(1.0),30/05/26 11:00:00,Annual,Number,97 years,Males,Belgium,2021,857,,
ESTAT:DEMO_PJAN(1.0),30/05/26 11:00:00,Annual,Number,97 years,Males,Belgium,2022,933,,
ESTAT:DEMO_PJAN(1.0),30/05/26 11:00:00,Annual,Number,97 years,Males,Belgium,2023,982,,
ESTAT:DEMO_PJAN(1.0),30/05/26 11:00:00,Annual,Number,97 years,Males,Belgium,2024,1008,,
ESTAT:DEMO_PJAN(1.0),30/05/26 11:00:00,Annual,Number,97 years,Males,Belgium,2025,1106,,
ESTAT:DEMO_PJAN(1.0),30/05/26 11:00:00,Annual,Number,97 years,Total,Belgium,2005,1978,,
ESTAT:DEMO_PJAN(1.0),30/05/26 11:00:00,Annual,Number,97 years,Total,Belgium,2006,2068,,
ESTAT:DEMO_PJAN(1.0),30/05/26 11:00:00,Annual,Number,97 years,Total,Belgium,2007,2039,,
ESTAT:DEMO_PJAN(1.0),30/05/26 11:00:00,Annual,Number,97 years,Total,Belgium,2008,2179,,
ESTAT:DEMO_PJAN(1.0),30/05/26 11:00:00,Annual,Number,97 years,Total,Belgium,2009,2279,,
ESTAT:DEMO_PJAN(1.0),30/05/26 11:00:00,Annual,Number,97 years,Total,Belgium,2010,2371,,
ESTAT:DEMO_PJAN(1.0),30/05/26 11:00:00,Annual,Number,97 years,Total,Belgium,2011,2534,,
ESTAT:DEMO_PJAN(1.0),30/05/26 11:00:00,Annual,Number,97 years,Total,Belgium,2012,2711,,
ESTAT:DEMO_PJAN(1.0),30/05/26 11:00:00,Annual,Number,97 years,Total,Belgium,2013,2291,,
ESTAT:DEMO_PJAN(1.0),30/05/26 11:00:00,Annual,Number,97 years,Total,Belgium,2014,1998,,
ESTAT:DEMO_PJAN(1.0),30/05/26 11:00:00,Annual,Number,97 years,Total,Belgium,2015,1815,,
ESTAT:DEMO_PJAN(1.0),30/05/26 11:00:00,Annual,Number,97 years,Total,Belgium,2016,1819,,
ESTAT:DEMO_PJAN(1.0),30/05/26 11:00:00,Annual,Number,97 years,Total,Belgium,2017,2753,,
ESTAT:DEMO_PJAN(1.0),30/05/26 11:00:00,Annual,Number,97 years,Total,Belgium,2018,3746,,
ESTAT:DEMO_PJAN(1.0),30/05/26 11:00:00,Annual,Number,97 years,Total,Belgium,2019,3848,,
ESTAT:DEMO_PJAN(1.0),30/05/26 11:00:00,Annual,Number,97 years,Total,Belgium,2020,3995,,
ESTAT:DEMO_PJAN(1.0),30/05/26 11:00:00,Annual,Number,97 years,Total,Belgium,2021,4037,,
ESTAT:DEMO_PJAN(1.0),30/05/26 11:00:00,Annual,Number,97 years,Total,Belgium,2022,4328,,
ESTAT:DEMO_PJAN(1.0),30/05/26 11:00:00,Annual,Number,97 years,Total,Belgium,2023,4455,,
ESTAT:DEMO_PJAN(1.0),30/05/26 11:00:00,Annual,Number,97 years,Total,Belgium,2024,4518,,
ESTAT:DEMO_PJAN(1.0),30/05/26 11:00:00,Annual,Number,97 years,Total,Belgium,2025,4708,,
ESTAT:DEMO_PJAN(1.0),30/05/26 11:00:00,Annual,Number,98 years,Females,Belgium,2005,1118,,
ESTAT:DEMO_PJAN(1.0),30/05/26 11:00:00,Annual,Number,98 years,Females,Belgium,2006,1178,,
ESTAT:DEMO_PJAN(1.0),30/05/26 11:00:00,Annual,Number,98 years,Females,Belgium,2007,1210,,
ESTAT:DEMO_PJAN(1.0),30/05/26 11:00:00,Annual,Number,98 years,Females,Belgium,2008,1234,,
ESTAT:DEMO_PJAN(1.0),30/05/26 11:00:00,Annual,Number,98 years,Females,Belgium,2009,1307,,
ESTAT:DEMO_PJAN(1.0),30/05/26 11:00:00,Annual,Number,98 years,Females,Belgium,2010,1388,,
ESTAT:DEMO_PJAN(1.0),30/05/26 11:00:00,Annual,Number,98 years,Females,Belgium,2011,1421,,
ESTAT:DEMO_PJAN(1.0),30/05/26 11:00:00,Annual,Number,98 years,Females,Belgium,2012,1498,,
ESTAT:DEMO_PJAN(1.0),30/05/26 11:00:00,Annual,Number,98 years,Females,Belgium,2013,1555,,
ESTAT:DEMO_PJAN(1.0),30/05/26 11:00:00,Annual,Number,98 years,Females,Belgium,2014,1322,,
ESTAT:DEMO_PJAN(1.0),30/05/26 11:00:00,Annual,Number,98 years,Females,Belgium,2015,1151,,
ESTAT:DEMO_PJAN(1.0),30/05/26 11:00:00,Annual,Number,98 years,Females,Belgium,2016,1031,,
ESTAT:DEMO_PJAN(1.0),30/05/26 11:00:00,Annual,Number,98 years,Females,Belgium,2017,984,,
ESTAT:DEMO_PJAN(1.0),30/05/26 11:00:00,Annual,Number,98 years,Females,Belgium,2018,1559,,
ESTAT:DEMO_PJAN(1.0),30/05/26 11:00:00,Annual,Number,98 years,Females,Belgium,2019,2121,,
ESTAT:DEMO_PJAN(1.0),30/05/26 11:00:00,Annual,Number,98 years,Females,Belgium,2020,2188,,
ESTAT:DEMO_PJAN(1.0),30/05/26 11:00:00,Annual,Number,98 years,Females,Belgium,2021,2088,,
ESTAT:DEMO_PJAN(1.0),30/05/26 11:00:00,Annual,Number,98 years,Females,Belgium,2022,2293,,
ESTAT:DEMO_PJAN(1.0),30/05/26 11:00:00,Annual,Number,98 years,Females,Belgium,2023,2417,,
ESTAT:DEMO_PJAN(1.0),30/05/26 11:00:00,Annual,Number,98 years,Females,Belgium,2024,2429,,
ESTAT:DEMO_PJAN(1.0),30/05/26 11:00:00,Annual,Number,98 years,Females,Belgium,2025,2512,,
ESTAT:DEMO_PJAN(1.0),30/05/26 11:00:00,Annual,Number,98 years,Males,Belgium,2005,178,,
ESTAT:DEMO_PJAN(1.0),30/05/26 11:00:00,Annual,Number,98 years,Males,Belgium,2006,190,,
ESTAT:DEMO_PJAN(1.0),30/05/26 11:00:00,Annual,Number,98 years,Males,Belgium,2007,204,,
ESTAT:DEMO_PJAN(1.0),30/05/26 11:00:00,Annual,Number,98 years,Males,Belgium,2008,223,,
ESTAT:DEMO_PJAN(1.0),30/05/26 11:00:00,Annual,Number,98 years,Males,Belgium,2009,242,,
ESTAT:DEMO_PJAN(1.0),30/05/26 11:00:00,Annual,Number,98 years,Males,Belgium,2010,250,,
ESTAT:DEMO_PJAN(1.0),30/05/26 11:00:00,Annual,Number,98 years,Males,Belgium,2011,244,,
ESTAT:DEMO_PJAN(1.0),30/05/26 11:00:00,Annual,Number,98 years,Males,Belgium,2012,315,,
ESTAT:DEMO_PJAN(1.0),30/05/26 11:00:00,Annual,Number,98 years,Males,Belgium,2013,306,,
ESTAT:DEMO_PJAN(1.0),30/05/26 11:00:00,Annual,Number,98 years,Males,Belgium,2014,280,,
ESTAT:DEMO_PJAN(1.0),30/05/26 11:00:00,Annual,Number,98 years,Males,Belgium,2015,247,,
ESTAT:DEMO_PJAN(1.0),30/05/26 11:00:00,Annual,Number,98 years,Males,Belgium,2016,209,,
ESTAT:DEMO_PJAN(1.0),30/05/26 11:00:00,Annual,Number,98 years,Males,Belgium,2017,273,,
ESTAT:DEMO_PJAN(1.0),30/05/26 11:00:00,Annual,Number,98 years,Males,Belgium,2018,360,,
ESTAT:DEMO_PJAN(1.0),30/05/26 11:00:00,Annual,Number,98 years,Males,Belgium,2019,515,,
ESTAT:DEMO_PJAN(1.0),30/05/26 11:00:00,Annual,Number,98 years,Males,Belgium,2020,560,,
ESTAT:DEMO_PJAN(1.0),30/05/26 11:00:00,Annual,Number,98 years,Males,Belgium,2021,545,,
ESTAT:DEMO_PJAN(1.0),30/05/26 11:00:00,Annual,Number,98 years,Males,Belgium,2022,565,,
ESTAT:DEMO_PJAN(1.0),30/05/26 11:00:00,Annual,Number,98 years,Males,Belgium,2023,599,,
ESTAT:DEMO_PJAN(1.0),30/05/26 11:00:00,Annual,Number,98 years,Males,Belgium,2024,636,,
ESTAT:DEMO_PJAN(1.0),30/05/26 11:00:00,Annual,Number,98 years,Males,Belgium,2025,691,,
ESTAT:DEMO_PJAN(1.0),30/05/26 11:00:00,Annual,Number,98 years,Total,Belgium,2005,1296,,
ESTAT:DEMO_PJAN(1.0),30/05/26 11:00:00,Annual,Number,98 years,Total,Belgium,2006,1368,,
ESTAT:DEMO_PJAN(1.0),30/05/26 11:00:00,Annual,Number,98 years,Total,Belgium,2007,1414,,
ESTAT:DEMO_PJAN(1.0),30/05/26 11:00:00,Annual,Number,98 years,Total,Belgium,2008,1457,,
ESTAT:DEMO_PJAN(1.0),30/05/26 11:00:00,Annual,Number,98 years,Total,Belgium,2009,1549,,
ESTAT:DEMO_PJAN(1.0),30/05/26 11:00:00,Annual,Number,98 years,Total,Belgium,2010,1638,,
ESTAT:DEMO_PJAN(1.0),30/05/26 11:00:00,Annual,Number,98 years,Total,Belgium,2011,1665,,
ESTAT:DEMO_PJAN(1.0),30/05/26 11:00:00,Annual,Number,98 years,Total,Belgium,2012,1813,,
ESTAT:DEMO_PJAN(1.0),30/05/26 11:00:00,Annual,Number,98 years,Total,Belgium,2013,1861,,
ESTAT:DEMO_PJAN(1.0),30/05/26 11:00:00,Annual,Number,98 years,Total,Belgium,2014,1602,,
ESTAT:DEMO_PJAN(1.0),30/05/26 11:00:00,Annual,Number,98 years,Total,Belgium,2015,1398,,
ESTAT:DEMO_PJAN(1.0),30/05/26 11:00:00,Annual,Number,98 years,Total,Belgium,2016,1240,,
ESTAT:DEMO_PJAN(1.0),30/05/26 11:00:00,Annual,Number,98 years,Total,Belgium,2017,1257,,
ESTAT:DEMO_PJAN(1.0),30/05/26 11:00:00,Annual,Number,98 years,Total,Belgium,2018,1919,,
ESTAT:DEMO_PJAN(1.0),30/05/26 11:00:00,Annual,Number,98 years,Total,Belgium,2019,2636,,
ESTAT:DEMO_PJAN(1.0),30/05/26 11:00:00,Annual,Number,98 years,Total,Belgium,2020,2748,,
ESTAT:DEMO_PJAN(1.0),30/05/26 11:00:00,Annual,Number,98 years,Total,Belgium,2021,2633,,
ESTAT:DEMO_PJAN(1.0),30/05/26 11:00:00,Annual,Number,98 years,Total,Belgium,2022,2858,,
ESTAT:DEMO_PJAN(1.0),30/05/26 11:00:00,Annual,Number,98 years,Total,Belgium,2023,3016,,
ESTAT:DEMO_PJAN(1.0),30/05/26 11:00:00,Annual,Number,98 years,Total,Belgium,2024,3065,,
ESTAT:DEMO_PJAN(1.0),30/05/26 11:00:00,Annual,Number,98 years,Total,Belgium,2025,3203,,
ESTAT:DEMO_PJAN(1.0),30/05/26 11:00:00,Annual,Number,99 years,Females,Belgium,2005,750,,
ESTAT:DEMO_PJAN(1.0),30/05/26 11:00:00,Annual,Number,99 years,Females,Belgium,2006,746,,
ESTAT:DEMO_PJAN(1.0),30/05/26 11:00:00,Annual,Number,99 years,Females,Belgium,2007,777,,
ESTAT:DEMO_PJAN(1.0),30/05/26 11:00:00,Annual,Number,99 years,Females,Belgium,2008,861,,
ESTAT:DEMO_PJAN(1.0),30/05/26 11:00:00,Annual,Number,99 years,Females,Belgium,2009,835,,
ESTAT:DEMO_PJAN(1.0),30/05/26 11:00:00,Annual,Number,99 years,Females,Belgium,2010,904,,
ESTAT:DEMO_PJAN(1.0),30/05/26 11:00:00,Annual,Number,99 years,Females,Belgium,2011,974,,
ESTAT:DEMO_PJAN(1.0),30/05/26 11:00:00,Annual,Number,99 years,Females,Belgium,2012,999,,
ESTAT:DEMO_PJAN(1.0),30/05/26 11:00:00,Annual,Number,99 years,Females,Belgium,2013,1022,,
ESTAT:DEMO_PJAN(1.0),30/05/26 11:00:00,Annual,Number,99 years,Females,Belgium,2014,1058,,
ESTAT:DEMO_PJAN(1.0),30/05/26 11:00:00,Annual,Number,99 years,Females,Belgium,2015,903,,
ESTAT:DEMO_PJAN(1.0),30/05/26 11:00:00,Annual,Number,99 years,Females,Belgium,2016,749,,
ESTAT:DEMO_PJAN(1.0),30/05/26 11:00:00,Annual,Number,99 years,Females,Belgium,2017,713,,
ESTAT:DEMO_PJAN(1.0),30/05/26 11:00:00,Annual,Number,99 years,Females,Belgium,2018,684,,
ESTAT:DEMO_PJAN(1.0),30/05/26 11:00:00,Annual,Number,99 years,Females,Belgium,2019,1073,,
ESTAT:DEMO_PJAN(1.0),30/05/26 11:00:00,Annual,Number,99 years,Females,Belgium,2020,1481,,
ESTAT:DEMO_PJAN(1.0),30/05/26 11:00:00,Annual,Number,99 years,Females,Belgium,2021,1449,,
ESTAT:DEMO_PJAN(1.0),30/05/26 11:00:00,Annual,Number,99 years,Females,Belgium,2022,1507,,
ESTAT:DEMO_PJAN(1.0),30/05/26 11:00:00,Annual,Number,99 years,Females,Belgium,2023,1517,,
ESTAT:DEMO_PJAN(1.0),30/05/26 11:00:00,Annual,Number,99 years,Females,Belgium,2024,1701,,
ESTAT:DEMO_PJAN(1.0),30/05/26 11:00:00,Annual,Number,99 years,Females,Belgium,2025,1699,,
ESTAT:DEMO_PJAN(1.0),30/05/26 11:00:00,Annual,Number,99 years,Males,Belgium,2005,148,,
ESTAT:DEMO_PJAN(1.0),30/05/26 11:00:00,Annual,Number,99 years,Males,Belgium,2006,102,,
ESTAT:DEMO_PJAN(1.0),30/05/26 11:00:00,Annual,Number,99 years,Males,Belgium,2007,125,,
ESTAT:DEMO_PJAN(1.0),30/05/26 11:00:00,Annual,Number,99 years,Males,Belgium,2008,145,,
ESTAT:DEMO_PJAN(1.0),30/05/26 11:00:00,Annual,Number,99 years,Males,Belgium,2009,141,,
ESTAT:DEMO_PJAN(1.0),30/05/26 11:00:00,Annual,Number,99 years,Males,Belgium,2010,155,,
ESTAT:DEMO_PJAN(1.0),30/05/26 11:00:00,Annual,Number,99 years,Males,Belgium,2011,164,,
ESTAT:DEMO_PJAN(1.0),30/05/26 11:00:00,Annual,Number,99 years,Males,Belgium,2012,167,,
ESTAT:DEMO_PJAN(1.0),30/05/26 11:00:00,Annual,Number,99 years,Males,Belgium,2013,197,,
ESTAT:DEMO_PJAN(1.0),30/05/26 11:00:00,Annual,Number,99 years,Males,Belgium,2014,184,,
ESTAT:DEMO_PJAN(1.0),30/05/26 11:00:00,Annual,Number,99 years,Males,Belgium,2015,202,,
ESTAT:DEMO_PJAN(1.0),30/05/26 11:00:00,Annual,Number,99 years,Males,Belgium,2016,150,,
ESTAT:DEMO_PJAN(1.0),30/05/26 11:00:00,Annual,Number,99 years,Males,Belgium,2017,125,,
ESTAT:DEMO_PJAN(1.0),30/05/26 11:00:00,Annual,Number,99 years,Males,Belgium,2018,177,,
ESTAT:DEMO_PJAN(1.0),30/05/26 11:00:00,Annual,Number,99 years,Males,Belgium,2019,224,,
ESTAT:DEMO_PJAN(1.0),30/05/26 11:00:00,Annual,Number,99 years,Males,Belgium,2020,335,,
ESTAT:DEMO_PJAN(1.0),30/05/26 11:00:00,Annual,Number,99 years,Males,Belgium,2021,334,,
ESTAT:DEMO_PJAN(1.0),30/05/26 11:00:00,Annual,Number,99 years,Males,Belgium,2022,346,,
ESTAT:DEMO_PJAN(1.0),30/05/26 11:00:00,Annual,Number,99 years,Males,Belgium,2023,374,,
ESTAT:DEMO_PJAN(1.0),30/05/26 11:00:00,Annual,Number,99 years,Males,Belgium,2024,391,,
ESTAT:DEMO_PJAN(1.0),30/05/26 11:00:00,Annual,Number,99 years,Males,Belgium,2025,404,,
ESTAT:DEMO_PJAN(1.0),30/05/26 11:00:00,Annual,Number,99 years,Total,Belgium,2005,898,,
ESTAT:DEMO_PJAN(1.0),30/05/26 11:00:00,Annual,Number,99 years,Total,Belgium,2006,848,,
ESTAT:DEMO_PJAN(1.0),30/05/26 11:00:00,Annual,Number,99 years,Total,Belgium,2007,902,,
ESTAT:DEMO_PJAN(1.0),30/05/26 11:00:00,Annual,Number,99 years,Total,Belgium,2008,1006,,
ESTAT:DEMO_PJAN(1.0),30/05/26 11:00:00,Annual,Number,99 years,Total,Belgium,2009,976,,
ESTAT:DEMO_PJAN(1.0),30/05/26 11:00:00,Annual,Number,99 years,Total,Belgium,2010,1059,,
ESTAT:DEMO_PJAN(1.0),30/05/26 11:00:00,Annual,Number,99 years,Total,Belgium,2011,1138,,
ESTAT:DEMO_PJAN(1.0),30/05/26 11:00:00,Annual,Number,99 years,Total,Belgium,2012,1166,,
ESTAT:DEMO_PJAN(1.0),30/05/26 11:00:00,Annual,Number,99 years,Total,Belgium,2013,1219,,
ESTAT:DEMO_PJAN(1.0),30/05/26 11:00:00,Annual,Number,99 years,Total,Belgium,2014,1242,,
ESTAT:DEMO_PJAN(1.0),30/05/26 11:00:00,Annual,Number,99 years,Total,Belgium,2015,1105,,
ESTAT:DEMO_PJAN(1.0),30/05/26 11:00:00,Annual,Number,99 years,Total,Belgium,2016,899,,
ESTAT:DEMO_PJAN(1.0),30/05/26 11:00:00,Annual,Number,99 years,Total,Belgium,2017,838,,
ESTAT:DEMO_PJAN(1.0),30/05/26 11:00:00,Annual,Number,99 years,Total,Belgium,2018,861,,
ESTAT:DEMO_PJAN(1.0),30/05/26 11:00:00,Annual,Number,99 years,Total,Belgium,2019,1297,,
ESTAT:DEMO_PJAN(1.0),30/05/26 11:00:00,Annual,Number,99 years,Total,Belgium,2020,1816,,
ESTAT:DEMO_PJAN(1.0),30/05/26 11:00:00,Annual,Number,99 years,Total,Belgium,2021,1783,,
ESTAT:DEMO_PJAN(1.0),30/05/26 11:00:00,Annual,Number,99 years,Total,Belgium,2022,1853,,
ESTAT:DEMO_PJAN(1.0),30/05/26 11:00:00,Annual,Number,99 years,Total,Belgium,2023,1891,,
ESTAT:DEMO_PJAN(1.0),30/05/26 11:00:00,Annual,Number,99 years,Total,Belgium,2024,2092,,
ESTAT:DEMO_PJAN(1.0),30/05/26 11:00:00,Annual,Number,99 years,Total,Belgium,2025,2103,,
ESTAT:DEMO_PJAN(1.0),30/05/26 11:00:00,Annual,Number,Less than 1 year,Females,Belgium,2005,56342,,
ESTAT:DEMO_PJAN(1.0),30/05/26 11:00:00,Annual,Number,Less than 1 year,Females,Belgium,2006,57619,,
ESTAT:DEMO_PJAN(1.0),30/05/26 11:00:00,Annual,Number,Less than 1 year,Females,Belgium,2007,59634,,
ESTAT:DEMO_PJAN(1.0),30/05/26 11:00:00,Annual,Number,Less than 1 year,Females,Belgium,2008,59143,,
ESTAT:DEMO_PJAN(1.0),30/05/26 11:00:00,Annual,Number,Less than 1 year,Females,Belgium,2009,61655,,
ESTAT:DEMO_PJAN(1.0),30/05/26 11:00:00,Annual,Number,Less than 1 year,Females,Belgium,2010,61909,,
ESTAT:DEMO_PJAN(1.0),30/05/26 11:00:00,Annual,Number,Less than 1 year,Females,Belgium,2011,63694,,
ESTAT:DEMO_PJAN(1.0),30/05/26 11:00:00,Annual,Number,Less than 1 year,Females,Belgium,2012,62808,,
ESTAT:DEMO_PJAN(1.0),30/05/26 11:00:00,Annual,Number,Less than 1 year,Females,Belgium,2013,62560,,
ESTAT:DEMO_PJAN(1.0),30/05/26 11:00:00,Annual,Number,Less than 1 year,Females,Belgium,2014,61064,,
ESTAT:DEMO_PJAN(1.0),30/05/26 11:00:00,Annual,Number,Less than 1 year,Females,Belgium,2015,60774,,
ESTAT:DEMO_PJAN(1.0),30/05/26 11:00:00,Annual,Number,Less than 1 year,Females,Belgium,2016,59793,,
ESTAT:DEMO_PJAN(1.0),30/05/26 11:00:00,Annual,Number,Less than 1 year,Females,Belgium,2017,59434,,
ESTAT:DEMO_PJAN(1.0),30/05/26 11:00:00,Annual,Number,Less than 1 year,Females,Belgium,2018,58482,,
ESTAT:DEMO_PJAN(1.0),30/05/26 11:00:00,Annual,Number,Less than 1 year,Females,Belgium,2019,57925,,
ESTAT:DEMO_PJAN(1.0),30/05/26 11:00:00,Annual,Number,Less than 1 year,Females,Belgium,2020,57773,,
ESTAT:DEMO_PJAN(1.0),30/05/26 11:00:00,Annual,Number,Less than 1 year,Females,Belgium,2021,55785,,
ESTAT:DEMO_PJAN(1.0),30/05/26 11:00:00,Annual,Number,Less than 1 year,Females,Belgium,2022,57928,,
ESTAT:DEMO_PJAN(1.0),30/05/26 11:00:00,Annual,Number,Less than 1 year,Females,Belgium,2023,55981,,
ESTAT:DEMO_PJAN(1.0),30/05/26 11:00:00,Annual,Number,Less than 1 year,Females,Belgium,2024,54456,,
ESTAT:DEMO_PJAN(1.0),30/05/26 11:00:00,Annual,Number,Less than 1 year,Females,Belgium,2025,53288,,
ESTAT:DEMO_PJAN(1.0),30/05/26 11:00:00,Annual,Number,Less than 1 year,Males,Belgium,2005,59546,,
ESTAT:DEMO_PJAN(1.0),30/05/26 11:00:00,Annual,Number,Less than 1 year,Males,Belgium,2006,60747,,
ESTAT:DEMO_PJAN(1.0),30/05/26 11:00:00,Annual,Number,Less than 1 year,Males,Belgium,2007,62084,,
ESTAT:DEMO_PJAN(1.0),30/05/26 11:00:00,Annual,Number,Less than 1 year,Males,Belgium,2008,61863,,
ESTAT:DEMO_PJAN(1.0),30/05/26 11:00:00,Annual,Number,Less than 1 year,Males,Belgium,2009,64989,,
ESTAT:DEMO_PJAN(1.0),30/05/26 11:00:00,Annual,Number,Less than 1 year,Males,Belgium,2010,64925,,
ESTAT:DEMO_PJAN(1.0),30/05/26 11:00:00,Annual,Number,Less than 1 year,Males,Belgium,2011,66518,,
ESTAT:DEMO_PJAN(1.0),30/05/26 11:00:00,Annual,Number,Less than 1 year,Males,Belgium,2012,65893,,
ESTAT:DEMO_PJAN(1.0),30/05/26 11:00:00,Annual,Number,Less than 1 year,Males,Belgium,2013,65104,,
ESTAT:DEMO_PJAN(1.0),30/05/26 11:00:00,Annual,Number,Less than 1 year,Males,Belgium,2014,64131,,
ESTAT:DEMO_PJAN(1.0),30/05/26 11:00:00,Annual,Number,Less than 1 year,Males,Belgium,2015,64029,,
ESTAT:DEMO_PJAN(1.0),30/05/26 11:00:00,Annual,Number,Less than 1 year,Males,Belgium,2016,62588,,
ESTAT:DEMO_PJAN(1.0),30/05/26 11:00:00,Annual,Number,Less than 1 year,Males,Belgium,2017,62345,,
ESTAT:DEMO_PJAN(1.0),30/05/26 11:00:00,Annual,Number,Less than 1 year,Males,Belgium,2018,61089,,
ESTAT:DEMO_PJAN(1.0),30/05/26 11:00:00,Annual,Number,Less than 1 year,Males,Belgium,2019,60344,,
ESTAT:DEMO_PJAN(1.0),30/05/26 11:00:00,Annual,Number,Less than 1 year,Males,Belgium,2020,59881,,
ESTAT:DEMO_PJAN(1.0),30/05/26 11:00:00,Annual,Number,Less than 1 year,Males,Belgium,2021,58431,,
ESTAT:DEMO_PJAN(1.0),30/05/26 11:00:00,Annual,Number,Less than 1 year,Males,Belgium,2022,60555,,
ESTAT:DEMO_PJAN(1.0),30/05/26 11:00:00,Annual,Number,Less than 1 year,Males,Belgium,2023,58550,,
ESTAT:DEMO_PJAN(1.0),30/05/26 11:00:00,Annual,Number,Less than 1 year,Males,Belgium,2024,56590,,
ESTAT:DEMO_PJAN(1.0),30/05/26 11:00:00,Annual,Number,Less than 1 year,Males,Belgium,2025,56075,,
ESTAT:DEMO_PJAN(1.0),30/05/26 11:00:00,Annual,Number,Less than 1 year,Total,Belgium,2005,115888,,
ESTAT:DEMO_PJAN(1.0),30/05/26 11:00:00,Annual,Number,Less than 1 year,Total,Belgium,2006,118366,,
ESTAT:DEMO_PJAN(1.0),30/05/26 11:00:00,Annual,Number,Less than 1 year,Total,Belgium,2007,121718,,
ESTAT:DEMO_PJAN(1.0),30/05/26 11:00:00,Annual,Number,Less than 1 year,Total,Belgium,2008,121006,,
ESTAT:DEMO_PJAN(1.0),30/05/26 11:00:00,Annual,Number,Less than 1 year,Total,Belgium,2009,126644,,
ESTAT:DEMO_PJAN(1.0),30/05/26 11:00:00,Annual,Number,Less than 1 year,Total,Belgium,2010,126834,,
ESTAT:DEMO_PJAN(1.0),30/05/26 11:00:00,Annual,Number,Less than 1 year,Total,Belgium,2011,130212,,
ESTAT:DEMO_PJAN(1.0),30/05/26 11:00:00,Annual,Number,Less than 1 year,Total,Belgium,2012,128701,,
ESTAT:DEMO_PJAN(1.0),30/05/26 11:00:00,Annual,Number,Less than 1 year,Total,Belgium,2013,127664,,
ESTAT:DEMO_PJAN(1.0),30/05/26 11:00:00,Annual,Number,Less than 1 year,Total,Belgium,2014,125195,,
ESTAT:DEMO_PJAN(1.0),30/05/26 11:00:00,Annual,Number,Less than 1 year,Total,Belgium,2015,124803,,
ESTAT:DEMO_PJAN(1.0),30/05/26 11:00:00,Annual,Number,Less than 1 year,Total,Belgium,2016,122381,,
ESTAT:DEMO_PJAN(1.0),30/05/26 11:00:00,Annual,Number,Less than 1 year,Total,Belgium,2017,121779,,
ESTAT:DEMO_PJAN(1.0),30/05/26 11:00:00,Annual,Number,Less than 1 year,Total,Belgium,2018,119571,,
ESTAT:DEMO_PJAN(1.0),30/05/26 11:00:00,Annual,Number,Less than 1 year,Total,Belgium,2019,118269,,
ESTAT:DEMO_PJAN(1.0),30/05/26 11:00:00,Annual,Number,Less than 1 year,Total,Belgium,2020,117654,,
ESTAT:DEMO_PJAN(1.0),30/05/26 11:00:00,Annual,Number,Less than 1 year,Total,Belgium,2021,114216,,
ESTAT:DEMO_PJAN(1.0),30/05/26 11:00:00,Annual,Number,Less than 1 year,Total,Belgium,2022,118483,,
ESTAT:DEMO_PJAN(1.0),30/05/26 11:00:00,Annual,Number,Less than 1 year,Total,Belgium,2023,114531,,
ESTAT:DEMO_PJAN(1.0),30/05/26 11:00:00,Annual,Number,Less than 1 year,Total,Belgium,2024,111046,,
ESTAT:DEMO_PJAN(1.0),30/05/26 11:00:00,Annual,Number,Less than 1 year,Total,Belgium,2025,109363,,
ESTAT:DEMO_PJAN(1.0),30/05/26 11:00:00,Annual,Number,Open-ended age class,Females,Belgium,2005,1104,,
ESTAT:DEMO_PJAN(1.0),30/05/26 11:00:00,Annual,Number,Open-ended age class,Females,Belgium,2006,1148,,
ESTAT:DEMO_PJAN(1.0),30/05/26 11:00:00,Annual,Number,Open-ended age class,Females,Belgium,2007,1187,,
ESTAT:DEMO_PJAN(1.0),30/05/26 11:00:00,Annual,Number,Open-ended age class,Females,Belgium,2008,1237,,
ESTAT:DEMO_PJAN(1.0),30/05/26 11:00:00,Annual,Number,Open-ended age class,Females,Belgium,2009,1308,,
ESTAT:DEMO_PJAN(1.0),30/05/26 11:00:00,Annual,Number,Open-ended age class,Females,Belgium,2010,1373,,
ESTAT:DEMO_PJAN(1.0),30/05/26 11:00:00,Annual,Number,Open-ended age class,Females,Belgium,2011,1432,,
ESTAT:DEMO_PJAN(1.0),30/05/26 11:00:00,Annual,Number,Open-ended age class,Females,Belgium,2012,1576,,
ESTAT:DEMO_PJAN(1.0),30/05/26 11:00:00,Annual,Number,Open-ended age class,Females,Belgium,2013,1614,,
ESTAT:DEMO_PJAN(1.0),30/05/26 11:00:00,Annual,Number,Open-ended age class,Females,Belgium,2014,1650,,
ESTAT:DEMO_PJAN(1.0),30/05/26 11:00:00,Annual,Number,Open-ended age class,Females,Belgium,2015,1737,,
ESTAT:DEMO_PJAN(1.0),30/05/26 11:00:00,Annual,Number,Open-ended age class,Females,Belgium,2016,1587,,
ESTAT:DEMO_PJAN(1.0),30/05/26 11:00:00,Annual,Number,Open-ended age class,Females,Belgium,2017,1500,,
ESTAT:DEMO_PJAN(1.0),30/05/26 11:00:00,Annual,Number,Open-ended age class,Females,Belgium,2018,1408,,
ESTAT:DEMO_PJAN(1.0),30/05/26 11:00:00,Annual,Number,Open-ended age class,Females,Belgium,2019,1275,,
ESTAT:DEMO_PJAN(1.0),30/05/26 11:00:00,Annual,Number,Open-ended age class,Females,Belgium,2020,1515,,
ESTAT:DEMO_PJAN(1.0),30/05/26 11:00:00,Annual,Number,Open-ended age class,Females,Belgium,2021,1804,,
ESTAT:DEMO_PJAN(1.0),30/05/26 11:00:00,Annual,Number,Open-ended age class,Females,Belgium,2022,2135,,
ESTAT:DEMO_PJAN(1.0),30/05/26 11:00:00,Annual,Number,Open-ended age class,Females,Belgium,2023,2282,,
ESTAT:DEMO_PJAN(1.0),30/05/26 11:00:00,Annual,Number,Open-ended age class,Females,Belgium,2024,2422,,
ESTAT:DEMO_PJAN(1.0),30/05/26 11:00:00,Annual,Number,Open-ended age class,Females,Belgium,2025,2627,,
ESTAT:DEMO_PJAN(1.0),30/05/26 11:00:00,Annual,Number,Open-ended age class,Males,Belgium,2005,143,,
ESTAT:DEMO_PJAN(1.0),30/05/26 11:00:00,Annual,Number,Open-ended age class,Males,Belgium,2006,150,,
ESTAT:DEMO_PJAN(1.0),30/05/26 11:00:00,Annual,Number,Open-ended age class,Males,Belgium,2007,151,,
ESTAT:DEMO_PJAN(1.0),30/05/26 11:00:00,Annual,Number,Open-ended age class,Males,Belgium,2008,144,,
ESTAT:DEMO_PJAN(1.0),30/05/26 11:00:00,Annual,Number,Open-ended age class,Males,Belgium,2009,171,,
ESTAT:DEMO_PJAN(1.0),30/05/26 11:00:00,Annual,Number,Open-ended age class,Males,Belgium,2010,186,,
ESTAT:DEMO_PJAN(1.0),30/05/26 11:00:00,Annual,Number,Open-ended age class,Males,Belgium,2011,198,,
ESTAT:DEMO_PJAN(1.0),30/05/26 11:00:00,Annual,Number,Open-ended age class,Males,Belgium,2012,215,,
ESTAT:DEMO_PJAN(1.0),30/05/26 11:00:00,Annual,Number,Open-ended age class,Males,Belgium,2013,216,,
ESTAT:DEMO_PJAN(1.0),30/05/26 11:00:00,Annual,Number,Open-ended age class,Males,Belgium,2014,238,,
ESTAT:DEMO_PJAN(1.0),30/05/26 11:00:00,Annual,Number,Open-ended age class,Males,Belgium,2015,262,,
ESTAT:DEMO_PJAN(1.0),30/05/26 11:00:00,Annual,Number,Open-ended age class,Males,Belgium,2016,271,,
ESTAT:DEMO_PJAN(1.0),30/05/26 11:00:00,Annual,Number,Open-ended age class,Males,Belgium,2017,256,,
ESTAT:DEMO_PJAN(1.0),30/05/26 11:00:00,Annual,Number,Open-ended age class,Males,Belgium,2018,198,,
ESTAT:DEMO_PJAN(1.0),30/05/26 11:00:00,Annual,Number,Open-ended age class,Males,Belgium,2019,210,,
ESTAT:DEMO_PJAN(1.0),30/05/26 11:00:00,Annual,Number,Open-ended age class,Males,Belgium,2020,271,,
ESTAT:DEMO_PJAN(1.0),30/05/26 11:00:00,Annual,Number,Open-ended age class,Males,Belgium,2021,354,,
ESTAT:DEMO_PJAN(1.0),30/05/26 11:00:00,Annual,Number,Open-ended age class,Males,Belgium,2022,422,,
ESTAT:DEMO_PJAN(1.0),30/05/26 11:00:00,Annual,Number,Open-ended age class,Males,Belgium,2023,447,,
ESTAT:DEMO_PJAN(1.0),30/05/26 11:00:00,Annual,Number,Open-ended age class,Males,Belgium,2024,505,,
ESTAT:DEMO_PJAN(1.0),30/05/26 11:00:00,Annual,Number,Open-ended age class,Males,Belgium,2025,540,,
ESTAT:DEMO_PJAN(1.0),30/05/26 11:00:00,Annual,Number,Open-ended age class,Total,Belgium,2005,1247,,
ESTAT:DEMO_PJAN(1.0),30/05/26 11:00:00,Annual,Number,Open-ended age class,Total,Belgium,2006,1298,,
ESTAT:DEMO_PJAN(1.0),30/05/26 11:00:00,Annual,Number,Open-ended age class,Total,Belgium,2007,1338,,
ESTAT:DEMO_PJAN(1.0),30/05/26 11:00:00,Annual,Number,Open-ended age class,Total,Belgium,2008,1381,,
ESTAT:DEMO_PJAN(1.0),30/05/26 11:00:00,Annual,Number,Open-ended age class,Total,Belgium,2009,1479,,
ESTAT:DEMO_PJAN(1.0),30/05/26 11:00:00,Annual,Number,Open-ended age class,Total,Belgium,2010,1559,,
ESTAT:DEMO_PJAN(1.0),30/05/26 11:00:00,Annual,Number,Open-ended age class,Total,Belgium,2011,1630,,
ESTAT:DEMO_PJAN(1.0),30/05/26 11:00:00,Annual,Number,Open-ended age class,Total,Belgium,2012,1791,,
ESTAT:DEMO_PJAN(1.0),30/05/26 11:00:00,Annual,Number,Open-ended age class,Total,Belgium,2013,1830,,
ESTAT:DEMO_PJAN(1.0),30/05/26 11:00:00,Annual,Number,Open-ended age class,Total,Belgium,2014,1888,,
ESTAT:DEMO_PJAN(1.0),30/05/26 11:00:00,Annual,Number,Open-ended age class,Total,Belgium,2015,1999,,
ESTAT:DEMO_PJAN(1.0),30/05/26 11:00:00,Annual,Number,Open-ended age class,Total,Belgium,2016,1858,,
ESTAT:DEMO_PJAN(1.0),30/05/26 11:00:00,Annual,Number,Open-ended age class,Total,Belgium,2017,1756,,
ESTAT:DEMO_PJAN(1.0),30/05/26 11:00:00,Annual,Number,Open-ended age class,Total,Belgium,2018,1606,,
ESTAT:DEMO_PJAN(1.0),30/05/26 11:00:00,Annual,Number,Open-ended age class,Total,Belgium,2019,1485,,
ESTAT:DEMO_PJAN(1.0),30/05/26 11:00:00,Annual,Number,Open-ended age class,Total,Belgium,2020,1786,,
ESTAT:DEMO_PJAN(1.0),30/05/26 11:00:00,Annual,Number,Open-ended age class,Total,Belgium,2021,2158,,
ESTAT:DEMO_PJAN(1.0),30/05/26 11:00:00,Annual,Number,Open-ended age class,Total,Belgium,2022,2557,,
ESTAT:DEMO_PJAN(1.0),30/05/26 11:00:00,Annual,Number,Open-ended age class,Total,Belgium,2023,2729,,
ESTAT:DEMO_PJAN(1.0),30/05/26 11:00:00,Annual,Number,Open-ended age class,Total,Belgium,2024,2927,,
ESTAT:DEMO_PJAN(1.0),30/05/26 11:00:00,Annual,Number,Open-ended age class,Total,Belgium,2025,3167,,
