STRUCTURE,STRUCTURE_ID,STRUCTURE_NAME,freq,Time frequency,unit,Unit of measure,age,Age class,sex,Sex,geo,Geopolitical entity (reporting),TIME_PERIOD,Time,OBS_VALUE,Observation value,OBS_FLAG,Observation status (Flag) V2 structure,CONF_STATUS,Confidentiality status (flag)
dataflow,ESTAT:DEMO_PJAN(1.0),Population on 1 January by age and sex,A,Annual,NR,Number,TOTAL,Total,F,Females,SI,Slovenia,2016,,1040855,,,,,
dataflow,ESTAT:DEMO_PJAN(1.0),Population on 1 January by age and sex,A,Annual,NR,Number,TOTAL,Total,F,Females,SI,Slovenia,2017,,1040770,,,,,
dataflow,ESTAT:DEMO_PJAN(1.0),Population on 1 January by age and sex,A,Annual,NR,Number,TOTAL,Total,F,Females,SI,Slovenia,2018,,1039839,,,,,
dataflow,ESTAT:DEMO_PJAN(1.0),Population on 1 January by age and sex,A,Annual,NR,Number,TOTAL,Total,F,Females,SI,Slovenia,2019,,1042252,,,,,
dataflow,ESTAT:DEMO_PJAN(1.0),Population on 1 January by age and sex,A,Annual,NR,Number,TOTAL,Total,F,Females,SI,Slovenia,2020,,1044795,,,,,
dataflow,ESTAT:DEMO_PJAN(1.0),Population on 1 January by age and sex,A,Annual,NR,Number,TOTAL,Total,F,Females,SI,Slovenia,2021,,1049039,,,,,
dataflow,ESTAT:DEMO_PJAN(1.0),Population on 1 January by age and sex,A,Annual,NR,Number,TOTAL,Total,F,Females,SI,Slovenia,2022,,1049485,,,,,
dataflow,ESTAT:DEMO_PJAN(1.0),Population on 1 January by age and sex,A,Annual,NR,Number,TOTAL,Total,F,Females,SI,Slovenia,2023,,1053701,,,,,
dataflow,ESTAT:DEMO_PJAN(1.0),Population on 1 January by age and sex,A,Annual,NR,Number,TOTAL,Total,F,Females,SI,Slovenia,2024,,1055520,,,,,
dataflow,ESTAT:DEMO_PJAN(1.0),Population on 1 January by age and sex,A,Annual,NR,Number,TOTAL,Total,F,Females,SI,Slovenia,2025,,1058574,,,,,
dataflow,ESTAT:DEMO_PJAN(1.0),Population on 1 January by age and sex,A,Annual,NR,Number,TOTAL,Total,M,Males,SI,Slovenia,2016,,1023333,,,,,
dataflow,ESTAT:DEMO_PJAN(1.0),Population on 1 January by age and sex,A,Annual,NR,Number,TOTAL,Total,M,Males,SI,Slovenia,2017,,1025125,,,,,
dataflow,ESTAT:DEMO_PJAN(1.0),Population on 1 January by age and sex,A,Annual,NR,Number,TOTAL,Total,M,Males,SI,Slovenia,2018,,1027041,,,,,
dataflow,ESTAT:DEMO_PJAN(1.0),Population on 1 January by age and sex,A,Annual,NR,Number,TOTAL,Total,M,Males,SI,Slovenia,2019,,1038656,,,,,
dataflow,ESTAT:DEMO_PJAN(1.0),Population on 1 January by age and sex,A,Annual,NR,Number,TOTAL,Total,M,Males,SI,Slovenia,2020,,1051066,,,,,
dataflow,ESTAT:DEMO_PJAN(1.0),Population on 1 January by age and sex,A,Annual,NR,Number,TOTAL,Total,M,Males,SI,Slovenia,2021,,1059938,,,,,
dataflow,ESTAT:DEMO_PJAN(1.0),Population on 1 January by age and sex,A,Annual,NR,Number,TOTAL,Total,M,Males,SI,Slovenia,2022,,1057695,,,,,
dataflow,ESTAT:DEMO_PJAN(1.0),Population on 1 January by age and sex,A,Annual,NR,Number,TOTAL,Total,M,Males,SI,Slovenia,2023,,1063271,,,,,
dataflow,ESTAT:DEMO_PJAN(1.0),Population on 1 January by age and sex,A,Annual,NR,Number,TOTAL,Total,M,Males,SI,Slovenia,2024,,1068429,,,,,
dataflow,ESTAT:DEMO_PJAN(1.0),Population on 1 January by age and sex,A,Annual,NR,Number,TOTAL,Total,M,Males,SI,Slovenia,2025,,1072276,,,,,
dataflow,ESTAT:DEMO_PJAN(1.0),Population on 1 January by age and sex,A,Annual,NR,Number,TOTAL,Total,T,Total,SI,Slovenia,2016,,2064188,,,,,
dataflow,ESTAT:DEMO_PJAN(1.0),Population on 1 January by age and sex,A,Annual,NR,Number,TOTAL,Total,T,Total,SI,Slovenia,2017,,2065895,,,,,
dataflow,ESTAT:DEMO_PJAN(1.0),Population on 1 January by age and sex,A,Annual,NR,Number,TOTAL,Total,T,Total,SI,Slovenia,2018,,2066880,,,,,
dataflow,ESTAT:DEMO_PJAN(1.0),Population on 1 January by age and sex,A,Annual,NR,Number,TOTAL,Total,T,Total,SI,Slovenia,2019,,2080908,,,,,
dataflow,ESTAT:DEMO_PJAN(1.0),Population on 1 January by age and sex,A,Annual,NR,Number,TOTAL,Total,T,Total,SI,Slovenia,2020,,2095861,,,,,
dataflow,ESTAT:DEMO_PJAN(1.0),Population on 1 January by age and sex,A,Annual,NR,Number,TOTAL,Total,T,Total,SI,Slovenia,2021,,2108977,,,,,
dataflow,ESTAT:DEMO_PJAN(1.0),Population on 1 January by age and sex,A,Annual,NR,Number,TOTAL,Total,T,Total,SI,Slovenia,2022,,2107180,,,,,
dataflow,ESTAT:DEMO_PJAN(1.0),Population on 1 January by age and sex,A,Annual,NR,Number,TOTAL,Total,T,Total,SI,Slovenia,2023,,2116972,,,,,
dataflow,ESTAT:DEMO_PJAN(1.0),Population on 1 January by age and sex,A,Annual,NR,Number,TOTAL,Total,T,Total,SI,Slovenia,2024,,2123949,,,,,
dataflow,ESTAT:DEMO_PJAN(1.0),Population on 1 January by age and sex,A,Annual,NR,Number,TOTAL,Total,T,Total,SI,Slovenia,2025,,2130850,,,,,
dataflow,ESTAT:DEMO_PJAN(1.0),Population on 1 January by age and sex,A,Annual,NR,Number,UNK,Unknown,F,Females,SI,Slovenia,2016,,0,,,,,
dataflow,ESTAT:DEMO_PJAN(1.0),Population on 1 January by age and sex,A,Annual,NR,Number,UNK,Unknown,F,Females,SI,Slovenia,2017,,0,,,,,
dataflow,ESTAT:DEMO_PJAN(1.0),Population on 1 January by age and sex,A,Annual,NR,Number,UNK,Unknown,F,Females,SI,Slovenia,2018,,0,,,,,
dataflow,ESTAT:DEMO_PJAN(1.0),Population on 1 January by age and sex,A,Annual,NR,Number,UNK,Unknown,F,Females,SI,Slovenia,2019,,0,,,,,
dataflow,ESTAT:DEMO_PJAN(1.0),Population on 1 January by age and sex,A,Annual,NR,Number,UNK,Unknown,F,Females,SI,Slovenia,2020,,0,,,,,
dataflow,ESTAT:DEMO_PJAN(1.0),Population on 1 January by age and sex,A,Annual,NR,Number,UNK,Unknown,F,Females,SI,Slovenia,2021,,0,,,,,
dataflow,ESTAT:DEMO_PJAN(1.0),Population on 1 January by age and sex,A,Annual,NR,Number,UNK,Unknown,F,Females,SI,Slovenia,2022,,0,,,,,
dataflow,ESTAT:DEMO_PJAN(1.0),Population on 1 January by age and sex,A,Annual,NR,Number,UNK,Unknown,F,Females,SI,Slovenia,2023,,0,,,,,
dataflow,ESTAT:DEMO_PJAN(1.0),Population on 1 January by age and sex,A,Annual,NR,Number,UNK,Unknown,F,Females,SI,Slovenia,2024,,0,,,,,
dataflow,ESTAT:DEMO_PJAN(1.0),Population on 1 January by age and sex,A,Annual,NR,Number,UNK,Unknown,F,Females,SI,Slovenia,2025,,0,,,,,
dataflow,ESTAT:DEMO_PJAN(1.0),Population on 1 January by age and sex,A,Annual,NR,Number,UNK,Unknown,M,Males,SI,Slovenia,2016,,0,,,,,
dataflow,ESTAT:DEMO_PJAN(1.0),Population on 1 January by age and sex,A,Annual,NR,Number,UNK,Unknown,M,Males,SI,Slovenia,2017,,0,,,,,
dataflow,ESTAT:DEMO_PJAN(1.0),Population on 1 January by age and sex,A,Annual,NR,Number,UNK,Unknown,M,Males,SI,Slovenia,2018,,0,,,,,
dataflow,ESTAT:DEMO_PJAN(1.0),Population on 1 January by age and sex,A,Annual,NR,Number,UNK,Unknown,M,Males,SI,Slovenia,2019,,0,,,,,
dataflow,ESTAT:DEMO_PJAN(1.0),Population on 1 January by age and sex,A,Annual,NR,Number,UNK,Unknown,M,Males,SI,Slovenia,2020,,0,,,,,
dataflow,ESTAT:DEMO_PJAN(1.0),Population on 1 January by age and sex,A,Annual,NR,Number,UNK,Unknown,M,Males,SI,Slovenia,2021,,0,,,,,
dataflow,ESTAT:DEMO_PJAN(1.0),Population on 1 January by age and sex,A,Annual,NR,Number,UNK,Unknown,M,Males,SI,Slovenia,2022,,0,,,,,
dataflow,ESTAT:DEMO_PJAN(1.0),Population on 1 January by age and sex,A,Annual,NR,Number,UNK,Unknown,M,Males,SI,Slovenia,2023,,0,,,,,
dataflow,ESTAT:DEMO_PJAN(1.0),Population on 1 January by age and sex,A,Annual,NR,Number,UNK,Unknown,M,Males,SI,Slovenia,2024,,0,,,,,
dataflow,ESTAT:DEMO_PJAN(1.0),Population on 1 January by age and sex,A,Annual,NR,Number,UNK,Unknown,M,Males,SI,Slovenia,2025,,0,,,,,
dataflow,ESTAT:DEMO_PJAN(1.0),Population on 1 January by age and sex,A,Annual,NR,Number,UNK,Unknown,T,Total,SI,Slovenia,2016,,0,,,,,
dataflow,ESTAT:DEMO_PJAN(1.0),Population on 1 January by age and sex,A,Annual,NR,Number,UNK,Unknown,T,Total,SI,Slovenia,2017,,0,,,,,
dataflow,ESTAT:DEMO_PJAN(1.0),Population on 1 January by age and sex,A,Annual,NR,Number,UNK,Unknown,T,Total,SI,Slovenia,2018,,0,,,,,
dataflow,ESTAT:DEMO_PJAN(1.0),Population on 1 January by age and sex,A,Annual,NR,Number,UNK,Unknown,T,Total,SI,Slovenia,2019,,0,,,,,
dataflow,ESTAT:DEMO_PJAN(1.0),Population on 1 January by age and sex,A,Annual,NR,Number,UNK,Unknown,T,Total,SI,Slovenia,2020,,0,,,,,
dataflow,ESTAT:DEMO_PJAN(1.0),Population on 1 January by age and sex,A,Annual,NR,Number,UNK,Unknown,T,Total,SI,Slovenia,2021,,0,,,,,
dataflow,ESTAT:DEMO_PJAN(1.0),Population on 1 January by age and sex,A,Annual,NR,Number,UNK,Unknown,T,Total,SI,Slovenia,2022,,0,,,,,
dataflow,ESTAT:DEMO_PJAN(1.0),Population on 1 January by age and sex,A,Annual,NR,Number,UNK,Unknown,T,Total,SI,Slovenia,2023,,0,,,,,
dataflow,ESTAT:DEMO_PJAN(1.0),Population on 1 January by age and sex,A,Annual,NR,Number,UNK,Unknown,T,Total,SI,Slovenia,2024,,0,,,,,
dataflow,ESTAT:DEMO_PJAN(1.0),Population on 1 January by age and sex,A,Annual,NR,Number,UNK,Unknown,T,Total,SI,Slovenia,2025,,0,,,,,
dataflow,ESTAT:DEMO_PJAN(1.0),Population on 1 January by age and sex,A,Annual,NR,Number,Y1,1 year,F,Females,SI,Slovenia,2016,,10253,,,,,
dataflow,ESTAT:DEMO_PJAN(1.0),Population on 1 January by age and sex,A,Annual,NR,Number,Y1,1 year,F,Females,SI,Slovenia,2017,,10018,,,,,
dataflow,ESTAT:DEMO_PJAN(1.0),Population on 1 January by age and sex,A,Annual,NR,Number,Y1,1 year,F,Females,SI,Slovenia,2018,,9979,,,,,
dataflow,ESTAT:DEMO_PJAN(1.0),Population on 1 January by age and sex,A,Annual,NR,Number,Y1,1 year,F,Females,SI,Slovenia,2019,,9790,,,,,
dataflow,ESTAT:DEMO_PJAN(1.0),Population on 1 January by age and sex,A,Annual,NR,Number,Y1,1 year,F,Females,SI,Slovenia,2020,,9508,,,,,
dataflow,ESTAT:DEMO_PJAN(1.0),Population on 1 January by age and sex,A,Annual,NR,Number,Y1,1 year,F,Females,SI,Slovenia,2021,,9436,,,,,
dataflow,ESTAT:DEMO_PJAN(1.0),Population on 1 January by age and sex,A,Annual,NR,Number,Y1,1 year,F,Females,SI,Slovenia,2022,,9117,,,,,
dataflow,ESTAT:DEMO_PJAN(1.0),Population on 1 January by age and sex,A,Annual,NR,Number,Y1,1 year,F,Females,SI,Slovenia,2023,,9277,,,,,
dataflow,ESTAT:DEMO_PJAN(1.0),Population on 1 January by age and sex,A,Annual,NR,Number,Y1,1 year,F,Females,SI,Slovenia,2024,,8632,,,,,
dataflow,ESTAT:DEMO_PJAN(1.0),Population on 1 January by age and sex,A,Annual,NR,Number,Y1,1 year,F,Females,SI,Slovenia,2025,,8374,,,,,
dataflow,ESTAT:DEMO_PJAN(1.0),Population on 1 January by age and sex,A,Annual,NR,Number,Y1,1 year,M,Males,SI,Slovenia,2016,,10919,,,,,
dataflow,ESTAT:DEMO_PJAN(1.0),Population on 1 January by age and sex,A,Annual,NR,Number,Y1,1 year,M,Males,SI,Slovenia,2017,,10589,,,,,
dataflow,ESTAT:DEMO_PJAN(1.0),Population on 1 January by age and sex,A,Annual,NR,Number,Y1,1 year,M,Males,SI,Slovenia,2018,,10362,,,,,
dataflow,ESTAT:DEMO_PJAN(1.0),Population on 1 January by age and sex,A,Annual,NR,Number,Y1,1 year,M,Males,SI,Slovenia,2019,,10527,,,,,
dataflow,ESTAT:DEMO_PJAN(1.0),Population on 1 January by age and sex,A,Annual,NR,Number,Y1,1 year,M,Males,SI,Slovenia,2020,,10193,,,,,
dataflow,ESTAT:DEMO_PJAN(1.0),Population on 1 January by age and sex,A,Annual,NR,Number,Y1,1 year,M,Males,SI,Slovenia,2021,,10044,,,,,
dataflow,ESTAT:DEMO_PJAN(1.0),Population on 1 January by age and sex,A,Annual,NR,Number,Y1,1 year,M,Males,SI,Slovenia,2022,,9749,,,,,
dataflow,ESTAT:DEMO_PJAN(1.0),Population on 1 January by age and sex,A,Annual,NR,Number,Y1,1 year,M,Males,SI,Slovenia,2023,,9931,,,,,
dataflow,ESTAT:DEMO_PJAN(1.0),Population on 1 January by age and sex,A,Annual,NR,Number,Y1,1 year,M,Males,SI,Slovenia,2024,,9087,,,,,
dataflow,ESTAT:DEMO_PJAN(1.0),Population on 1 January by age and sex,A,Annual,NR,Number,Y1,1 year,M,Males,SI,Slovenia,2025,,8733,,,,,
dataflow,ESTAT:DEMO_PJAN(1.0),Population on 1 January by age and sex,A,Annual,NR,Number,Y1,1 year,T,Total,SI,Slovenia,2016,,21172,,,,,
dataflow,ESTAT:DEMO_PJAN(1.0),Population on 1 January by age and sex,A,Annual,NR,Number,Y1,1 year,T,Total,SI,Slovenia,2017,,20607,,,,,
dataflow,ESTAT:DEMO_PJAN(1.0),Population on 1 January by age and sex,A,Annual,NR,Number,Y1,1 year,T,Total,SI,Slovenia,2018,,20341,,,,,
dataflow,ESTAT:DEMO_PJAN(1.0),Population on 1 January by age and sex,A,Annual,NR,Number,Y1,1 year,T,Total,SI,Slovenia,2019,,20317,,,,,
dataflow,ESTAT:DEMO_PJAN(1.0),Population on 1 January by age and sex,A,Annual,NR,Number,Y1,1 year,T,Total,SI,Slovenia,2020,,19701,,,,,
dataflow,ESTAT:DEMO_PJAN(1.0),Population on 1 January by age and sex,A,Annual,NR,Number,Y1,1 year,T,Total,SI,Slovenia,2021,,19480,,,,,
dataflow,ESTAT:DEMO_PJAN(1.0),Population on 1 January by age and sex,A,Annual,NR,Number,Y1,1 year,T,Total,SI,Slovenia,2022,,18866,,,,,
dataflow,ESTAT:DEMO_PJAN(1.0),Population on 1 January by age and sex,A,Annual,NR,Number,Y1,1 year,T,Total,SI,Slovenia,2023,,19208,,,,,
dataflow,ESTAT:DEMO_PJAN(1.0),Population on 1 January by age and sex,A,Annual,NR,Number,Y1,1 year,T,Total,SI,Slovenia,2024,,17719,,,,,
dataflow,ESTAT:DEMO_PJAN(1.0),Population on 1 January by age and sex,A,Annual,NR,Number,Y1,1 year,T,Total,SI,Slovenia,2025,,17107,,,,,
dataflow,ESTAT:DEMO_PJAN(1.0),Population on 1 January by age and sex,A,Annual,NR,Number,Y10,10 years,F,Females,SI,Slovenia,2016,,9068,,,,,
dataflow,ESTAT:DEMO_PJAN(1.0),Population on 1 January by age and sex,A,Annual,NR,Number,Y10,10 years,F,Females,SI,Slovenia,2017,,9513,,,,,
dataflow,ESTAT:DEMO_PJAN(1.0),Population on 1 January by age and sex,A,Annual,NR,Number,Y10,10 years,F,Females,SI,Slovenia,2018,,10046,,,,,
dataflow,ESTAT:DEMO_PJAN(1.0),Population on 1 January by age and sex,A,Annual,NR,Number,Y10,10 years,F,Females,SI,Slovenia,2019,,11058,,,,,
dataflow,ESTAT:DEMO_PJAN(1.0),Population on 1 January by age and sex,A,Annual,NR,Number,Y10,10 years,F,Females,SI,Slovenia,2020,,10765,,,,,
dataflow,ESTAT:DEMO_PJAN(1.0),Population on 1 January by age and sex,A,Annual,NR,Number,Y10,10 years,F,Females,SI,Slovenia,2021,,11192,,,,,
dataflow,ESTAT:DEMO_PJAN(1.0),Population on 1 January by age and sex,A,Annual,NR,Number,Y10,10 years,F,Females,SI,Slovenia,2022,,10960,,,,,
dataflow,ESTAT:DEMO_PJAN(1.0),Population on 1 January by age and sex,A,Annual,NR,Number,Y10,10 years,F,Females,SI,Slovenia,2023,,10988,,,,,
dataflow,ESTAT:DEMO_PJAN(1.0),Population on 1 January by age and sex,A,Annual,NR,Number,Y10,10 years,F,Females,SI,Slovenia,2024,,10663,,,,,
dataflow,ESTAT:DEMO_PJAN(1.0),Population on 1 January by age and sex,A,Annual,NR,Number,Y10,10 years,F,Females,SI,Slovenia,2025,,10689,,,,,
dataflow,ESTAT:DEMO_PJAN(1.0),Population on 1 January by age and sex,A,Annual,NR,Number,Y10,10 years,M,Males,SI,Slovenia,2016,,9627,,,,,
dataflow,ESTAT:DEMO_PJAN(1.0),Population on 1 January by age and sex,A,Annual,NR,Number,Y10,10 years,M,Males,SI,Slovenia,2017,,10143,,,,,
dataflow,ESTAT:DEMO_PJAN(1.0),Population on 1 January by age and sex,A,Annual,NR,Number,Y10,10 years,M,Males,SI,Slovenia,2018,,10609,,,,,
dataflow,ESTAT:DEMO_PJAN(1.0),Population on 1 January by age and sex,A,Annual,NR,Number,Y10,10 years,M,Males,SI,Slovenia,2019,,11483,,,,,
dataflow,ESTAT:DEMO_PJAN(1.0),Population on 1 January by age and sex,A,Annual,NR,Number,Y10,10 years,M,Males,SI,Slovenia,2020,,11608,,,,,
dataflow,ESTAT:DEMO_PJAN(1.0),Population on 1 January by age and sex,A,Annual,NR,Number,Y10,10 years,M,Males,SI,Slovenia,2021,,11917,,,,,
dataflow,ESTAT:DEMO_PJAN(1.0),Population on 1 January by age and sex,A,Annual,NR,Number,Y10,10 years,M,Males,SI,Slovenia,2022,,11592,,,,,
dataflow,ESTAT:DEMO_PJAN(1.0),Population on 1 January by age and sex,A,Annual,NR,Number,Y10,10 years,M,Males,SI,Slovenia,2023,,11818,,,,,
dataflow,ESTAT:DEMO_PJAN(1.0),Population on 1 January by age and sex,A,Annual,NR,Number,Y10,10 years,M,Males,SI,Slovenia,2024,,11220,,,,,
dataflow,ESTAT:DEMO_PJAN(1.0),Population on 1 January by age and sex,A,Annual,NR,Number,Y10,10 years,M,Males,SI,Slovenia,2025,,11421,,,,,
dataflow,ESTAT:DEMO_PJAN(1.0),Population on 1 January by age and sex,A,Annual,NR,Number,Y10,10 years,T,Total,SI,Slovenia,2016,,18695,,,,,
dataflow,ESTAT:DEMO_PJAN(1.0),Population on 1 January by age and sex,A,Annual,NR,Number,Y10,10 years,T,Total,SI,Slovenia,2017,,19656,,,,,
dataflow,ESTAT:DEMO_PJAN(1.0),Population on 1 January by age and sex,A,Annual,NR,Number,Y10,10 years,T,Total,SI,Slovenia,2018,,20655,,,,,
dataflow,ESTAT:DEMO_PJAN(1.0),Population on 1 January by age and sex,A,Annual,NR,Number,Y10,10 years,T,Total,SI,Slovenia,2019,,22541,,,,,
dataflow,ESTAT:DEMO_PJAN(1.0),Population on 1 January by age and sex,A,Annual,NR,Number,Y10,10 years,T,Total,SI,Slovenia,2020,,22373,,,,,
dataflow,ESTAT:DEMO_PJAN(1.0),Population on 1 January by age and sex,A,Annual,NR,Number,Y10,10 years,T,Total,SI,Slovenia,2021,,23109,,,,,
dataflow,ESTAT:DEMO_PJAN(1.0),Population on 1 January by age and sex,A,Annual,NR,Number,Y10,10 years,T,Total,SI,Slovenia,2022,,22552,,,,,
dataflow,ESTAT:DEMO_PJAN(1.0),Population on 1 January by age and sex,A,Annual,NR,Number,Y10,10 years,T,Total,SI,Slovenia,2023,,22806,,,,,
dataflow,ESTAT:DEMO_PJAN(1.0),Population on 1 January by age and sex,A,Annual,NR,Number,Y10,10 years,T,Total,SI,Slovenia,2024,,21883,,,,,
dataflow,ESTAT:DEMO_PJAN(1.0),Population on 1 January by age and sex,A,Annual,NR,Number,Y10,10 years,T,Total,SI,Slovenia,2025,,22110,,,,,
dataflow,ESTAT:DEMO_PJAN(1.0),Population on 1 January by age and sex,A,Annual,NR,Number,Y11,11 years,F,Females,SI,Slovenia,2016,,9108,,,,,
dataflow,ESTAT:DEMO_PJAN(1.0),Population on 1 January by age and sex,A,Annual,NR,Number,Y11,11 years,F,Females,SI,Slovenia,2017,,9069,,,,,
dataflow,ESTAT:DEMO_PJAN(1.0),Population on 1 January by age and sex,A,Annual,NR,Number,Y11,11 years,F,Females,SI,Slovenia,2018,,9533,,,,,
dataflow,ESTAT:DEMO_PJAN(1.0),Population on 1 January by age and sex,A,Annual,NR,Number,Y11,11 years,F,Females,SI,Slovenia,2019,,10092,,,,,
dataflow,ESTAT:DEMO_PJAN(1.0),Population on 1 January by age and sex,A,Annual,NR,Number,Y11,11 years,F,Females,SI,Slovenia,2020,,11112,,,,,
dataflow,ESTAT:DEMO_PJAN(1.0),Population on 1 January by age and sex,A,Annual,NR,Number,Y11,11 years,F,Females,SI,Slovenia,2021,,10867,,,,,
dataflow,ESTAT:DEMO_PJAN(1.0),Population on 1 January by age and sex,A,Annual,NR,Number,Y11,11 years,F,Females,SI,Slovenia,2022,,11230,,,,,
dataflow,ESTAT:DEMO_PJAN(1.0),Population on 1 January by age and sex,A,Annual,NR,Number,Y11,11 years,F,Females,SI,Slovenia,2023,,11100,,,,,
dataflow,ESTAT:DEMO_PJAN(1.0),Population on 1 January by age and sex,A,Annual,NR,Number,Y11,11 years,F,Females,SI,Slovenia,2024,,11023,,,,,
dataflow,ESTAT:DEMO_PJAN(1.0),Population on 1 January by age and sex,A,Annual,NR,Number,Y11,11 years,F,Females,SI,Slovenia,2025,,10727,,,,,
dataflow,ESTAT:DEMO_PJAN(1.0),Population on 1 January by age and sex,A,Annual,NR,Number,Y11,11 years,M,Males,SI,Slovenia,2016,,9432,,,,,
dataflow,ESTAT:DEMO_PJAN(1.0),Population on 1 January by age and sex,A,Annual,NR,Number,Y11,11 years,M,Males,SI,Slovenia,2017,,9647,,,,,
dataflow,ESTAT:DEMO_PJAN(1.0),Population on 1 January by age and sex,A,Annual,NR,Number,Y11,11 years,M,Males,SI,Slovenia,2018,,10156,,,,,
dataflow,ESTAT:DEMO_PJAN(1.0),Population on 1 January by age and sex,A,Annual,NR,Number,Y11,11 years,M,Males,SI,Slovenia,2019,,10650,,,,,
dataflow,ESTAT:DEMO_PJAN(1.0),Population on 1 January by age and sex,A,Annual,NR,Number,Y11,11 years,M,Males,SI,Slovenia,2020,,11513,,,,,
dataflow,ESTAT:DEMO_PJAN(1.0),Population on 1 January by age and sex,A,Annual,NR,Number,Y11,11 years,M,Males,SI,Slovenia,2021,,11685,,,,,
dataflow,ESTAT:DEMO_PJAN(1.0),Population on 1 January by age and sex,A,Annual,NR,Number,Y11,11 years,M,Males,SI,Slovenia,2022,,11940,,,,,
dataflow,ESTAT:DEMO_PJAN(1.0),Population on 1 January by age and sex,A,Annual,NR,Number,Y11,11 years,M,Males,SI,Slovenia,2023,,11686,,,,,
dataflow,ESTAT:DEMO_PJAN(1.0),Population on 1 January by age and sex,A,Annual,NR,Number,Y11,11 years,M,Males,SI,Slovenia,2024,,11875,,,,,
dataflow,ESTAT:DEMO_PJAN(1.0),Population on 1 January by age and sex,A,Annual,NR,Number,Y11,11 years,M,Males,SI,Slovenia,2025,,11308,,,,,
dataflow,ESTAT:DEMO_PJAN(1.0),Population on 1 January by age and sex,A,Annual,NR,Number,Y11,11 years,T,Total,SI,Slovenia,2016,,18540,,,,,
dataflow,ESTAT:DEMO_PJAN(1.0),Population on 1 January by age and sex,A,Annual,NR,Number,Y11,11 years,T,Total,SI,Slovenia,2017,,18716,,,,,
dataflow,ESTAT:DEMO_PJAN(1.0),Population on 1 January by age and sex,A,Annual,NR,Number,Y11,11 years,T,Total,SI,Slovenia,2018,,19689,,,,,
dataflow,ESTAT:DEMO_PJAN(1.0),Population on 1 January by age and sex,A,Annual,NR,Number,Y11,11 years,T,Total,SI,Slovenia,2019,,20742,,,,,
dataflow,ESTAT:DEMO_PJAN(1.0),Population on 1 January by age and sex,A,Annual,NR,Number,Y11,11 years,T,Total,SI,Slovenia,2020,,22625,,,,,
dataflow,ESTAT:DEMO_PJAN(1.0),Population on 1 January by age and sex,A,Annual,NR,Number,Y11,11 years,T,Total,SI,Slovenia,2021,,22552,,,,,
dataflow,ESTAT:DEMO_PJAN(1.0),Population on 1 January by age and sex,A,Annual,NR,Number,Y11,11 years,T,Total,SI,Slovenia,2022,,23170,,,,,
dataflow,ESTAT:DEMO_PJAN(1.0),Population on 1 January by age and sex,A,Annual,NR,Number,Y11,11 years,T,Total,SI,Slovenia,2023,,22786,,,,,
dataflow,ESTAT:DEMO_PJAN(1.0),Population on 1 January by age and sex,A,Annual,NR,Number,Y11,11 years,T,Total,SI,Slovenia,2024,,22898,,,,,
dataflow,ESTAT:DEMO_PJAN(1.0),Population on 1 January by age and sex,A,Annual,NR,Number,Y11,11 years,T,Total,SI,Slovenia,2025,,22035,,,,,
dataflow,ESTAT:DEMO_PJAN(1.0),Population on 1 January by age and sex,A,Annual,NR,Number,Y12,12 years,F,Females,SI,Slovenia,2016,,8610,,,,,
dataflow,ESTAT:DEMO_PJAN(1.0),Population on 1 January by age and sex,A,Annual,NR,Number,Y12,12 years,F,Females,SI,Slovenia,2017,,9112,,,,,
dataflow,ESTAT:DEMO_PJAN(1.0),Population on 1 January by age and sex,A,Annual,NR,Number,Y12,12 years,F,Females,SI,Slovenia,2018,,9098,,,,,
dataflow,ESTAT:DEMO_PJAN(1.0),Population on 1 January by age and sex,A,Annual,NR,Number,Y12,12 years,F,Females,SI,Slovenia,2019,,9565,,,,,
dataflow,ESTAT:DEMO_PJAN(1.0),Population on 1 January by age and sex,A,Annual,NR,Number,Y12,12 years,F,Females,SI,Slovenia,2020,,10149,,,,,
dataflow,ESTAT:DEMO_PJAN(1.0),Population on 1 January by age and sex,A,Annual,NR,Number,Y12,12 years,F,Females,SI,Slovenia,2021,,11204,,,,,
dataflow,ESTAT:DEMO_PJAN(1.0),Population on 1 January by age and sex,A,Annual,NR,Number,Y12,12 years,F,Females,SI,Slovenia,2022,,10911,,,,,
dataflow,ESTAT:DEMO_PJAN(1.0),Population on 1 January by age and sex,A,Annual,NR,Number,Y12,12 years,F,Females,SI,Slovenia,2023,,11336,,,,,
dataflow,ESTAT:DEMO_PJAN(1.0),Population on 1 January by age and sex,A,Annual,NR,Number,Y12,12 years,F,Females,SI,Slovenia,2024,,11135,,,,,
dataflow,ESTAT:DEMO_PJAN(1.0),Population on 1 January by age and sex,A,Annual,NR,Number,Y12,12 years,F,Females,SI,Slovenia,2025,,11095,,,,,
dataflow,ESTAT:DEMO_PJAN(1.0),Population on 1 January by age and sex,A,Annual,NR,Number,Y12,12 years,M,Males,SI,Slovenia,2016,,9217,,,,,
dataflow,ESTAT:DEMO_PJAN(1.0),Population on 1 January by age and sex,A,Annual,NR,Number,Y12,12 years,M,Males,SI,Slovenia,2017,,9448,,,,,
dataflow,ESTAT:DEMO_PJAN(1.0),Population on 1 January by age and sex,A,Annual,NR,Number,Y12,12 years,M,Males,SI,Slovenia,2018,,9666,,,,,
dataflow,ESTAT:DEMO_PJAN(1.0),Population on 1 January by age and sex,A,Annual,NR,Number,Y12,12 years,M,Males,SI,Slovenia,2019,,10223,,,,,
dataflow,ESTAT:DEMO_PJAN(1.0),Population on 1 January by age and sex,A,Annual,NR,Number,Y12,12 years,M,Males,SI,Slovenia,2020,,10714,,,,,
dataflow,ESTAT:DEMO_PJAN(1.0),Population on 1 January by age and sex,A,Annual,NR,Number,Y12,12 years,M,Males,SI,Slovenia,2021,,11570,,,,,
dataflow,ESTAT:DEMO_PJAN(1.0),Population on 1 January by age and sex,A,Annual,NR,Number,Y12,12 years,M,Males,SI,Slovenia,2022,,11728,,,,,
dataflow,ESTAT:DEMO_PJAN(1.0),Population on 1 January by age and sex,A,Annual,NR,Number,Y12,12 years,M,Males,SI,Slovenia,2023,,12051,,,,,
dataflow,ESTAT:DEMO_PJAN(1.0),Population on 1 January by age and sex,A,Annual,NR,Number,Y12,12 years,M,Males,SI,Slovenia,2024,,11776,,,,,
dataflow,ESTAT:DEMO_PJAN(1.0),Population on 1 January by age and sex,A,Annual,NR,Number,Y12,12 years,M,Males,SI,Slovenia,2025,,11959,,,,,
dataflow,ESTAT:DEMO_PJAN(1.0),Population on 1 January by age and sex,A,Annual,NR,Number,Y12,12 years,T,Total,SI,Slovenia,2016,,17827,,,,,
dataflow,ESTAT:DEMO_PJAN(1.0),Population on 1 January by age and sex,A,Annual,NR,Number,Y12,12 years,T,Total,SI,Slovenia,2017,,18560,,,,,
dataflow,ESTAT:DEMO_PJAN(1.0),Population on 1 January by age and sex,A,Annual,NR,Number,Y12,12 years,T,Total,SI,Slovenia,2018,,18764,,,,,
dataflow,ESTAT:DEMO_PJAN(1.0),Population on 1 January by age and sex,A,Annual,NR,Number,Y12,12 years,T,Total,SI,Slovenia,2019,,19788,,,,,
dataflow,ESTAT:DEMO_PJAN(1.0),Population on 1 January by age and sex,A,Annual,NR,Number,Y12,12 years,T,Total,SI,Slovenia,2020,,20863,,,,,
dataflow,ESTAT:DEMO_PJAN(1.0),Population on 1 January by age and sex,A,Annual,NR,Number,Y12,12 years,T,Total,SI,Slovenia,2021,,22774,,,,,
dataflow,ESTAT:DEMO_PJAN(1.0),Population on 1 January by age and sex,A,Annual,NR,Number,Y12,12 years,T,Total,SI,Slovenia,2022,,22639,,,,,
dataflow,ESTAT:DEMO_PJAN(1.0),Population on 1 January by age and sex,A,Annual,NR,Number,Y12,12 years,T,Total,SI,Slovenia,2023,,23387,,,,,
dataflow,ESTAT:DEMO_PJAN(1.0),Population on 1 January by age and sex,A,Annual,NR,Number,Y12,12 years,T,Total,SI,Slovenia,2024,,22911,,,,,
dataflow,ESTAT:DEMO_PJAN(1.0),Population on 1 January by age and sex,A,Annual,NR,Number,Y12,12 years,T,Total,SI,Slovenia,2025,,23054,,,,,
dataflow,ESTAT:DEMO_PJAN(1.0),Population on 1 January by age and sex,A,Annual,NR,Number,Y13,13 years,F,Females,SI,Slovenia,2016,,8841,,,,,
dataflow,ESTAT:DEMO_PJAN(1.0),Population on 1 January by age and sex,A,Annual,NR,Number,Y13,13 years,F,Females,SI,Slovenia,2017,,8617,,,,,
dataflow,ESTAT:DEMO_PJAN(1.0),Population on 1 January by age and sex,A,Annual,NR,Number,Y13,13 years,F,Females,SI,Slovenia,2018,,9141,,,,,
dataflow,ESTAT:DEMO_PJAN(1.0),Population on 1 January by age and sex,A,Annual,NR,Number,Y13,13 years,F,Females,SI,Slovenia,2019,,9170,,,,,
dataflow,ESTAT:DEMO_PJAN(1.0),Population on 1 January by age and sex,A,Annual,NR,Number,Y13,13 years,F,Females,SI,Slovenia,2020,,9618,,,,,
dataflow,ESTAT:DEMO_PJAN(1.0),Population on 1 January by age and sex,A,Annual,NR,Number,Y13,13 years,F,Females,SI,Slovenia,2021,,10220,,,,,
dataflow,ESTAT:DEMO_PJAN(1.0),Population on 1 January by age and sex,A,Annual,NR,Number,Y13,13 years,F,Females,SI,Slovenia,2022,,11221,,,,,
dataflow,ESTAT:DEMO_PJAN(1.0),Population on 1 January by age and sex,A,Annual,NR,Number,Y13,13 years,F,Females,SI,Slovenia,2023,,11024,,,,,
dataflow,ESTAT:DEMO_PJAN(1.0),Population on 1 January by age and sex,A,Annual,NR,Number,Y13,13 years,F,Females,SI,Slovenia,2024,,11396,,,,,
dataflow,ESTAT:DEMO_PJAN(1.0),Population on 1 January by age and sex,A,Annual,NR,Number,Y13,13 years,F,Females,SI,Slovenia,2025,,11195,,,,,
dataflow,ESTAT:DEMO_PJAN(1.0),Population on 1 January by age and sex,A,Annual,NR,Number,Y13,13 years,M,Males,SI,Slovenia,2016,,9398,,,,,
dataflow,ESTAT:DEMO_PJAN(1.0),Population on 1 January by age and sex,A,Annual,NR,Number,Y13,13 years,M,Males,SI,Slovenia,2017,,9225,,,,,
dataflow,ESTAT:DEMO_PJAN(1.0),Population on 1 January by age and sex,A,Annual,NR,Number,Y13,13 years,M,Males,SI,Slovenia,2018,,9454,,,,,
dataflow,ESTAT:DEMO_PJAN(1.0),Population on 1 January by age and sex,A,Annual,NR,Number,Y13,13 years,M,Males,SI,Slovenia,2019,,9721,,,,,
dataflow,ESTAT:DEMO_PJAN(1.0),Population on 1 January by age and sex,A,Annual,NR,Number,Y13,13 years,M,Males,SI,Slovenia,2020,,10280,,,,,
dataflow,ESTAT:DEMO_PJAN(1.0),Population on 1 January by age and sex,A,Annual,NR,Number,Y13,13 years,M,Males,SI,Slovenia,2021,,10773,,,,,
dataflow,ESTAT:DEMO_PJAN(1.0),Population on 1 January by age and sex,A,Annual,NR,Number,Y13,13 years,M,Males,SI,Slovenia,2022,,11638,,,,,
dataflow,ESTAT:DEMO_PJAN(1.0),Population on 1 January by age and sex,A,Annual,NR,Number,Y13,13 years,M,Males,SI,Slovenia,2023,,11818,,,,,
dataflow,ESTAT:DEMO_PJAN(1.0),Population on 1 January by age and sex,A,Annual,NR,Number,Y13,13 years,M,Males,SI,Slovenia,2024,,12094,,,,,
dataflow,ESTAT:DEMO_PJAN(1.0),Population on 1 January by age and sex,A,Annual,NR,Number,Y13,13 years,M,Males,SI,Slovenia,2025,,11861,,,,,
dataflow,ESTAT:DEMO_PJAN(1.0),Population on 1 January by age and sex,A,Annual,NR,Number,Y13,13 years,T,Total,SI,Slovenia,2016,,18239,,,,,
dataflow,ESTAT:DEMO_PJAN(1.0),Population on 1 January by age and sex,A,Annual,NR,Number,Y13,13 years,T,Total,SI,Slovenia,2017,,17842,,,,,
dataflow,ESTAT:DEMO_PJAN(1.0),Population on 1 January by age and sex,A,Annual,NR,Number,Y13,13 years,T,Total,SI,Slovenia,2018,,18595,,,,,
dataflow,ESTAT:DEMO_PJAN(1.0),Population on 1 January by age and sex,A,Annual,NR,Number,Y13,13 years,T,Total,SI,Slovenia,2019,,18891,,,,,
dataflow,ESTAT:DEMO_PJAN(1.0),Population on 1 January by age and sex,A,Annual,NR,Number,Y13,13 years,T,Total,SI,Slovenia,2020,,19898,,,,,
dataflow,ESTAT:DEMO_PJAN(1.0),Population on 1 January by age and sex,A,Annual,NR,Number,Y13,13 years,T,Total,SI,Slovenia,2021,,20993,,,,,
dataflow,ESTAT:DEMO_PJAN(1.0),Population on 1 January by age and sex,A,Annual,NR,Number,Y13,13 years,T,Total,SI,Slovenia,2022,,22859,,,,,
dataflow,ESTAT:DEMO_PJAN(1.0),Population on 1 January by age and sex,A,Annual,NR,Number,Y13,13 years,T,Total,SI,Slovenia,2023,,22842,,,,,
dataflow,ESTAT:DEMO_PJAN(1.0),Population on 1 January by age and sex,A,Annual,NR,Number,Y13,13 years,T,Total,SI,Slovenia,2024,,23490,,,,,
dataflow,ESTAT:DEMO_PJAN(1.0),Population on 1 January by age and sex,A,Annual,NR,Number,Y13,13 years,T,Total,SI,Slovenia,2025,,23056,,,,,
dataflow,ESTAT:DEMO_PJAN(1.0),Population on 1 January by age and sex,A,Annual,NR,Number,Y14,14 years,F,Females,SI,Slovenia,2016,,8815,,,,,
dataflow,ESTAT:DEMO_PJAN(1.0),Population on 1 January by age and sex,A,Annual,NR,Number,Y14,14 years,F,Females,SI,Slovenia,2017,,8847,,,,,
dataflow,ESTAT:DEMO_PJAN(1.0),Population on 1 January by age and sex,A,Annual,NR,Number,Y14,14 years,F,Females,SI,Slovenia,2018,,8646,,,,,
dataflow,ESTAT:DEMO_PJAN(1.0),Population on 1 January by age and sex,A,Annual,NR,Number,Y14,14 years,F,Females,SI,Slovenia,2019,,9182,,,,,
dataflow,ESTAT:DEMO_PJAN(1.0),Population on 1 January by age and sex,A,Annual,NR,Number,Y14,14 years,F,Females,SI,Slovenia,2020,,9220,,,,,
dataflow,ESTAT:DEMO_PJAN(1.0),Population on 1 January by age and sex,A,Annual,NR,Number,Y14,14 years,F,Females,SI,Slovenia,2021,,9692,,,,,
dataflow,ESTAT:DEMO_PJAN(1.0),Population on 1 January by age and sex,A,Annual,NR,Number,Y14,14 years,F,Females,SI,Slovenia,2022,,10245,,,,,
dataflow,ESTAT:DEMO_PJAN(1.0),Population on 1 January by age and sex,A,Annual,NR,Number,Y14,14 years,F,Females,SI,Slovenia,2023,,11312,,,,,
dataflow,ESTAT:DEMO_PJAN(1.0),Population on 1 January by age and sex,A,Annual,NR,Number,Y14,14 years,F,Females,SI,Slovenia,2024,,11072,,,,,
dataflow,ESTAT:DEMO_PJAN(1.0),Population on 1 January by age and sex,A,Annual,NR,Number,Y14,14 years,F,Females,SI,Slovenia,2025,,11461,,,,,
dataflow,ESTAT:DEMO_PJAN(1.0),Population on 1 January by age and sex,A,Annual,NR,Number,Y14,14 years,M,Males,SI,Slovenia,2016,,9448,,,,,
dataflow,ESTAT:DEMO_PJAN(1.0),Population on 1 January by age and sex,A,Annual,NR,Number,Y14,14 years,M,Males,SI,Slovenia,2017,,9425,,,,,
dataflow,ESTAT:DEMO_PJAN(1.0),Population on 1 January by age and sex,A,Annual,NR,Number,Y14,14 years,M,Males,SI,Slovenia,2018,,9253,,,,,
dataflow,ESTAT:DEMO_PJAN(1.0),Population on 1 January by age and sex,A,Annual,NR,Number,Y14,14 years,M,Males,SI,Slovenia,2019,,9539,,,,,
dataflow,ESTAT:DEMO_PJAN(1.0),Population on 1 January by age and sex,A,Annual,NR,Number,Y14,14 years,M,Males,SI,Slovenia,2020,,9777,,,,,
dataflow,ESTAT:DEMO_PJAN(1.0),Population on 1 January by age and sex,A,Annual,NR,Number,Y14,14 years,M,Males,SI,Slovenia,2021,,10340,,,,,
dataflow,ESTAT:DEMO_PJAN(1.0),Population on 1 January by age and sex,A,Annual,NR,Number,Y14,14 years,M,Males,SI,Slovenia,2022,,10821,,,,,
dataflow,ESTAT:DEMO_PJAN(1.0),Population on 1 January by age and sex,A,Annual,NR,Number,Y14,14 years,M,Males,SI,Slovenia,2023,,11742,,,,,
dataflow,ESTAT:DEMO_PJAN(1.0),Population on 1 January by age and sex,A,Annual,NR,Number,Y14,14 years,M,Males,SI,Slovenia,2024,,11879,,,,,
dataflow,ESTAT:DEMO_PJAN(1.0),Population on 1 January by age and sex,A,Annual,NR,Number,Y14,14 years,M,Males,SI,Slovenia,2025,,12182,,,,,
dataflow,ESTAT:DEMO_PJAN(1.0),Population on 1 January by age and sex,A,Annual,NR,Number,Y14,14 years,T,Total,SI,Slovenia,2016,,18263,,,,,
dataflow,ESTAT:DEMO_PJAN(1.0),Population on 1 January by age and sex,A,Annual,NR,Number,Y14,14 years,T,Total,SI,Slovenia,2017,,18272,,,,,
dataflow,ESTAT:DEMO_PJAN(1.0),Population on 1 January by age and sex,A,Annual,NR,Number,Y14,14 years,T,Total,SI,Slovenia,2018,,17899,,,,,
dataflow,ESTAT:DEMO_PJAN(1.0),Population on 1 January by age and sex,A,Annual,NR,Number,Y14,14 years,T,Total,SI,Slovenia,2019,,18721,,,,,
dataflow,ESTAT:DEMO_PJAN(1.0),Population on 1 January by age and sex,A,Annual,NR,Number,Y14,14 years,T,Total,SI,Slovenia,2020,,18997,,,,,
dataflow,ESTAT:DEMO_PJAN(1.0),Population on 1 January by age and sex,A,Annual,NR,Number,Y14,14 years,T,Total,SI,Slovenia,2021,,20032,,,,,
dataflow,ESTAT:DEMO_PJAN(1.0),Population on 1 January by age and sex,A,Annual,NR,Number,Y14,14 years,T,Total,SI,Slovenia,2022,,21066,,,,,
dataflow,ESTAT:DEMO_PJAN(1.0),Population on 1 January by age and sex,A,Annual,NR,Number,Y14,14 years,T,Total,SI,Slovenia,2023,,23054,,,,,
dataflow,ESTAT:DEMO_PJAN(1.0),Population on 1 January by age and sex,A,Annual,NR,Number,Y14,14 years,T,Total,SI,Slovenia,2024,,22951,,,,,
dataflow,ESTAT:DEMO_PJAN(1.0),Population on 1 January by age and sex,A,Annual,NR,Number,Y14,14 years,T,Total,SI,Slovenia,2025,,23643,,,,,
dataflow,ESTAT:DEMO_PJAN(1.0),Population on 1 January by age and sex,A,Annual,NR,Number,Y15,15 years,F,Females,SI,Slovenia,2016,,9191,,,,,
dataflow,ESTAT:DEMO_PJAN(1.0),Population on 1 January by age and sex,A,Annual,NR,Number,Y15,15 years,F,Females,SI,Slovenia,2017,,8844,,,,,
dataflow,ESTAT:DEMO_PJAN(1.0),Population on 1 January by age and sex,A,Annual,NR,Number,Y15,15 years,F,Females,SI,Slovenia,2018,,8876,,,,,
dataflow,ESTAT:DEMO_PJAN(1.0),Population on 1 January by age and sex,A,Annual,NR,Number,Y15,15 years,F,Females,SI,Slovenia,2019,,8699,,,,,
dataflow,ESTAT:DEMO_PJAN(1.0),Population on 1 January by age and sex,A,Annual,NR,Number,Y15,15 years,F,Females,SI,Slovenia,2020,,9246,,,,,
dataflow,ESTAT:DEMO_PJAN(1.0),Population on 1 January by age and sex,A,Annual,NR,Number,Y15,15 years,F,Females,SI,Slovenia,2021,,9288,,,,,
dataflow,ESTAT:DEMO_PJAN(1.0),Population on 1 January by age and sex,A,Annual,NR,Number,Y15,15 years,F,Females,SI,Slovenia,2022,,9734,,,,,
dataflow,ESTAT:DEMO_PJAN(1.0),Population on 1 January by age and sex,A,Annual,NR,Number,Y15,15 years,F,Females,SI,Slovenia,2023,,10355,,,,,
dataflow,ESTAT:DEMO_PJAN(1.0),Population on 1 January by age and sex,A,Annual,NR,Number,Y15,15 years,F,Females,SI,Slovenia,2024,,11362,,,,,
dataflow,ESTAT:DEMO_PJAN(1.0),Population on 1 January by age and sex,A,Annual,NR,Number,Y15,15 years,F,Females,SI,Slovenia,2025,,11124,,,,,
dataflow,ESTAT:DEMO_PJAN(1.0),Population on 1 January by age and sex,A,Annual,NR,Number,Y15,15 years,M,Males,SI,Slovenia,2016,,9808,,,,,
dataflow,ESTAT:DEMO_PJAN(1.0),Population on 1 January by age and sex,A,Annual,NR,Number,Y15,15 years,M,Males,SI,Slovenia,2017,,9482,,,,,
dataflow,ESTAT:DEMO_PJAN(1.0),Population on 1 January by age and sex,A,Annual,NR,Number,Y15,15 years,M,Males,SI,Slovenia,2018,,9450,,,,,
dataflow,ESTAT:DEMO_PJAN(1.0),Population on 1 January by age and sex,A,Annual,NR,Number,Y15,15 years,M,Males,SI,Slovenia,2019,,9310,,,,,
dataflow,ESTAT:DEMO_PJAN(1.0),Population on 1 January by age and sex,A,Annual,NR,Number,Y15,15 years,M,Males,SI,Slovenia,2020,,9588,,,,,
dataflow,ESTAT:DEMO_PJAN(1.0),Population on 1 January by age and sex,A,Annual,NR,Number,Y15,15 years,M,Males,SI,Slovenia,2021,,9863,,,,,
dataflow,ESTAT:DEMO_PJAN(1.0),Population on 1 January by age and sex,A,Annual,NR,Number,Y15,15 years,M,Males,SI,Slovenia,2022,,10404,,,,,
dataflow,ESTAT:DEMO_PJAN(1.0),Population on 1 January by age and sex,A,Annual,NR,Number,Y15,15 years,M,Males,SI,Slovenia,2023,,10939,,,,,
dataflow,ESTAT:DEMO_PJAN(1.0),Population on 1 January by age and sex,A,Annual,NR,Number,Y15,15 years,M,Males,SI,Slovenia,2024,,11808,,,,,
dataflow,ESTAT:DEMO_PJAN(1.0),Population on 1 January by age and sex,A,Annual,NR,Number,Y15,15 years,M,Males,SI,Slovenia,2025,,11957,,,,,
dataflow,ESTAT:DEMO_PJAN(1.0),Population on 1 January by age and sex,A,Annual,NR,Number,Y15,15 years,T,Total,SI,Slovenia,2016,,18999,,,,,
dataflow,ESTAT:DEMO_PJAN(1.0),Population on 1 January by age and sex,A,Annual,NR,Number,Y15,15 years,T,Total,SI,Slovenia,2017,,18326,,,,,
dataflow,ESTAT:DEMO_PJAN(1.0),Population on 1 January by age and sex,A,Annual,NR,Number,Y15,15 years,T,Total,SI,Slovenia,2018,,18326,,,,,
dataflow,ESTAT:DEMO_PJAN(1.0),Population on 1 January by age and sex,A,Annual,NR,Number,Y15,15 years,T,Total,SI,Slovenia,2019,,18009,,,,,
dataflow,ESTAT:DEMO_PJAN(1.0),Population on 1 January by age and sex,A,Annual,NR,Number,Y15,15 years,T,Total,SI,Slovenia,2020,,18834,,,,,
dataflow,ESTAT:DEMO_PJAN(1.0),Population on 1 January by age and sex,A,Annual,NR,Number,Y15,15 years,T,Total,SI,Slovenia,2021,,19151,,,,,
dataflow,ESTAT:DEMO_PJAN(1.0),Population on 1 January by age and sex,A,Annual,NR,Number,Y15,15 years,T,Total,SI,Slovenia,2022,,20138,,,,,
dataflow,ESTAT:DEMO_PJAN(1.0),Population on 1 January by age and sex,A,Annual,NR,Number,Y15,15 years,T,Total,SI,Slovenia,2023,,21294,,,,,
dataflow,ESTAT:DEMO_PJAN(1.0),Population on 1 January by age and sex,A,Annual,NR,Number,Y15,15 years,T,Total,SI,Slovenia,2024,,23170,,,,,
dataflow,ESTAT:DEMO_PJAN(1.0),Population on 1 January by age and sex,A,Annual,NR,Number,Y15,15 years,T,Total,SI,Slovenia,2025,,23081,,,,,
dataflow,ESTAT:DEMO_PJAN(1.0),Population on 1 January by age and sex,A,Annual,NR,Number,Y16,16 years,F,Females,SI,Slovenia,2016,,8812,,,,,
dataflow,ESTAT:DEMO_PJAN(1.0),Population on 1 January by age and sex,A,Annual,NR,Number,Y16,16 years,F,Females,SI,Slovenia,2017,,9226,,,,,
dataflow,ESTAT:DEMO_PJAN(1.0),Population on 1 January by age and sex,A,Annual,NR,Number,Y16,16 years,F,Females,SI,Slovenia,2018,,8859,,,,,
dataflow,ESTAT:DEMO_PJAN(1.0),Population on 1 January by age and sex,A,Annual,NR,Number,Y16,16 years,F,Females,SI,Slovenia,2019,,8937,,,,,
dataflow,ESTAT:DEMO_PJAN(1.0),Population on 1 January by age and sex,A,Annual,NR,Number,Y16,16 years,F,Females,SI,Slovenia,2020,,8780,,,,,
dataflow,ESTAT:DEMO_PJAN(1.0),Population on 1 January by age and sex,A,Annual,NR,Number,Y16,16 years,F,Females,SI,Slovenia,2021,,9344,,,,,
dataflow,ESTAT:DEMO_PJAN(1.0),Population on 1 January by age and sex,A,Annual,NR,Number,Y16,16 years,F,Females,SI,Slovenia,2022,,9332,,,,,
dataflow,ESTAT:DEMO_PJAN(1.0),Population on 1 January by age and sex,A,Annual,NR,Number,Y16,16 years,F,Females,SI,Slovenia,2023,,9838,,,,,
dataflow,ESTAT:DEMO_PJAN(1.0),Population on 1 January by age and sex,A,Annual,NR,Number,Y16,16 years,F,Females,SI,Slovenia,2024,,10406,,,,,
dataflow,ESTAT:DEMO_PJAN(1.0),Population on 1 January by age and sex,A,Annual,NR,Number,Y16,16 years,F,Females,SI,Slovenia,2025,,11451,,,,,
dataflow,ESTAT:DEMO_PJAN(1.0),Population on 1 January by age and sex,A,Annual,NR,Number,Y16,16 years,M,Males,SI,Slovenia,2016,,9361,,,,,
dataflow,ESTAT:DEMO_PJAN(1.0),Population on 1 January by age and sex,A,Annual,NR,Number,Y16,16 years,M,Males,SI,Slovenia,2017,,9856,,,,,
dataflow,ESTAT:DEMO_PJAN(1.0),Population on 1 January by age and sex,A,Annual,NR,Number,Y16,16 years,M,Males,SI,Slovenia,2018,,9541,,,,,
dataflow,ESTAT:DEMO_PJAN(1.0),Population on 1 January by age and sex,A,Annual,NR,Number,Y16,16 years,M,Males,SI,Slovenia,2019,,9551,,,,,
dataflow,ESTAT:DEMO_PJAN(1.0),Population on 1 January by age and sex,A,Annual,NR,Number,Y16,16 years,M,Males,SI,Slovenia,2020,,9400,,,,,
dataflow,ESTAT:DEMO_PJAN(1.0),Population on 1 January by age and sex,A,Annual,NR,Number,Y16,16 years,M,Males,SI,Slovenia,2021,,9684,,,,,
dataflow,ESTAT:DEMO_PJAN(1.0),Population on 1 January by age and sex,A,Annual,NR,Number,Y16,16 years,M,Males,SI,Slovenia,2022,,9923,,,,,
dataflow,ESTAT:DEMO_PJAN(1.0),Population on 1 January by age and sex,A,Annual,NR,Number,Y16,16 years,M,Males,SI,Slovenia,2023,,10479,,,,,
dataflow,ESTAT:DEMO_PJAN(1.0),Population on 1 January by age and sex,A,Annual,NR,Number,Y16,16 years,M,Males,SI,Slovenia,2024,,11005,,,,,
dataflow,ESTAT:DEMO_PJAN(1.0),Population on 1 January by age and sex,A,Annual,NR,Number,Y16,16 years,M,Males,SI,Slovenia,2025,,11907,,,,,
dataflow,ESTAT:DEMO_PJAN(1.0),Population on 1 January by age and sex,A,Annual,NR,Number,Y16,16 years,T,Total,SI,Slovenia,2016,,18173,,,,,
dataflow,ESTAT:DEMO_PJAN(1.0),Population on 1 January by age and sex,A,Annual,NR,Number,Y16,16 years,T,Total,SI,Slovenia,2017,,19082,,,,,
dataflow,ESTAT:DEMO_PJAN(1.0),Population on 1 January by age and sex,A,Annual,NR,Number,Y16,16 years,T,Total,SI,Slovenia,2018,,18400,,,,,
dataflow,ESTAT:DEMO_PJAN(1.0),Population on 1 January by age and sex,A,Annual,NR,Number,Y16,16 years,T,Total,SI,Slovenia,2019,,18488,,,,,
dataflow,ESTAT:DEMO_PJAN(1.0),Population on 1 January by age and sex,A,Annual,NR,Number,Y16,16 years,T,Total,SI,Slovenia,2020,,18180,,,,,
dataflow,ESTAT:DEMO_PJAN(1.0),Population on 1 January by age and sex,A,Annual,NR,Number,Y16,16 years,T,Total,SI,Slovenia,2021,,19028,,,,,
dataflow,ESTAT:DEMO_PJAN(1.0),Population on 1 January by age and sex,A,Annual,NR,Number,Y16,16 years,T,Total,SI,Slovenia,2022,,19255,,,,,
dataflow,ESTAT:DEMO_PJAN(1.0),Population on 1 January by age and sex,A,Annual,NR,Number,Y16,16 years,T,Total,SI,Slovenia,2023,,20317,,,,,
dataflow,ESTAT:DEMO_PJAN(1.0),Population on 1 January by age and sex,A,Annual,NR,Number,Y16,16 years,T,Total,SI,Slovenia,2024,,21411,,,,,
dataflow,ESTAT:DEMO_PJAN(1.0),Population on 1 January by age and sex,A,Annual,NR,Number,Y16,16 years,T,Total,SI,Slovenia,2025,,23358,,,,,
dataflow,ESTAT:DEMO_PJAN(1.0),Population on 1 January by age and sex,A,Annual,NR,Number,Y17,17 years,F,Females,SI,Slovenia,2016,,8932,,,,,
dataflow,ESTAT:DEMO_PJAN(1.0),Population on 1 January by age and sex,A,Annual,NR,Number,Y17,17 years,F,Females,SI,Slovenia,2017,,8839,,,,,
dataflow,ESTAT:DEMO_PJAN(1.0),Population on 1 January by age and sex,A,Annual,NR,Number,Y17,17 years,F,Females,SI,Slovenia,2018,,9245,,,,,
dataflow,ESTAT:DEMO_PJAN(1.0),Population on 1 January by age and sex,A,Annual,NR,Number,Y17,17 years,F,Females,SI,Slovenia,2019,,8911,,,,,
dataflow,ESTAT:DEMO_PJAN(1.0),Population on 1 January by age and sex,A,Annual,NR,Number,Y17,17 years,F,Females,SI,Slovenia,2020,,8972,,,,,
dataflow,ESTAT:DEMO_PJAN(1.0),Population on 1 January by age and sex,A,Annual,NR,Number,Y17,17 years,F,Females,SI,Slovenia,2021,,8828,,,,,
dataflow,ESTAT:DEMO_PJAN(1.0),Population on 1 January by age and sex,A,Annual,NR,Number,Y17,17 years,F,Females,SI,Slovenia,2022,,9350,,,,,
dataflow,ESTAT:DEMO_PJAN(1.0),Population on 1 January by age and sex,A,Annual,NR,Number,Y17,17 years,F,Females,SI,Slovenia,2023,,9438,,,,,
dataflow,ESTAT:DEMO_PJAN(1.0),Population on 1 January by age and sex,A,Annual,NR,Number,Y17,17 years,F,Females,SI,Slovenia,2024,,9854,,,,,
dataflow,ESTAT:DEMO_PJAN(1.0),Population on 1 January by age and sex,A,Annual,NR,Number,Y17,17 years,F,Females,SI,Slovenia,2025,,10491,,,,,
dataflow,ESTAT:DEMO_PJAN(1.0),Population on 1 January by age and sex,A,Annual,NR,Number,Y17,17 years,M,Males,SI,Slovenia,2016,,9727,,,,,
dataflow,ESTAT:DEMO_PJAN(1.0),Population on 1 January by age and sex,A,Annual,NR,Number,Y17,17 years,M,Males,SI,Slovenia,2017,,9412,,,,,
dataflow,ESTAT:DEMO_PJAN(1.0),Population on 1 January by age and sex,A,Annual,NR,Number,Y17,17 years,M,Males,SI,Slovenia,2018,,9878,,,,,
dataflow,ESTAT:DEMO_PJAN(1.0),Population on 1 January by age and sex,A,Annual,NR,Number,Y17,17 years,M,Males,SI,Slovenia,2019,,9619,,,,,
dataflow,ESTAT:DEMO_PJAN(1.0),Population on 1 January by age and sex,A,Annual,NR,Number,Y17,17 years,M,Males,SI,Slovenia,2020,,9607,,,,,
dataflow,ESTAT:DEMO_PJAN(1.0),Population on 1 January by age and sex,A,Annual,NR,Number,Y17,17 years,M,Males,SI,Slovenia,2021,,9472,,,,,
dataflow,ESTAT:DEMO_PJAN(1.0),Population on 1 January by age and sex,A,Annual,NR,Number,Y17,17 years,M,Males,SI,Slovenia,2022,,9709,,,,,
dataflow,ESTAT:DEMO_PJAN(1.0),Population on 1 January by age and sex,A,Annual,NR,Number,Y17,17 years,M,Males,SI,Slovenia,2023,,9994,,,,,
dataflow,ESTAT:DEMO_PJAN(1.0),Population on 1 January by age and sex,A,Annual,NR,Number,Y17,17 years,M,Males,SI,Slovenia,2024,,10524,,,,,
dataflow,ESTAT:DEMO_PJAN(1.0),Population on 1 January by age and sex,A,Annual,NR,Number,Y17,17 years,M,Males,SI,Slovenia,2025,,11082,,,,,
dataflow,ESTAT:DEMO_PJAN(1.0),Population on 1 January by age and sex,A,Annual,NR,Number,Y17,17 years,T,Total,SI,Slovenia,2016,,18659,,,,,
dataflow,ESTAT:DEMO_PJAN(1.0),Population on 1 January by age and sex,A,Annual,NR,Number,Y17,17 years,T,Total,SI,Slovenia,2017,,18251,,,,,
dataflow,ESTAT:DEMO_PJAN(1.0),Population on 1 January by age and sex,A,Annual,NR,Number,Y17,17 years,T,Total,SI,Slovenia,2018,,19123,,,,,
dataflow,ESTAT:DEMO_PJAN(1.0),Population on 1 January by age and sex,A,Annual,NR,Number,Y17,17 years,T,Total,SI,Slovenia,2019,,18530,,,,,
dataflow,ESTAT:DEMO_PJAN(1.0),Population on 1 January by age and sex,A,Annual,NR,Number,Y17,17 years,T,Total,SI,Slovenia,2020,,18579,,,,,
dataflow,ESTAT:DEMO_PJAN(1.0),Population on 1 January by age and sex,A,Annual,NR,Number,Y17,17 years,T,Total,SI,Slovenia,2021,,18300,,,,,
dataflow,ESTAT:DEMO_PJAN(1.0),Population on 1 January by age and sex,A,Annual,NR,Number,Y17,17 years,T,Total,SI,Slovenia,2022,,19059,,,,,
dataflow,ESTAT:DEMO_PJAN(1.0),Population on 1 January by age and sex,A,Annual,NR,Number,Y17,17 years,T,Total,SI,Slovenia,2023,,19432,,,,,
dataflow,ESTAT:DEMO_PJAN(1.0),Population on 1 January by age and sex,A,Annual,NR,Number,Y17,17 years,T,Total,SI,Slovenia,2024,,20378,,,,,
dataflow,ESTAT:DEMO_PJAN(1.0),Population on 1 January by age and sex,A,Annual,NR,Number,Y17,17 years,T,Total,SI,Slovenia,2025,,21573,,,,,
dataflow,ESTAT:DEMO_PJAN(1.0),Population on 1 January by age and sex,A,Annual,NR,Number,Y18,18 years,F,Females,SI,Slovenia,2016,,9291,,,,,
dataflow,ESTAT:DEMO_PJAN(1.0),Population on 1 January by age and sex,A,Annual,NR,Number,Y18,18 years,F,Females,SI,Slovenia,2017,,8962,,,,,
dataflow,ESTAT:DEMO_PJAN(1.0),Population on 1 January by age and sex,A,Annual,NR,Number,Y18,18 years,F,Females,SI,Slovenia,2018,,8878,,,,,
dataflow,ESTAT:DEMO_PJAN(1.0),Population on 1 January by age and sex,A,Annual,NR,Number,Y18,18 years,F,Females,SI,Slovenia,2019,,9286,,,,,
dataflow,ESTAT:DEMO_PJAN(1.0),Population on 1 January by age and sex,A,Annual,NR,Number,Y18,18 years,F,Females,SI,Slovenia,2020,,8945,,,,,
dataflow,ESTAT:DEMO_PJAN(1.0),Population on 1 January by age and sex,A,Annual,NR,Number,Y18,18 years,F,Females,SI,Slovenia,2021,,9013,,,,,
dataflow,ESTAT:DEMO_PJAN(1.0),Population on 1 January by age and sex,A,Annual,NR,Number,Y18,18 years,F,Females,SI,Slovenia,2022,,8816,,,,,
dataflow,ESTAT:DEMO_PJAN(1.0),Population on 1 January by age and sex,A,Annual,NR,Number,Y18,18 years,F,Females,SI,Slovenia,2023,,9442,,,,,
dataflow,ESTAT:DEMO_PJAN(1.0),Population on 1 January by age and sex,A,Annual,NR,Number,Y18,18 years,F,Females,SI,Slovenia,2024,,9484,,,,,
dataflow,ESTAT:DEMO_PJAN(1.0),Population on 1 January by age and sex,A,Annual,NR,Number,Y18,18 years,F,Females,SI,Slovenia,2025,,9909,,,,,
dataflow,ESTAT:DEMO_PJAN(1.0),Population on 1 January by age and sex,A,Annual,NR,Number,Y18,18 years,M,Males,SI,Slovenia,2016,,9780,,,,,
dataflow,ESTAT:DEMO_PJAN(1.0),Population on 1 January by age and sex,A,Annual,NR,Number,Y18,18 years,M,Males,SI,Slovenia,2017,,9785,,,,,
dataflow,ESTAT:DEMO_PJAN(1.0),Population on 1 January by age and sex,A,Annual,NR,Number,Y18,18 years,M,Males,SI,Slovenia,2018,,9469,,,,,
dataflow,ESTAT:DEMO_PJAN(1.0),Population on 1 January by age and sex,A,Annual,NR,Number,Y18,18 years,M,Males,SI,Slovenia,2019,,9963,,,,,
dataflow,ESTAT:DEMO_PJAN(1.0),Population on 1 January by age and sex,A,Annual,NR,Number,Y18,18 years,M,Males,SI,Slovenia,2020,,9653,,,,,
dataflow,ESTAT:DEMO_PJAN(1.0),Population on 1 January by age and sex,A,Annual,NR,Number,Y18,18 years,M,Males,SI,Slovenia,2021,,9640,,,,,
dataflow,ESTAT:DEMO_PJAN(1.0),Population on 1 January by age and sex,A,Annual,NR,Number,Y18,18 years,M,Males,SI,Slovenia,2022,,9473,,,,,
dataflow,ESTAT:DEMO_PJAN(1.0),Population on 1 January by age and sex,A,Annual,NR,Number,Y18,18 years,M,Males,SI,Slovenia,2023,,9782,,,,,
dataflow,ESTAT:DEMO_PJAN(1.0),Population on 1 January by age and sex,A,Annual,NR,Number,Y18,18 years,M,Males,SI,Slovenia,2024,,10049,,,,,
dataflow,ESTAT:DEMO_PJAN(1.0),Population on 1 January by age and sex,A,Annual,NR,Number,Y18,18 years,M,Males,SI,Slovenia,2025,,10611,,,,,
dataflow,ESTAT:DEMO_PJAN(1.0),Population on 1 January by age and sex,A,Annual,NR,Number,Y18,18 years,T,Total,SI,Slovenia,2016,,19071,,,,,
dataflow,ESTAT:DEMO_PJAN(1.0),Population on 1 January by age and sex,A,Annual,NR,Number,Y18,18 years,T,Total,SI,Slovenia,2017,,18747,,,,,
dataflow,ESTAT:DEMO_PJAN(1.0),Population on 1 January by age and sex,A,Annual,NR,Number,Y18,18 years,T,Total,SI,Slovenia,2018,,18347,,,,,
dataflow,ESTAT:DEMO_PJAN(1.0),Population on 1 January by age and sex,A,Annual,NR,Number,Y18,18 years,T,Total,SI,Slovenia,2019,,19249,,,,,
dataflow,ESTAT:DEMO_PJAN(1.0),Population on 1 January by age and sex,A,Annual,NR,Number,Y18,18 years,T,Total,SI,Slovenia,2020,,18598,,,,,
dataflow,ESTAT:DEMO_PJAN(1.0),Population on 1 January by age and sex,A,Annual,NR,Number,Y18,18 years,T,Total,SI,Slovenia,2021,,18653,,,,,
dataflow,ESTAT:DEMO_PJAN(1.0),Population on 1 January by age and sex,A,Annual,NR,Number,Y18,18 years,T,Total,SI,Slovenia,2022,,18289,,,,,
dataflow,ESTAT:DEMO_PJAN(1.0),Population on 1 January by age and sex,A,Annual,NR,Number,Y18,18 years,T,Total,SI,Slovenia,2023,,19224,,,,,
dataflow,ESTAT:DEMO_PJAN(1.0),Population on 1 January by age and sex,A,Annual,NR,Number,Y18,18 years,T,Total,SI,Slovenia,2024,,19533,,,,,
dataflow,ESTAT:DEMO_PJAN(1.0),Population on 1 January by age and sex,A,Annual,NR,Number,Y18,18 years,T,Total,SI,Slovenia,2025,,20520,,,,,
dataflow,ESTAT:DEMO_PJAN(1.0),Population on 1 January by age and sex,A,Annual,NR,Number,Y19,19 years,F,Females,SI,Slovenia,2016,,9521,,,,,
dataflow,ESTAT:DEMO_PJAN(1.0),Population on 1 January by age and sex,A,Annual,NR,Number,Y19,19 years,F,Females,SI,Slovenia,2017,,9356,,,,,
dataflow,ESTAT:DEMO_PJAN(1.0),Population on 1 January by age and sex,A,Annual,NR,Number,Y19,19 years,F,Females,SI,Slovenia,2018,,9029,,,,,
dataflow,ESTAT:DEMO_PJAN(1.0),Population on 1 January by age and sex,A,Annual,NR,Number,Y19,19 years,F,Females,SI,Slovenia,2019,,8942,,,,,
dataflow,ESTAT:DEMO_PJAN(1.0),Population on 1 January by age and sex,A,Annual,NR,Number,Y19,19 years,F,Females,SI,Slovenia,2020,,9396,,,,,
dataflow,ESTAT:DEMO_PJAN(1.0),Population on 1 January by age and sex,A,Annual,NR,Number,Y19,19 years,F,Females,SI,Slovenia,2021,,9024,,,,,
dataflow,ESTAT:DEMO_PJAN(1.0),Population on 1 January by age and sex,A,Annual,NR,Number,Y19,19 years,F,Females,SI,Slovenia,2022,,9097,,,,,
dataflow,ESTAT:DEMO_PJAN(1.0),Population on 1 January by age and sex,A,Annual,NR,Number,Y19,19 years,F,Females,SI,Slovenia,2023,,8973,,,,,
dataflow,ESTAT:DEMO_PJAN(1.0),Population on 1 January by age and sex,A,Annual,NR,Number,Y19,19 years,F,Females,SI,Slovenia,2024,,9516,,,,,
dataflow,ESTAT:DEMO_PJAN(1.0),Population on 1 January by age and sex,A,Annual,NR,Number,Y19,19 years,F,Females,SI,Slovenia,2025,,9572,,,,,
dataflow,ESTAT:DEMO_PJAN(1.0),Population on 1 January by age and sex,A,Annual,NR,Number,Y19,19 years,M,Males,SI,Slovenia,2016,,10231,,,,,
dataflow,ESTAT:DEMO_PJAN(1.0),Population on 1 January by age and sex,A,Annual,NR,Number,Y19,19 years,M,Males,SI,Slovenia,2017,,9836,,,,,
dataflow,ESTAT:DEMO_PJAN(1.0),Population on 1 January by age and sex,A,Annual,NR,Number,Y19,19 years,M,Males,SI,Slovenia,2018,,9832,,,,,
dataflow,ESTAT:DEMO_PJAN(1.0),Population on 1 January by age and sex,A,Annual,NR,Number,Y19,19 years,M,Males,SI,Slovenia,2019,,9637,,,,,
dataflow,ESTAT:DEMO_PJAN(1.0),Population on 1 January by age and sex,A,Annual,NR,Number,Y19,19 years,M,Males,SI,Slovenia,2020,,10142,,,,,
dataflow,ESTAT:DEMO_PJAN(1.0),Population on 1 January by age and sex,A,Annual,NR,Number,Y19,19 years,M,Males,SI,Slovenia,2021,,9791,,,,,
dataflow,ESTAT:DEMO_PJAN(1.0),Population on 1 January by age and sex,A,Annual,NR,Number,Y19,19 years,M,Males,SI,Slovenia,2022,,9722,,,,,
dataflow,ESTAT:DEMO_PJAN(1.0),Population on 1 January by age and sex,A,Annual,NR,Number,Y19,19 years,M,Males,SI,Slovenia,2023,,9685,,,,,
dataflow,ESTAT:DEMO_PJAN(1.0),Population on 1 January by age and sex,A,Annual,NR,Number,Y19,19 years,M,Males,SI,Slovenia,2024,,9985,,,,,
dataflow,ESTAT:DEMO_PJAN(1.0),Population on 1 January by age and sex,A,Annual,NR,Number,Y19,19 years,M,Males,SI,Slovenia,2025,,10275,,,,,
dataflow,ESTAT:DEMO_PJAN(1.0),Population on 1 January by age and sex,A,Annual,NR,Number,Y19,19 years,T,Total,SI,Slovenia,2016,,19752,,,,,
dataflow,ESTAT:DEMO_PJAN(1.0),Population on 1 January by age and sex,A,Annual,NR,Number,Y19,19 years,T,Total,SI,Slovenia,2017,,19192,,,,,
dataflow,ESTAT:DEMO_PJAN(1.0),Population on 1 January by age and sex,A,Annual,NR,Number,Y19,19 years,T,Total,SI,Slovenia,2018,,18861,,,,,
dataflow,ESTAT:DEMO_PJAN(1.0),Population on 1 January by age and sex,A,Annual,NR,Number,Y19,19 years,T,Total,SI,Slovenia,2019,,18579,,,,,
dataflow,ESTAT:DEMO_PJAN(1.0),Population on 1 January by age and sex,A,Annual,NR,Number,Y19,19 years,T,Total,SI,Slovenia,2020,,19538,,,,,
dataflow,ESTAT:DEMO_PJAN(1.0),Population on 1 January by age and sex,A,Annual,NR,Number,Y19,19 years,T,Total,SI,Slovenia,2021,,18815,,,,,
dataflow,ESTAT:DEMO_PJAN(1.0),Population on 1 January by age and sex,A,Annual,NR,Number,Y19,19 years,T,Total,SI,Slovenia,2022,,18819,,,,,
dataflow,ESTAT:DEMO_PJAN(1.0),Population on 1 January by age and sex,A,Annual,NR,Number,Y19,19 years,T,Total,SI,Slovenia,2023,,18658,,,,,
dataflow,ESTAT:DEMO_PJAN(1.0),Population on 1 January by age and sex,A,Annual,NR,Number,Y19,19 years,T,Total,SI,Slovenia,2024,,19501,,,,,
dataflow,ESTAT:DEMO_PJAN(1.0),Population on 1 January by age and sex,A,Annual,NR,Number,Y19,19 years,T,Total,SI,Slovenia,2025,,19847,,,,,
dataflow,ESTAT:DEMO_PJAN(1.0),Population on 1 January by age and sex,A,Annual,NR,Number,Y2,2 years,F,Females,SI,Slovenia,2016,,10361,,,,,
dataflow,ESTAT:DEMO_PJAN(1.0),Population on 1 January by age and sex,A,Annual,NR,Number,Y2,2 years,F,Females,SI,Slovenia,2017,,10269,,,,,
dataflow,ESTAT:DEMO_PJAN(1.0),Population on 1 January by age and sex,A,Annual,NR,Number,Y2,2 years,F,Females,SI,Slovenia,2018,,10016,,,,,
dataflow,ESTAT:DEMO_PJAN(1.0),Population on 1 January by age and sex,A,Annual,NR,Number,Y2,2 years,F,Females,SI,Slovenia,2019,,10048,,,,,
dataflow,ESTAT:DEMO_PJAN(1.0),Population on 1 January by age and sex,A,Annual,NR,Number,Y2,2 years,F,Females,SI,Slovenia,2020,,9830,,,,,
dataflow,ESTAT:DEMO_PJAN(1.0),Population on 1 January by age and sex,A,Annual,NR,Number,Y2,2 years,F,Females,SI,Slovenia,2021,,9568,,,,,
dataflow,ESTAT:DEMO_PJAN(1.0),Population on 1 January by age and sex,A,Annual,NR,Number,Y2,2 years,F,Females,SI,Slovenia,2022,,9490,,,,,
dataflow,ESTAT:DEMO_PJAN(1.0),Population on 1 January by age and sex,A,Annual,NR,Number,Y2,2 years,F,Females,SI,Slovenia,2023,,9202,,,,,
dataflow,ESTAT:DEMO_PJAN(1.0),Population on 1 January by age and sex,A,Annual,NR,Number,Y2,2 years,F,Females,SI,Slovenia,2024,,9305,,,,,
dataflow,ESTAT:DEMO_PJAN(1.0),Population on 1 January by age and sex,A,Annual,NR,Number,Y2,2 years,F,Females,SI,Slovenia,2025,,8689,,,,,
dataflow,ESTAT:DEMO_PJAN(1.0),Population on 1 January by age and sex,A,Annual,NR,Number,Y2,2 years,M,Males,SI,Slovenia,2016,,10861,,,,,
dataflow,ESTAT:DEMO_PJAN(1.0),Population on 1 January by age and sex,A,Annual,NR,Number,Y2,2 years,M,Males,SI,Slovenia,2017,,10940,,,,,
dataflow,ESTAT:DEMO_PJAN(1.0),Population on 1 January by age and sex,A,Annual,NR,Number,Y2,2 years,M,Males,SI,Slovenia,2018,,10598,,,,,
dataflow,ESTAT:DEMO_PJAN(1.0),Population on 1 January by age and sex,A,Annual,NR,Number,Y2,2 years,M,Males,SI,Slovenia,2019,,10413,,,,,
dataflow,ESTAT:DEMO_PJAN(1.0),Population on 1 January by age and sex,A,Annual,NR,Number,Y2,2 years,M,Males,SI,Slovenia,2020,,10580,,,,,
dataflow,ESTAT:DEMO_PJAN(1.0),Population on 1 January by age and sex,A,Annual,NR,Number,Y2,2 years,M,Males,SI,Slovenia,2021,,10279,,,,,
dataflow,ESTAT:DEMO_PJAN(1.0),Population on 1 January by age and sex,A,Annual,NR,Number,Y2,2 years,M,Males,SI,Slovenia,2022,,10092,,,,,
dataflow,ESTAT:DEMO_PJAN(1.0),Population on 1 January by age and sex,A,Annual,NR,Number,Y2,2 years,M,Males,SI,Slovenia,2023,,9828,,,,,
dataflow,ESTAT:DEMO_PJAN(1.0),Population on 1 January by age and sex,A,Annual,NR,Number,Y2,2 years,M,Males,SI,Slovenia,2024,,9953,,,,,
dataflow,ESTAT:DEMO_PJAN(1.0),Population on 1 January by age and sex,A,Annual,NR,Number,Y2,2 years,M,Males,SI,Slovenia,2025,,9139,,,,,
dataflow,ESTAT:DEMO_PJAN(1.0),Population on 1 January by age and sex,A,Annual,NR,Number,Y2,2 years,T,Total,SI,Slovenia,2016,,21222,,,,,
dataflow,ESTAT:DEMO_PJAN(1.0),Population on 1 January by age and sex,A,Annual,NR,Number,Y2,2 years,T,Total,SI,Slovenia,2017,,21209,,,,,
dataflow,ESTAT:DEMO_PJAN(1.0),Population on 1 January by age and sex,A,Annual,NR,Number,Y2,2 years,T,Total,SI,Slovenia,2018,,20614,,,,,
dataflow,ESTAT:DEMO_PJAN(1.0),Population on 1 January by age and sex,A,Annual,NR,Number,Y2,2 years,T,Total,SI,Slovenia,2019,,20461,,,,,
dataflow,ESTAT:DEMO_PJAN(1.0),Population on 1 January by age and sex,A,Annual,NR,Number,Y2,2 years,T,Total,SI,Slovenia,2020,,20410,,,,,
dataflow,ESTAT:DEMO_PJAN(1.0),Population on 1 January by age and sex,A,Annual,NR,Number,Y2,2 years,T,Total,SI,Slovenia,2021,,19847,,,,,
dataflow,ESTAT:DEMO_PJAN(1.0),Population on 1 January by age and sex,A,Annual,NR,Number,Y2,2 years,T,Total,SI,Slovenia,2022,,19582,,,,,
dataflow,ESTAT:DEMO_PJAN(1.0),Population on 1 January by age and sex,A,Annual,NR,Number,Y2,2 years,T,Total,SI,Slovenia,2023,,19030,,,,,
dataflow,ESTAT:DEMO_PJAN(1.0),Population on 1 January by age and sex,A,Annual,NR,Number,Y2,2 years,T,Total,SI,Slovenia,2024,,19258,,,,,
dataflow,ESTAT:DEMO_PJAN(1.0),Population on 1 January by age and sex,A,Annual,NR,Number,Y2,2 years,T,Total,SI,Slovenia,2025,,17828,,,,,
dataflow,ESTAT:DEMO_PJAN(1.0),Population on 1 January by age and sex,A,Annual,NR,Number,Y20,20 years,F,Females,SI,Slovenia,2016,,9662,,,,,
dataflow,ESTAT:DEMO_PJAN(1.0),Population on 1 January by age and sex,A,Annual,NR,Number,Y20,20 years,F,Females,SI,Slovenia,2017,,9592,,,,,
dataflow,ESTAT:DEMO_PJAN(1.0),Population on 1 January by age and sex,A,Annual,NR,Number,Y20,20 years,F,Females,SI,Slovenia,2018,,9433,,,,,
dataflow,ESTAT:DEMO_PJAN(1.0),Population on 1 January by age and sex,A,Annual,NR,Number,Y20,20 years,F,Females,SI,Slovenia,2019,,9169,,,,,
dataflow,ESTAT:DEMO_PJAN(1.0),Population on 1 January by age and sex,A,Annual,NR,Number,Y20,20 years,F,Females,SI,Slovenia,2020,,9171,,,,,
dataflow,ESTAT:DEMO_PJAN(1.0),Population on 1 January by age and sex,A,Annual,NR,Number,Y20,20 years,F,Females,SI,Slovenia,2021,,9673,,,,,
dataflow,ESTAT:DEMO_PJAN(1.0),Population on 1 January by age and sex,A,Annual,NR,Number,Y20,20 years,F,Females,SI,Slovenia,2022,,9257,,,,,
dataflow,ESTAT:DEMO_PJAN(1.0),Population on 1 January by age and sex,A,Annual,NR,Number,Y20,20 years,F,Females,SI,Slovenia,2023,,9368,,,,,
dataflow,ESTAT:DEMO_PJAN(1.0),Population on 1 January by age and sex,A,Annual,NR,Number,Y20,20 years,F,Females,SI,Slovenia,2024,,9252,,,,,
dataflow,ESTAT:DEMO_PJAN(1.0),Population on 1 January by age and sex,A,Annual,NR,Number,Y20,20 years,F,Females,SI,Slovenia,2025,,9886,,,,,
dataflow,ESTAT:DEMO_PJAN(1.0),Population on 1 January by age and sex,A,Annual,NR,Number,Y20,20 years,M,Males,SI,Slovenia,2016,,10145,,,,,
dataflow,ESTAT:DEMO_PJAN(1.0),Population on 1 January by age and sex,A,Annual,NR,Number,Y20,20 years,M,Males,SI,Slovenia,2017,,10322,,,,,
dataflow,ESTAT:DEMO_PJAN(1.0),Population on 1 January by age and sex,A,Annual,NR,Number,Y20,20 years,M,Males,SI,Slovenia,2018,,9971,,,,,
dataflow,ESTAT:DEMO_PJAN(1.0),Population on 1 January by age and sex,A,Annual,NR,Number,Y20,20 years,M,Males,SI,Slovenia,2019,,10202,,,,,
dataflow,ESTAT:DEMO_PJAN(1.0),Population on 1 January by age and sex,A,Annual,NR,Number,Y20,20 years,M,Males,SI,Slovenia,2020,,10201,,,,,
dataflow,ESTAT:DEMO_PJAN(1.0),Population on 1 January by age and sex,A,Annual,NR,Number,Y20,20 years,M,Males,SI,Slovenia,2021,,10605,,,,,
dataflow,ESTAT:DEMO_PJAN(1.0),Population on 1 January by age and sex,A,Annual,NR,Number,Y20,20 years,M,Males,SI,Slovenia,2022,,10083,,,,,
dataflow,ESTAT:DEMO_PJAN(1.0),Population on 1 January by age and sex,A,Annual,NR,Number,Y20,20 years,M,Males,SI,Slovenia,2023,,10253,,,,,
dataflow,ESTAT:DEMO_PJAN(1.0),Population on 1 January by age and sex,A,Annual,NR,Number,Y20,20 years,M,Males,SI,Slovenia,2024,,10233,,,,,
dataflow,ESTAT:DEMO_PJAN(1.0),Population on 1 January by age and sex,A,Annual,NR,Number,Y20,20 years,M,Males,SI,Slovenia,2025,,10455,,,,,
dataflow,ESTAT:DEMO_PJAN(1.0),Population on 1 January by age and sex,A,Annual,NR,Number,Y20,20 years,T,Total,SI,Slovenia,2016,,19807,,,,,
dataflow,ESTAT:DEMO_PJAN(1.0),Population on 1 January by age and sex,A,Annual,NR,Number,Y20,20 years,T,Total,SI,Slovenia,2017,,19914,,,,,
dataflow,ESTAT:DEMO_PJAN(1.0),Population on 1 January by age and sex,A,Annual,NR,Number,Y20,20 years,T,Total,SI,Slovenia,2018,,19404,,,,,
dataflow,ESTAT:DEMO_PJAN(1.0),Population on 1 January by age and sex,A,Annual,NR,Number,Y20,20 years,T,Total,SI,Slovenia,2019,,19371,,,,,
dataflow,ESTAT:DEMO_PJAN(1.0),Population on 1 January by age and sex,A,Annual,NR,Number,Y20,20 years,T,Total,SI,Slovenia,2020,,19372,,,,,
dataflow,ESTAT:DEMO_PJAN(1.0),Population on 1 January by age and sex,A,Annual,NR,Number,Y20,20 years,T,Total,SI,Slovenia,2021,,20278,,,,,
dataflow,ESTAT:DEMO_PJAN(1.0),Population on 1 January by age and sex,A,Annual,NR,Number,Y20,20 years,T,Total,SI,Slovenia,2022,,19340,,,,,
dataflow,ESTAT:DEMO_PJAN(1.0),Population on 1 January by age and sex,A,Annual,NR,Number,Y20,20 years,T,Total,SI,Slovenia,2023,,19621,,,,,
dataflow,ESTAT:DEMO_PJAN(1.0),Population on 1 January by age and sex,A,Annual,NR,Number,Y20,20 years,T,Total,SI,Slovenia,2024,,19485,,,,,
dataflow,ESTAT:DEMO_PJAN(1.0),Population on 1 January by age and sex,A,Annual,NR,Number,Y20,20 years,T,Total,SI,Slovenia,2025,,20341,,,,,
dataflow,ESTAT:DEMO_PJAN(1.0),Population on 1 January by age and sex,A,Annual,NR,Number,Y21,21 years,F,Females,SI,Slovenia,2016,,10010,,,,,
dataflow,ESTAT:DEMO_PJAN(1.0),Population on 1 January by age and sex,A,Annual,NR,Number,Y21,21 years,F,Females,SI,Slovenia,2017,,9696,,,,,
dataflow,ESTAT:DEMO_PJAN(1.0),Population on 1 January by age and sex,A,Annual,NR,Number,Y21,21 years,F,Females,SI,Slovenia,2018,,9589,,,,,
dataflow,ESTAT:DEMO_PJAN(1.0),Population on 1 January by age and sex,A,Annual,NR,Number,Y21,21 years,F,Females,SI,Slovenia,2019,,9525,,,,,
dataflow,ESTAT:DEMO_PJAN(1.0),Population on 1 January by age and sex,A,Annual,NR,Number,Y21,21 years,F,Females,SI,Slovenia,2020,,9311,,,,,
dataflow,ESTAT:DEMO_PJAN(1.0),Population on 1 January by age and sex,A,Annual,NR,Number,Y21,21 years,F,Females,SI,Slovenia,2021,,9296,,,,,
dataflow,ESTAT:DEMO_PJAN(1.0),Population on 1 January by age and sex,A,Annual,NR,Number,Y21,21 years,F,Females,SI,Slovenia,2022,,9733,,,,,
dataflow,ESTAT:DEMO_PJAN(1.0),Population on 1 January by age and sex,A,Annual,NR,Number,Y21,21 years,F,Females,SI,Slovenia,2023,,9466,,,,,
dataflow,ESTAT:DEMO_PJAN(1.0),Population on 1 January by age and sex,A,Annual,NR,Number,Y21,21 years,F,Females,SI,Slovenia,2024,,9541,,,,,
dataflow,ESTAT:DEMO_PJAN(1.0),Population on 1 January by age and sex,A,Annual,NR,Number,Y21,21 years,F,Females,SI,Slovenia,2025,,9406,,,,,
dataflow,ESTAT:DEMO_PJAN(1.0),Population on 1 January by age and sex,A,Annual,NR,Number,Y21,21 years,M,Males,SI,Slovenia,2016,,10371,,,,,
dataflow,ESTAT:DEMO_PJAN(1.0),Population on 1 January by age and sex,A,Annual,NR,Number,Y21,21 years,M,Males,SI,Slovenia,2017,,10237,,,,,
dataflow,ESTAT:DEMO_PJAN(1.0),Population on 1 January by age and sex,A,Annual,NR,Number,Y21,21 years,M,Males,SI,Slovenia,2018,,10447,,,,,
dataflow,ESTAT:DEMO_PJAN(1.0),Population on 1 January by age and sex,A,Annual,NR,Number,Y21,21 years,M,Males,SI,Slovenia,2019,,10470,,,,,
dataflow,ESTAT:DEMO_PJAN(1.0),Population on 1 January by age and sex,A,Annual,NR,Number,Y21,21 years,M,Males,SI,Slovenia,2020,,10767,,,,,
dataflow,ESTAT:DEMO_PJAN(1.0),Population on 1 January by age and sex,A,Annual,NR,Number,Y21,21 years,M,Males,SI,Slovenia,2021,,10490,,,,,
dataflow,ESTAT:DEMO_PJAN(1.0),Population on 1 January by age and sex,A,Annual,NR,Number,Y21,21 years,M,Males,SI,Slovenia,2022,,10727,,,,,
dataflow,ESTAT:DEMO_PJAN(1.0),Population on 1 January by age and sex,A,Annual,NR,Number,Y21,21 years,M,Males,SI,Slovenia,2023,,10560,,,,,
dataflow,ESTAT:DEMO_PJAN(1.0),Population on 1 January by age and sex,A,Annual,NR,Number,Y21,21 years,M,Males,SI,Slovenia,2024,,10728,,,,,
dataflow,ESTAT:DEMO_PJAN(1.0),Population on 1 January by age and sex,A,Annual,NR,Number,Y21,21 years,M,Males,SI,Slovenia,2025,,10499,,,,,
dataflow,ESTAT:DEMO_PJAN(1.0),Population on 1 January by age and sex,A,Annual,NR,Number,Y21,21 years,T,Total,SI,Slovenia,2016,,20381,,,,,
dataflow,ESTAT:DEMO_PJAN(1.0),Population on 1 January by age and sex,A,Annual,NR,Number,Y21,21 years,T,Total,SI,Slovenia,2017,,19933,,,,,
dataflow,ESTAT:DEMO_PJAN(1.0),Population on 1 January by age and sex,A,Annual,NR,Number,Y21,21 years,T,Total,SI,Slovenia,2018,,20036,,,,,
dataflow,ESTAT:DEMO_PJAN(1.0),Population on 1 January by age and sex,A,Annual,NR,Number,Y21,21 years,T,Total,SI,Slovenia,2019,,19995,,,,,
dataflow,ESTAT:DEMO_PJAN(1.0),Population on 1 January by age and sex,A,Annual,NR,Number,Y21,21 years,T,Total,SI,Slovenia,2020,,20078,,,,,
dataflow,ESTAT:DEMO_PJAN(1.0),Population on 1 January by age and sex,A,Annual,NR,Number,Y21,21 years,T,Total,SI,Slovenia,2021,,19786,,,,,
dataflow,ESTAT:DEMO_PJAN(1.0),Population on 1 January by age and sex,A,Annual,NR,Number,Y21,21 years,T,Total,SI,Slovenia,2022,,20460,,,,,
dataflow,ESTAT:DEMO_PJAN(1.0),Population on 1 January by age and sex,A,Annual,NR,Number,Y21,21 years,T,Total,SI,Slovenia,2023,,20026,,,,,
dataflow,ESTAT:DEMO_PJAN(1.0),Population on 1 January by age and sex,A,Annual,NR,Number,Y21,21 years,T,Total,SI,Slovenia,2024,,20269,,,,,
dataflow,ESTAT:DEMO_PJAN(1.0),Population on 1 January by age and sex,A,Annual,NR,Number,Y21,21 years,T,Total,SI,Slovenia,2025,,19905,,,,,
dataflow,ESTAT:DEMO_PJAN(1.0),Population on 1 January by age and sex,A,Annual,NR,Number,Y22,22 years,F,Females,SI,Slovenia,2016,,10083,,,,,
dataflow,ESTAT:DEMO_PJAN(1.0),Population on 1 January by age and sex,A,Annual,NR,Number,Y22,22 years,F,Females,SI,Slovenia,2017,,10040,,,,,
dataflow,ESTAT:DEMO_PJAN(1.0),Population on 1 January by age and sex,A,Annual,NR,Number,Y22,22 years,F,Females,SI,Slovenia,2018,,9715,,,,,
dataflow,ESTAT:DEMO_PJAN(1.0),Population on 1 January by age and sex,A,Annual,NR,Number,Y22,22 years,F,Females,SI,Slovenia,2019,,9701,,,,,
dataflow,ESTAT:DEMO_PJAN(1.0),Population on 1 January by age and sex,A,Annual,NR,Number,Y22,22 years,F,Females,SI,Slovenia,2020,,9654,,,,,
dataflow,ESTAT:DEMO_PJAN(1.0),Population on 1 January by age and sex,A,Annual,NR,Number,Y22,22 years,F,Females,SI,Slovenia,2021,,9438,,,,,
dataflow,ESTAT:DEMO_PJAN(1.0),Population on 1 January by age and sex,A,Annual,NR,Number,Y22,22 years,F,Females,SI,Slovenia,2022,,9355,,,,,
dataflow,ESTAT:DEMO_PJAN(1.0),Population on 1 January by age and sex,A,Annual,NR,Number,Y22,22 years,F,Females,SI,Slovenia,2023,,9905,,,,,
dataflow,ESTAT:DEMO_PJAN(1.0),Population on 1 January by age and sex,A,Annual,NR,Number,Y22,22 years,F,Females,SI,Slovenia,2024,,9596,,,,,
dataflow,ESTAT:DEMO_PJAN(1.0),Population on 1 January by age and sex,A,Annual,NR,Number,Y22,22 years,F,Females,SI,Slovenia,2025,,9687,,,,,
dataflow,ESTAT:DEMO_PJAN(1.0),Population on 1 January by age and sex,A,Annual,NR,Number,Y22,22 years,M,Males,SI,Slovenia,2016,,10649,,,,,
dataflow,ESTAT:DEMO_PJAN(1.0),Population on 1 January by age and sex,A,Annual,NR,Number,Y22,22 years,M,Males,SI,Slovenia,2017,,10444,,,,,
dataflow,ESTAT:DEMO_PJAN(1.0),Population on 1 January by age and sex,A,Annual,NR,Number,Y22,22 years,M,Males,SI,Slovenia,2018,,10357,,,,,
dataflow,ESTAT:DEMO_PJAN(1.0),Population on 1 January by age and sex,A,Annual,NR,Number,Y22,22 years,M,Males,SI,Slovenia,2019,,11008,,,,,
dataflow,ESTAT:DEMO_PJAN(1.0),Population on 1 January by age and sex,A,Annual,NR,Number,Y22,22 years,M,Males,SI,Slovenia,2020,,11086,,,,,
dataflow,ESTAT:DEMO_PJAN(1.0),Population on 1 January by age and sex,A,Annual,NR,Number,Y22,22 years,M,Males,SI,Slovenia,2021,,10995,,,,,
dataflow,ESTAT:DEMO_PJAN(1.0),Population on 1 January by age and sex,A,Annual,NR,Number,Y22,22 years,M,Males,SI,Slovenia,2022,,10622,,,,,
dataflow,ESTAT:DEMO_PJAN(1.0),Population on 1 January by age and sex,A,Annual,NR,Number,Y22,22 years,M,Males,SI,Slovenia,2023,,11181,,,,,
dataflow,ESTAT:DEMO_PJAN(1.0),Population on 1 January by age and sex,A,Annual,NR,Number,Y22,22 years,M,Males,SI,Slovenia,2024,,10985,,,,,
dataflow,ESTAT:DEMO_PJAN(1.0),Population on 1 January by age and sex,A,Annual,NR,Number,Y22,22 years,M,Males,SI,Slovenia,2025,,10941,,,,,
dataflow,ESTAT:DEMO_PJAN(1.0),Population on 1 January by age and sex,A,Annual,NR,Number,Y22,22 years,T,Total,SI,Slovenia,2016,,20732,,,,,
dataflow,ESTAT:DEMO_PJAN(1.0),Population on 1 January by age and sex,A,Annual,NR,Number,Y22,22 years,T,Total,SI,Slovenia,2017,,20484,,,,,
dataflow,ESTAT:DEMO_PJAN(1.0),Population on 1 January by age and sex,A,Annual,NR,Number,Y22,22 years,T,Total,SI,Slovenia,2018,,20072,,,,,
dataflow,ESTAT:DEMO_PJAN(1.0),Population on 1 January by age and sex,A,Annual,NR,Number,Y22,22 years,T,Total,SI,Slovenia,2019,,20709,,,,,
dataflow,ESTAT:DEMO_PJAN(1.0),Population on 1 January by age and sex,A,Annual,NR,Number,Y22,22 years,T,Total,SI,Slovenia,2020,,20740,,,,,
dataflow,ESTAT:DEMO_PJAN(1.0),Population on 1 January by age and sex,A,Annual,NR,Number,Y22,22 years,T,Total,SI,Slovenia,2021,,20433,,,,,
dataflow,ESTAT:DEMO_PJAN(1.0),Population on 1 January by age and sex,A,Annual,NR,Number,Y22,22 years,T,Total,SI,Slovenia,2022,,19977,,,,,
dataflow,ESTAT:DEMO_PJAN(1.0),Population on 1 January by age and sex,A,Annual,NR,Number,Y22,22 years,T,Total,SI,Slovenia,2023,,21086,,,,,
dataflow,ESTAT:DEMO_PJAN(1.0),Population on 1 January by age and sex,A,Annual,NR,Number,Y22,22 years,T,Total,SI,Slovenia,2024,,20581,,,,,
dataflow,ESTAT:DEMO_PJAN(1.0),Population on 1 January by age and sex,A,Annual,NR,Number,Y22,22 years,T,Total,SI,Slovenia,2025,,20628,,,,,
dataflow,ESTAT:DEMO_PJAN(1.0),Population on 1 January by age and sex,A,Annual,NR,Number,Y23,23 years,F,Females,SI,Slovenia,2016,,10168,,,,,
dataflow,ESTAT:DEMO_PJAN(1.0),Population on 1 January by age and sex,A,Annual,NR,Number,Y23,23 years,F,Females,SI,Slovenia,2017,,10082,,,,,
dataflow,ESTAT:DEMO_PJAN(1.0),Population on 1 January by age and sex,A,Annual,NR,Number,Y23,23 years,F,Females,SI,Slovenia,2018,,10042,,,,,
dataflow,ESTAT:DEMO_PJAN(1.0),Population on 1 January by age and sex,A,Annual,NR,Number,Y23,23 years,F,Females,SI,Slovenia,2019,,9812,,,,,
dataflow,ESTAT:DEMO_PJAN(1.0),Population on 1 January by age and sex,A,Annual,NR,Number,Y23,23 years,F,Females,SI,Slovenia,2020,,9804,,,,,
dataflow,ESTAT:DEMO_PJAN(1.0),Population on 1 January by age and sex,A,Annual,NR,Number,Y23,23 years,F,Females,SI,Slovenia,2021,,9801,,,,,
dataflow,ESTAT:DEMO_PJAN(1.0),Population on 1 January by age and sex,A,Annual,NR,Number,Y23,23 years,F,Females,SI,Slovenia,2022,,9519,,,,,
dataflow,ESTAT:DEMO_PJAN(1.0),Population on 1 January by age and sex,A,Annual,NR,Number,Y23,23 years,F,Females,SI,Slovenia,2023,,9529,,,,,
dataflow,ESTAT:DEMO_PJAN(1.0),Population on 1 January by age and sex,A,Annual,NR,Number,Y23,23 years,F,Females,SI,Slovenia,2024,,10035,,,,,
dataflow,ESTAT:DEMO_PJAN(1.0),Population on 1 January by age and sex,A,Annual,NR,Number,Y23,23 years,F,Females,SI,Slovenia,2025,,9730,,,,,
dataflow,ESTAT:DEMO_PJAN(1.0),Population on 1 January by age and sex,A,Annual,NR,Number,Y23,23 years,M,Males,SI,Slovenia,2016,,10825,,,,,
dataflow,ESTAT:DEMO_PJAN(1.0),Population on 1 January by age and sex,A,Annual,NR,Number,Y23,23 years,M,Males,SI,Slovenia,2017,,10744,,,,,
dataflow,ESTAT:DEMO_PJAN(1.0),Population on 1 January by age and sex,A,Annual,NR,Number,Y23,23 years,M,Males,SI,Slovenia,2018,,10592,,,,,
dataflow,ESTAT:DEMO_PJAN(1.0),Population on 1 January by age and sex,A,Annual,NR,Number,Y23,23 years,M,Males,SI,Slovenia,2019,,10905,,,,,
dataflow,ESTAT:DEMO_PJAN(1.0),Population on 1 January by age and sex,A,Annual,NR,Number,Y23,23 years,M,Males,SI,Slovenia,2020,,11670,,,,,
dataflow,ESTAT:DEMO_PJAN(1.0),Population on 1 January by age and sex,A,Annual,NR,Number,Y23,23 years,M,Males,SI,Slovenia,2021,,11439,,,,,
dataflow,ESTAT:DEMO_PJAN(1.0),Population on 1 January by age and sex,A,Annual,NR,Number,Y23,23 years,M,Males,SI,Slovenia,2022,,11063,,,,,
dataflow,ESTAT:DEMO_PJAN(1.0),Population on 1 January by age and sex,A,Annual,NR,Number,Y23,23 years,M,Males,SI,Slovenia,2023,,10963,,,,,
dataflow,ESTAT:DEMO_PJAN(1.0),Population on 1 January by age and sex,A,Annual,NR,Number,Y23,23 years,M,Males,SI,Slovenia,2024,,11540,,,,,
dataflow,ESTAT:DEMO_PJAN(1.0),Population on 1 January by age and sex,A,Annual,NR,Number,Y23,23 years,M,Males,SI,Slovenia,2025,,11201,,,,,
dataflow,ESTAT:DEMO_PJAN(1.0),Population on 1 January by age and sex,A,Annual,NR,Number,Y23,23 years,T,Total,SI,Slovenia,2016,,20993,,,,,
dataflow,ESTAT:DEMO_PJAN(1.0),Population on 1 January by age and sex,A,Annual,NR,Number,Y23,23 years,T,Total,SI,Slovenia,2017,,20826,,,,,
dataflow,ESTAT:DEMO_PJAN(1.0),Population on 1 January by age and sex,A,Annual,NR,Number,Y23,23 years,T,Total,SI,Slovenia,2018,,20634,,,,,
dataflow,ESTAT:DEMO_PJAN(1.0),Population on 1 January by age and sex,A,Annual,NR,Number,Y23,23 years,T,Total,SI,Slovenia,2019,,20717,,,,,
dataflow,ESTAT:DEMO_PJAN(1.0),Population on 1 January by age and sex,A,Annual,NR,Number,Y23,23 years,T,Total,SI,Slovenia,2020,,21474,,,,,
dataflow,ESTAT:DEMO_PJAN(1.0),Population on 1 January by age and sex,A,Annual,NR,Number,Y23,23 years,T,Total,SI,Slovenia,2021,,21240,,,,,
dataflow,ESTAT:DEMO_PJAN(1.0),Population on 1 January by age and sex,A,Annual,NR,Number,Y23,23 years,T,Total,SI,Slovenia,2022,,20582,,,,,
dataflow,ESTAT:DEMO_PJAN(1.0),Population on 1 January by age and sex,A,Annual,NR,Number,Y23,23 years,T,Total,SI,Slovenia,2023,,20492,,,,,
dataflow,ESTAT:DEMO_PJAN(1.0),Population on 1 January by age and sex,A,Annual,NR,Number,Y23,23 years,T,Total,SI,Slovenia,2024,,21575,,,,,
dataflow,ESTAT:DEMO_PJAN(1.0),Population on 1 January by age and sex,A,Annual,NR,Number,Y23,23 years,T,Total,SI,Slovenia,2025,,20931,,,,,
dataflow,ESTAT:DEMO_PJAN(1.0),Population on 1 January by age and sex,A,Annual,NR,Number,Y24,24 years,F,Females,SI,Slovenia,2016,,10986,,,,,
dataflow,ESTAT:DEMO_PJAN(1.0),Population on 1 January by age and sex,A,Annual,NR,Number,Y24,24 years,F,Females,SI,Slovenia,2017,,10175,,,,,
dataflow,ESTAT:DEMO_PJAN(1.0),Population on 1 January by age and sex,A,Annual,NR,Number,Y24,24 years,F,Females,SI,Slovenia,2018,,10073,,,,,
dataflow,ESTAT:DEMO_PJAN(1.0),Population on 1 January by age and sex,A,Annual,NR,Number,Y24,24 years,F,Females,SI,Slovenia,2019,,10136,,,,,
dataflow,ESTAT:DEMO_PJAN(1.0),Population on 1 January by age and sex,A,Annual,NR,Number,Y24,24 years,F,Females,SI,Slovenia,2020,,9935,,,,,
dataflow,ESTAT:DEMO_PJAN(1.0),Population on 1 January by age and sex,A,Annual,NR,Number,Y24,24 years,F,Females,SI,Slovenia,2021,,9950,,,,,
dataflow,ESTAT:DEMO_PJAN(1.0),Population on 1 January by age and sex,A,Annual,NR,Number,Y24,24 years,F,Females,SI,Slovenia,2022,,9943,,,,,
dataflow,ESTAT:DEMO_PJAN(1.0),Population on 1 January by age and sex,A,Annual,NR,Number,Y24,24 years,F,Females,SI,Slovenia,2023,,9669,,,,,
dataflow,ESTAT:DEMO_PJAN(1.0),Population on 1 January by age and sex,A,Annual,NR,Number,Y24,24 years,F,Females,SI,Slovenia,2024,,9655,,,,,
dataflow,ESTAT:DEMO_PJAN(1.0),Population on 1 January by age and sex,A,Annual,NR,Number,Y24,24 years,F,Females,SI,Slovenia,2025,,10219,,,,,
dataflow,ESTAT:DEMO_PJAN(1.0),Population on 1 January by age and sex,A,Annual,NR,Number,Y24,24 years,M,Males,SI,Slovenia,2016,,11601,,,,,
dataflow,ESTAT:DEMO_PJAN(1.0),Population on 1 January by age and sex,A,Annual,NR,Number,Y24,24 years,M,Males,SI,Slovenia,2017,,10890,,,,,
dataflow,ESTAT:DEMO_PJAN(1.0),Population on 1 January by age and sex,A,Annual,NR,Number,Y24,24 years,M,Males,SI,Slovenia,2018,,10854,,,,,
dataflow,ESTAT:DEMO_PJAN(1.0),Population on 1 January by age and sex,A,Annual,NR,Number,Y24,24 years,M,Males,SI,Slovenia,2019,,11012,,,,,
dataflow,ESTAT:DEMO_PJAN(1.0),Population on 1 January by age and sex,A,Annual,NR,Number,Y24,24 years,M,Males,SI,Slovenia,2020,,11490,,,,,
dataflow,ESTAT:DEMO_PJAN(1.0),Population on 1 January by age and sex,A,Annual,NR,Number,Y24,24 years,M,Males,SI,Slovenia,2021,,11971,,,,,
dataflow,ESTAT:DEMO_PJAN(1.0),Population on 1 January by age and sex,A,Annual,NR,Number,Y24,24 years,M,Males,SI,Slovenia,2022,,11431,,,,,
dataflow,ESTAT:DEMO_PJAN(1.0),Population on 1 January by age and sex,A,Annual,NR,Number,Y24,24 years,M,Males,SI,Slovenia,2023,,11376,,,,,
dataflow,ESTAT:DEMO_PJAN(1.0),Population on 1 January by age and sex,A,Annual,NR,Number,Y24,24 years,M,Males,SI,Slovenia,2024,,11219,,,,,
dataflow,ESTAT:DEMO_PJAN(1.0),Population on 1 January by age and sex,A,Annual,NR,Number,Y24,24 years,M,Males,SI,Slovenia,2025,,11709,,,,,
dataflow,ESTAT:DEMO_PJAN(1.0),Population on 1 January by age and sex,A,Annual,NR,Number,Y24,24 years,T,Total,SI,Slovenia,2016,,22587,,,,,
dataflow,ESTAT:DEMO_PJAN(1.0),Population on 1 January by age and sex,A,Annual,NR,Number,Y24,24 years,T,Total,SI,Slovenia,2017,,21065,,,,,
dataflow,ESTAT:DEMO_PJAN(1.0),Population on 1 January by age and sex,A,Annual,NR,Number,Y24,24 years,T,Total,SI,Slovenia,2018,,20927,,,,,
dataflow,ESTAT:DEMO_PJAN(1.0),Population on 1 January by age and sex,A,Annual,NR,Number,Y24,24 years,T,Total,SI,Slovenia,2019,,21148,,,,,
dataflow,ESTAT:DEMO_PJAN(1.0),Population on 1 January by age and sex,A,Annual,NR,Number,Y24,24 years,T,Total,SI,Slovenia,2020,,21425,,,,,
dataflow,ESTAT:DEMO_PJAN(1.0),Population on 1 January by age and sex,A,Annual,NR,Number,Y24,24 years,T,Total,SI,Slovenia,2021,,21921,,,,,
dataflow,ESTAT:DEMO_PJAN(1.0),Population on 1 January by age and sex,A,Annual,NR,Number,Y24,24 years,T,Total,SI,Slovenia,2022,,21374,,,,,
dataflow,ESTAT:DEMO_PJAN(1.0),Population on 1 January by age and sex,A,Annual,NR,Number,Y24,24 years,T,Total,SI,Slovenia,2023,,21045,,,,,
dataflow,ESTAT:DEMO_PJAN(1.0),Population on 1 January by age and sex,A,Annual,NR,Number,Y24,24 years,T,Total,SI,Slovenia,2024,,20874,,,,,
dataflow,ESTAT:DEMO_PJAN(1.0),Population on 1 January by age and sex,A,Annual,NR,Number,Y24,24 years,T,Total,SI,Slovenia,2025,,21928,,,,,
dataflow,ESTAT:DEMO_PJAN(1.0),Population on 1 January by age and sex,A,Annual,NR,Number,Y25,25 years,F,Females,SI,Slovenia,2016,,11345,,,,,
dataflow,ESTAT:DEMO_PJAN(1.0),Population on 1 January by age and sex,A,Annual,NR,Number,Y25,25 years,F,Females,SI,Slovenia,2017,,10942,,,,,
dataflow,ESTAT:DEMO_PJAN(1.0),Population on 1 January by age and sex,A,Annual,NR,Number,Y25,25 years,F,Females,SI,Slovenia,2018,,10158,,,,,
dataflow,ESTAT:DEMO_PJAN(1.0),Population on 1 January by age and sex,A,Annual,NR,Number,Y25,25 years,F,Females,SI,Slovenia,2019,,10148,,,,,
dataflow,ESTAT:DEMO_PJAN(1.0),Population on 1 January by age and sex,A,Annual,NR,Number,Y25,25 years,F,Females,SI,Slovenia,2020,,10222,,,,,
dataflow,ESTAT:DEMO_PJAN(1.0),Population on 1 January by age and sex,A,Annual,NR,Number,Y25,25 years,F,Females,SI,Slovenia,2021,,10100,,,,,
dataflow,ESTAT:DEMO_PJAN(1.0),Population on 1 January by age and sex,A,Annual,NR,Number,Y25,25 years,F,Females,SI,Slovenia,2022,,10041,,,,,
dataflow,ESTAT:DEMO_PJAN(1.0),Population on 1 January by age and sex,A,Annual,NR,Number,Y25,25 years,F,Females,SI,Slovenia,2023,,10116,,,,,
dataflow,ESTAT:DEMO_PJAN(1.0),Population on 1 January by age and sex,A,Annual,NR,Number,Y25,25 years,F,Females,SI,Slovenia,2024,,9797,,,,,
dataflow,ESTAT:DEMO_PJAN(1.0),Population on 1 January by age and sex,A,Annual,NR,Number,Y25,25 years,F,Females,SI,Slovenia,2025,,9792,,,,,
dataflow,ESTAT:DEMO_PJAN(1.0),Population on 1 January by age and sex,A,Annual,NR,Number,Y25,25 years,M,Males,SI,Slovenia,2016,,11944,,,,,
dataflow,ESTAT:DEMO_PJAN(1.0),Population on 1 January by age and sex,A,Annual,NR,Number,Y25,25 years,M,Males,SI,Slovenia,2017,,11629,,,,,
dataflow,ESTAT:DEMO_PJAN(1.0),Population on 1 January by age and sex,A,Annual,NR,Number,Y25,25 years,M,Males,SI,Slovenia,2018,,10972,,,,,
dataflow,ESTAT:DEMO_PJAN(1.0),Population on 1 January by age and sex,A,Annual,NR,Number,Y25,25 years,M,Males,SI,Slovenia,2019,,11288,,,,,
dataflow,ESTAT:DEMO_PJAN(1.0),Population on 1 January by age and sex,A,Annual,NR,Number,Y25,25 years,M,Males,SI,Slovenia,2020,,11605,,,,,
dataflow,ESTAT:DEMO_PJAN(1.0),Population on 1 January by age and sex,A,Annual,NR,Number,Y25,25 years,M,Males,SI,Slovenia,2021,,11759,,,,,
dataflow,ESTAT:DEMO_PJAN(1.0),Population on 1 January by age and sex,A,Annual,NR,Number,Y25,25 years,M,Males,SI,Slovenia,2022,,11996,,,,,
dataflow,ESTAT:DEMO_PJAN(1.0),Population on 1 January by age and sex,A,Annual,NR,Number,Y25,25 years,M,Males,SI,Slovenia,2023,,11794,,,,,
dataflow,ESTAT:DEMO_PJAN(1.0),Population on 1 January by age and sex,A,Annual,NR,Number,Y25,25 years,M,Males,SI,Slovenia,2024,,11620,,,,,
dataflow,ESTAT:DEMO_PJAN(1.0),Population on 1 January by age and sex,A,Annual,NR,Number,Y25,25 years,M,Males,SI,Slovenia,2025,,11367,,,,,
dataflow,ESTAT:DEMO_PJAN(1.0),Population on 1 January by age and sex,A,Annual,NR,Number,Y25,25 years,T,Total,SI,Slovenia,2016,,23289,,,,,
dataflow,ESTAT:DEMO_PJAN(1.0),Population on 1 January by age and sex,A,Annual,NR,Number,Y25,25 years,T,Total,SI,Slovenia,2017,,22571,,,,,
dataflow,ESTAT:DEMO_PJAN(1.0),Population on 1 January by age and sex,A,Annual,NR,Number,Y25,25 years,T,Total,SI,Slovenia,2018,,21130,,,,,
dataflow,ESTAT:DEMO_PJAN(1.0),Population on 1 January by age and sex,A,Annual,NR,Number,Y25,25 years,T,Total,SI,Slovenia,2019,,21436,,,,,
dataflow,ESTAT:DEMO_PJAN(1.0),Population on 1 January by age and sex,A,Annual,NR,Number,Y25,25 years,T,Total,SI,Slovenia,2020,,21827,,,,,
dataflow,ESTAT:DEMO_PJAN(1.0),Population on 1 January by age and sex,A,Annual,NR,Number,Y25,25 years,T,Total,SI,Slovenia,2021,,21859,,,,,
dataflow,ESTAT:DEMO_PJAN(1.0),Population on 1 January by age and sex,A,Annual,NR,Number,Y25,25 years,T,Total,SI,Slovenia,2022,,22037,,,,,
dataflow,ESTAT:DEMO_PJAN(1.0),Population on 1 January by age and sex,A,Annual,NR,Number,Y25,25 years,T,Total,SI,Slovenia,2023,,21910,,,,,
dataflow,ESTAT:DEMO_PJAN(1.0),Population on 1 January by age and sex,A,Annual,NR,Number,Y25,25 years,T,Total,SI,Slovenia,2024,,21417,,,,,
dataflow,ESTAT:DEMO_PJAN(1.0),Population on 1 January by age and sex,A,Annual,NR,Number,Y25,25 years,T,Total,SI,Slovenia,2025,,21159,,,,,
dataflow,ESTAT:DEMO_PJAN(1.0),Population on 1 January by age and sex,A,Annual,NR,Number,Y26,26 years,F,Females,SI,Slovenia,2016,,11825,,,,,
dataflow,ESTAT:DEMO_PJAN(1.0),Population on 1 January by age and sex,A,Annual,NR,Number,Y26,26 years,F,Females,SI,Slovenia,2017,,11309,,,,,
dataflow,ESTAT:DEMO_PJAN(1.0),Population on 1 January by age and sex,A,Annual,NR,Number,Y26,26 years,F,Females,SI,Slovenia,2018,,10888,,,,,
dataflow,ESTAT:DEMO_PJAN(1.0),Population on 1 January by age and sex,A,Annual,NR,Number,Y26,26 years,F,Females,SI,Slovenia,2019,,10216,,,,,
dataflow,ESTAT:DEMO_PJAN(1.0),Population on 1 January by age and sex,A,Annual,NR,Number,Y26,26 years,F,Females,SI,Slovenia,2020,,10241,,,,,
dataflow,ESTAT:DEMO_PJAN(1.0),Population on 1 January by age and sex,A,Annual,NR,Number,Y26,26 years,F,Females,SI,Slovenia,2021,,10314,,,,,
dataflow,ESTAT:DEMO_PJAN(1.0),Population on 1 January by age and sex,A,Annual,NR,Number,Y26,26 years,F,Females,SI,Slovenia,2022,,10149,,,,,
dataflow,ESTAT:DEMO_PJAN(1.0),Population on 1 January by age and sex,A,Annual,NR,Number,Y26,26 years,F,Females,SI,Slovenia,2023,,10187,,,,,
dataflow,ESTAT:DEMO_PJAN(1.0),Population on 1 January by age and sex,A,Annual,NR,Number,Y26,26 years,F,Females,SI,Slovenia,2024,,10202,,,,,
dataflow,ESTAT:DEMO_PJAN(1.0),Population on 1 January by age and sex,A,Annual,NR,Number,Y26,26 years,F,Females,SI,Slovenia,2025,,9997,,,,,
dataflow,ESTAT:DEMO_PJAN(1.0),Population on 1 January by age and sex,A,Annual,NR,Number,Y26,26 years,M,Males,SI,Slovenia,2016,,12696,,,,,
dataflow,ESTAT:DEMO_PJAN(1.0),Population on 1 January by age and sex,A,Annual,NR,Number,Y26,26 years,M,Males,SI,Slovenia,2017,,11982,,,,,
dataflow,ESTAT:DEMO_PJAN(1.0),Population on 1 January by age and sex,A,Annual,NR,Number,Y26,26 years,M,Males,SI,Slovenia,2018,,11718,,,,,
dataflow,ESTAT:DEMO_PJAN(1.0),Population on 1 January by age and sex,A,Annual,NR,Number,Y26,26 years,M,Males,SI,Slovenia,2019,,11367,,,,,
dataflow,ESTAT:DEMO_PJAN(1.0),Population on 1 January by age and sex,A,Annual,NR,Number,Y26,26 years,M,Males,SI,Slovenia,2020,,11780,,,,,
dataflow,ESTAT:DEMO_PJAN(1.0),Population on 1 January by age and sex,A,Annual,NR,Number,Y26,26 years,M,Males,SI,Slovenia,2021,,11846,,,,,
dataflow,ESTAT:DEMO_PJAN(1.0),Population on 1 January by age and sex,A,Annual,NR,Number,Y26,26 years,M,Males,SI,Slovenia,2022,,11765,,,,,
dataflow,ESTAT:DEMO_PJAN(1.0),Population on 1 January by age and sex,A,Annual,NR,Number,Y26,26 years,M,Males,SI,Slovenia,2023,,12308,,,,,
dataflow,ESTAT:DEMO_PJAN(1.0),Population on 1 January by age and sex,A,Annual,NR,Number,Y26,26 years,M,Males,SI,Slovenia,2024,,12055,,,,,
dataflow,ESTAT:DEMO_PJAN(1.0),Population on 1 January by age and sex,A,Annual,NR,Number,Y26,26 years,M,Males,SI,Slovenia,2025,,11800,,,,,
dataflow,ESTAT:DEMO_PJAN(1.0),Population on 1 January by age and sex,A,Annual,NR,Number,Y26,26 years,T,Total,SI,Slovenia,2016,,24521,,,,,
dataflow,ESTAT:DEMO_PJAN(1.0),Population on 1 January by age and sex,A,Annual,NR,Number,Y26,26 years,T,Total,SI,Slovenia,2017,,23291,,,,,
dataflow,ESTAT:DEMO_PJAN(1.0),Population on 1 January by age and sex,A,Annual,NR,Number,Y26,26 years,T,Total,SI,Slovenia,2018,,22606,,,,,
dataflow,ESTAT:DEMO_PJAN(1.0),Population on 1 January by age and sex,A,Annual,NR,Number,Y26,26 years,T,Total,SI,Slovenia,2019,,21583,,,,,
dataflow,ESTAT:DEMO_PJAN(1.0),Population on 1 January by age and sex,A,Annual,NR,Number,Y26,26 years,T,Total,SI,Slovenia,2020,,22021,,,,,
dataflow,ESTAT:DEMO_PJAN(1.0),Population on 1 January by age and sex,A,Annual,NR,Number,Y26,26 years,T,Total,SI,Slovenia,2021,,22160,,,,,
dataflow,ESTAT:DEMO_PJAN(1.0),Population on 1 January by age and sex,A,Annual,NR,Number,Y26,26 years,T,Total,SI,Slovenia,2022,,21914,,,,,
dataflow,ESTAT:DEMO_PJAN(1.0),Population on 1 January by age and sex,A,Annual,NR,Number,Y26,26 years,T,Total,SI,Slovenia,2023,,22495,,,,,
dataflow,ESTAT:DEMO_PJAN(1.0),Population on 1 January by age and sex,A,Annual,NR,Number,Y26,26 years,T,Total,SI,Slovenia,2024,,22257,,,,,
dataflow,ESTAT:DEMO_PJAN(1.0),Population on 1 January by age and sex,A,Annual,NR,Number,Y26,26 years,T,Total,SI,Slovenia,2025,,21797,,,,,
dataflow,ESTAT:DEMO_PJAN(1.0),Population on 1 January by age and sex,A,Annual,NR,Number,Y27,27 years,F,Females,SI,Slovenia,2016,,12726,,,,,
dataflow,ESTAT:DEMO_PJAN(1.0),Population on 1 January by age and sex,A,Annual,NR,Number,Y27,27 years,F,Females,SI,Slovenia,2017,,11745,,,,,
dataflow,ESTAT:DEMO_PJAN(1.0),Population on 1 January by age and sex,A,Annual,NR,Number,Y27,27 years,F,Females,SI,Slovenia,2018,,11246,,,,,
dataflow,ESTAT:DEMO_PJAN(1.0),Population on 1 January by age and sex,A,Annual,NR,Number,Y27,27 years,F,Females,SI,Slovenia,2019,,10935,,,,,
dataflow,ESTAT:DEMO_PJAN(1.0),Population on 1 January by age and sex,A,Annual,NR,Number,Y27,27 years,F,Females,SI,Slovenia,2020,,10251,,,,,
dataflow,ESTAT:DEMO_PJAN(1.0),Population on 1 January by age and sex,A,Annual,NR,Number,Y27,27 years,F,Females,SI,Slovenia,2021,,10374,,,,,
dataflow,ESTAT:DEMO_PJAN(1.0),Population on 1 January by age and sex,A,Annual,NR,Number,Y27,27 years,F,Females,SI,Slovenia,2022,,10378,,,,,
dataflow,ESTAT:DEMO_PJAN(1.0),Population on 1 January by age and sex,A,Annual,NR,Number,Y27,27 years,F,Females,SI,Slovenia,2023,,10288,,,,,
dataflow,ESTAT:DEMO_PJAN(1.0),Population on 1 January by age and sex,A,Annual,NR,Number,Y27,27 years,F,Females,SI,Slovenia,2024,,10319,,,,,
dataflow,ESTAT:DEMO_PJAN(1.0),Population on 1 January by age and sex,A,Annual,NR,Number,Y27,27 years,F,Females,SI,Slovenia,2025,,10325,,,,,
dataflow,ESTAT:DEMO_PJAN(1.0),Population on 1 January by age and sex,A,Annual,NR,Number,Y27,27 years,M,Males,SI,Slovenia,2016,,13861,,,,,
dataflow,ESTAT:DEMO_PJAN(1.0),Population on 1 January by age and sex,A,Annual,NR,Number,Y27,27 years,M,Males,SI,Slovenia,2017,,12684,,,,,
dataflow,ESTAT:DEMO_PJAN(1.0),Population on 1 January by age and sex,A,Annual,NR,Number,Y27,27 years,M,Males,SI,Slovenia,2018,,12071,,,,,
dataflow,ESTAT:DEMO_PJAN(1.0),Population on 1 January by age and sex,A,Annual,NR,Number,Y27,27 years,M,Males,SI,Slovenia,2019,,12188,,,,,
dataflow,ESTAT:DEMO_PJAN(1.0),Population on 1 January by age and sex,A,Annual,NR,Number,Y27,27 years,M,Males,SI,Slovenia,2020,,11840,,,,,
dataflow,ESTAT:DEMO_PJAN(1.0),Population on 1 January by age and sex,A,Annual,NR,Number,Y27,27 years,M,Males,SI,Slovenia,2021,,12005,,,,,
dataflow,ESTAT:DEMO_PJAN(1.0),Population on 1 January by age and sex,A,Annual,NR,Number,Y27,27 years,M,Males,SI,Slovenia,2022,,11848,,,,,
dataflow,ESTAT:DEMO_PJAN(1.0),Population on 1 January by age and sex,A,Annual,NR,Number,Y27,27 years,M,Males,SI,Slovenia,2023,,12014,,,,,
dataflow,ESTAT:DEMO_PJAN(1.0),Population on 1 January by age and sex,A,Annual,NR,Number,Y27,27 years,M,Males,SI,Slovenia,2024,,12496,,,,,
dataflow,ESTAT:DEMO_PJAN(1.0),Population on 1 January by age and sex,A,Annual,NR,Number,Y27,27 years,M,Males,SI,Slovenia,2025,,12164,,,,,
dataflow,ESTAT:DEMO_PJAN(1.0),Population on 1 January by age and sex,A,Annual,NR,Number,Y27,27 years,T,Total,SI,Slovenia,2016,,26587,,,,,
dataflow,ESTAT:DEMO_PJAN(1.0),Population on 1 January by age and sex,A,Annual,NR,Number,Y27,27 years,T,Total,SI,Slovenia,2017,,24429,,,,,
dataflow,ESTAT:DEMO_PJAN(1.0),Population on 1 January by age and sex,A,Annual,NR,Number,Y27,27 years,T,Total,SI,Slovenia,2018,,23317,,,,,
dataflow,ESTAT:DEMO_PJAN(1.0),Population on 1 January by age and sex,A,Annual,NR,Number,Y27,27 years,T,Total,SI,Slovenia,2019,,23123,,,,,
dataflow,ESTAT:DEMO_PJAN(1.0),Population on 1 January by age and sex,A,Annual,NR,Number,Y27,27 years,T,Total,SI,Slovenia,2020,,22091,,,,,
dataflow,ESTAT:DEMO_PJAN(1.0),Population on 1 January by age and sex,A,Annual,NR,Number,Y27,27 years,T,Total,SI,Slovenia,2021,,22379,,,,,
dataflow,ESTAT:DEMO_PJAN(1.0),Population on 1 January by age and sex,A,Annual,NR,Number,Y27,27 years,T,Total,SI,Slovenia,2022,,22226,,,,,
dataflow,ESTAT:DEMO_PJAN(1.0),Population on 1 January by age and sex,A,Annual,NR,Number,Y27,27 years,T,Total,SI,Slovenia,2023,,22302,,,,,
dataflow,ESTAT:DEMO_PJAN(1.0),Population on 1 January by age and sex,A,Annual,NR,Number,Y27,27 years,T,Total,SI,Slovenia,2024,,22815,,,,,
dataflow,ESTAT:DEMO_PJAN(1.0),Population on 1 January by age and sex,A,Annual,NR,Number,Y27,27 years,T,Total,SI,Slovenia,2025,,22489,,,,,
dataflow,ESTAT:DEMO_PJAN(1.0),Population on 1 January by age and sex,A,Annual,NR,Number,Y28,28 years,F,Females,SI,Slovenia,2016,,13013,,,,,
dataflow,ESTAT:DEMO_PJAN(1.0),Population on 1 January by age and sex,A,Annual,NR,Number,Y28,28 years,F,Females,SI,Slovenia,2017,,12677,,,,,
dataflow,ESTAT:DEMO_PJAN(1.0),Population on 1 January by age and sex,A,Annual,NR,Number,Y28,28 years,F,Females,SI,Slovenia,2018,,11636,,,,,
dataflow,ESTAT:DEMO_PJAN(1.0),Population on 1 January by age and sex,A,Annual,NR,Number,Y28,28 years,F,Females,SI,Slovenia,2019,,11292,,,,,
dataflow,ESTAT:DEMO_PJAN(1.0),Population on 1 January by age and sex,A,Annual,NR,Number,Y28,28 years,F,Females,SI,Slovenia,2020,,11031,,,,,
dataflow,ESTAT:DEMO_PJAN(1.0),Population on 1 January by age and sex,A,Annual,NR,Number,Y28,28 years,F,Females,SI,Slovenia,2021,,10402,,,,,
dataflow,ESTAT:DEMO_PJAN(1.0),Population on 1 January by age and sex,A,Annual,NR,Number,Y28,28 years,F,Females,SI,Slovenia,2022,,10413,,,,,
dataflow,ESTAT:DEMO_PJAN(1.0),Population on 1 January by age and sex,A,Annual,NR,Number,Y28,28 years,F,Females,SI,Slovenia,2023,,10479,,,,,
dataflow,ESTAT:DEMO_PJAN(1.0),Population on 1 January by age and sex,A,Annual,NR,Number,Y28,28 years,F,Females,SI,Slovenia,2024,,10396,,,,,
dataflow,ESTAT:DEMO_PJAN(1.0),Population on 1 January by age and sex,A,Annual,NR,Number,Y28,28 years,F,Females,SI,Slovenia,2025,,10445,,,,,
dataflow,ESTAT:DEMO_PJAN(1.0),Population on 1 January by age and sex,A,Annual,NR,Number,Y28,28 years,M,Males,SI,Slovenia,2016,,14095,,,,,
dataflow,ESTAT:DEMO_PJAN(1.0),Population on 1 January by age and sex,A,Annual,NR,Number,Y28,28 years,M,Males,SI,Slovenia,2017,,13852,,,,,
dataflow,ESTAT:DEMO_PJAN(1.0),Population on 1 January by age and sex,A,Annual,NR,Number,Y28,28 years,M,Males,SI,Slovenia,2018,,12731,,,,,
dataflow,ESTAT:DEMO_PJAN(1.0),Population on 1 January by age and sex,A,Annual,NR,Number,Y28,28 years,M,Males,SI,Slovenia,2019,,12413,,,,,
dataflow,ESTAT:DEMO_PJAN(1.0),Population on 1 January by age and sex,A,Annual,NR,Number,Y28,28 years,M,Males,SI,Slovenia,2020,,12673,,,,,
dataflow,ESTAT:DEMO_PJAN(1.0),Population on 1 January by age and sex,A,Annual,NR,Number,Y28,28 years,M,Males,SI,Slovenia,2021,,12094,,,,,
dataflow,ESTAT:DEMO_PJAN(1.0),Population on 1 January by age and sex,A,Annual,NR,Number,Y28,28 years,M,Males,SI,Slovenia,2022,,11958,,,,,
dataflow,ESTAT:DEMO_PJAN(1.0),Population on 1 January by age and sex,A,Annual,NR,Number,Y28,28 years,M,Males,SI,Slovenia,2023,,12026,,,,,
dataflow,ESTAT:DEMO_PJAN(1.0),Population on 1 January by age and sex,A,Annual,NR,Number,Y28,28 years,M,Males,SI,Slovenia,2024,,12170,,,,,
dataflow,ESTAT:DEMO_PJAN(1.0),Population on 1 January by age and sex,A,Annual,NR,Number,Y28,28 years,M,Males,SI,Slovenia,2025,,12630,,,,,
dataflow,ESTAT:DEMO_PJAN(1.0),Population on 1 January by age and sex,A,Annual,NR,Number,Y28,28 years,T,Total,SI,Slovenia,2016,,27108,,,,,
dataflow,ESTAT:DEMO_PJAN(1.0),Population on 1 January by age and sex,A,Annual,NR,Number,Y28,28 years,T,Total,SI,Slovenia,2017,,26529,,,,,
dataflow,ESTAT:DEMO_PJAN(1.0),Population on 1 January by age and sex,A,Annual,NR,Number,Y28,28 years,T,Total,SI,Slovenia,2018,,24367,,,,,
dataflow,ESTAT:DEMO_PJAN(1.0),Population on 1 January by age and sex,A,Annual,NR,Number,Y28,28 years,T,Total,SI,Slovenia,2019,,23705,,,,,
dataflow,ESTAT:DEMO_PJAN(1.0),Population on 1 January by age and sex,A,Annual,NR,Number,Y28,28 years,T,Total,SI,Slovenia,2020,,23704,,,,,
dataflow,ESTAT:DEMO_PJAN(1.0),Population on 1 January by age and sex,A,Annual,NR,Number,Y28,28 years,T,Total,SI,Slovenia,2021,,22496,,,,,
dataflow,ESTAT:DEMO_PJAN(1.0),Population on 1 January by age and sex,A,Annual,NR,Number,Y28,28 years,T,Total,SI,Slovenia,2022,,22371,,,,,
dataflow,ESTAT:DEMO_PJAN(1.0),Population on 1 January by age and sex,A,Annual,NR,Number,Y28,28 years,T,Total,SI,Slovenia,2023,,22505,,,,,
dataflow,ESTAT:DEMO_PJAN(1.0),Population on 1 January by age and sex,A,Annual,NR,Number,Y28,28 years,T,Total,SI,Slovenia,2024,,22566,,,,,
dataflow,ESTAT:DEMO_PJAN(1.0),Population on 1 January by age and sex,A,Annual,NR,Number,Y28,28 years,T,Total,SI,Slovenia,2025,,23075,,,,,
dataflow,ESTAT:DEMO_PJAN(1.0),Population on 1 January by age and sex,A,Annual,NR,Number,Y29,29 years,F,Females,SI,Slovenia,2016,,12772,,,,,
dataflow,ESTAT:DEMO_PJAN(1.0),Population on 1 January by age and sex,A,Annual,NR,Number,Y29,29 years,F,Females,SI,Slovenia,2017,,12965,,,,,
dataflow,ESTAT:DEMO_PJAN(1.0),Population on 1 January by age and sex,A,Annual,NR,Number,Y29,29 years,F,Females,SI,Slovenia,2018,,12592,,,,,
dataflow,ESTAT:DEMO_PJAN(1.0),Population on 1 January by age and sex,A,Annual,NR,Number,Y29,29 years,F,Females,SI,Slovenia,2019,,11730,,,,,
dataflow,ESTAT:DEMO_PJAN(1.0),Population on 1 January by age and sex,A,Annual,NR,Number,Y29,29 years,F,Females,SI,Slovenia,2020,,11385,,,,,
dataflow,ESTAT:DEMO_PJAN(1.0),Population on 1 January by age and sex,A,Annual,NR,Number,Y29,29 years,F,Females,SI,Slovenia,2021,,11155,,,,,
dataflow,ESTAT:DEMO_PJAN(1.0),Population on 1 January by age and sex,A,Annual,NR,Number,Y29,29 years,F,Females,SI,Slovenia,2022,,10455,,,,,
dataflow,ESTAT:DEMO_PJAN(1.0),Population on 1 January by age and sex,A,Annual,NR,Number,Y29,29 years,F,Females,SI,Slovenia,2023,,10495,,,,,
dataflow,ESTAT:DEMO_PJAN(1.0),Population on 1 January by age and sex,A,Annual,NR,Number,Y29,29 years,F,Females,SI,Slovenia,2024,,10524,,,,,
dataflow,ESTAT:DEMO_PJAN(1.0),Population on 1 January by age and sex,A,Annual,NR,Number,Y29,29 years,F,Females,SI,Slovenia,2025,,10497,,,,,
dataflow,ESTAT:DEMO_PJAN(1.0),Population on 1 January by age and sex,A,Annual,NR,Number,Y29,29 years,M,Males,SI,Slovenia,2016,,13895,,,,,
dataflow,ESTAT:DEMO_PJAN(1.0),Population on 1 January by age and sex,A,Annual,NR,Number,Y29,29 years,M,Males,SI,Slovenia,2017,,14063,,,,,
dataflow,ESTAT:DEMO_PJAN(1.0),Population on 1 January by age and sex,A,Annual,NR,Number,Y29,29 years,M,Males,SI,Slovenia,2018,,13888,,,,,
dataflow,ESTAT:DEMO_PJAN(1.0),Population on 1 January by age and sex,A,Annual,NR,Number,Y29,29 years,M,Males,SI,Slovenia,2019,,13103,,,,,
dataflow,ESTAT:DEMO_PJAN(1.0),Population on 1 January by age and sex,A,Annual,NR,Number,Y29,29 years,M,Males,SI,Slovenia,2020,,12848,,,,,
dataflow,ESTAT:DEMO_PJAN(1.0),Population on 1 January by age and sex,A,Annual,NR,Number,Y29,29 years,M,Males,SI,Slovenia,2021,,12956,,,,,
dataflow,ESTAT:DEMO_PJAN(1.0),Population on 1 January by age and sex,A,Annual,NR,Number,Y29,29 years,M,Males,SI,Slovenia,2022,,12087,,,,,
dataflow,ESTAT:DEMO_PJAN(1.0),Population on 1 January by age and sex,A,Annual,NR,Number,Y29,29 years,M,Males,SI,Slovenia,2023,,12122,,,,,
dataflow,ESTAT:DEMO_PJAN(1.0),Population on 1 January by age and sex,A,Annual,NR,Number,Y29,29 years,M,Males,SI,Slovenia,2024,,12296,,,,,
dataflow,ESTAT:DEMO_PJAN(1.0),Population on 1 January by age and sex,A,Annual,NR,Number,Y29,29 years,M,Males,SI,Slovenia,2025,,12301,,,,,
dataflow,ESTAT:DEMO_PJAN(1.0),Population on 1 January by age and sex,A,Annual,NR,Number,Y29,29 years,T,Total,SI,Slovenia,2016,,26667,,,,,
dataflow,ESTAT:DEMO_PJAN(1.0),Population on 1 January by age and sex,A,Annual,NR,Number,Y29,29 years,T,Total,SI,Slovenia,2017,,27028,,,,,
dataflow,ESTAT:DEMO_PJAN(1.0),Population on 1 January by age and sex,A,Annual,NR,Number,Y29,29 years,T,Total,SI,Slovenia,2018,,26480,,,,,
dataflow,ESTAT:DEMO_PJAN(1.0),Population on 1 January by age and sex,A,Annual,NR,Number,Y29,29 years,T,Total,SI,Slovenia,2019,,24833,,,,,
dataflow,ESTAT:DEMO_PJAN(1.0),Population on 1 January by age and sex,A,Annual,NR,Number,Y29,29 years,T,Total,SI,Slovenia,2020,,24233,,,,,
dataflow,ESTAT:DEMO_PJAN(1.0),Population on 1 January by age and sex,A,Annual,NR,Number,Y29,29 years,T,Total,SI,Slovenia,2021,,24111,,,,,
dataflow,ESTAT:DEMO_PJAN(1.0),Population on 1 January by age and sex,A,Annual,NR,Number,Y29,29 years,T,Total,SI,Slovenia,2022,,22542,,,,,
dataflow,ESTAT:DEMO_PJAN(1.0),Population on 1 January by age and sex,A,Annual,NR,Number,Y29,29 years,T,Total,SI,Slovenia,2023,,22617,,,,,
dataflow,ESTAT:DEMO_PJAN(1.0),Population on 1 January by age and sex,A,Annual,NR,Number,Y29,29 years,T,Total,SI,Slovenia,2024,,22820,,,,,
dataflow,ESTAT:DEMO_PJAN(1.0),Population on 1 January by age and sex,A,Annual,NR,Number,Y29,29 years,T,Total,SI,Slovenia,2025,,22798,,,,,
dataflow,ESTAT:DEMO_PJAN(1.0),Population on 1 January by age and sex,A,Annual,NR,Number,Y3,3 years,F,Females,SI,Slovenia,2016,,10685,,,,,
dataflow,ESTAT:DEMO_PJAN(1.0),Population on 1 January by age and sex,A,Annual,NR,Number,Y3,3 years,F,Females,SI,Slovenia,2017,,10353,,,,,
dataflow,ESTAT:DEMO_PJAN(1.0),Population on 1 January by age and sex,A,Annual,NR,Number,Y3,3 years,F,Females,SI,Slovenia,2018,,10262,,,,,
dataflow,ESTAT:DEMO_PJAN(1.0),Population on 1 January by age and sex,A,Annual,NR,Number,Y3,3 years,F,Females,SI,Slovenia,2019,,10052,,,,,
dataflow,ESTAT:DEMO_PJAN(1.0),Population on 1 January by age and sex,A,Annual,NR,Number,Y3,3 years,F,Females,SI,Slovenia,2020,,10097,,,,,
dataflow,ESTAT:DEMO_PJAN(1.0),Population on 1 January by age and sex,A,Annual,NR,Number,Y3,3 years,F,Females,SI,Slovenia,2021,,9894,,,,,
dataflow,ESTAT:DEMO_PJAN(1.0),Population on 1 January by age and sex,A,Annual,NR,Number,Y3,3 years,F,Females,SI,Slovenia,2022,,9597,,,,,
dataflow,ESTAT:DEMO_PJAN(1.0),Population on 1 January by age and sex,A,Annual,NR,Number,Y3,3 years,F,Females,SI,Slovenia,2023,,9608,,,,,
dataflow,ESTAT:DEMO_PJAN(1.0),Population on 1 January by age and sex,A,Annual,NR,Number,Y3,3 years,F,Females,SI,Slovenia,2024,,9248,,,,,
dataflow,ESTAT:DEMO_PJAN(1.0),Population on 1 January by age and sex,A,Annual,NR,Number,Y3,3 years,F,Females,SI,Slovenia,2025,,9367,,,,,
dataflow,ESTAT:DEMO_PJAN(1.0),Population on 1 January by age and sex,A,Annual,NR,Number,Y3,3 years,M,Males,SI,Slovenia,2016,,11444,,,,,
dataflow,ESTAT:DEMO_PJAN(1.0),Population on 1 January by age and sex,A,Annual,NR,Number,Y3,3 years,M,Males,SI,Slovenia,2017,,10855,,,,,
dataflow,ESTAT:DEMO_PJAN(1.0),Population on 1 January by age and sex,A,Annual,NR,Number,Y3,3 years,M,Males,SI,Slovenia,2018,,10923,,,,,
dataflow,ESTAT:DEMO_PJAN(1.0),Population on 1 January by age and sex,A,Annual,NR,Number,Y3,3 years,M,Males,SI,Slovenia,2019,,10635,,,,,
dataflow,ESTAT:DEMO_PJAN(1.0),Population on 1 January by age and sex,A,Annual,NR,Number,Y3,3 years,M,Males,SI,Slovenia,2020,,10487,,,,,
dataflow,ESTAT:DEMO_PJAN(1.0),Population on 1 January by age and sex,A,Annual,NR,Number,Y3,3 years,M,Males,SI,Slovenia,2021,,10666,,,,,
dataflow,ESTAT:DEMO_PJAN(1.0),Population on 1 January by age and sex,A,Annual,NR,Number,Y3,3 years,M,Males,SI,Slovenia,2022,,10335,,,,,
dataflow,ESTAT:DEMO_PJAN(1.0),Population on 1 January by age and sex,A,Annual,NR,Number,Y3,3 years,M,Males,SI,Slovenia,2023,,10202,,,,,
dataflow,ESTAT:DEMO_PJAN(1.0),Population on 1 January by age and sex,A,Annual,NR,Number,Y3,3 years,M,Males,SI,Slovenia,2024,,9888,,,,,
dataflow,ESTAT:DEMO_PJAN(1.0),Population on 1 January by age and sex,A,Annual,NR,Number,Y3,3 years,M,Males,SI,Slovenia,2025,,10020,,,,,
dataflow,ESTAT:DEMO_PJAN(1.0),Population on 1 January by age and sex,A,Annual,NR,Number,Y3,3 years,T,Total,SI,Slovenia,2016,,22129,,,,,
dataflow,ESTAT:DEMO_PJAN(1.0),Population on 1 January by age and sex,A,Annual,NR,Number,Y3,3 years,T,Total,SI,Slovenia,2017,,21208,,,,,
dataflow,ESTAT:DEMO_PJAN(1.0),Population on 1 January by age and sex,A,Annual,NR,Number,Y3,3 years,T,Total,SI,Slovenia,2018,,21185,,,,,
dataflow,ESTAT:DEMO_PJAN(1.0),Population on 1 January by age and sex,A,Annual,NR,Number,Y3,3 years,T,Total,SI,Slovenia,2019,,20687,,,,,
dataflow,ESTAT:DEMO_PJAN(1.0),Population on 1 January by age and sex,A,Annual,NR,Number,Y3,3 years,T,Total,SI,Slovenia,2020,,20584,,,,,
dataflow,ESTAT:DEMO_PJAN(1.0),Population on 1 January by age and sex,A,Annual,NR,Number,Y3,3 years,T,Total,SI,Slovenia,2021,,20560,,,,,
dataflow,ESTAT:DEMO_PJAN(1.0),Population on 1 January by age and sex,A,Annual,NR,Number,Y3,3 years,T,Total,SI,Slovenia,2022,,19932,,,,,
dataflow,ESTAT:DEMO_PJAN(1.0),Population on 1 January by age and sex,A,Annual,NR,Number,Y3,3 years,T,Total,SI,Slovenia,2023,,19810,,,,,
dataflow,ESTAT:DEMO_PJAN(1.0),Population on 1 January by age and sex,A,Annual,NR,Number,Y3,3 years,T,Total,SI,Slovenia,2024,,19136,,,,,
dataflow,ESTAT:DEMO_PJAN(1.0),Population on 1 January by age and sex,A,Annual,NR,Number,Y3,3 years,T,Total,SI,Slovenia,2025,,19387,,,,,
dataflow,ESTAT:DEMO_PJAN(1.0),Population on 1 January by age and sex,A,Annual,NR,Number,Y30,30 years,F,Females,SI,Slovenia,2016,,13239,,,,,
dataflow,ESTAT:DEMO_PJAN(1.0),Population on 1 January by age and sex,A,Annual,NR,Number,Y30,30 years,F,Females,SI,Slovenia,2017,,12693,,,,,
dataflow,ESTAT:DEMO_PJAN(1.0),Population on 1 January by age and sex,A,Annual,NR,Number,Y30,30 years,F,Females,SI,Slovenia,2018,,12890,,,,,
dataflow,ESTAT:DEMO_PJAN(1.0),Population on 1 January by age and sex,A,Annual,NR,Number,Y30,30 years,F,Females,SI,Slovenia,2019,,12675,,,,,
dataflow,ESTAT:DEMO_PJAN(1.0),Population on 1 January by age and sex,A,Annual,NR,Number,Y30,30 years,F,Females,SI,Slovenia,2020,,11773,,,,,
dataflow,ESTAT:DEMO_PJAN(1.0),Population on 1 January by age and sex,A,Annual,NR,Number,Y30,30 years,F,Females,SI,Slovenia,2021,,11520,,,,,
dataflow,ESTAT:DEMO_PJAN(1.0),Population on 1 January by age and sex,A,Annual,NR,Number,Y30,30 years,F,Females,SI,Slovenia,2022,,11200,,,,,
dataflow,ESTAT:DEMO_PJAN(1.0),Population on 1 January by age and sex,A,Annual,NR,Number,Y30,30 years,F,Females,SI,Slovenia,2023,,10539,,,,,
dataflow,ESTAT:DEMO_PJAN(1.0),Population on 1 January by age and sex,A,Annual,NR,Number,Y30,30 years,F,Females,SI,Slovenia,2024,,10528,,,,,
dataflow,ESTAT:DEMO_PJAN(1.0),Population on 1 January by age and sex,A,Annual,NR,Number,Y30,30 years,F,Females,SI,Slovenia,2025,,10664,,,,,
dataflow,ESTAT:DEMO_PJAN(1.0),Population on 1 January by age and sex,A,Annual,NR,Number,Y30,30 years,M,Males,SI,Slovenia,2016,,14447,,,,,
dataflow,ESTAT:DEMO_PJAN(1.0),Population on 1 January by age and sex,A,Annual,NR,Number,Y30,30 years,M,Males,SI,Slovenia,2017,,13840,,,,,
dataflow,ESTAT:DEMO_PJAN(1.0),Population on 1 January by age and sex,A,Annual,NR,Number,Y30,30 years,M,Males,SI,Slovenia,2018,,14082,,,,,
dataflow,ESTAT:DEMO_PJAN(1.0),Population on 1 January by age and sex,A,Annual,NR,Number,Y30,30 years,M,Males,SI,Slovenia,2019,,14239,,,,,
dataflow,ESTAT:DEMO_PJAN(1.0),Population on 1 January by age and sex,A,Annual,NR,Number,Y30,30 years,M,Males,SI,Slovenia,2020,,13493,,,,,
dataflow,ESTAT:DEMO_PJAN(1.0),Population on 1 January by age and sex,A,Annual,NR,Number,Y30,30 years,M,Males,SI,Slovenia,2021,,13065,,,,,
dataflow,ESTAT:DEMO_PJAN(1.0),Population on 1 January by age and sex,A,Annual,NR,Number,Y30,30 years,M,Males,SI,Slovenia,2022,,12924,,,,,
dataflow,ESTAT:DEMO_PJAN(1.0),Population on 1 January by age and sex,A,Annual,NR,Number,Y30,30 years,M,Males,SI,Slovenia,2023,,12248,,,,,
dataflow,ESTAT:DEMO_PJAN(1.0),Population on 1 January by age and sex,A,Annual,NR,Number,Y30,30 years,M,Males,SI,Slovenia,2024,,12315,,,,,
dataflow,ESTAT:DEMO_PJAN(1.0),Population on 1 January by age and sex,A,Annual,NR,Number,Y30,30 years,M,Males,SI,Slovenia,2025,,12411,,,,,
dataflow,ESTAT:DEMO_PJAN(1.0),Population on 1 January by age and sex,A,Annual,NR,Number,Y30,30 years,T,Total,SI,Slovenia,2016,,27686,,,,,
dataflow,ESTAT:DEMO_PJAN(1.0),Population on 1 January by age and sex,A,Annual,NR,Number,Y30,30 years,T,Total,SI,Slovenia,2017,,26533,,,,,
dataflow,ESTAT:DEMO_PJAN(1.0),Population on 1 January by age and sex,A,Annual,NR,Number,Y30,30 years,T,Total,SI,Slovenia,2018,,26972,,,,,
dataflow,ESTAT:DEMO_PJAN(1.0),Population on 1 January by age and sex,A,Annual,NR,Number,Y30,30 years,T,Total,SI,Slovenia,2019,,26914,,,,,
dataflow,ESTAT:DEMO_PJAN(1.0),Population on 1 January by age and sex,A,Annual,NR,Number,Y30,30 years,T,Total,SI,Slovenia,2020,,25266,,,,,
dataflow,ESTAT:DEMO_PJAN(1.0),Population on 1 January by age and sex,A,Annual,NR,Number,Y30,30 years,T,Total,SI,Slovenia,2021,,24585,,,,,
dataflow,ESTAT:DEMO_PJAN(1.0),Population on 1 January by age and sex,A,Annual,NR,Number,Y30,30 years,T,Total,SI,Slovenia,2022,,24124,,,,,
dataflow,ESTAT:DEMO_PJAN(1.0),Population on 1 January by age and sex,A,Annual,NR,Number,Y30,30 years,T,Total,SI,Slovenia,2023,,22787,,,,,
dataflow,ESTAT:DEMO_PJAN(1.0),Population on 1 January by age and sex,A,Annual,NR,Number,Y30,30 years,T,Total,SI,Slovenia,2024,,22843,,,,,
dataflow,ESTAT:DEMO_PJAN(1.0),Population on 1 January by age and sex,A,Annual,NR,Number,Y30,30 years,T,Total,SI,Slovenia,2025,,23075,,,,,
dataflow,ESTAT:DEMO_PJAN(1.0),Population on 1 January by age and sex,A,Annual,NR,Number,Y31,31 years,F,Females,SI,Slovenia,2016,,13523,,,,,
dataflow,ESTAT:DEMO_PJAN(1.0),Population on 1 January by age and sex,A,Annual,NR,Number,Y31,31 years,F,Females,SI,Slovenia,2017,,13178,,,,,
dataflow,ESTAT:DEMO_PJAN(1.0),Population on 1 January by age and sex,A,Annual,NR,Number,Y31,31 years,F,Females,SI,Slovenia,2018,,12618,,,,,
dataflow,ESTAT:DEMO_PJAN(1.0),Population on 1 January by age and sex,A,Annual,NR,Number,Y31,31 years,F,Females,SI,Slovenia,2019,,12983,,,,,
dataflow,ESTAT:DEMO_PJAN(1.0),Population on 1 January by age and sex,A,Annual,NR,Number,Y31,31 years,F,Females,SI,Slovenia,2020,,12765,,,,,
dataflow,ESTAT:DEMO_PJAN(1.0),Population on 1 January by age and sex,A,Annual,NR,Number,Y31,31 years,F,Females,SI,Slovenia,2021,,11881,,,,,
dataflow,ESTAT:DEMO_PJAN(1.0),Population on 1 January by age and sex,A,Annual,NR,Number,Y31,31 years,F,Females,SI,Slovenia,2022,,11604,,,,,
dataflow,ESTAT:DEMO_PJAN(1.0),Population on 1 January by age and sex,A,Annual,NR,Number,Y31,31 years,F,Females,SI,Slovenia,2023,,11327,,,,,
dataflow,ESTAT:DEMO_PJAN(1.0),Population on 1 January by age and sex,A,Annual,NR,Number,Y31,31 years,F,Females,SI,Slovenia,2024,,10618,,,,,
dataflow,ESTAT:DEMO_PJAN(1.0),Population on 1 January by age and sex,A,Annual,NR,Number,Y31,31 years,F,Females,SI,Slovenia,2025,,10622,,,,,
dataflow,ESTAT:DEMO_PJAN(1.0),Population on 1 January by age and sex,A,Annual,NR,Number,Y31,31 years,M,Males,SI,Slovenia,2016,,14593,,,,,
dataflow,ESTAT:DEMO_PJAN(1.0),Population on 1 January by age and sex,A,Annual,NR,Number,Y31,31 years,M,Males,SI,Slovenia,2017,,14455,,,,,
dataflow,ESTAT:DEMO_PJAN(1.0),Population on 1 January by age and sex,A,Annual,NR,Number,Y31,31 years,M,Males,SI,Slovenia,2018,,13867,,,,,
dataflow,ESTAT:DEMO_PJAN(1.0),Population on 1 January by age and sex,A,Annual,NR,Number,Y31,31 years,M,Males,SI,Slovenia,2019,,14439,,,,,
dataflow,ESTAT:DEMO_PJAN(1.0),Population on 1 January by age and sex,A,Annual,NR,Number,Y31,31 years,M,Males,SI,Slovenia,2020,,14679,,,,,
dataflow,ESTAT:DEMO_PJAN(1.0),Population on 1 January by age and sex,A,Annual,NR,Number,Y31,31 years,M,Males,SI,Slovenia,2021,,13733,,,,,
dataflow,ESTAT:DEMO_PJAN(1.0),Population on 1 January by age and sex,A,Annual,NR,Number,Y31,31 years,M,Males,SI,Slovenia,2022,,13057,,,,,
dataflow,ESTAT:DEMO_PJAN(1.0),Population on 1 January by age and sex,A,Annual,NR,Number,Y31,31 years,M,Males,SI,Slovenia,2023,,13089,,,,,
dataflow,ESTAT:DEMO_PJAN(1.0),Population on 1 January by age and sex,A,Annual,NR,Number,Y31,31 years,M,Males,SI,Slovenia,2024,,12389,,,,,
dataflow,ESTAT:DEMO_PJAN(1.0),Population on 1 January by age and sex,A,Annual,NR,Number,Y31,31 years,M,Males,SI,Slovenia,2025,,12419,,,,,
dataflow,ESTAT:DEMO_PJAN(1.0),Population on 1 January by age and sex,A,Annual,NR,Number,Y31,31 years,T,Total,SI,Slovenia,2016,,28116,,,,,
dataflow,ESTAT:DEMO_PJAN(1.0),Population on 1 January by age and sex,A,Annual,NR,Number,Y31,31 years,T,Total,SI,Slovenia,2017,,27633,,,,,
dataflow,ESTAT:DEMO_PJAN(1.0),Population on 1 January by age and sex,A,Annual,NR,Number,Y31,31 years,T,Total,SI,Slovenia,2018,,26485,,,,,
dataflow,ESTAT:DEMO_PJAN(1.0),Population on 1 January by age and sex,A,Annual,NR,Number,Y31,31 years,T,Total,SI,Slovenia,2019,,27422,,,,,
dataflow,ESTAT:DEMO_PJAN(1.0),Population on 1 January by age and sex,A,Annual,NR,Number,Y31,31 years,T,Total,SI,Slovenia,2020,,27444,,,,,
dataflow,ESTAT:DEMO_PJAN(1.0),Population on 1 January by age and sex,A,Annual,NR,Number,Y31,31 years,T,Total,SI,Slovenia,2021,,25614,,,,,
dataflow,ESTAT:DEMO_PJAN(1.0),Population on 1 January by age and sex,A,Annual,NR,Number,Y31,31 years,T,Total,SI,Slovenia,2022,,24661,,,,,
dataflow,ESTAT:DEMO_PJAN(1.0),Population on 1 January by age and sex,A,Annual,NR,Number,Y31,31 years,T,Total,SI,Slovenia,2023,,24416,,,,,
dataflow,ESTAT:DEMO_PJAN(1.0),Population on 1 January by age and sex,A,Annual,NR,Number,Y31,31 years,T,Total,SI,Slovenia,2024,,23007,,,,,
dataflow,ESTAT:DEMO_PJAN(1.0),Population on 1 January by age and sex,A,Annual,NR,Number,Y31,31 years,T,Total,SI,Slovenia,2025,,23041,,,,,
dataflow,ESTAT:DEMO_PJAN(1.0),Population on 1 January by age and sex,A,Annual,NR,Number,Y32,32 years,F,Females,SI,Slovenia,2016,,13772,,,,,
dataflow,ESTAT:DEMO_PJAN(1.0),Population on 1 January by age and sex,A,Annual,NR,Number,Y32,32 years,F,Females,SI,Slovenia,2017,,13518,,,,,
dataflow,ESTAT:DEMO_PJAN(1.0),Population on 1 January by age and sex,A,Annual,NR,Number,Y32,32 years,F,Females,SI,Slovenia,2018,,13161,,,,,
dataflow,ESTAT:DEMO_PJAN(1.0),Population on 1 January by age and sex,A,Annual,NR,Number,Y32,32 years,F,Females,SI,Slovenia,2019,,12683,,,,,
dataflow,ESTAT:DEMO_PJAN(1.0),Population on 1 January by age and sex,A,Annual,NR,Number,Y32,32 years,F,Females,SI,Slovenia,2020,,13065,,,,,
dataflow,ESTAT:DEMO_PJAN(1.0),Population on 1 January by age and sex,A,Annual,NR,Number,Y32,32 years,F,Females,SI,Slovenia,2021,,12883,,,,,
dataflow,ESTAT:DEMO_PJAN(1.0),Population on 1 January by age and sex,A,Annual,NR,Number,Y32,32 years,F,Females,SI,Slovenia,2022,,11949,,,,,
dataflow,ESTAT:DEMO_PJAN(1.0),Population on 1 January by age and sex,A,Annual,NR,Number,Y32,32 years,F,Females,SI,Slovenia,2023,,11739,,,,,
dataflow,ESTAT:DEMO_PJAN(1.0),Population on 1 January by age and sex,A,Annual,NR,Number,Y32,32 years,F,Females,SI,Slovenia,2024,,11426,,,,,
dataflow,ESTAT:DEMO_PJAN(1.0),Population on 1 January by age and sex,A,Annual,NR,Number,Y32,32 years,F,Females,SI,Slovenia,2025,,10718,,,,,
dataflow,ESTAT:DEMO_PJAN(1.0),Population on 1 January by age and sex,A,Annual,NR,Number,Y32,32 years,M,Males,SI,Slovenia,2016,,15019,,,,,
dataflow,ESTAT:DEMO_PJAN(1.0),Population on 1 January by age and sex,A,Annual,NR,Number,Y32,32 years,M,Males,SI,Slovenia,2017,,14619,,,,,
dataflow,ESTAT:DEMO_PJAN(1.0),Population on 1 January by age and sex,A,Annual,NR,Number,Y32,32 years,M,Males,SI,Slovenia,2018,,14448,,,,,
dataflow,ESTAT:DEMO_PJAN(1.0),Population on 1 January by age and sex,A,Annual,NR,Number,Y32,32 years,M,Males,SI,Slovenia,2019,,14198,,,,,
dataflow,ESTAT:DEMO_PJAN(1.0),Population on 1 January by age and sex,A,Annual,NR,Number,Y32,32 years,M,Males,SI,Slovenia,2020,,14844,,,,,
dataflow,ESTAT:DEMO_PJAN(1.0),Population on 1 January by age and sex,A,Annual,NR,Number,Y32,32 years,M,Males,SI,Slovenia,2021,,14823,,,,,
dataflow,ESTAT:DEMO_PJAN(1.0),Population on 1 January by age and sex,A,Annual,NR,Number,Y32,32 years,M,Males,SI,Slovenia,2022,,13673,,,,,
dataflow,ESTAT:DEMO_PJAN(1.0),Population on 1 January by age and sex,A,Annual,NR,Number,Y32,32 years,M,Males,SI,Slovenia,2023,,13240,,,,,
dataflow,ESTAT:DEMO_PJAN(1.0),Population on 1 January by age and sex,A,Annual,NR,Number,Y32,32 years,M,Males,SI,Slovenia,2024,,13250,,,,,
dataflow,ESTAT:DEMO_PJAN(1.0),Population on 1 January by age and sex,A,Annual,NR,Number,Y32,32 years,M,Males,SI,Slovenia,2025,,12422,,,,,
dataflow,ESTAT:DEMO_PJAN(1.0),Population on 1 January by age and sex,A,Annual,NR,Number,Y32,32 years,T,Total,SI,Slovenia,2016,,28791,,,,,
dataflow,ESTAT:DEMO_PJAN(1.0),Population on 1 January by age and sex,A,Annual,NR,Number,Y32,32 years,T,Total,SI,Slovenia,2017,,28137,,,,,
dataflow,ESTAT:DEMO_PJAN(1.0),Population on 1 January by age and sex,A,Annual,NR,Number,Y32,32 years,T,Total,SI,Slovenia,2018,,27609,,,,,
dataflow,ESTAT:DEMO_PJAN(1.0),Population on 1 January by age and sex,A,Annual,NR,Number,Y32,32 years,T,Total,SI,Slovenia,2019,,26881,,,,,
dataflow,ESTAT:DEMO_PJAN(1.0),Population on 1 January by age and sex,A,Annual,NR,Number,Y32,32 years,T,Total,SI,Slovenia,2020,,27909,,,,,
dataflow,ESTAT:DEMO_PJAN(1.0),Population on 1 January by age and sex,A,Annual,NR,Number,Y32,32 years,T,Total,SI,Slovenia,2021,,27706,,,,,
dataflow,ESTAT:DEMO_PJAN(1.0),Population on 1 January by age and sex,A,Annual,NR,Number,Y32,32 years,T,Total,SI,Slovenia,2022,,25622,,,,,
dataflow,ESTAT:DEMO_PJAN(1.0),Population on 1 January by age and sex,A,Annual,NR,Number,Y32,32 years,T,Total,SI,Slovenia,2023,,24979,,,,,
dataflow,ESTAT:DEMO_PJAN(1.0),Population on 1 January by age and sex,A,Annual,NR,Number,Y32,32 years,T,Total,SI,Slovenia,2024,,24676,,,,,
dataflow,ESTAT:DEMO_PJAN(1.0),Population on 1 January by age and sex,A,Annual,NR,Number,Y32,32 years,T,Total,SI,Slovenia,2025,,23140,,,,,
dataflow,ESTAT:DEMO_PJAN(1.0),Population on 1 January by age and sex,A,Annual,NR,Number,Y33,33 years,F,Females,SI,Slovenia,2016,,14129,,,,,
dataflow,ESTAT:DEMO_PJAN(1.0),Population on 1 January by age and sex,A,Annual,NR,Number,Y33,33 years,F,Females,SI,Slovenia,2017,,13709,,,,,
dataflow,ESTAT:DEMO_PJAN(1.0),Population on 1 January by age and sex,A,Annual,NR,Number,Y33,33 years,F,Females,SI,Slovenia,2018,,13470,,,,,
dataflow,ESTAT:DEMO_PJAN(1.0),Population on 1 January by age and sex,A,Annual,NR,Number,Y33,33 years,F,Females,SI,Slovenia,2019,,13204,,,,,
dataflow,ESTAT:DEMO_PJAN(1.0),Population on 1 January by age and sex,A,Annual,NR,Number,Y33,33 years,F,Females,SI,Slovenia,2020,,12747,,,,,
dataflow,ESTAT:DEMO_PJAN(1.0),Population on 1 January by age and sex,A,Annual,NR,Number,Y33,33 years,F,Females,SI,Slovenia,2021,,13176,,,,,
dataflow,ESTAT:DEMO_PJAN(1.0),Population on 1 January by age and sex,A,Annual,NR,Number,Y33,33 years,F,Females,SI,Slovenia,2022,,12967,,,,,
dataflow,ESTAT:DEMO_PJAN(1.0),Population on 1 January by age and sex,A,Annual,NR,Number,Y33,33 years,F,Females,SI,Slovenia,2023,,12069,,,,,
dataflow,ESTAT:DEMO_PJAN(1.0),Population on 1 January by age and sex,A,Annual,NR,Number,Y33,33 years,F,Females,SI,Slovenia,2024,,11805,,,,,
dataflow,ESTAT:DEMO_PJAN(1.0),Population on 1 January by age and sex,A,Annual,NR,Number,Y33,33 years,F,Females,SI,Slovenia,2025,,11528,,,,,
dataflow,ESTAT:DEMO_PJAN(1.0),Population on 1 January by age and sex,A,Annual,NR,Number,Y33,33 years,M,Males,SI,Slovenia,2016,,15698,,,,,
dataflow,ESTAT:DEMO_PJAN(1.0),Population on 1 January by age and sex,A,Annual,NR,Number,Y33,33 years,M,Males,SI,Slovenia,2017,,14984,,,,,
dataflow,ESTAT:DEMO_PJAN(1.0),Population on 1 January by age and sex,A,Annual,NR,Number,Y33,33 years,M,Males,SI,Slovenia,2018,,14670,,,,,
dataflow,ESTAT:DEMO_PJAN(1.0),Population on 1 January by age and sex,A,Annual,NR,Number,Y33,33 years,M,Males,SI,Slovenia,2019,,14767,,,,,
dataflow,ESTAT:DEMO_PJAN(1.0),Population on 1 January by age and sex,A,Annual,NR,Number,Y33,33 years,M,Males,SI,Slovenia,2020,,14551,,,,,
dataflow,ESTAT:DEMO_PJAN(1.0),Population on 1 January by age and sex,A,Annual,NR,Number,Y33,33 years,M,Males,SI,Slovenia,2021,,14971,,,,,
dataflow,ESTAT:DEMO_PJAN(1.0),Population on 1 January by age and sex,A,Annual,NR,Number,Y33,33 years,M,Males,SI,Slovenia,2022,,14831,,,,,
dataflow,ESTAT:DEMO_PJAN(1.0),Population on 1 January by age and sex,A,Annual,NR,Number,Y33,33 years,M,Males,SI,Slovenia,2023,,13859,,,,,
dataflow,ESTAT:DEMO_PJAN(1.0),Population on 1 January by age and sex,A,Annual,NR,Number,Y33,33 years,M,Males,SI,Slovenia,2024,,13391,,,,,
dataflow,ESTAT:DEMO_PJAN(1.0),Population on 1 January by age and sex,A,Annual,NR,Number,Y33,33 years,M,Males,SI,Slovenia,2025,,13296,,,,,
dataflow,ESTAT:DEMO_PJAN(1.0),Population on 1 January by age and sex,A,Annual,NR,Number,Y33,33 years,T,Total,SI,Slovenia,2016,,29827,,,,,
dataflow,ESTAT:DEMO_PJAN(1.0),Population on 1 January by age and sex,A,Annual,NR,Number,Y33,33 years,T,Total,SI,Slovenia,2017,,28693,,,,,
dataflow,ESTAT:DEMO_PJAN(1.0),Population on 1 January by age and sex,A,Annual,NR,Number,Y33,33 years,T,Total,SI,Slovenia,2018,,28140,,,,,
dataflow,ESTAT:DEMO_PJAN(1.0),Population on 1 January by age and sex,A,Annual,NR,Number,Y33,33 years,T,Total,SI,Slovenia,2019,,27971,,,,,
dataflow,ESTAT:DEMO_PJAN(1.0),Population on 1 January by age and sex,A,Annual,NR,Number,Y33,33 years,T,Total,SI,Slovenia,2020,,27298,,,,,
dataflow,ESTAT:DEMO_PJAN(1.0),Population on 1 January by age and sex,A,Annual,NR,Number,Y33,33 years,T,Total,SI,Slovenia,2021,,28147,,,,,
dataflow,ESTAT:DEMO_PJAN(1.0),Population on 1 January by age and sex,A,Annual,NR,Number,Y33,33 years,T,Total,SI,Slovenia,2022,,27798,,,,,
dataflow,ESTAT:DEMO_PJAN(1.0),Population on 1 January by age and sex,A,Annual,NR,Number,Y33,33 years,T,Total,SI,Slovenia,2023,,25928,,,,,
dataflow,ESTAT:DEMO_PJAN(1.0),Population on 1 January by age and sex,A,Annual,NR,Number,Y33,33 years,T,Total,SI,Slovenia,2024,,25196,,,,,
dataflow,ESTAT:DEMO_PJAN(1.0),Population on 1 January by age and sex,A,Annual,NR,Number,Y33,33 years,T,Total,SI,Slovenia,2025,,24824,,,,,
dataflow,ESTAT:DEMO_PJAN(1.0),Population on 1 January by age and sex,A,Annual,NR,Number,Y34,34 years,F,Females,SI,Slovenia,2016,,14588,,,,,
dataflow,ESTAT:DEMO_PJAN(1.0),Population on 1 January by age and sex,A,Annual,NR,Number,Y34,34 years,F,Females,SI,Slovenia,2017,,14113,,,,,
dataflow,ESTAT:DEMO_PJAN(1.0),Population on 1 January by age and sex,A,Annual,NR,Number,Y34,34 years,F,Females,SI,Slovenia,2018,,13674,,,,,
dataflow,ESTAT:DEMO_PJAN(1.0),Population on 1 January by age and sex,A,Annual,NR,Number,Y34,34 years,F,Females,SI,Slovenia,2019,,13564,,,,,
dataflow,ESTAT:DEMO_PJAN(1.0),Population on 1 January by age and sex,A,Annual,NR,Number,Y34,34 years,F,Females,SI,Slovenia,2020,,13276,,,,,
dataflow,ESTAT:DEMO_PJAN(1.0),Population on 1 January by age and sex,A,Annual,NR,Number,Y34,34 years,F,Females,SI,Slovenia,2021,,12873,,,,,
dataflow,ESTAT:DEMO_PJAN(1.0),Population on 1 January by age and sex,A,Annual,NR,Number,Y34,34 years,F,Females,SI,Slovenia,2022,,13222,,,,,
dataflow,ESTAT:DEMO_PJAN(1.0),Population on 1 January by age and sex,A,Annual,NR,Number,Y34,34 years,F,Females,SI,Slovenia,2023,,13108,,,,,
dataflow,ESTAT:DEMO_PJAN(1.0),Population on 1 January by age and sex,A,Annual,NR,Number,Y34,34 years,F,Females,SI,Slovenia,2024,,12153,,,,,
dataflow,ESTAT:DEMO_PJAN(1.0),Population on 1 January by age and sex,A,Annual,NR,Number,Y34,34 years,F,Females,SI,Slovenia,2025,,11886,,,,,
dataflow,ESTAT:DEMO_PJAN(1.0),Population on 1 January by age and sex,A,Annual,NR,Number,Y34,34 years,M,Males,SI,Slovenia,2016,,16297,,,,,
dataflow,ESTAT:DEMO_PJAN(1.0),Population on 1 January by age and sex,A,Annual,NR,Number,Y34,34 years,M,Males,SI,Slovenia,2017,,15694,,,,,
dataflow,ESTAT:DEMO_PJAN(1.0),Population on 1 January by age and sex,A,Annual,NR,Number,Y34,34 years,M,Males,SI,Slovenia,2018,,15024,,,,,
dataflow,ESTAT:DEMO_PJAN(1.0),Population on 1 January by age and sex,A,Annual,NR,Number,Y34,34 years,M,Males,SI,Slovenia,2019,,14960,,,,,
dataflow,ESTAT:DEMO_PJAN(1.0),Population on 1 January by age and sex,A,Annual,NR,Number,Y34,34 years,M,Males,SI,Slovenia,2020,,15072,,,,,
dataflow,ESTAT:DEMO_PJAN(1.0),Population on 1 January by age and sex,A,Annual,NR,Number,Y34,34 years,M,Males,SI,Slovenia,2021,,14717,,,,,
dataflow,ESTAT:DEMO_PJAN(1.0),Population on 1 January by age and sex,A,Annual,NR,Number,Y34,34 years,M,Males,SI,Slovenia,2022,,14902,,,,,
dataflow,ESTAT:DEMO_PJAN(1.0),Population on 1 January by age and sex,A,Annual,NR,Number,Y34,34 years,M,Males,SI,Slovenia,2023,,14973,,,,,
dataflow,ESTAT:DEMO_PJAN(1.0),Population on 1 January by age and sex,A,Annual,NR,Number,Y34,34 years,M,Males,SI,Slovenia,2024,,14006,,,,,
dataflow,ESTAT:DEMO_PJAN(1.0),Population on 1 January by age and sex,A,Annual,NR,Number,Y34,34 years,M,Males,SI,Slovenia,2025,,13477,,,,,
dataflow,ESTAT:DEMO_PJAN(1.0),Population on 1 January by age and sex,A,Annual,NR,Number,Y34,34 years,T,Total,SI,Slovenia,2016,,30885,,,,,
dataflow,ESTAT:DEMO_PJAN(1.0),Population on 1 January by age and sex,A,Annual,NR,Number,Y34,34 years,T,Total,SI,Slovenia,2017,,29807,,,,,
dataflow,ESTAT:DEMO_PJAN(1.0),Population on 1 January by age and sex,A,Annual,NR,Number,Y34,34 years,T,Total,SI,Slovenia,2018,,28698,,,,,
dataflow,ESTAT:DEMO_PJAN(1.0),Population on 1 January by age and sex,A,Annual,NR,Number,Y34,34 years,T,Total,SI,Slovenia,2019,,28524,,,,,
dataflow,ESTAT:DEMO_PJAN(1.0),Population on 1 January by age and sex,A,Annual,NR,Number,Y34,34 years,T,Total,SI,Slovenia,2020,,28348,,,,,
dataflow,ESTAT:DEMO_PJAN(1.0),Population on 1 January by age and sex,A,Annual,NR,Number,Y34,34 years,T,Total,SI,Slovenia,2021,,27590,,,,,
dataflow,ESTAT:DEMO_PJAN(1.0),Population on 1 January by age and sex,A,Annual,NR,Number,Y34,34 years,T,Total,SI,Slovenia,2022,,28124,,,,,
dataflow,ESTAT:DEMO_PJAN(1.0),Population on 1 January by age and sex,A,Annual,NR,Number,Y34,34 years,T,Total,SI,Slovenia,2023,,28081,,,,,
dataflow,ESTAT:DEMO_PJAN(1.0),Population on 1 January by age and sex,A,Annual,NR,Number,Y34,34 years,T,Total,SI,Slovenia,2024,,26159,,,,,
dataflow,ESTAT:DEMO_PJAN(1.0),Population on 1 January by age and sex,A,Annual,NR,Number,Y34,34 years,T,Total,SI,Slovenia,2025,,25363,,,,,
dataflow,ESTAT:DEMO_PJAN(1.0),Population on 1 January by age and sex,A,Annual,NR,Number,Y35,35 years,F,Females,SI,Slovenia,2016,,15110,,,,,
dataflow,ESTAT:DEMO_PJAN(1.0),Population on 1 January by age and sex,A,Annual,NR,Number,Y35,35 years,F,Females,SI,Slovenia,2017,,14560,,,,,
dataflow,ESTAT:DEMO_PJAN(1.0),Population on 1 January by age and sex,A,Annual,NR,Number,Y35,35 years,F,Females,SI,Slovenia,2018,,14097,,,,,
dataflow,ESTAT:DEMO_PJAN(1.0),Population on 1 January by age and sex,A,Annual,NR,Number,Y35,35 years,F,Females,SI,Slovenia,2019,,13710,,,,,
dataflow,ESTAT:DEMO_PJAN(1.0),Population on 1 January by age and sex,A,Annual,NR,Number,Y35,35 years,F,Females,SI,Slovenia,2020,,13635,,,,,
dataflow,ESTAT:DEMO_PJAN(1.0),Population on 1 January by age and sex,A,Annual,NR,Number,Y35,35 years,F,Females,SI,Slovenia,2021,,13427,,,,,
dataflow,ESTAT:DEMO_PJAN(1.0),Population on 1 January by age and sex,A,Annual,NR,Number,Y35,35 years,F,Females,SI,Slovenia,2022,,12931,,,,,
dataflow,ESTAT:DEMO_PJAN(1.0),Population on 1 January by age and sex,A,Annual,NR,Number,Y35,35 years,F,Females,SI,Slovenia,2023,,13344,,,,,
dataflow,ESTAT:DEMO_PJAN(1.0),Population on 1 January by age and sex,A,Annual,NR,Number,Y35,35 years,F,Females,SI,Slovenia,2024,,13211,,,,,
dataflow,ESTAT:DEMO_PJAN(1.0),Population on 1 January by age and sex,A,Annual,NR,Number,Y35,35 years,F,Females,SI,Slovenia,2025,,12241,,,,,
dataflow,ESTAT:DEMO_PJAN(1.0),Population on 1 January by age and sex,A,Annual,NR,Number,Y35,35 years,M,Males,SI,Slovenia,2016,,16320,,,,,
dataflow,ESTAT:DEMO_PJAN(1.0),Population on 1 January by age and sex,A,Annual,NR,Number,Y35,35 years,M,Males,SI,Slovenia,2017,,16292,,,,,
dataflow,ESTAT:DEMO_PJAN(1.0),Population on 1 January by age and sex,A,Annual,NR,Number,Y35,35 years,M,Males,SI,Slovenia,2018,,15721,,,,,
dataflow,ESTAT:DEMO_PJAN(1.0),Population on 1 January by age and sex,A,Annual,NR,Number,Y35,35 years,M,Males,SI,Slovenia,2019,,15316,,,,,
dataflow,ESTAT:DEMO_PJAN(1.0),Population on 1 January by age and sex,A,Annual,NR,Number,Y35,35 years,M,Males,SI,Slovenia,2020,,15298,,,,,
dataflow,ESTAT:DEMO_PJAN(1.0),Population on 1 January by age and sex,A,Annual,NR,Number,Y35,35 years,M,Males,SI,Slovenia,2021,,15212,,,,,
dataflow,ESTAT:DEMO_PJAN(1.0),Population on 1 January by age and sex,A,Annual,NR,Number,Y35,35 years,M,Males,SI,Slovenia,2022,,14631,,,,,
dataflow,ESTAT:DEMO_PJAN(1.0),Population on 1 January by age and sex,A,Annual,NR,Number,Y35,35 years,M,Males,SI,Slovenia,2023,,15063,,,,,
dataflow,ESTAT:DEMO_PJAN(1.0),Population on 1 January by age and sex,A,Annual,NR,Number,Y35,35 years,M,Males,SI,Slovenia,2024,,15074,,,,,
dataflow,ESTAT:DEMO_PJAN(1.0),Population on 1 January by age and sex,A,Annual,NR,Number,Y35,35 years,M,Males,SI,Slovenia,2025,,14097,,,,,
dataflow,ESTAT:DEMO_PJAN(1.0),Population on 1 January by age and sex,A,Annual,NR,Number,Y35,35 years,T,Total,SI,Slovenia,2016,,31430,,,,,
dataflow,ESTAT:DEMO_PJAN(1.0),Population on 1 January by age and sex,A,Annual,NR,Number,Y35,35 years,T,Total,SI,Slovenia,2017,,30852,,,,,
dataflow,ESTAT:DEMO_PJAN(1.0),Population on 1 January by age and sex,A,Annual,NR,Number,Y35,35 years,T,Total,SI,Slovenia,2018,,29818,,,,,
dataflow,ESTAT:DEMO_PJAN(1.0),Population on 1 January by age and sex,A,Annual,NR,Number,Y35,35 years,T,Total,SI,Slovenia,2019,,29026,,,,,
dataflow,ESTAT:DEMO_PJAN(1.0),Population on 1 January by age and sex,A,Annual,NR,Number,Y35,35 years,T,Total,SI,Slovenia,2020,,28933,,,,,
dataflow,ESTAT:DEMO_PJAN(1.0),Population on 1 January by age and sex,A,Annual,NR,Number,Y35,35 years,T,Total,SI,Slovenia,2021,,28639,,,,,
dataflow,ESTAT:DEMO_PJAN(1.0),Population on 1 January by age and sex,A,Annual,NR,Number,Y35,35 years,T,Total,SI,Slovenia,2022,,27562,,,,,
dataflow,ESTAT:DEMO_PJAN(1.0),Population on 1 January by age and sex,A,Annual,NR,Number,Y35,35 years,T,Total,SI,Slovenia,2023,,28407,,,,,
dataflow,ESTAT:DEMO_PJAN(1.0),Population on 1 January by age and sex,A,Annual,NR,Number,Y35,35 years,T,Total,SI,Slovenia,2024,,28285,,,,,
dataflow,ESTAT:DEMO_PJAN(1.0),Population on 1 January by age and sex,A,Annual,NR,Number,Y35,35 years,T,Total,SI,Slovenia,2025,,26338,,,,,
dataflow,ESTAT:DEMO_PJAN(1.0),Population on 1 January by age and sex,A,Annual,NR,Number,Y36,36 years,F,Females,SI,Slovenia,2016,,14964,,,,,
dataflow,ESTAT:DEMO_PJAN(1.0),Population on 1 January by age and sex,A,Annual,NR,Number,Y36,36 years,F,Females,SI,Slovenia,2017,,15108,,,,,
dataflow,ESTAT:DEMO_PJAN(1.0),Population on 1 January by age and sex,A,Annual,NR,Number,Y36,36 years,F,Females,SI,Slovenia,2018,,14521,,,,,
dataflow,ESTAT:DEMO_PJAN(1.0),Population on 1 January by age and sex,A,Annual,NR,Number,Y36,36 years,F,Females,SI,Slovenia,2019,,14160,,,,,
dataflow,ESTAT:DEMO_PJAN(1.0),Population on 1 January by age and sex,A,Annual,NR,Number,Y36,36 years,F,Females,SI,Slovenia,2020,,13818,,,,,
dataflow,ESTAT:DEMO_PJAN(1.0),Population on 1 January by age and sex,A,Annual,NR,Number,Y36,36 years,F,Females,SI,Slovenia,2021,,13763,,,,,
dataflow,ESTAT:DEMO_PJAN(1.0),Population on 1 January by age and sex,A,Annual,NR,Number,Y36,36 years,F,Females,SI,Slovenia,2022,,13528,,,,,
dataflow,ESTAT:DEMO_PJAN(1.0),Population on 1 January by age and sex,A,Annual,NR,Number,Y36,36 years,F,Females,SI,Slovenia,2023,,13113,,,,,
dataflow,ESTAT:DEMO_PJAN(1.0),Population on 1 January by age and sex,A,Annual,NR,Number,Y36,36 years,F,Females,SI,Slovenia,2024,,13400,,,,,
dataflow,ESTAT:DEMO_PJAN(1.0),Population on 1 January by age and sex,A,Annual,NR,Number,Y36,36 years,F,Females,SI,Slovenia,2025,,13310,,,,,
dataflow,ESTAT:DEMO_PJAN(1.0),Population on 1 January by age and sex,A,Annual,NR,Number,Y36,36 years,M,Males,SI,Slovenia,2016,,16807,,,,,
dataflow,ESTAT:DEMO_PJAN(1.0),Population on 1 January by age and sex,A,Annual,NR,Number,Y36,36 years,M,Males,SI,Slovenia,2017,,16349,,,,,
dataflow,ESTAT:DEMO_PJAN(1.0),Population on 1 January by age and sex,A,Annual,NR,Number,Y36,36 years,M,Males,SI,Slovenia,2018,,16275,,,,,
dataflow,ESTAT:DEMO_PJAN(1.0),Population on 1 January by age and sex,A,Annual,NR,Number,Y36,36 years,M,Males,SI,Slovenia,2019,,16009,,,,,
dataflow,ESTAT:DEMO_PJAN(1.0),Population on 1 January by age and sex,A,Annual,NR,Number,Y36,36 years,M,Males,SI,Slovenia,2020,,15648,,,,,
dataflow,ESTAT:DEMO_PJAN(1.0),Population on 1 January by age and sex,A,Annual,NR,Number,Y36,36 years,M,Males,SI,Slovenia,2021,,15432,,,,,
dataflow,ESTAT:DEMO_PJAN(1.0),Population on 1 January by age and sex,A,Annual,NR,Number,Y36,36 years,M,Males,SI,Slovenia,2022,,15175,,,,,
dataflow,ESTAT:DEMO_PJAN(1.0),Population on 1 January by age and sex,A,Annual,NR,Number,Y36,36 years,M,Males,SI,Slovenia,2023,,14778,,,,,
dataflow,ESTAT:DEMO_PJAN(1.0),Population on 1 January by age and sex,A,Annual,NR,Number,Y36,36 years,M,Males,SI,Slovenia,2024,,15207,,,,,
dataflow,ESTAT:DEMO_PJAN(1.0),Population on 1 January by age and sex,A,Annual,NR,Number,Y36,36 years,M,Males,SI,Slovenia,2025,,15165,,,,,
dataflow,ESTAT:DEMO_PJAN(1.0),Population on 1 January by age and sex,A,Annual,NR,Number,Y36,36 years,T,Total,SI,Slovenia,2016,,31771,,,,,
dataflow,ESTAT:DEMO_PJAN(1.0),Population on 1 January by age and sex,A,Annual,NR,Number,Y36,36 years,T,Total,SI,Slovenia,2017,,31457,,,,,
dataflow,ESTAT:DEMO_PJAN(1.0),Population on 1 January by age and sex,A,Annual,NR,Number,Y36,36 years,T,Total,SI,Slovenia,2018,,30796,,,,,
dataflow,ESTAT:DEMO_PJAN(1.0),Population on 1 January by age and sex,A,Annual,NR,Number,Y36,36 years,T,Total,SI,Slovenia,2019,,30169,,,,,
dataflow,ESTAT:DEMO_PJAN(1.0),Population on 1 January by age and sex,A,Annual,NR,Number,Y36,36 years,T,Total,SI,Slovenia,2020,,29466,,,,,
dataflow,ESTAT:DEMO_PJAN(1.0),Population on 1 January by age and sex,A,Annual,NR,Number,Y36,36 years,T,Total,SI,Slovenia,2021,,29195,,,,,
dataflow,ESTAT:DEMO_PJAN(1.0),Population on 1 January by age and sex,A,Annual,NR,Number,Y36,36 years,T,Total,SI,Slovenia,2022,,28703,,,,,
dataflow,ESTAT:DEMO_PJAN(1.0),Population on 1 January by age and sex,A,Annual,NR,Number,Y36,36 years,T,Total,SI,Slovenia,2023,,27891,,,,,
dataflow,ESTAT:DEMO_PJAN(1.0),Population on 1 January by age and sex,A,Annual,NR,Number,Y36,36 years,T,Total,SI,Slovenia,2024,,28607,,,,,
dataflow,ESTAT:DEMO_PJAN(1.0),Population on 1 January by age and sex,A,Annual,NR,Number,Y36,36 years,T,Total,SI,Slovenia,2025,,28475,,,,,
dataflow,ESTAT:DEMO_PJAN(1.0),Population on 1 January by age and sex,A,Annual,NR,Number,Y37,37 years,F,Females,SI,Slovenia,2016,,14832,,,,,
dataflow,ESTAT:DEMO_PJAN(1.0),Population on 1 January by age and sex,A,Annual,NR,Number,Y37,37 years,F,Females,SI,Slovenia,2017,,14945,,,,,
dataflow,ESTAT:DEMO_PJAN(1.0),Population on 1 January by age and sex,A,Annual,NR,Number,Y37,37 years,F,Females,SI,Slovenia,2018,,15077,,,,,
dataflow,ESTAT:DEMO_PJAN(1.0),Population on 1 January by age and sex,A,Annual,NR,Number,Y37,37 years,F,Females,SI,Slovenia,2019,,14575,,,,,
dataflow,ESTAT:DEMO_PJAN(1.0),Population on 1 January by age and sex,A,Annual,NR,Number,Y37,37 years,F,Females,SI,Slovenia,2020,,14238,,,,,
dataflow,ESTAT:DEMO_PJAN(1.0),Population on 1 January by age and sex,A,Annual,NR,Number,Y37,37 years,F,Females,SI,Slovenia,2021,,13940,,,,,
dataflow,ESTAT:DEMO_PJAN(1.0),Population on 1 January by age and sex,A,Annual,NR,Number,Y37,37 years,F,Females,SI,Slovenia,2022,,13834,,,,,
dataflow,ESTAT:DEMO_PJAN(1.0),Population on 1 January by age and sex,A,Annual,NR,Number,Y37,37 years,F,Females,SI,Slovenia,2023,,13662,,,,,
dataflow,ESTAT:DEMO_PJAN(1.0),Population on 1 January by age and sex,A,Annual,NR,Number,Y37,37 years,F,Females,SI,Slovenia,2024,,13190,,,,,
dataflow,ESTAT:DEMO_PJAN(1.0),Population on 1 January by age and sex,A,Annual,NR,Number,Y37,37 years,F,Females,SI,Slovenia,2025,,13516,,,,,
dataflow,ESTAT:DEMO_PJAN(1.0),Population on 1 January by age and sex,A,Annual,NR,Number,Y37,37 years,M,Males,SI,Slovenia,2016,,16726,,,,,
dataflow,ESTAT:DEMO_PJAN(1.0),Population on 1 January by age and sex,A,Annual,NR,Number,Y37,37 years,M,Males,SI,Slovenia,2017,,16832,,,,,
dataflow,ESTAT:DEMO_PJAN(1.0),Population on 1 January by age and sex,A,Annual,NR,Number,Y37,37 years,M,Males,SI,Slovenia,2018,,16369,,,,,
dataflow,ESTAT:DEMO_PJAN(1.0),Population on 1 January by age and sex,A,Annual,NR,Number,Y37,37 years,M,Males,SI,Slovenia,2019,,16530,,,,,
dataflow,ESTAT:DEMO_PJAN(1.0),Population on 1 January by age and sex,A,Annual,NR,Number,Y37,37 years,M,Males,SI,Slovenia,2020,,16303,,,,,
dataflow,ESTAT:DEMO_PJAN(1.0),Population on 1 January by age and sex,A,Annual,NR,Number,Y37,37 years,M,Males,SI,Slovenia,2021,,15786,,,,,
dataflow,ESTAT:DEMO_PJAN(1.0),Population on 1 January by age and sex,A,Annual,NR,Number,Y37,37 years,M,Males,SI,Slovenia,2022,,15361,,,,,
dataflow,ESTAT:DEMO_PJAN(1.0),Population on 1 January by age and sex,A,Annual,NR,Number,Y37,37 years,M,Males,SI,Slovenia,2023,,15321,,,,,
dataflow,ESTAT:DEMO_PJAN(1.0),Population on 1 January by age and sex,A,Annual,NR,Number,Y37,37 years,M,Males,SI,Slovenia,2024,,14963,,,,,
dataflow,ESTAT:DEMO_PJAN(1.0),Population on 1 January by age and sex,A,Annual,NR,Number,Y37,37 years,M,Males,SI,Slovenia,2025,,15293,,,,,
dataflow,ESTAT:DEMO_PJAN(1.0),Population on 1 January by age and sex,A,Annual,NR,Number,Y37,37 years,T,Total,SI,Slovenia,2016,,31558,,,,,
dataflow,ESTAT:DEMO_PJAN(1.0),Population on 1 January by age and sex,A,Annual,NR,Number,Y37,37 years,T,Total,SI,Slovenia,2017,,31777,,,,,
dataflow,ESTAT:DEMO_PJAN(1.0),Population on 1 January by age and sex,A,Annual,NR,Number,Y37,37 years,T,Total,SI,Slovenia,2018,,31446,,,,,
dataflow,ESTAT:DEMO_PJAN(1.0),Population on 1 January by age and sex,A,Annual,NR,Number,Y37,37 years,T,Total,SI,Slovenia,2019,,31105,,,,,
dataflow,ESTAT:DEMO_PJAN(1.0),Population on 1 January by age and sex,A,Annual,NR,Number,Y37,37 years,T,Total,SI,Slovenia,2020,,30541,,,,,
dataflow,ESTAT:DEMO_PJAN(1.0),Population on 1 January by age and sex,A,Annual,NR,Number,Y37,37 years,T,Total,SI,Slovenia,2021,,29726,,,,,
dataflow,ESTAT:DEMO_PJAN(1.0),Population on 1 January by age and sex,A,Annual,NR,Number,Y37,37 years,T,Total,SI,Slovenia,2022,,29195,,,,,
dataflow,ESTAT:DEMO_PJAN(1.0),Population on 1 January by age and sex,A,Annual,NR,Number,Y37,37 years,T,Total,SI,Slovenia,2023,,28983,,,,,
dataflow,ESTAT:DEMO_PJAN(1.0),Population on 1 January by age and sex,A,Annual,NR,Number,Y37,37 years,T,Total,SI,Slovenia,2024,,28153,,,,,
dataflow,ESTAT:DEMO_PJAN(1.0),Population on 1 January by age and sex,A,Annual,NR,Number,Y37,37 years,T,Total,SI,Slovenia,2025,,28809,,,,,
dataflow,ESTAT:DEMO_PJAN(1.0),Population on 1 January by age and sex,A,Annual,NR,Number,Y38,38 years,F,Females,SI,Slovenia,2016,,14750,,,,,
dataflow,ESTAT:DEMO_PJAN(1.0),Population on 1 January by age and sex,A,Annual,NR,Number,Y38,38 years,F,Females,SI,Slovenia,2017,,14840,,,,,
dataflow,ESTAT:DEMO_PJAN(1.0),Population on 1 January by age and sex,A,Annual,NR,Number,Y38,38 years,F,Females,SI,Slovenia,2018,,14932,,,,,
dataflow,ESTAT:DEMO_PJAN(1.0),Population on 1 January by age and sex,A,Annual,NR,Number,Y38,38 years,F,Females,SI,Slovenia,2019,,15142,,,,,
dataflow,ESTAT:DEMO_PJAN(1.0),Population on 1 January by age and sex,A,Annual,NR,Number,Y38,38 years,F,Females,SI,Slovenia,2020,,14654,,,,,
dataflow,ESTAT:DEMO_PJAN(1.0),Population on 1 January by age and sex,A,Annual,NR,Number,Y38,38 years,F,Females,SI,Slovenia,2021,,14344,,,,,
dataflow,ESTAT:DEMO_PJAN(1.0),Population on 1 January by age and sex,A,Annual,NR,Number,Y38,38 years,F,Females,SI,Slovenia,2022,,13958,,,,,
dataflow,ESTAT:DEMO_PJAN(1.0),Population on 1 January by age and sex,A,Annual,NR,Number,Y38,38 years,F,Females,SI,Slovenia,2023,,13988,,,,,
dataflow,ESTAT:DEMO_PJAN(1.0),Population on 1 January by age and sex,A,Annual,NR,Number,Y38,38 years,F,Females,SI,Slovenia,2024,,13740,,,,,
dataflow,ESTAT:DEMO_PJAN(1.0),Population on 1 January by age and sex,A,Annual,NR,Number,Y38,38 years,F,Females,SI,Slovenia,2025,,13304,,,,,
dataflow,ESTAT:DEMO_PJAN(1.0),Population on 1 January by age and sex,A,Annual,NR,Number,Y38,38 years,M,Males,SI,Slovenia,2016,,16352,,,,,
dataflow,ESTAT:DEMO_PJAN(1.0),Population on 1 January by age and sex,A,Annual,NR,Number,Y38,38 years,M,Males,SI,Slovenia,2017,,16752,,,,,
dataflow,ESTAT:DEMO_PJAN(1.0),Population on 1 January by age and sex,A,Annual,NR,Number,Y38,38 years,M,Males,SI,Slovenia,2018,,16888,,,,,
dataflow,ESTAT:DEMO_PJAN(1.0),Population on 1 January by age and sex,A,Annual,NR,Number,Y38,38 years,M,Males,SI,Slovenia,2019,,16621,,,,,
dataflow,ESTAT:DEMO_PJAN(1.0),Population on 1 January by age and sex,A,Annual,NR,Number,Y38,38 years,M,Males,SI,Slovenia,2020,,16782,,,,,
dataflow,ESTAT:DEMO_PJAN(1.0),Population on 1 January by age and sex,A,Annual,NR,Number,Y38,38 years,M,Males,SI,Slovenia,2021,,16458,,,,,
dataflow,ESTAT:DEMO_PJAN(1.0),Population on 1 January by age and sex,A,Annual,NR,Number,Y38,38 years,M,Males,SI,Slovenia,2022,,15731,,,,,
dataflow,ESTAT:DEMO_PJAN(1.0),Population on 1 January by age and sex,A,Annual,NR,Number,Y38,38 years,M,Males,SI,Slovenia,2023,,15466,,,,,
dataflow,ESTAT:DEMO_PJAN(1.0),Population on 1 January by age and sex,A,Annual,NR,Number,Y38,38 years,M,Males,SI,Slovenia,2024,,15384,,,,,
dataflow,ESTAT:DEMO_PJAN(1.0),Population on 1 January by age and sex,A,Annual,NR,Number,Y38,38 years,M,Males,SI,Slovenia,2025,,15005,,,,,
dataflow,ESTAT:DEMO_PJAN(1.0),Population on 1 January by age and sex,A,Annual,NR,Number,Y38,38 years,T,Total,SI,Slovenia,2016,,31102,,,,,
dataflow,ESTAT:DEMO_PJAN(1.0),Population on 1 January by age and sex,A,Annual,NR,Number,Y38,38 years,T,Total,SI,Slovenia,2017,,31592,,,,,
dataflow,ESTAT:DEMO_PJAN(1.0),Population on 1 January by age and sex,A,Annual,NR,Number,Y38,38 years,T,Total,SI,Slovenia,2018,,31820,,,,,
dataflow,ESTAT:DEMO_PJAN(1.0),Population on 1 January by age and sex,A,Annual,NR,Number,Y38,38 years,T,Total,SI,Slovenia,2019,,31763,,,,,
dataflow,ESTAT:DEMO_PJAN(1.0),Population on 1 January by age and sex,A,Annual,NR,Number,Y38,38 years,T,Total,SI,Slovenia,2020,,31436,,,,,
dataflow,ESTAT:DEMO_PJAN(1.0),Population on 1 January by age and sex,A,Annual,NR,Number,Y38,38 years,T,Total,SI,Slovenia,2021,,30802,,,,,
dataflow,ESTAT:DEMO_PJAN(1.0),Population on 1 January by age and sex,A,Annual,NR,Number,Y38,38 years,T,Total,SI,Slovenia,2022,,29689,,,,,
dataflow,ESTAT:DEMO_PJAN(1.0),Population on 1 January by age and sex,A,Annual,NR,Number,Y38,38 years,T,Total,SI,Slovenia,2023,,29454,,,,,
dataflow,ESTAT:DEMO_PJAN(1.0),Population on 1 January by age and sex,A,Annual,NR,Number,Y38,38 years,T,Total,SI,Slovenia,2024,,29124,,,,,
dataflow,ESTAT:DEMO_PJAN(1.0),Population on 1 January by age and sex,A,Annual,NR,Number,Y38,38 years,T,Total,SI,Slovenia,2025,,28309,,,,,
dataflow,ESTAT:DEMO_PJAN(1.0),Population on 1 January by age and sex,A,Annual,NR,Number,Y39,39 years,F,Females,SI,Slovenia,2016,,15212,,,,,
dataflow,ESTAT:DEMO_PJAN(1.0),Population on 1 January by age and sex,A,Annual,NR,Number,Y39,39 years,F,Females,SI,Slovenia,2017,,14732,,,,,
dataflow,ESTAT:DEMO_PJAN(1.0),Population on 1 January by age and sex,A,Annual,NR,Number,Y39,39 years,F,Females,SI,Slovenia,2018,,14803,,,,,
dataflow,ESTAT:DEMO_PJAN(1.0),Population on 1 January by age and sex,A,Annual,NR,Number,Y39,39 years,F,Females,SI,Slovenia,2019,,14956,,,,,
dataflow,ESTAT:DEMO_PJAN(1.0),Population on 1 January by age and sex,A,Annual,NR,Number,Y39,39 years,F,Females,SI,Slovenia,2020,,15202,,,,,
dataflow,ESTAT:DEMO_PJAN(1.0),Population on 1 January by age and sex,A,Annual,NR,Number,Y39,39 years,F,Females,SI,Slovenia,2021,,14745,,,,,
dataflow,ESTAT:DEMO_PJAN(1.0),Population on 1 January by age and sex,A,Annual,NR,Number,Y39,39 years,F,Females,SI,Slovenia,2022,,14369,,,,,
dataflow,ESTAT:DEMO_PJAN(1.0),Population on 1 January by age and sex,A,Annual,NR,Number,Y39,39 years,F,Females,SI,Slovenia,2023,,14085,,,,,
dataflow,ESTAT:DEMO_PJAN(1.0),Population on 1 January by age and sex,A,Annual,NR,Number,Y39,39 years,F,Females,SI,Slovenia,2024,,14074,,,,,
dataflow,ESTAT:DEMO_PJAN(1.0),Population on 1 January by age and sex,A,Annual,NR,Number,Y39,39 years,F,Females,SI,Slovenia,2025,,13838,,,,,
dataflow,ESTAT:DEMO_PJAN(1.0),Population on 1 January by age and sex,A,Annual,NR,Number,Y39,39 years,M,Males,SI,Slovenia,2016,,16432,,,,,
dataflow,ESTAT:DEMO_PJAN(1.0),Population on 1 January by age and sex,A,Annual,NR,Number,Y39,39 years,M,Males,SI,Slovenia,2017,,16399,,,,,
dataflow,ESTAT:DEMO_PJAN(1.0),Population on 1 January by age and sex,A,Annual,NR,Number,Y39,39 years,M,Males,SI,Slovenia,2018,,16772,,,,,
dataflow,ESTAT:DEMO_PJAN(1.0),Population on 1 January by age and sex,A,Annual,NR,Number,Y39,39 years,M,Males,SI,Slovenia,2019,,17166,,,,,
dataflow,ESTAT:DEMO_PJAN(1.0),Population on 1 January by age and sex,A,Annual,NR,Number,Y39,39 years,M,Males,SI,Slovenia,2020,,16959,,,,,
dataflow,ESTAT:DEMO_PJAN(1.0),Population on 1 January by age and sex,A,Annual,NR,Number,Y39,39 years,M,Males,SI,Slovenia,2021,,16967,,,,,
dataflow,ESTAT:DEMO_PJAN(1.0),Population on 1 January by age and sex,A,Annual,NR,Number,Y39,39 years,M,Males,SI,Slovenia,2022,,16343,,,,,
dataflow,ESTAT:DEMO_PJAN(1.0),Population on 1 January by age and sex,A,Annual,NR,Number,Y39,39 years,M,Males,SI,Slovenia,2023,,15835,,,,,
dataflow,ESTAT:DEMO_PJAN(1.0),Population on 1 January by age and sex,A,Annual,NR,Number,Y39,39 years,M,Males,SI,Slovenia,2024,,15576,,,,,
dataflow,ESTAT:DEMO_PJAN(1.0),Population on 1 January by age and sex,A,Annual,NR,Number,Y39,39 years,M,Males,SI,Slovenia,2025,,15414,,,,,
dataflow,ESTAT:DEMO_PJAN(1.0),Population on 1 January by age and sex,A,Annual,NR,Number,Y39,39 years,T,Total,SI,Slovenia,2016,,31644,,,,,
dataflow,ESTAT:DEMO_PJAN(1.0),Population on 1 January by age and sex,A,Annual,NR,Number,Y39,39 years,T,Total,SI,Slovenia,2017,,31131,,,,,
dataflow,ESTAT:DEMO_PJAN(1.0),Population on 1 January by age and sex,A,Annual,NR,Number,Y39,39 years,T,Total,SI,Slovenia,2018,,31575,,,,,
dataflow,ESTAT:DEMO_PJAN(1.0),Population on 1 January by age and sex,A,Annual,NR,Number,Y39,39 years,T,Total,SI,Slovenia,2019,,32122,,,,,
dataflow,ESTAT:DEMO_PJAN(1.0),Population on 1 January by age and sex,A,Annual,NR,Number,Y39,39 years,T,Total,SI,Slovenia,2020,,32161,,,,,
dataflow,ESTAT:DEMO_PJAN(1.0),Population on 1 January by age and sex,A,Annual,NR,Number,Y39,39 years,T,Total,SI,Slovenia,2021,,31712,,,,,
dataflow,ESTAT:DEMO_PJAN(1.0),Population on 1 January by age and sex,A,Annual,NR,Number,Y39,39 years,T,Total,SI,Slovenia,2022,,30712,,,,,
dataflow,ESTAT:DEMO_PJAN(1.0),Population on 1 January by age and sex,A,Annual,NR,Number,Y39,39 years,T,Total,SI,Slovenia,2023,,29920,,,,,
dataflow,ESTAT:DEMO_PJAN(1.0),Population on 1 January by age and sex,A,Annual,NR,Number,Y39,39 years,T,Total,SI,Slovenia,2024,,29650,,,,,
dataflow,ESTAT:DEMO_PJAN(1.0),Population on 1 January by age and sex,A,Annual,NR,Number,Y39,39 years,T,Total,SI,Slovenia,2025,,29252,,,,,
dataflow,ESTAT:DEMO_PJAN(1.0),Population on 1 January by age and sex,A,Annual,NR,Number,Y4,4 years,F,Females,SI,Slovenia,2016,,10797,,,,,
dataflow,ESTAT:DEMO_PJAN(1.0),Population on 1 January by age and sex,A,Annual,NR,Number,Y4,4 years,F,Females,SI,Slovenia,2017,,10675,,,,,
dataflow,ESTAT:DEMO_PJAN(1.0),Population on 1 January by age and sex,A,Annual,NR,Number,Y4,4 years,F,Females,SI,Slovenia,2018,,10323,,,,,
dataflow,ESTAT:DEMO_PJAN(1.0),Population on 1 January by age and sex,A,Annual,NR,Number,Y4,4 years,F,Females,SI,Slovenia,2019,,10305,,,,,
dataflow,ESTAT:DEMO_PJAN(1.0),Population on 1 January by age and sex,A,Annual,NR,Number,Y4,4 years,F,Females,SI,Slovenia,2020,,10082,,,,,
dataflow,ESTAT:DEMO_PJAN(1.0),Population on 1 January by age and sex,A,Annual,NR,Number,Y4,4 years,F,Females,SI,Slovenia,2021,,10162,,,,,
dataflow,ESTAT:DEMO_PJAN(1.0),Population on 1 January by age and sex,A,Annual,NR,Number,Y4,4 years,F,Females,SI,Slovenia,2022,,9953,,,,,
dataflow,ESTAT:DEMO_PJAN(1.0),Population on 1 January by age and sex,A,Annual,NR,Number,Y4,4 years,F,Females,SI,Slovenia,2023,,9725,,,,,
dataflow,ESTAT:DEMO_PJAN(1.0),Population on 1 January by age and sex,A,Annual,NR,Number,Y4,4 years,F,Females,SI,Slovenia,2024,,9637,,,,,
dataflow,ESTAT:DEMO_PJAN(1.0),Population on 1 January by age and sex,A,Annual,NR,Number,Y4,4 years,F,Females,SI,Slovenia,2025,,9310,,,,,
dataflow,ESTAT:DEMO_PJAN(1.0),Population on 1 January by age and sex,A,Annual,NR,Number,Y4,4 years,M,Males,SI,Slovenia,2016,,11381,,,,,
dataflow,ESTAT:DEMO_PJAN(1.0),Population on 1 January by age and sex,A,Annual,NR,Number,Y4,4 years,M,Males,SI,Slovenia,2017,,11433,,,,,
dataflow,ESTAT:DEMO_PJAN(1.0),Population on 1 January by age and sex,A,Annual,NR,Number,Y4,4 years,M,Males,SI,Slovenia,2018,,10824,,,,,
dataflow,ESTAT:DEMO_PJAN(1.0),Population on 1 January by age and sex,A,Annual,NR,Number,Y4,4 years,M,Males,SI,Slovenia,2019,,10965,,,,,
dataflow,ESTAT:DEMO_PJAN(1.0),Population on 1 January by age and sex,A,Annual,NR,Number,Y4,4 years,M,Males,SI,Slovenia,2020,,10711,,,,,
dataflow,ESTAT:DEMO_PJAN(1.0),Population on 1 January by age and sex,A,Annual,NR,Number,Y4,4 years,M,Males,SI,Slovenia,2021,,10566,,,,,
dataflow,ESTAT:DEMO_PJAN(1.0),Population on 1 January by age and sex,A,Annual,NR,Number,Y4,4 years,M,Males,SI,Slovenia,2022,,10732,,,,,
dataflow,ESTAT:DEMO_PJAN(1.0),Population on 1 January by age and sex,A,Annual,NR,Number,Y4,4 years,M,Males,SI,Slovenia,2023,,10446,,,,,
dataflow,ESTAT:DEMO_PJAN(1.0),Population on 1 January by age and sex,A,Annual,NR,Number,Y4,4 years,M,Males,SI,Slovenia,2024,,10243,,,,,
dataflow,ESTAT:DEMO_PJAN(1.0),Population on 1 January by age and sex,A,Annual,NR,Number,Y4,4 years,M,Males,SI,Slovenia,2025,,9973,,,,,
dataflow,ESTAT:DEMO_PJAN(1.0),Population on 1 January by age and sex,A,Annual,NR,Number,Y4,4 years,T,Total,SI,Slovenia,2016,,22178,,,,,
dataflow,ESTAT:DEMO_PJAN(1.0),Population on 1 January by age and sex,A,Annual,NR,Number,Y4,4 years,T,Total,SI,Slovenia,2017,,22108,,,,,
dataflow,ESTAT:DEMO_PJAN(1.0),Population on 1 January by age and sex,A,Annual,NR,Number,Y4,4 years,T,Total,SI,Slovenia,2018,,21147,,,,,
dataflow,ESTAT:DEMO_PJAN(1.0),Population on 1 January by age and sex,A,Annual,NR,Number,Y4,4 years,T,Total,SI,Slovenia,2019,,21270,,,,,
dataflow,ESTAT:DEMO_PJAN(1.0),Population on 1 January by age and sex,A,Annual,NR,Number,Y4,4 years,T,Total,SI,Slovenia,2020,,20793,,,,,
dataflow,ESTAT:DEMO_PJAN(1.0),Population on 1 January by age and sex,A,Annual,NR,Number,Y4,4 years,T,Total,SI,Slovenia,2021,,20728,,,,,
dataflow,ESTAT:DEMO_PJAN(1.0),Population on 1 January by age and sex,A,Annual,NR,Number,Y4,4 years,T,Total,SI,Slovenia,2022,,20685,,,,,
dataflow,ESTAT:DEMO_PJAN(1.0),Population on 1 January by age and sex,A,Annual,NR,Number,Y4,4 years,T,Total,SI,Slovenia,2023,,20171,,,,,
dataflow,ESTAT:DEMO_PJAN(1.0),Population on 1 January by age and sex,A,Annual,NR,Number,Y4,4 years,T,Total,SI,Slovenia,2024,,19880,,,,,
dataflow,ESTAT:DEMO_PJAN(1.0),Population on 1 January by age and sex,A,Annual,NR,Number,Y4,4 years,T,Total,SI,Slovenia,2025,,19283,,,,,
dataflow,ESTAT:DEMO_PJAN(1.0),Population on 1 January by age and sex,A,Annual,NR,Number,Y40,40 years,F,Females,SI,Slovenia,2016,,14882,,,,,
dataflow,ESTAT:DEMO_PJAN(1.0),Population on 1 January by age and sex,A,Annual,NR,Number,Y40,40 years,F,Females,SI,Slovenia,2017,,15209,,,,,
dataflow,ESTAT:DEMO_PJAN(1.0),Population on 1 January by age and sex,A,Annual,NR,Number,Y40,40 years,F,Females,SI,Slovenia,2018,,14749,,,,,
dataflow,ESTAT:DEMO_PJAN(1.0),Population on 1 January by age and sex,A,Annual,NR,Number,Y40,40 years,F,Females,SI,Slovenia,2019,,14852,,,,,
dataflow,ESTAT:DEMO_PJAN(1.0),Population on 1 January by age and sex,A,Annual,NR,Number,Y40,40 years,F,Females,SI,Slovenia,2020,,15026,,,,,
dataflow,ESTAT:DEMO_PJAN(1.0),Population on 1 January by age and sex,A,Annual,NR,Number,Y40,40 years,F,Females,SI,Slovenia,2021,,15339,,,,,
dataflow,ESTAT:DEMO_PJAN(1.0),Population on 1 January by age and sex,A,Annual,NR,Number,Y40,40 years,F,Females,SI,Slovenia,2022,,14779,,,,,
dataflow,ESTAT:DEMO_PJAN(1.0),Population on 1 January by age and sex,A,Annual,NR,Number,Y40,40 years,F,Females,SI,Slovenia,2023,,14474,,,,,
dataflow,ESTAT:DEMO_PJAN(1.0),Population on 1 January by age and sex,A,Annual,NR,Number,Y40,40 years,F,Females,SI,Slovenia,2024,,14151,,,,,
dataflow,ESTAT:DEMO_PJAN(1.0),Population on 1 January by age and sex,A,Annual,NR,Number,Y40,40 years,F,Females,SI,Slovenia,2025,,14186,,,,,
dataflow,ESTAT:DEMO_PJAN(1.0),Population on 1 January by age and sex,A,Annual,NR,Number,Y40,40 years,M,Males,SI,Slovenia,2016,,15923,,,,,
dataflow,ESTAT:DEMO_PJAN(1.0),Population on 1 January by age and sex,A,Annual,NR,Number,Y40,40 years,M,Males,SI,Slovenia,2017,,16443,,,,,
dataflow,ESTAT:DEMO_PJAN(1.0),Population on 1 January by age and sex,A,Annual,NR,Number,Y40,40 years,M,Males,SI,Slovenia,2018,,16382,,,,,
dataflow,ESTAT:DEMO_PJAN(1.0),Population on 1 January by age and sex,A,Annual,NR,Number,Y40,40 years,M,Males,SI,Slovenia,2019,,16975,,,,,
dataflow,ESTAT:DEMO_PJAN(1.0),Population on 1 January by age and sex,A,Annual,NR,Number,Y40,40 years,M,Males,SI,Slovenia,2020,,17366,,,,,
dataflow,ESTAT:DEMO_PJAN(1.0),Population on 1 January by age and sex,A,Annual,NR,Number,Y40,40 years,M,Males,SI,Slovenia,2021,,17092,,,,,
dataflow,ESTAT:DEMO_PJAN(1.0),Population on 1 January by age and sex,A,Annual,NR,Number,Y40,40 years,M,Males,SI,Slovenia,2022,,16922,,,,,
dataflow,ESTAT:DEMO_PJAN(1.0),Population on 1 January by age and sex,A,Annual,NR,Number,Y40,40 years,M,Males,SI,Slovenia,2023,,16463,,,,,
dataflow,ESTAT:DEMO_PJAN(1.0),Population on 1 January by age and sex,A,Annual,NR,Number,Y40,40 years,M,Males,SI,Slovenia,2024,,15996,,,,,
dataflow,ESTAT:DEMO_PJAN(1.0),Population on 1 January by age and sex,A,Annual,NR,Number,Y40,40 years,M,Males,SI,Slovenia,2025,,15691,,,,,
dataflow,ESTAT:DEMO_PJAN(1.0),Population on 1 January by age and sex,A,Annual,NR,Number,Y40,40 years,T,Total,SI,Slovenia,2016,,30805,,,,,
dataflow,ESTAT:DEMO_PJAN(1.0),Population on 1 January by age and sex,A,Annual,NR,Number,Y40,40 years,T,Total,SI,Slovenia,2017,,31652,,,,,
dataflow,ESTAT:DEMO_PJAN(1.0),Population on 1 January by age and sex,A,Annual,NR,Number,Y40,40 years,T,Total,SI,Slovenia,2018,,31131,,,,,
dataflow,ESTAT:DEMO_PJAN(1.0),Population on 1 January by age and sex,A,Annual,NR,Number,Y40,40 years,T,Total,SI,Slovenia,2019,,31827,,,,,
dataflow,ESTAT:DEMO_PJAN(1.0),Population on 1 January by age and sex,A,Annual,NR,Number,Y40,40 years,T,Total,SI,Slovenia,2020,,32392,,,,,
dataflow,ESTAT:DEMO_PJAN(1.0),Population on 1 January by age and sex,A,Annual,NR,Number,Y40,40 years,T,Total,SI,Slovenia,2021,,32431,,,,,
dataflow,ESTAT:DEMO_PJAN(1.0),Population on 1 January by age and sex,A,Annual,NR,Number,Y40,40 years,T,Total,SI,Slovenia,2022,,31701,,,,,
dataflow,ESTAT:DEMO_PJAN(1.0),Population on 1 January by age and sex,A,Annual,NR,Number,Y40,40 years,T,Total,SI,Slovenia,2023,,30937,,,,,
dataflow,ESTAT:DEMO_PJAN(1.0),Population on 1 January by age and sex,A,Annual,NR,Number,Y40,40 years,T,Total,SI,Slovenia,2024,,30147,,,,,
dataflow,ESTAT:DEMO_PJAN(1.0),Population on 1 January by age and sex,A,Annual,NR,Number,Y40,40 years,T,Total,SI,Slovenia,2025,,29877,,,,,
dataflow,ESTAT:DEMO_PJAN(1.0),Population on 1 January by age and sex,A,Annual,NR,Number,Y41,41 years,F,Females,SI,Slovenia,2016,,14240,,,,,
dataflow,ESTAT:DEMO_PJAN(1.0),Population on 1 January by age and sex,A,Annual,NR,Number,Y41,41 years,F,Females,SI,Slovenia,2017,,14884,,,,,
dataflow,ESTAT:DEMO_PJAN(1.0),Population on 1 January by age and sex,A,Annual,NR,Number,Y41,41 years,F,Females,SI,Slovenia,2018,,15201,,,,,
dataflow,ESTAT:DEMO_PJAN(1.0),Population on 1 January by age and sex,A,Annual,NR,Number,Y41,41 years,F,Females,SI,Slovenia,2019,,14815,,,,,
dataflow,ESTAT:DEMO_PJAN(1.0),Population on 1 January by age and sex,A,Annual,NR,Number,Y41,41 years,F,Females,SI,Slovenia,2020,,14901,,,,,
dataflow,ESTAT:DEMO_PJAN(1.0),Population on 1 January by age and sex,A,Annual,NR,Number,Y41,41 years,F,Females,SI,Slovenia,2021,,15125,,,,,
dataflow,ESTAT:DEMO_PJAN(1.0),Population on 1 January by age and sex,A,Annual,NR,Number,Y41,41 years,F,Females,SI,Slovenia,2022,,15369,,,,,
dataflow,ESTAT:DEMO_PJAN(1.0),Population on 1 January by age and sex,A,Annual,NR,Number,Y41,41 years,F,Females,SI,Slovenia,2023,,14893,,,,,
dataflow,ESTAT:DEMO_PJAN(1.0),Population on 1 January by age and sex,A,Annual,NR,Number,Y41,41 years,F,Females,SI,Slovenia,2024,,14548,,,,,
dataflow,ESTAT:DEMO_PJAN(1.0),Population on 1 January by age and sex,A,Annual,NR,Number,Y41,41 years,F,Females,SI,Slovenia,2025,,14265,,,,,
dataflow,ESTAT:DEMO_PJAN(1.0),Population on 1 January by age and sex,A,Annual,NR,Number,Y41,41 years,M,Males,SI,Slovenia,2016,,15812,,,,,
dataflow,ESTAT:DEMO_PJAN(1.0),Population on 1 January by age and sex,A,Annual,NR,Number,Y41,41 years,M,Males,SI,Slovenia,2017,,15959,,,,,
dataflow,ESTAT:DEMO_PJAN(1.0),Population on 1 January by age and sex,A,Annual,NR,Number,Y41,41 years,M,Males,SI,Slovenia,2018,,16452,,,,,
dataflow,ESTAT:DEMO_PJAN(1.0),Population on 1 January by age and sex,A,Annual,NR,Number,Y41,41 years,M,Males,SI,Slovenia,2019,,16634,,,,,
dataflow,ESTAT:DEMO_PJAN(1.0),Population on 1 January by age and sex,A,Annual,NR,Number,Y41,41 years,M,Males,SI,Slovenia,2020,,17224,,,,,
dataflow,ESTAT:DEMO_PJAN(1.0),Population on 1 January by age and sex,A,Annual,NR,Number,Y41,41 years,M,Males,SI,Slovenia,2021,,17531,,,,,
dataflow,ESTAT:DEMO_PJAN(1.0),Population on 1 January by age and sex,A,Annual,NR,Number,Y41,41 years,M,Males,SI,Slovenia,2022,,16997,,,,,
dataflow,ESTAT:DEMO_PJAN(1.0),Population on 1 January by age and sex,A,Annual,NR,Number,Y41,41 years,M,Males,SI,Slovenia,2023,,16979,,,,,
dataflow,ESTAT:DEMO_PJAN(1.0),Population on 1 January by age and sex,A,Annual,NR,Number,Y41,41 years,M,Males,SI,Slovenia,2024,,16599,,,,,
dataflow,ESTAT:DEMO_PJAN(1.0),Population on 1 January by age and sex,A,Annual,NR,Number,Y41,41 years,M,Males,SI,Slovenia,2025,,16061,,,,,
dataflow,ESTAT:DEMO_PJAN(1.0),Population on 1 January by age and sex,A,Annual,NR,Number,Y41,41 years,T,Total,SI,Slovenia,2016,,30052,,,,,
dataflow,ESTAT:DEMO_PJAN(1.0),Population on 1 January by age and sex,A,Annual,NR,Number,Y41,41 years,T,Total,SI,Slovenia,2017,,30843,,,,,
dataflow,ESTAT:DEMO_PJAN(1.0),Population on 1 January by age and sex,A,Annual,NR,Number,Y41,41 years,T,Total,SI,Slovenia,2018,,31653,,,,,
dataflow,ESTAT:DEMO_PJAN(1.0),Population on 1 January by age and sex,A,Annual,NR,Number,Y41,41 years,T,Total,SI,Slovenia,2019,,31449,,,,,
dataflow,ESTAT:DEMO_PJAN(1.0),Population on 1 January by age and sex,A,Annual,NR,Number,Y41,41 years,T,Total,SI,Slovenia,2020,,32125,,,,,
dataflow,ESTAT:DEMO_PJAN(1.0),Population on 1 January by age and sex,A,Annual,NR,Number,Y41,41 years,T,Total,SI,Slovenia,2021,,32656,,,,,
dataflow,ESTAT:DEMO_PJAN(1.0),Population on 1 January by age and sex,A,Annual,NR,Number,Y41,41 years,T,Total,SI,Slovenia,2022,,32366,,,,,
dataflow,ESTAT:DEMO_PJAN(1.0),Population on 1 January by age and sex,A,Annual,NR,Number,Y41,41 years,T,Total,SI,Slovenia,2023,,31872,,,,,
dataflow,ESTAT:DEMO_PJAN(1.0),Population on 1 January by age and sex,A,Annual,NR,Number,Y41,41 years,T,Total,SI,Slovenia,2024,,31147,,,,,
dataflow,ESTAT:DEMO_PJAN(1.0),Population on 1 January by age and sex,A,Annual,NR,Number,Y41,41 years,T,Total,SI,Slovenia,2025,,30326,,,,,
dataflow,ESTAT:DEMO_PJAN(1.0),Population on 1 January by age and sex,A,Annual,NR,Number,Y42,42 years,F,Females,SI,Slovenia,2016,,14427,,,,,
dataflow,ESTAT:DEMO_PJAN(1.0),Population on 1 January by age and sex,A,Annual,NR,Number,Y42,42 years,F,Females,SI,Slovenia,2017,,14244,,,,,
dataflow,ESTAT:DEMO_PJAN(1.0),Population on 1 January by age and sex,A,Annual,NR,Number,Y42,42 years,F,Females,SI,Slovenia,2018,,14884,,,,,
dataflow,ESTAT:DEMO_PJAN(1.0),Population on 1 January by age and sex,A,Annual,NR,Number,Y42,42 years,F,Females,SI,Slovenia,2019,,15262,,,,,
dataflow,ESTAT:DEMO_PJAN(1.0),Population on 1 January by age and sex,A,Annual,NR,Number,Y42,42 years,F,Females,SI,Slovenia,2020,,14853,,,,,
dataflow,ESTAT:DEMO_PJAN(1.0),Population on 1 January by age and sex,A,Annual,NR,Number,Y42,42 years,F,Females,SI,Slovenia,2021,,14993,,,,,
dataflow,ESTAT:DEMO_PJAN(1.0),Population on 1 January by age and sex,A,Annual,NR,Number,Y42,42 years,F,Females,SI,Slovenia,2022,,15150,,,,,
dataflow,ESTAT:DEMO_PJAN(1.0),Population on 1 January by age and sex,A,Annual,NR,Number,Y42,42 years,F,Females,SI,Slovenia,2023,,15483,,,,,
dataflow,ESTAT:DEMO_PJAN(1.0),Population on 1 January by age and sex,A,Annual,NR,Number,Y42,42 years,F,Females,SI,Slovenia,2024,,14966,,,,,
dataflow,ESTAT:DEMO_PJAN(1.0),Population on 1 January by age and sex,A,Annual,NR,Number,Y42,42 years,F,Females,SI,Slovenia,2025,,14618,,,,,
dataflow,ESTAT:DEMO_PJAN(1.0),Population on 1 January by age and sex,A,Annual,NR,Number,Y42,42 years,M,Males,SI,Slovenia,2016,,15703,,,,,
dataflow,ESTAT:DEMO_PJAN(1.0),Population on 1 January by age and sex,A,Annual,NR,Number,Y42,42 years,M,Males,SI,Slovenia,2017,,15816,,,,,
dataflow,ESTAT:DEMO_PJAN(1.0),Population on 1 January by age and sex,A,Annual,NR,Number,Y42,42 years,M,Males,SI,Slovenia,2018,,15991,,,,,
dataflow,ESTAT:DEMO_PJAN(1.0),Population on 1 January by age and sex,A,Annual,NR,Number,Y42,42 years,M,Males,SI,Slovenia,2019,,16663,,,,,
dataflow,ESTAT:DEMO_PJAN(1.0),Population on 1 January by age and sex,A,Annual,NR,Number,Y42,42 years,M,Males,SI,Slovenia,2020,,16829,,,,,
dataflow,ESTAT:DEMO_PJAN(1.0),Population on 1 January by age and sex,A,Annual,NR,Number,Y42,42 years,M,Males,SI,Slovenia,2021,,17309,,,,,
dataflow,ESTAT:DEMO_PJAN(1.0),Population on 1 January by age and sex,A,Annual,NR,Number,Y42,42 years,M,Males,SI,Slovenia,2022,,17446,,,,,
dataflow,ESTAT:DEMO_PJAN(1.0),Population on 1 January by age and sex,A,Annual,NR,Number,Y42,42 years,M,Males,SI,Slovenia,2023,,17101,,,,,
dataflow,ESTAT:DEMO_PJAN(1.0),Population on 1 January by age and sex,A,Annual,NR,Number,Y42,42 years,M,Males,SI,Slovenia,2024,,17132,,,,,
dataflow,ESTAT:DEMO_PJAN(1.0),Population on 1 January by age and sex,A,Annual,NR,Number,Y42,42 years,M,Males,SI,Slovenia,2025,,16665,,,,,
dataflow,ESTAT:DEMO_PJAN(1.0),Population on 1 January by age and sex,A,Annual,NR,Number,Y42,42 years,T,Total,SI,Slovenia,2016,,30130,,,,,
dataflow,ESTAT:DEMO_PJAN(1.0),Population on 1 January by age and sex,A,Annual,NR,Number,Y42,42 years,T,Total,SI,Slovenia,2017,,30060,,,,,
dataflow,ESTAT:DEMO_PJAN(1.0),Population on 1 January by age and sex,A,Annual,NR,Number,Y42,42 years,T,Total,SI,Slovenia,2018,,30875,,,,,
dataflow,ESTAT:DEMO_PJAN(1.0),Population on 1 January by age and sex,A,Annual,NR,Number,Y42,42 years,T,Total,SI,Slovenia,2019,,31925,,,,,
dataflow,ESTAT:DEMO_PJAN(1.0),Population on 1 January by age and sex,A,Annual,NR,Number,Y42,42 years,T,Total,SI,Slovenia,2020,,31682,,,,,
dataflow,ESTAT:DEMO_PJAN(1.0),Population on 1 January by age and sex,A,Annual,NR,Number,Y42,42 years,T,Total,SI,Slovenia,2021,,32302,,,,,
dataflow,ESTAT:DEMO_PJAN(1.0),Population on 1 January by age and sex,A,Annual,NR,Number,Y42,42 years,T,Total,SI,Slovenia,2022,,32596,,,,,
dataflow,ESTAT:DEMO_PJAN(1.0),Population on 1 January by age and sex,A,Annual,NR,Number,Y42,42 years,T,Total,SI,Slovenia,2023,,32584,,,,,
dataflow,ESTAT:DEMO_PJAN(1.0),Population on 1 January by age and sex,A,Annual,NR,Number,Y42,42 years,T,Total,SI,Slovenia,2024,,32098,,,,,
dataflow,ESTAT:DEMO_PJAN(1.0),Population on 1 January by age and sex,A,Annual,NR,Number,Y42,42 years,T,Total,SI,Slovenia,2025,,31283,,,,,
dataflow,ESTAT:DEMO_PJAN(1.0),Population on 1 January by age and sex,A,Annual,NR,Number,Y43,43 years,F,Females,SI,Slovenia,2016,,14363,,,,,
dataflow,ESTAT:DEMO_PJAN(1.0),Population on 1 January by age and sex,A,Annual,NR,Number,Y43,43 years,F,Females,SI,Slovenia,2017,,14419,,,,,
dataflow,ESTAT:DEMO_PJAN(1.0),Population on 1 January by age and sex,A,Annual,NR,Number,Y43,43 years,F,Females,SI,Slovenia,2018,,14238,,,,,
dataflow,ESTAT:DEMO_PJAN(1.0),Population on 1 January by age and sex,A,Annual,NR,Number,Y43,43 years,F,Females,SI,Slovenia,2019,,14912,,,,,
dataflow,ESTAT:DEMO_PJAN(1.0),Population on 1 January by age and sex,A,Annual,NR,Number,Y43,43 years,F,Females,SI,Slovenia,2020,,15314,,,,,
dataflow,ESTAT:DEMO_PJAN(1.0),Population on 1 January by age and sex,A,Annual,NR,Number,Y43,43 years,F,Females,SI,Slovenia,2021,,14953,,,,,
dataflow,ESTAT:DEMO_PJAN(1.0),Population on 1 January by age and sex,A,Annual,NR,Number,Y43,43 years,F,Females,SI,Slovenia,2022,,15016,,,,,
dataflow,ESTAT:DEMO_PJAN(1.0),Population on 1 January by age and sex,A,Annual,NR,Number,Y43,43 years,F,Females,SI,Slovenia,2023,,15215,,,,,
dataflow,ESTAT:DEMO_PJAN(1.0),Population on 1 January by age and sex,A,Annual,NR,Number,Y43,43 years,F,Females,SI,Slovenia,2024,,15556,,,,,
dataflow,ESTAT:DEMO_PJAN(1.0),Population on 1 January by age and sex,A,Annual,NR,Number,Y43,43 years,F,Females,SI,Slovenia,2025,,15063,,,,,
dataflow,ESTAT:DEMO_PJAN(1.0),Population on 1 January by age and sex,A,Annual,NR,Number,Y43,43 years,M,Males,SI,Slovenia,2016,,15540,,,,,
dataflow,ESTAT:DEMO_PJAN(1.0),Population on 1 January by age and sex,A,Annual,NR,Number,Y43,43 years,M,Males,SI,Slovenia,2017,,15707,,,,,
dataflow,ESTAT:DEMO_PJAN(1.0),Population on 1 January by age and sex,A,Annual,NR,Number,Y43,43 years,M,Males,SI,Slovenia,2018,,15836,,,,,
dataflow,ESTAT:DEMO_PJAN(1.0),Population on 1 January by age and sex,A,Annual,NR,Number,Y43,43 years,M,Males,SI,Slovenia,2019,,16212,,,,,
dataflow,ESTAT:DEMO_PJAN(1.0),Population on 1 January by age and sex,A,Annual,NR,Number,Y43,43 years,M,Males,SI,Slovenia,2020,,16901,,,,,
dataflow,ESTAT:DEMO_PJAN(1.0),Population on 1 January by age and sex,A,Annual,NR,Number,Y43,43 years,M,Males,SI,Slovenia,2021,,16946,,,,,
dataflow,ESTAT:DEMO_PJAN(1.0),Population on 1 January by age and sex,A,Annual,NR,Number,Y43,43 years,M,Males,SI,Slovenia,2022,,17275,,,,,
dataflow,ESTAT:DEMO_PJAN(1.0),Population on 1 January by age and sex,A,Annual,NR,Number,Y43,43 years,M,Males,SI,Slovenia,2023,,17502,,,,,
dataflow,ESTAT:DEMO_PJAN(1.0),Population on 1 January by age and sex,A,Annual,NR,Number,Y43,43 years,M,Males,SI,Slovenia,2024,,17231,,,,,
dataflow,ESTAT:DEMO_PJAN(1.0),Population on 1 January by age and sex,A,Annual,NR,Number,Y43,43 years,M,Males,SI,Slovenia,2025,,17186,,,,,
dataflow,ESTAT:DEMO_PJAN(1.0),Population on 1 January by age and sex,A,Annual,NR,Number,Y43,43 years,T,Total,SI,Slovenia,2016,,29903,,,,,
dataflow,ESTAT:DEMO_PJAN(1.0),Population on 1 January by age and sex,A,Annual,NR,Number,Y43,43 years,T,Total,SI,Slovenia,2017,,30126,,,,,
dataflow,ESTAT:DEMO_PJAN(1.0),Population on 1 January by age and sex,A,Annual,NR,Number,Y43,43 years,T,Total,SI,Slovenia,2018,,30074,,,,,
dataflow,ESTAT:DEMO_PJAN(1.0),Population on 1 January by age and sex,A,Annual,NR,Number,Y43,43 years,T,Total,SI,Slovenia,2019,,31124,,,,,
dataflow,ESTAT:DEMO_PJAN(1.0),Population on 1 January by age and sex,A,Annual,NR,Number,Y43,43 years,T,Total,SI,Slovenia,2020,,32215,,,,,
dataflow,ESTAT:DEMO_PJAN(1.0),Population on 1 January by age and sex,A,Annual,NR,Number,Y43,43 years,T,Total,SI,Slovenia,2021,,31899,,,,,
dataflow,ESTAT:DEMO_PJAN(1.0),Population on 1 January by age and sex,A,Annual,NR,Number,Y43,43 years,T,Total,SI,Slovenia,2022,,32291,,,,,
dataflow,ESTAT:DEMO_PJAN(1.0),Population on 1 January by age and sex,A,Annual,NR,Number,Y43,43 years,T,Total,SI,Slovenia,2023,,32717,,,,,
dataflow,ESTAT:DEMO_PJAN(1.0),Population on 1 January by age and sex,A,Annual,NR,Number,Y43,43 years,T,Total,SI,Slovenia,2024,,32787,,,,,
dataflow,ESTAT:DEMO_PJAN(1.0),Population on 1 January by age and sex,A,Annual,NR,Number,Y43,43 years,T,Total,SI,Slovenia,2025,,32249,,,,,
dataflow,ESTAT:DEMO_PJAN(1.0),Population on 1 January by age and sex,A,Annual,NR,Number,Y44,44 years,F,Females,SI,Slovenia,2016,,13958,,,,,
dataflow,ESTAT:DEMO_PJAN(1.0),Population on 1 January by age and sex,A,Annual,NR,Number,Y44,44 years,F,Females,SI,Slovenia,2017,,14365,,,,,
dataflow,ESTAT:DEMO_PJAN(1.0),Population on 1 January by age and sex,A,Annual,NR,Number,Y44,44 years,F,Females,SI,Slovenia,2018,,14420,,,,,
dataflow,ESTAT:DEMO_PJAN(1.0),Population on 1 January by age and sex,A,Annual,NR,Number,Y44,44 years,F,Females,SI,Slovenia,2019,,14258,,,,,
dataflow,ESTAT:DEMO_PJAN(1.0),Population on 1 January by age and sex,A,Annual,NR,Number,Y44,44 years,F,Females,SI,Slovenia,2020,,14951,,,,,
dataflow,ESTAT:DEMO_PJAN(1.0),Population on 1 January by age and sex,A,Annual,NR,Number,Y44,44 years,F,Females,SI,Slovenia,2021,,15452,,,,,
dataflow,ESTAT:DEMO_PJAN(1.0),Population on 1 January by age and sex,A,Annual,NR,Number,Y44,44 years,F,Females,SI,Slovenia,2022,,14981,,,,,
dataflow,ESTAT:DEMO_PJAN(1.0),Population on 1 January by age and sex,A,Annual,NR,Number,Y44,44 years,F,Females,SI,Slovenia,2023,,15107,,,,,
dataflow,ESTAT:DEMO_PJAN(1.0),Population on 1 January by age and sex,A,Annual,NR,Number,Y44,44 years,F,Females,SI,Slovenia,2024,,15302,,,,,
dataflow,ESTAT:DEMO_PJAN(1.0),Population on 1 January by age and sex,A,Annual,NR,Number,Y44,44 years,F,Females,SI,Slovenia,2025,,15633,,,,,
dataflow,ESTAT:DEMO_PJAN(1.0),Population on 1 January by age and sex,A,Annual,NR,Number,Y44,44 years,M,Males,SI,Slovenia,2016,,15254,,,,,
dataflow,ESTAT:DEMO_PJAN(1.0),Population on 1 January by age and sex,A,Annual,NR,Number,Y44,44 years,M,Males,SI,Slovenia,2017,,15559,,,,,
dataflow,ESTAT:DEMO_PJAN(1.0),Population on 1 January by age and sex,A,Annual,NR,Number,Y44,44 years,M,Males,SI,Slovenia,2018,,15750,,,,,
dataflow,ESTAT:DEMO_PJAN(1.0),Population on 1 January by age and sex,A,Annual,NR,Number,Y44,44 years,M,Males,SI,Slovenia,2019,,15999,,,,,
dataflow,ESTAT:DEMO_PJAN(1.0),Population on 1 January by age and sex,A,Annual,NR,Number,Y44,44 years,M,Males,SI,Slovenia,2020,,16356,,,,,
dataflow,ESTAT:DEMO_PJAN(1.0),Population on 1 January by age and sex,A,Annual,NR,Number,Y44,44 years,M,Males,SI,Slovenia,2021,,17074,,,,,
dataflow,ESTAT:DEMO_PJAN(1.0),Population on 1 January by age and sex,A,Annual,NR,Number,Y44,44 years,M,Males,SI,Slovenia,2022,,16889,,,,,
dataflow,ESTAT:DEMO_PJAN(1.0),Population on 1 January by age and sex,A,Annual,NR,Number,Y44,44 years,M,Males,SI,Slovenia,2023,,17318,,,,,
dataflow,ESTAT:DEMO_PJAN(1.0),Population on 1 January by age and sex,A,Annual,NR,Number,Y44,44 years,M,Males,SI,Slovenia,2024,,17595,,,,,
dataflow,ESTAT:DEMO_PJAN(1.0),Population on 1 January by age and sex,A,Annual,NR,Number,Y44,44 years,M,Males,SI,Slovenia,2025,,17296,,,,,
dataflow,ESTAT:DEMO_PJAN(1.0),Population on 1 January by age and sex,A,Annual,NR,Number,Y44,44 years,T,Total,SI,Slovenia,2016,,29212,,,,,
dataflow,ESTAT:DEMO_PJAN(1.0),Population on 1 January by age and sex,A,Annual,NR,Number,Y44,44 years,T,Total,SI,Slovenia,2017,,29924,,,,,
dataflow,ESTAT:DEMO_PJAN(1.0),Population on 1 January by age and sex,A,Annual,NR,Number,Y44,44 years,T,Total,SI,Slovenia,2018,,30170,,,,,
dataflow,ESTAT:DEMO_PJAN(1.0),Population on 1 January by age and sex,A,Annual,NR,Number,Y44,44 years,T,Total,SI,Slovenia,2019,,30257,,,,,
dataflow,ESTAT:DEMO_PJAN(1.0),Population on 1 January by age and sex,A,Annual,NR,Number,Y44,44 years,T,Total,SI,Slovenia,2020,,31307,,,,,
dataflow,ESTAT:DEMO_PJAN(1.0),Population on 1 January by age and sex,A,Annual,NR,Number,Y44,44 years,T,Total,SI,Slovenia,2021,,32526,,,,,
dataflow,ESTAT:DEMO_PJAN(1.0),Population on 1 January by age and sex,A,Annual,NR,Number,Y44,44 years,T,Total,SI,Slovenia,2022,,31870,,,,,
dataflow,ESTAT:DEMO_PJAN(1.0),Population on 1 January by age and sex,A,Annual,NR,Number,Y44,44 years,T,Total,SI,Slovenia,2023,,32425,,,,,
dataflow,ESTAT:DEMO_PJAN(1.0),Population on 1 January by age and sex,A,Annual,NR,Number,Y44,44 years,T,Total,SI,Slovenia,2024,,32897,,,,,
dataflow,ESTAT:DEMO_PJAN(1.0),Population on 1 January by age and sex,A,Annual,NR,Number,Y44,44 years,T,Total,SI,Slovenia,2025,,32929,,,,,
dataflow,ESTAT:DEMO_PJAN(1.0),Population on 1 January by age and sex,A,Annual,NR,Number,Y45,45 years,F,Females,SI,Slovenia,2016,,13787,,,,,
dataflow,ESTAT:DEMO_PJAN(1.0),Population on 1 January by age and sex,A,Annual,NR,Number,Y45,45 years,F,Females,SI,Slovenia,2017,,13954,,,,,
dataflow,ESTAT:DEMO_PJAN(1.0),Population on 1 January by age and sex,A,Annual,NR,Number,Y45,45 years,F,Females,SI,Slovenia,2018,,14335,,,,,
dataflow,ESTAT:DEMO_PJAN(1.0),Population on 1 January by age and sex,A,Annual,NR,Number,Y45,45 years,F,Females,SI,Slovenia,2019,,14473,,,,,
dataflow,ESTAT:DEMO_PJAN(1.0),Population on 1 January by age and sex,A,Annual,NR,Number,Y45,45 years,F,Females,SI,Slovenia,2020,,14306,,,,,
dataflow,ESTAT:DEMO_PJAN(1.0),Population on 1 January by age and sex,A,Annual,NR,Number,Y45,45 years,F,Females,SI,Slovenia,2021,,15040,,,,,
dataflow,ESTAT:DEMO_PJAN(1.0),Population on 1 January by age and sex,A,Annual,NR,Number,Y45,45 years,F,Females,SI,Slovenia,2022,,15471,,,,,
dataflow,ESTAT:DEMO_PJAN(1.0),Population on 1 January by age and sex,A,Annual,NR,Number,Y45,45 years,F,Females,SI,Slovenia,2023,,15063,,,,,
dataflow,ESTAT:DEMO_PJAN(1.0),Population on 1 January by age and sex,A,Annual,NR,Number,Y45,45 years,F,Females,SI,Slovenia,2024,,15180,,,,,
dataflow,ESTAT:DEMO_PJAN(1.0),Population on 1 January by age and sex,A,Annual,NR,Number,Y45,45 years,F,Females,SI,Slovenia,2025,,15397,,,,,
dataflow,ESTAT:DEMO_PJAN(1.0),Population on 1 January by age and sex,A,Annual,NR,Number,Y45,45 years,M,Males,SI,Slovenia,2016,,14418,,,,,
dataflow,ESTAT:DEMO_PJAN(1.0),Population on 1 January by age and sex,A,Annual,NR,Number,Y45,45 years,M,Males,SI,Slovenia,2017,,15234,,,,,
dataflow,ESTAT:DEMO_PJAN(1.0),Population on 1 January by age and sex,A,Annual,NR,Number,Y45,45 years,M,Males,SI,Slovenia,2018,,15551,,,,,
dataflow,ESTAT:DEMO_PJAN(1.0),Population on 1 January by age and sex,A,Annual,NR,Number,Y45,45 years,M,Males,SI,Slovenia,2019,,15919,,,,,
dataflow,ESTAT:DEMO_PJAN(1.0),Population on 1 January by age and sex,A,Annual,NR,Number,Y45,45 years,M,Males,SI,Slovenia,2020,,16134,,,,,
dataflow,ESTAT:DEMO_PJAN(1.0),Population on 1 January by age and sex,A,Annual,NR,Number,Y45,45 years,M,Males,SI,Slovenia,2021,,16478,,,,,
dataflow,ESTAT:DEMO_PJAN(1.0),Population on 1 January by age and sex,A,Annual,NR,Number,Y45,45 years,M,Males,SI,Slovenia,2022,,16995,,,,,
dataflow,ESTAT:DEMO_PJAN(1.0),Population on 1 January by age and sex,A,Annual,NR,Number,Y45,45 years,M,Males,SI,Slovenia,2023,,16956,,,,,
dataflow,ESTAT:DEMO_PJAN(1.0),Population on 1 January by age and sex,A,Annual,NR,Number,Y45,45 years,M,Males,SI,Slovenia,2024,,17432,,,,,
dataflow,ESTAT:DEMO_PJAN(1.0),Population on 1 January by age and sex,A,Annual,NR,Number,Y45,45 years,M,Males,SI,Slovenia,2025,,17662,,,,,
dataflow,ESTAT:DEMO_PJAN(1.0),Population on 1 January by age and sex,A,Annual,NR,Number,Y45,45 years,T,Total,SI,Slovenia,2016,,28205,,,,,
dataflow,ESTAT:DEMO_PJAN(1.0),Population on 1 January by age and sex,A,Annual,NR,Number,Y45,45 years,T,Total,SI,Slovenia,2017,,29188,,,,,
dataflow,ESTAT:DEMO_PJAN(1.0),Population on 1 January by age and sex,A,Annual,NR,Number,Y45,45 years,T,Total,SI,Slovenia,2018,,29886,,,,,
dataflow,ESTAT:DEMO_PJAN(1.0),Population on 1 January by age and sex,A,Annual,NR,Number,Y45,45 years,T,Total,SI,Slovenia,2019,,30392,,,,,
dataflow,ESTAT:DEMO_PJAN(1.0),Population on 1 January by age and sex,A,Annual,NR,Number,Y45,45 years,T,Total,SI,Slovenia,2020,,30440,,,,,
dataflow,ESTAT:DEMO_PJAN(1.0),Population on 1 January by age and sex,A,Annual,NR,Number,Y45,45 years,T,Total,SI,Slovenia,2021,,31518,,,,,
dataflow,ESTAT:DEMO_PJAN(1.0),Population on 1 January by age and sex,A,Annual,NR,Number,Y45,45 years,T,Total,SI,Slovenia,2022,,32466,,,,,
dataflow,ESTAT:DEMO_PJAN(1.0),Population on 1 January by age and sex,A,Annual,NR,Number,Y45,45 years,T,Total,SI,Slovenia,2023,,32019,,,,,
dataflow,ESTAT:DEMO_PJAN(1.0),Population on 1 January by age and sex,A,Annual,NR,Number,Y45,45 years,T,Total,SI,Slovenia,2024,,32612,,,,,
dataflow,ESTAT:DEMO_PJAN(1.0),Population on 1 January by age and sex,A,Annual,NR,Number,Y45,45 years,T,Total,SI,Slovenia,2025,,33059,,,,,
dataflow,ESTAT:DEMO_PJAN(1.0),Population on 1 January by age and sex,A,Annual,NR,Number,Y46,46 years,F,Females,SI,Slovenia,2016,,14027,,,,,
dataflow,ESTAT:DEMO_PJAN(1.0),Population on 1 January by age and sex,A,Annual,NR,Number,Y46,46 years,F,Females,SI,Slovenia,2017,,13777,,,,,
dataflow,ESTAT:DEMO_PJAN(1.0),Population on 1 January by age and sex,A,Annual,NR,Number,Y46,46 years,F,Females,SI,Slovenia,2018,,13970,,,,,
dataflow,ESTAT:DEMO_PJAN(1.0),Population on 1 January by age and sex,A,Annual,NR,Number,Y46,46 years,F,Females,SI,Slovenia,2019,,14350,,,,,
dataflow,ESTAT:DEMO_PJAN(1.0),Population on 1 January by age and sex,A,Annual,NR,Number,Y46,46 years,F,Females,SI,Slovenia,2020,,14514,,,,,
dataflow,ESTAT:DEMO_PJAN(1.0),Population on 1 January by age and sex,A,Annual,NR,Number,Y46,46 years,F,Females,SI,Slovenia,2021,,14394,,,,,
dataflow,ESTAT:DEMO_PJAN(1.0),Population on 1 January by age and sex,A,Annual,NR,Number,Y46,46 years,F,Females,SI,Slovenia,2022,,15072,,,,,
dataflow,ESTAT:DEMO_PJAN(1.0),Population on 1 January by age and sex,A,Annual,NR,Number,Y46,46 years,F,Females,SI,Slovenia,2023,,15583,,,,,
dataflow,ESTAT:DEMO_PJAN(1.0),Population on 1 January by age and sex,A,Annual,NR,Number,Y46,46 years,F,Females,SI,Slovenia,2024,,15124,,,,,
dataflow,ESTAT:DEMO_PJAN(1.0),Population on 1 January by age and sex,A,Annual,NR,Number,Y46,46 years,F,Females,SI,Slovenia,2025,,15253,,,,,
dataflow,ESTAT:DEMO_PJAN(1.0),Population on 1 January by age and sex,A,Annual,NR,Number,Y46,46 years,M,Males,SI,Slovenia,2016,,14962,,,,,
dataflow,ESTAT:DEMO_PJAN(1.0),Population on 1 January by age and sex,A,Annual,NR,Number,Y46,46 years,M,Males,SI,Slovenia,2017,,14465,,,,,
dataflow,ESTAT:DEMO_PJAN(1.0),Population on 1 January by age and sex,A,Annual,NR,Number,Y46,46 years,M,Males,SI,Slovenia,2018,,15226,,,,,
dataflow,ESTAT:DEMO_PJAN(1.0),Population on 1 January by age and sex,A,Annual,NR,Number,Y46,46 years,M,Males,SI,Slovenia,2019,,15684,,,,,
dataflow,ESTAT:DEMO_PJAN(1.0),Population on 1 January by age and sex,A,Annual,NR,Number,Y46,46 years,M,Males,SI,Slovenia,2020,,16028,,,,,
dataflow,ESTAT:DEMO_PJAN(1.0),Population on 1 January by age and sex,A,Annual,NR,Number,Y46,46 years,M,Males,SI,Slovenia,2021,,16251,,,,,
dataflow,ESTAT:DEMO_PJAN(1.0),Population on 1 January by age and sex,A,Annual,NR,Number,Y46,46 years,M,Males,SI,Slovenia,2022,,16375,,,,,
dataflow,ESTAT:DEMO_PJAN(1.0),Population on 1 January by age and sex,A,Annual,NR,Number,Y46,46 years,M,Males,SI,Slovenia,2023,,17084,,,,,
dataflow,ESTAT:DEMO_PJAN(1.0),Population on 1 January by age and sex,A,Annual,NR,Number,Y46,46 years,M,Males,SI,Slovenia,2024,,17069,,,,,
dataflow,ESTAT:DEMO_PJAN(1.0),Population on 1 January by age and sex,A,Annual,NR,Number,Y46,46 years,M,Males,SI,Slovenia,2025,,17471,,,,,
dataflow,ESTAT:DEMO_PJAN(1.0),Population on 1 January by age and sex,A,Annual,NR,Number,Y46,46 years,T,Total,SI,Slovenia,2016,,28989,,,,,
dataflow,ESTAT:DEMO_PJAN(1.0),Population on 1 January by age and sex,A,Annual,NR,Number,Y46,46 years,T,Total,SI,Slovenia,2017,,28242,,,,,
dataflow,ESTAT:DEMO_PJAN(1.0),Population on 1 January by age and sex,A,Annual,NR,Number,Y46,46 years,T,Total,SI,Slovenia,2018,,29196,,,,,
dataflow,ESTAT:DEMO_PJAN(1.0),Population on 1 January by age and sex,A,Annual,NR,Number,Y46,46 years,T,Total,SI,Slovenia,2019,,30034,,,,,
dataflow,ESTAT:DEMO_PJAN(1.0),Population on 1 January by age and sex,A,Annual,NR,Number,Y46,46 years,T,Total,SI,Slovenia,2020,,30542,,,,,
dataflow,ESTAT:DEMO_PJAN(1.0),Population on 1 January by age and sex,A,Annual,NR,Number,Y46,46 years,T,Total,SI,Slovenia,2021,,30645,,,,,
dataflow,ESTAT:DEMO_PJAN(1.0),Population on 1 January by age and sex,A,Annual,NR,Number,Y46,46 years,T,Total,SI,Slovenia,2022,,31447,,,,,
dataflow,ESTAT:DEMO_PJAN(1.0),Population on 1 January by age and sex,A,Annual,NR,Number,Y46,46 years,T,Total,SI,Slovenia,2023,,32667,,,,,
dataflow,ESTAT:DEMO_PJAN(1.0),Population on 1 January by age and sex,A,Annual,NR,Number,Y46,46 years,T,Total,SI,Slovenia,2024,,32193,,,,,
dataflow,ESTAT:DEMO_PJAN(1.0),Population on 1 January by age and sex,A,Annual,NR,Number,Y46,46 years,T,Total,SI,Slovenia,2025,,32724,,,,,
dataflow,ESTAT:DEMO_PJAN(1.0),Population on 1 January by age and sex,A,Annual,NR,Number,Y47,47 years,F,Females,SI,Slovenia,2016,,14296,,,,,
dataflow,ESTAT:DEMO_PJAN(1.0),Population on 1 January by age and sex,A,Annual,NR,Number,Y47,47 years,F,Females,SI,Slovenia,2017,,14012,,,,,
dataflow,ESTAT:DEMO_PJAN(1.0),Population on 1 January by age and sex,A,Annual,NR,Number,Y47,47 years,F,Females,SI,Slovenia,2018,,13732,,,,,
dataflow,ESTAT:DEMO_PJAN(1.0),Population on 1 January by age and sex,A,Annual,NR,Number,Y47,47 years,F,Females,SI,Slovenia,2019,,13988,,,,,
dataflow,ESTAT:DEMO_PJAN(1.0),Population on 1 January by age and sex,A,Annual,NR,Number,Y47,47 years,F,Females,SI,Slovenia,2020,,14369,,,,,
dataflow,ESTAT:DEMO_PJAN(1.0),Population on 1 January by age and sex,A,Annual,NR,Number,Y47,47 years,F,Females,SI,Slovenia,2021,,14588,,,,,
dataflow,ESTAT:DEMO_PJAN(1.0),Population on 1 January by age and sex,A,Annual,NR,Number,Y47,47 years,F,Females,SI,Slovenia,2022,,14403,,,,,
dataflow,ESTAT:DEMO_PJAN(1.0),Population on 1 January by age and sex,A,Annual,NR,Number,Y47,47 years,F,Females,SI,Slovenia,2023,,15144,,,,,
dataflow,ESTAT:DEMO_PJAN(1.0),Population on 1 January by age and sex,A,Annual,NR,Number,Y47,47 years,F,Females,SI,Slovenia,2024,,15643,,,,,
dataflow,ESTAT:DEMO_PJAN(1.0),Population on 1 January by age and sex,A,Annual,NR,Number,Y47,47 years,F,Females,SI,Slovenia,2025,,15180,,,,,
dataflow,ESTAT:DEMO_PJAN(1.0),Population on 1 January by age and sex,A,Annual,NR,Number,Y47,47 years,M,Males,SI,Slovenia,2016,,15357,,,,,
dataflow,ESTAT:DEMO_PJAN(1.0),Population on 1 January by age and sex,A,Annual,NR,Number,Y47,47 years,M,Males,SI,Slovenia,2017,,14937,,,,,
dataflow,ESTAT:DEMO_PJAN(1.0),Population on 1 January by age and sex,A,Annual,NR,Number,Y47,47 years,M,Males,SI,Slovenia,2018,,14425,,,,,
dataflow,ESTAT:DEMO_PJAN(1.0),Population on 1 January by age and sex,A,Annual,NR,Number,Y47,47 years,M,Males,SI,Slovenia,2019,,15335,,,,,
dataflow,ESTAT:DEMO_PJAN(1.0),Population on 1 January by age and sex,A,Annual,NR,Number,Y47,47 years,M,Males,SI,Slovenia,2020,,15790,,,,,
dataflow,ESTAT:DEMO_PJAN(1.0),Population on 1 January by age and sex,A,Annual,NR,Number,Y47,47 years,M,Males,SI,Slovenia,2021,,16096,,,,,
dataflow,ESTAT:DEMO_PJAN(1.0),Population on 1 January by age and sex,A,Annual,NR,Number,Y47,47 years,M,Males,SI,Slovenia,2022,,16186,,,,,
dataflow,ESTAT:DEMO_PJAN(1.0),Population on 1 January by age and sex,A,Annual,NR,Number,Y47,47 years,M,Males,SI,Slovenia,2023,,16429,,,,,
dataflow,ESTAT:DEMO_PJAN(1.0),Population on 1 January by age and sex,A,Annual,NR,Number,Y47,47 years,M,Males,SI,Slovenia,2024,,17175,,,,,
dataflow,ESTAT:DEMO_PJAN(1.0),Population on 1 January by age and sex,A,Annual,NR,Number,Y47,47 years,M,Males,SI,Slovenia,2025,,17151,,,,,
dataflow,ESTAT:DEMO_PJAN(1.0),Population on 1 January by age and sex,A,Annual,NR,Number,Y47,47 years,T,Total,SI,Slovenia,2016,,29653,,,,,
dataflow,ESTAT:DEMO_PJAN(1.0),Population on 1 January by age and sex,A,Annual,NR,Number,Y47,47 years,T,Total,SI,Slovenia,2017,,28949,,,,,
dataflow,ESTAT:DEMO_PJAN(1.0),Population on 1 January by age and sex,A,Annual,NR,Number,Y47,47 years,T,Total,SI,Slovenia,2018,,28157,,,,,
dataflow,ESTAT:DEMO_PJAN(1.0),Population on 1 January by age and sex,A,Annual,NR,Number,Y47,47 years,T,Total,SI,Slovenia,2019,,29323,,,,,
dataflow,ESTAT:DEMO_PJAN(1.0),Population on 1 January by age and sex,A,Annual,NR,Number,Y47,47 years,T,Total,SI,Slovenia,2020,,30159,,,,,
dataflow,ESTAT:DEMO_PJAN(1.0),Population on 1 January by age and sex,A,Annual,NR,Number,Y47,47 years,T,Total,SI,Slovenia,2021,,30684,,,,,
dataflow,ESTAT:DEMO_PJAN(1.0),Population on 1 January by age and sex,A,Annual,NR,Number,Y47,47 years,T,Total,SI,Slovenia,2022,,30589,,,,,
dataflow,ESTAT:DEMO_PJAN(1.0),Population on 1 January by age and sex,A,Annual,NR,Number,Y47,47 years,T,Total,SI,Slovenia,2023,,31573,,,,,
dataflow,ESTAT:DEMO_PJAN(1.0),Population on 1 January by age and sex,A,Annual,NR,Number,Y47,47 years,T,Total,SI,Slovenia,2024,,32818,,,,,
dataflow,ESTAT:DEMO_PJAN(1.0),Population on 1 January by age and sex,A,Annual,NR,Number,Y47,47 years,T,Total,SI,Slovenia,2025,,32331,,,,,
dataflow,ESTAT:DEMO_PJAN(1.0),Population on 1 January by age and sex,A,Annual,NR,Number,Y48,48 years,F,Females,SI,Slovenia,2016,,15292,,,,,
dataflow,ESTAT:DEMO_PJAN(1.0),Population on 1 January by age and sex,A,Annual,NR,Number,Y48,48 years,F,Females,SI,Slovenia,2017,,14284,,,,,
dataflow,ESTAT:DEMO_PJAN(1.0),Population on 1 January by age and sex,A,Annual,NR,Number,Y48,48 years,F,Females,SI,Slovenia,2018,,14006,,,,,
dataflow,ESTAT:DEMO_PJAN(1.0),Population on 1 January by age and sex,A,Annual,NR,Number,Y48,48 years,F,Females,SI,Slovenia,2019,,13745,,,,,
dataflow,ESTAT:DEMO_PJAN(1.0),Population on 1 January by age and sex,A,Annual,NR,Number,Y48,48 years,F,Females,SI,Slovenia,2020,,14001,,,,,
dataflow,ESTAT:DEMO_PJAN(1.0),Population on 1 January by age and sex,A,Annual,NR,Number,Y48,48 years,F,Females,SI,Slovenia,2021,,14433,,,,,
dataflow,ESTAT:DEMO_PJAN(1.0),Population on 1 January by age and sex,A,Annual,NR,Number,Y48,48 years,F,Females,SI,Slovenia,2022,,14613,,,,,
dataflow,ESTAT:DEMO_PJAN(1.0),Population on 1 January by age and sex,A,Annual,NR,Number,Y48,48 years,F,Females,SI,Slovenia,2023,,14451,,,,,
dataflow,ESTAT:DEMO_PJAN(1.0),Population on 1 January by age and sex,A,Annual,NR,Number,Y48,48 years,F,Females,SI,Slovenia,2024,,15175,,,,,
dataflow,ESTAT:DEMO_PJAN(1.0),Population on 1 January by age and sex,A,Annual,NR,Number,Y48,48 years,F,Females,SI,Slovenia,2025,,15694,,,,,
dataflow,ESTAT:DEMO_PJAN(1.0),Population on 1 January by age and sex,A,Annual,NR,Number,Y48,48 years,M,Males,SI,Slovenia,2016,,15404,,,,,
dataflow,ESTAT:DEMO_PJAN(1.0),Population on 1 January by age and sex,A,Annual,NR,Number,Y48,48 years,M,Males,SI,Slovenia,2017,,15330,,,,,
dataflow,ESTAT:DEMO_PJAN(1.0),Population on 1 January by age and sex,A,Annual,NR,Number,Y48,48 years,M,Males,SI,Slovenia,2018,,14894,,,,,
dataflow,ESTAT:DEMO_PJAN(1.0),Population on 1 January by age and sex,A,Annual,NR,Number,Y48,48 years,M,Males,SI,Slovenia,2019,,14563,,,,,
dataflow,ESTAT:DEMO_PJAN(1.0),Population on 1 January by age and sex,A,Annual,NR,Number,Y48,48 years,M,Males,SI,Slovenia,2020,,15492,,,,,
dataflow,ESTAT:DEMO_PJAN(1.0),Population on 1 January by age and sex,A,Annual,NR,Number,Y48,48 years,M,Males,SI,Slovenia,2021,,15871,,,,,
dataflow,ESTAT:DEMO_PJAN(1.0),Population on 1 January by age and sex,A,Annual,NR,Number,Y48,48 years,M,Males,SI,Slovenia,2022,,15994,,,,,
dataflow,ESTAT:DEMO_PJAN(1.0),Population on 1 January by age and sex,A,Annual,NR,Number,Y48,48 years,M,Males,SI,Slovenia,2023,,16191,,,,,
dataflow,ESTAT:DEMO_PJAN(1.0),Population on 1 January by age and sex,A,Annual,NR,Number,Y48,48 years,M,Males,SI,Slovenia,2024,,16490,,,,,
dataflow,ESTAT:DEMO_PJAN(1.0),Population on 1 January by age and sex,A,Annual,NR,Number,Y48,48 years,M,Males,SI,Slovenia,2025,,17177,,,,,
dataflow,ESTAT:DEMO_PJAN(1.0),Population on 1 January by age and sex,A,Annual,NR,Number,Y48,48 years,T,Total,SI,Slovenia,2016,,30696,,,,,
dataflow,ESTAT:DEMO_PJAN(1.0),Population on 1 January by age and sex,A,Annual,NR,Number,Y48,48 years,T,Total,SI,Slovenia,2017,,29614,,,,,
dataflow,ESTAT:DEMO_PJAN(1.0),Population on 1 January by age and sex,A,Annual,NR,Number,Y48,48 years,T,Total,SI,Slovenia,2018,,28900,,,,,
dataflow,ESTAT:DEMO_PJAN(1.0),Population on 1 January by age and sex,A,Annual,NR,Number,Y48,48 years,T,Total,SI,Slovenia,2019,,28308,,,,,
dataflow,ESTAT:DEMO_PJAN(1.0),Population on 1 January by age and sex,A,Annual,NR,Number,Y48,48 years,T,Total,SI,Slovenia,2020,,29493,,,,,
dataflow,ESTAT:DEMO_PJAN(1.0),Population on 1 January by age and sex,A,Annual,NR,Number,Y48,48 years,T,Total,SI,Slovenia,2021,,30304,,,,,
dataflow,ESTAT:DEMO_PJAN(1.0),Population on 1 January by age and sex,A,Annual,NR,Number,Y48,48 years,T,Total,SI,Slovenia,2022,,30607,,,,,
dataflow,ESTAT:DEMO_PJAN(1.0),Population on 1 January by age and sex,A,Annual,NR,Number,Y48,48 years,T,Total,SI,Slovenia,2023,,30642,,,,,
dataflow,ESTAT:DEMO_PJAN(1.0),Population on 1 January by age and sex,A,Annual,NR,Number,Y48,48 years,T,Total,SI,Slovenia,2024,,31665,,,,,
dataflow,ESTAT:DEMO_PJAN(1.0),Population on 1 January by age and sex,A,Annual,NR,Number,Y48,48 years,T,Total,SI,Slovenia,2025,,32871,,,,,
dataflow,ESTAT:DEMO_PJAN(1.0),Population on 1 January by age and sex,A,Annual,NR,Number,Y49,49 years,F,Females,SI,Slovenia,2016,,15521,,,,,
dataflow,ESTAT:DEMO_PJAN(1.0),Population on 1 January by age and sex,A,Annual,NR,Number,Y49,49 years,F,Females,SI,Slovenia,2017,,15281,,,,,
dataflow,ESTAT:DEMO_PJAN(1.0),Population on 1 January by age and sex,A,Annual,NR,Number,Y49,49 years,F,Females,SI,Slovenia,2018,,14266,,,,,
dataflow,ESTAT:DEMO_PJAN(1.0),Population on 1 January by age and sex,A,Annual,NR,Number,Y49,49 years,F,Females,SI,Slovenia,2019,,14025,,,,,
dataflow,ESTAT:DEMO_PJAN(1.0),Population on 1 January by age and sex,A,Annual,NR,Number,Y49,49 years,F,Females,SI,Slovenia,2020,,13726,,,,,
dataflow,ESTAT:DEMO_PJAN(1.0),Population on 1 January by age and sex,A,Annual,NR,Number,Y49,49 years,F,Females,SI,Slovenia,2021,,14061,,,,,
dataflow,ESTAT:DEMO_PJAN(1.0),Population on 1 January by age and sex,A,Annual,NR,Number,Y49,49 years,F,Females,SI,Slovenia,2022,,14436,,,,,
dataflow,ESTAT:DEMO_PJAN(1.0),Population on 1 January by age and sex,A,Annual,NR,Number,Y49,49 years,F,Females,SI,Slovenia,2023,,14644,,,,,
dataflow,ESTAT:DEMO_PJAN(1.0),Population on 1 January by age and sex,A,Annual,NR,Number,Y49,49 years,F,Females,SI,Slovenia,2024,,14462,,,,,
dataflow,ESTAT:DEMO_PJAN(1.0),Population on 1 January by age and sex,A,Annual,NR,Number,Y49,49 years,F,Females,SI,Slovenia,2025,,15251,,,,,
dataflow,ESTAT:DEMO_PJAN(1.0),Population on 1 January by age and sex,A,Annual,NR,Number,Y49,49 years,M,Males,SI,Slovenia,2016,,16322,,,,,
dataflow,ESTAT:DEMO_PJAN(1.0),Population on 1 January by age and sex,A,Annual,NR,Number,Y49,49 years,M,Males,SI,Slovenia,2017,,15405,,,,,
dataflow,ESTAT:DEMO_PJAN(1.0),Population on 1 January by age and sex,A,Annual,NR,Number,Y49,49 years,M,Males,SI,Slovenia,2018,,15310,,,,,
dataflow,ESTAT:DEMO_PJAN(1.0),Population on 1 January by age and sex,A,Annual,NR,Number,Y49,49 years,M,Males,SI,Slovenia,2019,,15022,,,,,
dataflow,ESTAT:DEMO_PJAN(1.0),Population on 1 January by age and sex,A,Annual,NR,Number,Y49,49 years,M,Males,SI,Slovenia,2020,,14606,,,,,
dataflow,ESTAT:DEMO_PJAN(1.0),Population on 1 January by age and sex,A,Annual,NR,Number,Y49,49 years,M,Males,SI,Slovenia,2021,,15554,,,,,
dataflow,ESTAT:DEMO_PJAN(1.0),Population on 1 January by age and sex,A,Annual,NR,Number,Y49,49 years,M,Males,SI,Slovenia,2022,,15825,,,,,
dataflow,ESTAT:DEMO_PJAN(1.0),Population on 1 January by age and sex,A,Annual,NR,Number,Y49,49 years,M,Males,SI,Slovenia,2023,,16021,,,,,
dataflow,ESTAT:DEMO_PJAN(1.0),Population on 1 January by age and sex,A,Annual,NR,Number,Y49,49 years,M,Males,SI,Slovenia,2024,,16240,,,,,
dataflow,ESTAT:DEMO_PJAN(1.0),Population on 1 January by age and sex,A,Annual,NR,Number,Y49,49 years,M,Males,SI,Slovenia,2025,,16564,,,,,
dataflow,ESTAT:DEMO_PJAN(1.0),Population on 1 January by age and sex,A,Annual,NR,Number,Y49,49 years,T,Total,SI,Slovenia,2016,,31843,,,,,
dataflow,ESTAT:DEMO_PJAN(1.0),Population on 1 January by age and sex,A,Annual,NR,Number,Y49,49 years,T,Total,SI,Slovenia,2017,,30686,,,,,
dataflow,ESTAT:DEMO_PJAN(1.0),Population on 1 January by age and sex,A,Annual,NR,Number,Y49,49 years,T,Total,SI,Slovenia,2018,,29576,,,,,
dataflow,ESTAT:DEMO_PJAN(1.0),Population on 1 January by age and sex,A,Annual,NR,Number,Y49,49 years,T,Total,SI,Slovenia,2019,,29047,,,,,
dataflow,ESTAT:DEMO_PJAN(1.0),Population on 1 January by age and sex,A,Annual,NR,Number,Y49,49 years,T,Total,SI,Slovenia,2020,,28332,,,,,
dataflow,ESTAT:DEMO_PJAN(1.0),Population on 1 January by age and sex,A,Annual,NR,Number,Y49,49 years,T,Total,SI,Slovenia,2021,,29615,,,,,
dataflow,ESTAT:DEMO_PJAN(1.0),Population on 1 January by age and sex,A,Annual,NR,Number,Y49,49 years,T,Total,SI,Slovenia,2022,,30261,,,,,
dataflow,ESTAT:DEMO_PJAN(1.0),Population on 1 January by age and sex,A,Annual,NR,Number,Y49,49 years,T,Total,SI,Slovenia,2023,,30665,,,,,
dataflow,ESTAT:DEMO_PJAN(1.0),Population on 1 January by age and sex,A,Annual,NR,Number,Y49,49 years,T,Total,SI,Slovenia,2024,,30702,,,,,
dataflow,ESTAT:DEMO_PJAN(1.0),Population on 1 January by age and sex,A,Annual,NR,Number,Y49,49 years,T,Total,SI,Slovenia,2025,,31815,,,,,
dataflow,ESTAT:DEMO_PJAN(1.0),Population on 1 January by age and sex,A,Annual,NR,Number,Y5,5 years,F,Females,SI,Slovenia,2016,,11008,,,,,
dataflow,ESTAT:DEMO_PJAN(1.0),Population on 1 January by age and sex,A,Annual,NR,Number,Y5,5 years,F,Females,SI,Slovenia,2017,,10802,,,,,
dataflow,ESTAT:DEMO_PJAN(1.0),Population on 1 January by age and sex,A,Annual,NR,Number,Y5,5 years,F,Females,SI,Slovenia,2018,,10645,,,,,
dataflow,ESTAT:DEMO_PJAN(1.0),Population on 1 January by age and sex,A,Annual,NR,Number,Y5,5 years,F,Females,SI,Slovenia,2019,,10358,,,,,
dataflow,ESTAT:DEMO_PJAN(1.0),Population on 1 January by age and sex,A,Annual,NR,Number,Y5,5 years,F,Females,SI,Slovenia,2020,,10337,,,,,
dataflow,ESTAT:DEMO_PJAN(1.0),Population on 1 January by age and sex,A,Annual,NR,Number,Y5,5 years,F,Females,SI,Slovenia,2021,,10131,,,,,
dataflow,ESTAT:DEMO_PJAN(1.0),Population on 1 January by age and sex,A,Annual,NR,Number,Y5,5 years,F,Females,SI,Slovenia,2022,,10207,,,,,
dataflow,ESTAT:DEMO_PJAN(1.0),Population on 1 January by age and sex,A,Annual,NR,Number,Y5,5 years,F,Females,SI,Slovenia,2023,,10064,,,,,
dataflow,ESTAT:DEMO_PJAN(1.0),Population on 1 January by age and sex,A,Annual,NR,Number,Y5,5 years,F,Females,SI,Slovenia,2024,,9762,,,,,
dataflow,ESTAT:DEMO_PJAN(1.0),Population on 1 January by age and sex,A,Annual,NR,Number,Y5,5 years,F,Females,SI,Slovenia,2025,,9695,,,,,
dataflow,ESTAT:DEMO_PJAN(1.0),Population on 1 January by age and sex,A,Annual,NR,Number,Y5,5 years,M,Males,SI,Slovenia,2016,,11706,,,,,
dataflow,ESTAT:DEMO_PJAN(1.0),Population on 1 January by age and sex,A,Annual,NR,Number,Y5,5 years,M,Males,SI,Slovenia,2017,,11363,,,,,
dataflow,ESTAT:DEMO_PJAN(1.0),Population on 1 January by age and sex,A,Annual,NR,Number,Y5,5 years,M,Males,SI,Slovenia,2018,,11443,,,,,
dataflow,ESTAT:DEMO_PJAN(1.0),Population on 1 January by age and sex,A,Annual,NR,Number,Y5,5 years,M,Males,SI,Slovenia,2019,,10881,,,,,
dataflow,ESTAT:DEMO_PJAN(1.0),Population on 1 January by age and sex,A,Annual,NR,Number,Y5,5 years,M,Males,SI,Slovenia,2020,,11031,,,,,
dataflow,ESTAT:DEMO_PJAN(1.0),Population on 1 January by age and sex,A,Annual,NR,Number,Y5,5 years,M,Males,SI,Slovenia,2021,,10811,,,,,
dataflow,ESTAT:DEMO_PJAN(1.0),Population on 1 January by age and sex,A,Annual,NR,Number,Y5,5 years,M,Males,SI,Slovenia,2022,,10613,,,,,
dataflow,ESTAT:DEMO_PJAN(1.0),Population on 1 January by age and sex,A,Annual,NR,Number,Y5,5 years,M,Males,SI,Slovenia,2023,,10835,,,,,
dataflow,ESTAT:DEMO_PJAN(1.0),Population on 1 January by age and sex,A,Annual,NR,Number,Y5,5 years,M,Males,SI,Slovenia,2024,,10491,,,,,
dataflow,ESTAT:DEMO_PJAN(1.0),Population on 1 January by age and sex,A,Annual,NR,Number,Y5,5 years,M,Males,SI,Slovenia,2025,,10314,,,,,
dataflow,ESTAT:DEMO_PJAN(1.0),Population on 1 January by age and sex,A,Annual,NR,Number,Y5,5 years,T,Total,SI,Slovenia,2016,,22714,,,,,
dataflow,ESTAT:DEMO_PJAN(1.0),Population on 1 January by age and sex,A,Annual,NR,Number,Y5,5 years,T,Total,SI,Slovenia,2017,,22165,,,,,
dataflow,ESTAT:DEMO_PJAN(1.0),Population on 1 January by age and sex,A,Annual,NR,Number,Y5,5 years,T,Total,SI,Slovenia,2018,,22088,,,,,
dataflow,ESTAT:DEMO_PJAN(1.0),Population on 1 January by age and sex,A,Annual,NR,Number,Y5,5 years,T,Total,SI,Slovenia,2019,,21239,,,,,
dataflow,ESTAT:DEMO_PJAN(1.0),Population on 1 January by age and sex,A,Annual,NR,Number,Y5,5 years,T,Total,SI,Slovenia,2020,,21368,,,,,
dataflow,ESTAT:DEMO_PJAN(1.0),Population on 1 January by age and sex,A,Annual,NR,Number,Y5,5 years,T,Total,SI,Slovenia,2021,,20942,,,,,
dataflow,ESTAT:DEMO_PJAN(1.0),Population on 1 January by age and sex,A,Annual,NR,Number,Y5,5 years,T,Total,SI,Slovenia,2022,,20820,,,,,
dataflow,ESTAT:DEMO_PJAN(1.0),Population on 1 January by age and sex,A,Annual,NR,Number,Y5,5 years,T,Total,SI,Slovenia,2023,,20899,,,,,
dataflow,ESTAT:DEMO_PJAN(1.0),Population on 1 January by age and sex,A,Annual,NR,Number,Y5,5 years,T,Total,SI,Slovenia,2024,,20253,,,,,
dataflow,ESTAT:DEMO_PJAN(1.0),Population on 1 January by age and sex,A,Annual,NR,Number,Y5,5 years,T,Total,SI,Slovenia,2025,,20009,,,,,
dataflow,ESTAT:DEMO_PJAN(1.0),Population on 1 January by age and sex,A,Annual,NR,Number,Y50,50 years,F,Females,SI,Slovenia,2016,,15792,,,,,
dataflow,ESTAT:DEMO_PJAN(1.0),Population on 1 January by age and sex,A,Annual,NR,Number,Y50,50 years,F,Females,SI,Slovenia,2017,,15470,,,,,
dataflow,ESTAT:DEMO_PJAN(1.0),Population on 1 January by age and sex,A,Annual,NR,Number,Y50,50 years,F,Females,SI,Slovenia,2018,,15266,,,,,
dataflow,ESTAT:DEMO_PJAN(1.0),Population on 1 January by age and sex,A,Annual,NR,Number,Y50,50 years,F,Females,SI,Slovenia,2019,,14274,,,,,
dataflow,ESTAT:DEMO_PJAN(1.0),Population on 1 January by age and sex,A,Annual,NR,Number,Y50,50 years,F,Females,SI,Slovenia,2020,,14044,,,,,
dataflow,ESTAT:DEMO_PJAN(1.0),Population on 1 January by age and sex,A,Annual,NR,Number,Y50,50 years,F,Females,SI,Slovenia,2021,,13792,,,,,
dataflow,ESTAT:DEMO_PJAN(1.0),Population on 1 January by age and sex,A,Annual,NR,Number,Y50,50 years,F,Females,SI,Slovenia,2022,,14052,,,,,
dataflow,ESTAT:DEMO_PJAN(1.0),Population on 1 January by age and sex,A,Annual,NR,Number,Y50,50 years,F,Females,SI,Slovenia,2023,,14471,,,,,
dataflow,ESTAT:DEMO_PJAN(1.0),Population on 1 January by age and sex,A,Annual,NR,Number,Y50,50 years,F,Females,SI,Slovenia,2024,,14674,,,,,
dataflow,ESTAT:DEMO_PJAN(1.0),Population on 1 January by age and sex,A,Annual,NR,Number,Y50,50 years,F,Females,SI,Slovenia,2025,,14508,,,,,
dataflow,ESTAT:DEMO_PJAN(1.0),Population on 1 January by age and sex,A,Annual,NR,Number,Y50,50 years,M,Males,SI,Slovenia,2016,,16024,,,,,
dataflow,ESTAT:DEMO_PJAN(1.0),Population on 1 January by age and sex,A,Annual,NR,Number,Y50,50 years,M,Males,SI,Slovenia,2017,,16274,,,,,
dataflow,ESTAT:DEMO_PJAN(1.0),Population on 1 January by age and sex,A,Annual,NR,Number,Y50,50 years,M,Males,SI,Slovenia,2018,,15385,,,,,
dataflow,ESTAT:DEMO_PJAN(1.0),Population on 1 January by age and sex,A,Annual,NR,Number,Y50,50 years,M,Males,SI,Slovenia,2019,,15326,,,,,
dataflow,ESTAT:DEMO_PJAN(1.0),Population on 1 January by age and sex,A,Annual,NR,Number,Y50,50 years,M,Males,SI,Slovenia,2020,,15099,,,,,
dataflow,ESTAT:DEMO_PJAN(1.0),Population on 1 January by age and sex,A,Annual,NR,Number,Y50,50 years,M,Males,SI,Slovenia,2021,,14654,,,,,
dataflow,ESTAT:DEMO_PJAN(1.0),Population on 1 January by age and sex,A,Annual,NR,Number,Y50,50 years,M,Males,SI,Slovenia,2022,,15440,,,,,
dataflow,ESTAT:DEMO_PJAN(1.0),Population on 1 January by age and sex,A,Annual,NR,Number,Y50,50 years,M,Males,SI,Slovenia,2023,,15862,,,,,
dataflow,ESTAT:DEMO_PJAN(1.0),Population on 1 January by age and sex,A,Annual,NR,Number,Y50,50 years,M,Males,SI,Slovenia,2024,,16093,,,,,
dataflow,ESTAT:DEMO_PJAN(1.0),Population on 1 January by age and sex,A,Annual,NR,Number,Y50,50 years,M,Males,SI,Slovenia,2025,,16251,,,,,
dataflow,ESTAT:DEMO_PJAN(1.0),Population on 1 January by age and sex,A,Annual,NR,Number,Y50,50 years,T,Total,SI,Slovenia,2016,,31816,,,,,
dataflow,ESTAT:DEMO_PJAN(1.0),Population on 1 January by age and sex,A,Annual,NR,Number,Y50,50 years,T,Total,SI,Slovenia,2017,,31744,,,,,
dataflow,ESTAT:DEMO_PJAN(1.0),Population on 1 January by age and sex,A,Annual,NR,Number,Y50,50 years,T,Total,SI,Slovenia,2018,,30651,,,,,
dataflow,ESTAT:DEMO_PJAN(1.0),Population on 1 January by age and sex,A,Annual,NR,Number,Y50,50 years,T,Total,SI,Slovenia,2019,,29600,,,,,
dataflow,ESTAT:DEMO_PJAN(1.0),Population on 1 January by age and sex,A,Annual,NR,Number,Y50,50 years,T,Total,SI,Slovenia,2020,,29143,,,,,
dataflow,ESTAT:DEMO_PJAN(1.0),Population on 1 January by age and sex,A,Annual,NR,Number,Y50,50 years,T,Total,SI,Slovenia,2021,,28446,,,,,
dataflow,ESTAT:DEMO_PJAN(1.0),Population on 1 January by age and sex,A,Annual,NR,Number,Y50,50 years,T,Total,SI,Slovenia,2022,,29492,,,,,
dataflow,ESTAT:DEMO_PJAN(1.0),Population on 1 January by age and sex,A,Annual,NR,Number,Y50,50 years,T,Total,SI,Slovenia,2023,,30333,,,,,
dataflow,ESTAT:DEMO_PJAN(1.0),Population on 1 January by age and sex,A,Annual,NR,Number,Y50,50 years,T,Total,SI,Slovenia,2024,,30767,,,,,
dataflow,ESTAT:DEMO_PJAN(1.0),Population on 1 January by age and sex,A,Annual,NR,Number,Y50,50 years,T,Total,SI,Slovenia,2025,,30759,,,,,
dataflow,ESTAT:DEMO_PJAN(1.0),Population on 1 January by age and sex,A,Annual,NR,Number,Y51,51 years,F,Females,SI,Slovenia,2016,,15174,,,,,
dataflow,ESTAT:DEMO_PJAN(1.0),Population on 1 January by age and sex,A,Annual,NR,Number,Y51,51 years,F,Females,SI,Slovenia,2017,,15770,,,,,
dataflow,ESTAT:DEMO_PJAN(1.0),Population on 1 January by age and sex,A,Annual,NR,Number,Y51,51 years,F,Females,SI,Slovenia,2018,,15425,,,,,
dataflow,ESTAT:DEMO_PJAN(1.0),Population on 1 January by age and sex,A,Annual,NR,Number,Y51,51 years,F,Females,SI,Slovenia,2019,,15267,,,,,
dataflow,ESTAT:DEMO_PJAN(1.0),Population on 1 January by age and sex,A,Annual,NR,Number,Y51,51 years,F,Females,SI,Slovenia,2020,,14270,,,,,
dataflow,ESTAT:DEMO_PJAN(1.0),Population on 1 January by age and sex,A,Annual,NR,Number,Y51,51 years,F,Females,SI,Slovenia,2021,,14070,,,,,
dataflow,ESTAT:DEMO_PJAN(1.0),Population on 1 January by age and sex,A,Annual,NR,Number,Y51,51 years,F,Females,SI,Slovenia,2022,,13794,,,,,
dataflow,ESTAT:DEMO_PJAN(1.0),Population on 1 January by age and sex,A,Annual,NR,Number,Y51,51 years,F,Females,SI,Slovenia,2023,,14096,,,,,
dataflow,ESTAT:DEMO_PJAN(1.0),Population on 1 January by age and sex,A,Annual,NR,Number,Y51,51 years,F,Females,SI,Slovenia,2024,,14490,,,,,
dataflow,ESTAT:DEMO_PJAN(1.0),Population on 1 January by age and sex,A,Annual,NR,Number,Y51,51 years,F,Females,SI,Slovenia,2025,,14717,,,,,
dataflow,ESTAT:DEMO_PJAN(1.0),Population on 1 January by age and sex,A,Annual,NR,Number,Y51,51 years,M,Males,SI,Slovenia,2016,,15585,,,,,
dataflow,ESTAT:DEMO_PJAN(1.0),Population on 1 January by age and sex,A,Annual,NR,Number,Y51,51 years,M,Males,SI,Slovenia,2017,,15983,,,,,
dataflow,ESTAT:DEMO_PJAN(1.0),Population on 1 January by age and sex,A,Annual,NR,Number,Y51,51 years,M,Males,SI,Slovenia,2018,,16211,,,,,
dataflow,ESTAT:DEMO_PJAN(1.0),Population on 1 January by age and sex,A,Annual,NR,Number,Y51,51 years,M,Males,SI,Slovenia,2019,,15437,,,,,
dataflow,ESTAT:DEMO_PJAN(1.0),Population on 1 January by age and sex,A,Annual,NR,Number,Y51,51 years,M,Males,SI,Slovenia,2020,,15364,,,,,
dataflow,ESTAT:DEMO_PJAN(1.0),Population on 1 January by age and sex,A,Annual,NR,Number,Y51,51 years,M,Males,SI,Slovenia,2021,,15141,,,,,
dataflow,ESTAT:DEMO_PJAN(1.0),Population on 1 January by age and sex,A,Annual,NR,Number,Y51,51 years,M,Males,SI,Slovenia,2022,,14576,,,,,
dataflow,ESTAT:DEMO_PJAN(1.0),Population on 1 January by age and sex,A,Annual,NR,Number,Y51,51 years,M,Males,SI,Slovenia,2023,,15451,,,,,
dataflow,ESTAT:DEMO_PJAN(1.0),Population on 1 January by age and sex,A,Annual,NR,Number,Y51,51 years,M,Males,SI,Slovenia,2024,,15884,,,,,
dataflow,ESTAT:DEMO_PJAN(1.0),Population on 1 January by age and sex,A,Annual,NR,Number,Y51,51 years,M,Males,SI,Slovenia,2025,,16125,,,,,
dataflow,ESTAT:DEMO_PJAN(1.0),Population on 1 January by age and sex,A,Annual,NR,Number,Y51,51 years,T,Total,SI,Slovenia,2016,,30759,,,,,
dataflow,ESTAT:DEMO_PJAN(1.0),Population on 1 January by age and sex,A,Annual,NR,Number,Y51,51 years,T,Total,SI,Slovenia,2017,,31753,,,,,
dataflow,ESTAT:DEMO_PJAN(1.0),Population on 1 January by age and sex,A,Annual,NR,Number,Y51,51 years,T,Total,SI,Slovenia,2018,,31636,,,,,
dataflow,ESTAT:DEMO_PJAN(1.0),Population on 1 January by age and sex,A,Annual,NR,Number,Y51,51 years,T,Total,SI,Slovenia,2019,,30704,,,,,
dataflow,ESTAT:DEMO_PJAN(1.0),Population on 1 January by age and sex,A,Annual,NR,Number,Y51,51 years,T,Total,SI,Slovenia,2020,,29634,,,,,
dataflow,ESTAT:DEMO_PJAN(1.0),Population on 1 January by age and sex,A,Annual,NR,Number,Y51,51 years,T,Total,SI,Slovenia,2021,,29211,,,,,
dataflow,ESTAT:DEMO_PJAN(1.0),Population on 1 January by age and sex,A,Annual,NR,Number,Y51,51 years,T,Total,SI,Slovenia,2022,,28370,,,,,
dataflow,ESTAT:DEMO_PJAN(1.0),Population on 1 January by age and sex,A,Annual,NR,Number,Y51,51 years,T,Total,SI,Slovenia,2023,,29547,,,,,
dataflow,ESTAT:DEMO_PJAN(1.0),Population on 1 January by age and sex,A,Annual,NR,Number,Y51,51 years,T,Total,SI,Slovenia,2024,,30374,,,,,
dataflow,ESTAT:DEMO_PJAN(1.0),Population on 1 January by age and sex,A,Annual,NR,Number,Y51,51 years,T,Total,SI,Slovenia,2025,,30842,,,,,
dataflow,ESTAT:DEMO_PJAN(1.0),Population on 1 January by age and sex,A,Annual,NR,Number,Y52,52 years,F,Females,SI,Slovenia,2016,,15103,,,,,
dataflow,ESTAT:DEMO_PJAN(1.0),Population on 1 January by age and sex,A,Annual,NR,Number,Y52,52 years,F,Females,SI,Slovenia,2017,,15149,,,,,
dataflow,ESTAT:DEMO_PJAN(1.0),Population on 1 January by age and sex,A,Annual,NR,Number,Y52,52 years,F,Females,SI,Slovenia,2018,,15736,,,,,
dataflow,ESTAT:DEMO_PJAN(1.0),Population on 1 January by age and sex,A,Annual,NR,Number,Y52,52 years,F,Females,SI,Slovenia,2019,,15419,,,,,
dataflow,ESTAT:DEMO_PJAN(1.0),Population on 1 January by age and sex,A,Annual,NR,Number,Y52,52 years,F,Females,SI,Slovenia,2020,,15246,,,,,
dataflow,ESTAT:DEMO_PJAN(1.0),Population on 1 January by age and sex,A,Annual,NR,Number,Y52,52 years,F,Females,SI,Slovenia,2021,,14324,,,,,
dataflow,ESTAT:DEMO_PJAN(1.0),Population on 1 January by age and sex,A,Annual,NR,Number,Y52,52 years,F,Females,SI,Slovenia,2022,,14038,,,,,
dataflow,ESTAT:DEMO_PJAN(1.0),Population on 1 January by age and sex,A,Annual,NR,Number,Y52,52 years,F,Females,SI,Slovenia,2023,,13815,,,,,
dataflow,ESTAT:DEMO_PJAN(1.0),Population on 1 January by age and sex,A,Annual,NR,Number,Y52,52 years,F,Females,SI,Slovenia,2024,,14125,,,,,
dataflow,ESTAT:DEMO_PJAN(1.0),Population on 1 January by age and sex,A,Annual,NR,Number,Y52,52 years,F,Females,SI,Slovenia,2025,,14506,,,,,
dataflow,ESTAT:DEMO_PJAN(1.0),Population on 1 January by age and sex,A,Annual,NR,Number,Y52,52 years,M,Males,SI,Slovenia,2016,,15574,,,,,
dataflow,ESTAT:DEMO_PJAN(1.0),Population on 1 January by age and sex,A,Annual,NR,Number,Y52,52 years,M,Males,SI,Slovenia,2017,,15506,,,,,
dataflow,ESTAT:DEMO_PJAN(1.0),Population on 1 January by age and sex,A,Annual,NR,Number,Y52,52 years,M,Males,SI,Slovenia,2018,,15901,,,,,
dataflow,ESTAT:DEMO_PJAN(1.0),Population on 1 January by age and sex,A,Annual,NR,Number,Y52,52 years,M,Males,SI,Slovenia,2019,,16233,,,,,
dataflow,ESTAT:DEMO_PJAN(1.0),Population on 1 January by age and sex,A,Annual,NR,Number,Y52,52 years,M,Males,SI,Slovenia,2020,,15432,,,,,
dataflow,ESTAT:DEMO_PJAN(1.0),Population on 1 January by age and sex,A,Annual,NR,Number,Y52,52 years,M,Males,SI,Slovenia,2021,,15428,,,,,
dataflow,ESTAT:DEMO_PJAN(1.0),Population on 1 January by age and sex,A,Annual,NR,Number,Y52,52 years,M,Males,SI,Slovenia,2022,,15001,,,,,
dataflow,ESTAT:DEMO_PJAN(1.0),Population on 1 January by age and sex,A,Annual,NR,Number,Y52,52 years,M,Males,SI,Slovenia,2023,,14528,,,,,
dataflow,ESTAT:DEMO_PJAN(1.0),Population on 1 January by age and sex,A,Annual,NR,Number,Y52,52 years,M,Males,SI,Slovenia,2024,,15478,,,,,
dataflow,ESTAT:DEMO_PJAN(1.0),Population on 1 January by age and sex,A,Annual,NR,Number,Y52,52 years,M,Males,SI,Slovenia,2025,,15912,,,,,
dataflow,ESTAT:DEMO_PJAN(1.0),Population on 1 January by age and sex,A,Annual,NR,Number,Y52,52 years,T,Total,SI,Slovenia,2016,,30677,,,,,
dataflow,ESTAT:DEMO_PJAN(1.0),Population on 1 January by age and sex,A,Annual,NR,Number,Y52,52 years,T,Total,SI,Slovenia,2017,,30655,,,,,
dataflow,ESTAT:DEMO_PJAN(1.0),Population on 1 January by age and sex,A,Annual,NR,Number,Y52,52 years,T,Total,SI,Slovenia,2018,,31637,,,,,
dataflow,ESTAT:DEMO_PJAN(1.0),Population on 1 January by age and sex,A,Annual,NR,Number,Y52,52 years,T,Total,SI,Slovenia,2019,,31652,,,,,
dataflow,ESTAT:DEMO_PJAN(1.0),Population on 1 January by age and sex,A,Annual,NR,Number,Y52,52 years,T,Total,SI,Slovenia,2020,,30678,,,,,
dataflow,ESTAT:DEMO_PJAN(1.0),Population on 1 January by age and sex,A,Annual,NR,Number,Y52,52 years,T,Total,SI,Slovenia,2021,,29752,,,,,
dataflow,ESTAT:DEMO_PJAN(1.0),Population on 1 January by age and sex,A,Annual,NR,Number,Y52,52 years,T,Total,SI,Slovenia,2022,,29039,,,,,
dataflow,ESTAT:DEMO_PJAN(1.0),Population on 1 January by age and sex,A,Annual,NR,Number,Y52,52 years,T,Total,SI,Slovenia,2023,,28343,,,,,
dataflow,ESTAT:DEMO_PJAN(1.0),Population on 1 January by age and sex,A,Annual,NR,Number,Y52,52 years,T,Total,SI,Slovenia,2024,,29603,,,,,
dataflow,ESTAT:DEMO_PJAN(1.0),Population on 1 January by age and sex,A,Annual,NR,Number,Y52,52 years,T,Total,SI,Slovenia,2025,,30418,,,,,
dataflow,ESTAT:DEMO_PJAN(1.0),Population on 1 January by age and sex,A,Annual,NR,Number,Y53,53 years,F,Females,SI,Slovenia,2016,,14933,,,,,
dataflow,ESTAT:DEMO_PJAN(1.0),Population on 1 January by age and sex,A,Annual,NR,Number,Y53,53 years,F,Females,SI,Slovenia,2017,,15060,,,,,
dataflow,ESTAT:DEMO_PJAN(1.0),Population on 1 January by age and sex,A,Annual,NR,Number,Y53,53 years,F,Females,SI,Slovenia,2018,,15110,,,,,
dataflow,ESTAT:DEMO_PJAN(1.0),Population on 1 January by age and sex,A,Annual,NR,Number,Y53,53 years,F,Females,SI,Slovenia,2019,,15709,,,,,
dataflow,ESTAT:DEMO_PJAN(1.0),Population on 1 January by age and sex,A,Annual,NR,Number,Y53,53 years,F,Females,SI,Slovenia,2020,,15421,,,,,
dataflow,ESTAT:DEMO_PJAN(1.0),Population on 1 January by age and sex,A,Annual,NR,Number,Y53,53 years,F,Females,SI,Slovenia,2021,,15256,,,,,
dataflow,ESTAT:DEMO_PJAN(1.0),Population on 1 January by age and sex,A,Annual,NR,Number,Y53,53 years,F,Females,SI,Slovenia,2022,,14316,,,,,
dataflow,ESTAT:DEMO_PJAN(1.0),Population on 1 January by age and sex,A,Annual,NR,Number,Y53,53 years,F,Females,SI,Slovenia,2023,,14032,,,,,
dataflow,ESTAT:DEMO_PJAN(1.0),Population on 1 January by age and sex,A,Annual,NR,Number,Y53,53 years,F,Females,SI,Slovenia,2024,,13829,,,,,
dataflow,ESTAT:DEMO_PJAN(1.0),Population on 1 January by age and sex,A,Annual,NR,Number,Y53,53 years,F,Females,SI,Slovenia,2025,,14148,,,,,
dataflow,ESTAT:DEMO_PJAN(1.0),Population on 1 January by age and sex,A,Annual,NR,Number,Y53,53 years,M,Males,SI,Slovenia,2016,,15653,,,,,
dataflow,ESTAT:DEMO_PJAN(1.0),Population on 1 January by age and sex,A,Annual,NR,Number,Y53,53 years,M,Males,SI,Slovenia,2017,,15488,,,,,
dataflow,ESTAT:DEMO_PJAN(1.0),Population on 1 January by age and sex,A,Annual,NR,Number,Y53,53 years,M,Males,SI,Slovenia,2018,,15421,,,,,
dataflow,ESTAT:DEMO_PJAN(1.0),Population on 1 January by age and sex,A,Annual,NR,Number,Y53,53 years,M,Males,SI,Slovenia,2019,,15926,,,,,
dataflow,ESTAT:DEMO_PJAN(1.0),Population on 1 January by age and sex,A,Annual,NR,Number,Y53,53 years,M,Males,SI,Slovenia,2020,,16254,,,,,
dataflow,ESTAT:DEMO_PJAN(1.0),Population on 1 January by age and sex,A,Annual,NR,Number,Y53,53 years,M,Males,SI,Slovenia,2021,,15447,,,,,
dataflow,ESTAT:DEMO_PJAN(1.0),Population on 1 January by age and sex,A,Annual,NR,Number,Y53,53 years,M,Males,SI,Slovenia,2022,,15303,,,,,
dataflow,ESTAT:DEMO_PJAN(1.0),Population on 1 January by age and sex,A,Annual,NR,Number,Y53,53 years,M,Males,SI,Slovenia,2023,,14947,,,,,
dataflow,ESTAT:DEMO_PJAN(1.0),Population on 1 January by age and sex,A,Annual,NR,Number,Y53,53 years,M,Males,SI,Slovenia,2024,,14514,,,,,
dataflow,ESTAT:DEMO_PJAN(1.0),Population on 1 January by age and sex,A,Annual,NR,Number,Y53,53 years,M,Males,SI,Slovenia,2025,,15440,,,,,
dataflow,ESTAT:DEMO_PJAN(1.0),Population on 1 January by age and sex,A,Annual,NR,Number,Y53,53 years,T,Total,SI,Slovenia,2016,,30586,,,,,
dataflow,ESTAT:DEMO_PJAN(1.0),Population on 1 January by age and sex,A,Annual,NR,Number,Y53,53 years,T,Total,SI,Slovenia,2017,,30548,,,,,
dataflow,ESTAT:DEMO_PJAN(1.0),Population on 1 January by age and sex,A,Annual,NR,Number,Y53,53 years,T,Total,SI,Slovenia,2018,,30531,,,,,
dataflow,ESTAT:DEMO_PJAN(1.0),Population on 1 January by age and sex,A,Annual,NR,Number,Y53,53 years,T,Total,SI,Slovenia,2019,,31635,,,,,
dataflow,ESTAT:DEMO_PJAN(1.0),Population on 1 January by age and sex,A,Annual,NR,Number,Y53,53 years,T,Total,SI,Slovenia,2020,,31675,,,,,
dataflow,ESTAT:DEMO_PJAN(1.0),Population on 1 January by age and sex,A,Annual,NR,Number,Y53,53 years,T,Total,SI,Slovenia,2021,,30703,,,,,
dataflow,ESTAT:DEMO_PJAN(1.0),Population on 1 January by age and sex,A,Annual,NR,Number,Y53,53 years,T,Total,SI,Slovenia,2022,,29619,,,,,
dataflow,ESTAT:DEMO_PJAN(1.0),Population on 1 January by age and sex,A,Annual,NR,Number,Y53,53 years,T,Total,SI,Slovenia,2023,,28979,,,,,
dataflow,ESTAT:DEMO_PJAN(1.0),Population on 1 January by age and sex,A,Annual,NR,Number,Y53,53 years,T,Total,SI,Slovenia,2024,,28343,,,,,
dataflow,ESTAT:DEMO_PJAN(1.0),Population on 1 January by age and sex,A,Annual,NR,Number,Y53,53 years,T,Total,SI,Slovenia,2025,,29588,,,,,
dataflow,ESTAT:DEMO_PJAN(1.0),Population on 1 January by age and sex,A,Annual,NR,Number,Y54,54 years,F,Females,SI,Slovenia,2016,,15223,,,,,
dataflow,ESTAT:DEMO_PJAN(1.0),Population on 1 January by age and sex,A,Annual,NR,Number,Y54,54 years,F,Females,SI,Slovenia,2017,,14915,,,,,
dataflow,ESTAT:DEMO_PJAN(1.0),Population on 1 January by age and sex,A,Annual,NR,Number,Y54,54 years,F,Females,SI,Slovenia,2018,,15022,,,,,
dataflow,ESTAT:DEMO_PJAN(1.0),Population on 1 January by age and sex,A,Annual,NR,Number,Y54,54 years,F,Females,SI,Slovenia,2019,,15103,,,,,
dataflow,ESTAT:DEMO_PJAN(1.0),Population on 1 January by age and sex,A,Annual,NR,Number,Y54,54 years,F,Females,SI,Slovenia,2020,,15684,,,,,
dataflow,ESTAT:DEMO_PJAN(1.0),Population on 1 January by age and sex,A,Annual,NR,Number,Y54,54 years,F,Females,SI,Slovenia,2021,,15446,,,,,
dataflow,ESTAT:DEMO_PJAN(1.0),Population on 1 January by age and sex,A,Annual,NR,Number,Y54,54 years,F,Females,SI,Slovenia,2022,,15228,,,,,
dataflow,ESTAT:DEMO_PJAN(1.0),Population on 1 January by age and sex,A,Annual,NR,Number,Y54,54 years,F,Females,SI,Slovenia,2023,,14342,,,,,
dataflow,ESTAT:DEMO_PJAN(1.0),Population on 1 January by age and sex,A,Annual,NR,Number,Y54,54 years,F,Females,SI,Slovenia,2024,,14031,,,,,
dataflow,ESTAT:DEMO_PJAN(1.0),Population on 1 January by age and sex,A,Annual,NR,Number,Y54,54 years,F,Females,SI,Slovenia,2025,,13830,,,,,
dataflow,ESTAT:DEMO_PJAN(1.0),Population on 1 January by age and sex,A,Annual,NR,Number,Y54,54 years,M,Males,SI,Slovenia,2016,,15481,,,,,
dataflow,ESTAT:DEMO_PJAN(1.0),Population on 1 January by age and sex,A,Annual,NR,Number,Y54,54 years,M,Males,SI,Slovenia,2017,,15545,,,,,
dataflow,ESTAT:DEMO_PJAN(1.0),Population on 1 January by age and sex,A,Annual,NR,Number,Y54,54 years,M,Males,SI,Slovenia,2018,,15411,,,,,
dataflow,ESTAT:DEMO_PJAN(1.0),Population on 1 January by age and sex,A,Annual,NR,Number,Y54,54 years,M,Males,SI,Slovenia,2019,,15408,,,,,
dataflow,ESTAT:DEMO_PJAN(1.0),Population on 1 January by age and sex,A,Annual,NR,Number,Y54,54 years,M,Males,SI,Slovenia,2020,,15941,,,,,
dataflow,ESTAT:DEMO_PJAN(1.0),Population on 1 January by age and sex,A,Annual,NR,Number,Y54,54 years,M,Males,SI,Slovenia,2021,,16243,,,,,
dataflow,ESTAT:DEMO_PJAN(1.0),Population on 1 January by age and sex,A,Annual,NR,Number,Y54,54 years,M,Males,SI,Slovenia,2022,,15296,,,,,
dataflow,ESTAT:DEMO_PJAN(1.0),Population on 1 January by age and sex,A,Annual,NR,Number,Y54,54 years,M,Males,SI,Slovenia,2023,,15243,,,,,
dataflow,ESTAT:DEMO_PJAN(1.0),Population on 1 January by age and sex,A,Annual,NR,Number,Y54,54 years,M,Males,SI,Slovenia,2024,,14919,,,,,
dataflow,ESTAT:DEMO_PJAN(1.0),Population on 1 January by age and sex,A,Annual,NR,Number,Y54,54 years,M,Males,SI,Slovenia,2025,,14522,,,,,
dataflow,ESTAT:DEMO_PJAN(1.0),Population on 1 January by age and sex,A,Annual,NR,Number,Y54,54 years,T,Total,SI,Slovenia,2016,,30704,,,,,
dataflow,ESTAT:DEMO_PJAN(1.0),Population on 1 January by age and sex,A,Annual,NR,Number,Y54,54 years,T,Total,SI,Slovenia,2017,,30460,,,,,
dataflow,ESTAT:DEMO_PJAN(1.0),Population on 1 January by age and sex,A,Annual,NR,Number,Y54,54 years,T,Total,SI,Slovenia,2018,,30433,,,,,
dataflow,ESTAT:DEMO_PJAN(1.0),Population on 1 January by age and sex,A,Annual,NR,Number,Y54,54 years,T,Total,SI,Slovenia,2019,,30511,,,,,
dataflow,ESTAT:DEMO_PJAN(1.0),Population on 1 January by age and sex,A,Annual,NR,Number,Y54,54 years,T,Total,SI,Slovenia,2020,,31625,,,,,
dataflow,ESTAT:DEMO_PJAN(1.0),Population on 1 January by age and sex,A,Annual,NR,Number,Y54,54 years,T,Total,SI,Slovenia,2021,,31689,,,,,
dataflow,ESTAT:DEMO_PJAN(1.0),Population on 1 January by age and sex,A,Annual,NR,Number,Y54,54 years,T,Total,SI,Slovenia,2022,,30524,,,,,
dataflow,ESTAT:DEMO_PJAN(1.0),Population on 1 January by age and sex,A,Annual,NR,Number,Y54,54 years,T,Total,SI,Slovenia,2023,,29585,,,,,
dataflow,ESTAT:DEMO_PJAN(1.0),Population on 1 January by age and sex,A,Annual,NR,Number,Y54,54 years,T,Total,SI,Slovenia,2024,,28950,,,,,
dataflow,ESTAT:DEMO_PJAN(1.0),Population on 1 January by age and sex,A,Annual,NR,Number,Y54,54 years,T,Total,SI,Slovenia,2025,,28352,,,,,
dataflow,ESTAT:DEMO_PJAN(1.0),Population on 1 January by age and sex,A,Annual,NR,Number,Y55,55 years,F,Females,SI,Slovenia,2016,,14955,,,,,
dataflow,ESTAT:DEMO_PJAN(1.0),Population on 1 January by age and sex,A,Annual,NR,Number,Y55,55 years,F,Females,SI,Slovenia,2017,,15169,,,,,
dataflow,ESTAT:DEMO_PJAN(1.0),Population on 1 January by age and sex,A,Annual,NR,Number,Y55,55 years,F,Females,SI,Slovenia,2018,,14874,,,,,
dataflow,ESTAT:DEMO_PJAN(1.0),Population on 1 January by age and sex,A,Annual,NR,Number,Y55,55 years,F,Females,SI,Slovenia,2019,,14995,,,,,
dataflow,ESTAT:DEMO_PJAN(1.0),Population on 1 January by age and sex,A,Annual,NR,Number,Y55,55 years,F,Females,SI,Slovenia,2020,,15086,,,,,
dataflow,ESTAT:DEMO_PJAN(1.0),Population on 1 January by age and sex,A,Annual,NR,Number,Y55,55 years,F,Females,SI,Slovenia,2021,,15670,,,,,
dataflow,ESTAT:DEMO_PJAN(1.0),Population on 1 January by age and sex,A,Annual,NR,Number,Y55,55 years,F,Females,SI,Slovenia,2022,,15430,,,,,
dataflow,ESTAT:DEMO_PJAN(1.0),Population on 1 January by age and sex,A,Annual,NR,Number,Y55,55 years,F,Females,SI,Slovenia,2023,,15210,,,,,
dataflow,ESTAT:DEMO_PJAN(1.0),Population on 1 January by age and sex,A,Annual,NR,Number,Y55,55 years,F,Females,SI,Slovenia,2024,,14334,,,,,
dataflow,ESTAT:DEMO_PJAN(1.0),Population on 1 January by age and sex,A,Annual,NR,Number,Y55,55 years,F,Females,SI,Slovenia,2025,,14059,,,,,
dataflow,ESTAT:DEMO_PJAN(1.0),Population on 1 January by age and sex,A,Annual,NR,Number,Y55,55 years,M,Males,SI,Slovenia,2016,,15084,,,,,
dataflow,ESTAT:DEMO_PJAN(1.0),Population on 1 January by age and sex,A,Annual,NR,Number,Y55,55 years,M,Males,SI,Slovenia,2017,,15374,,,,,
dataflow,ESTAT:DEMO_PJAN(1.0),Population on 1 January by age and sex,A,Annual,NR,Number,Y55,55 years,M,Males,SI,Slovenia,2018,,15428,,,,,
dataflow,ESTAT:DEMO_PJAN(1.0),Population on 1 January by age and sex,A,Annual,NR,Number,Y55,55 years,M,Males,SI,Slovenia,2019,,15365,,,,,
dataflow,ESTAT:DEMO_PJAN(1.0),Population on 1 January by age and sex,A,Annual,NR,Number,Y55,55 years,M,Males,SI,Slovenia,2020,,15376,,,,,
dataflow,ESTAT:DEMO_PJAN(1.0),Population on 1 January by age and sex,A,Annual,NR,Number,Y55,55 years,M,Males,SI,Slovenia,2021,,15918,,,,,
dataflow,ESTAT:DEMO_PJAN(1.0),Population on 1 January by age and sex,A,Annual,NR,Number,Y55,55 years,M,Males,SI,Slovenia,2022,,16125,,,,,
dataflow,ESTAT:DEMO_PJAN(1.0),Population on 1 January by age and sex,A,Annual,NR,Number,Y55,55 years,M,Males,SI,Slovenia,2023,,15262,,,,,
dataflow,ESTAT:DEMO_PJAN(1.0),Population on 1 January by age and sex,A,Annual,NR,Number,Y55,55 years,M,Males,SI,Slovenia,2024,,15194,,,,,
dataflow,ESTAT:DEMO_PJAN(1.0),Population on 1 January by age and sex,A,Annual,NR,Number,Y55,55 years,M,Males,SI,Slovenia,2025,,14880,,,,,
dataflow,ESTAT:DEMO_PJAN(1.0),Population on 1 January by age and sex,A,Annual,NR,Number,Y55,55 years,T,Total,SI,Slovenia,2016,,30039,,,,,
dataflow,ESTAT:DEMO_PJAN(1.0),Population on 1 January by age and sex,A,Annual,NR,Number,Y55,55 years,T,Total,SI,Slovenia,2017,,30543,,,,,
dataflow,ESTAT:DEMO_PJAN(1.0),Population on 1 January by age and sex,A,Annual,NR,Number,Y55,55 years,T,Total,SI,Slovenia,2018,,30302,,,,,
dataflow,ESTAT:DEMO_PJAN(1.0),Population on 1 January by age and sex,A,Annual,NR,Number,Y55,55 years,T,Total,SI,Slovenia,2019,,30360,,,,,
dataflow,ESTAT:DEMO_PJAN(1.0),Population on 1 January by age and sex,A,Annual,NR,Number,Y55,55 years,T,Total,SI,Slovenia,2020,,30462,,,,,
dataflow,ESTAT:DEMO_PJAN(1.0),Population on 1 January by age and sex,A,Annual,NR,Number,Y55,55 years,T,Total,SI,Slovenia,2021,,31588,,,,,
dataflow,ESTAT:DEMO_PJAN(1.0),Population on 1 January by age and sex,A,Annual,NR,Number,Y55,55 years,T,Total,SI,Slovenia,2022,,31555,,,,,
dataflow,ESTAT:DEMO_PJAN(1.0),Population on 1 January by age and sex,A,Annual,NR,Number,Y55,55 years,T,Total,SI,Slovenia,2023,,30472,,,,,
dataflow,ESTAT:DEMO_PJAN(1.0),Population on 1 January by age and sex,A,Annual,NR,Number,Y55,55 years,T,Total,SI,Slovenia,2024,,29528,,,,,
dataflow,ESTAT:DEMO_PJAN(1.0),Population on 1 January by age and sex,A,Annual,NR,Number,Y55,55 years,T,Total,SI,Slovenia,2025,,28939,,,,,
dataflow,ESTAT:DEMO_PJAN(1.0),Population on 1 January by age and sex,A,Annual,NR,Number,Y56,56 years,F,Females,SI,Slovenia,2016,,14534,,,,,
dataflow,ESTAT:DEMO_PJAN(1.0),Population on 1 January by age and sex,A,Annual,NR,Number,Y56,56 years,F,Females,SI,Slovenia,2017,,14910,,,,,
dataflow,ESTAT:DEMO_PJAN(1.0),Population on 1 January by age and sex,A,Annual,NR,Number,Y56,56 years,F,Females,SI,Slovenia,2018,,15122,,,,,
dataflow,ESTAT:DEMO_PJAN(1.0),Population on 1 January by age and sex,A,Annual,NR,Number,Y56,56 years,F,Females,SI,Slovenia,2019,,14857,,,,,
dataflow,ESTAT:DEMO_PJAN(1.0),Population on 1 January by age and sex,A,Annual,NR,Number,Y56,56 years,F,Females,SI,Slovenia,2020,,14985,,,,,
dataflow,ESTAT:DEMO_PJAN(1.0),Population on 1 January by age and sex,A,Annual,NR,Number,Y56,56 years,F,Females,SI,Slovenia,2021,,15087,,,,,
dataflow,ESTAT:DEMO_PJAN(1.0),Population on 1 January by age and sex,A,Annual,NR,Number,Y56,56 years,F,Females,SI,Slovenia,2022,,15647,,,,,
dataflow,ESTAT:DEMO_PJAN(1.0),Population on 1 January by age and sex,A,Annual,NR,Number,Y56,56 years,F,Females,SI,Slovenia,2023,,15418,,,,,
dataflow,ESTAT:DEMO_PJAN(1.0),Population on 1 January by age and sex,A,Annual,NR,Number,Y56,56 years,F,Females,SI,Slovenia,2024,,15189,,,,,
dataflow,ESTAT:DEMO_PJAN(1.0),Population on 1 January by age and sex,A,Annual,NR,Number,Y56,56 years,F,Females,SI,Slovenia,2025,,14337,,,,,
dataflow,ESTAT:DEMO_PJAN(1.0),Population on 1 January by age and sex,A,Annual,NR,Number,Y56,56 years,M,Males,SI,Slovenia,2016,,15073,,,,,
dataflow,ESTAT:DEMO_PJAN(1.0),Population on 1 January by age and sex,A,Annual,NR,Number,Y56,56 years,M,Males,SI,Slovenia,2017,,14993,,,,,
dataflow,ESTAT:DEMO_PJAN(1.0),Population on 1 January by age and sex,A,Annual,NR,Number,Y56,56 years,M,Males,SI,Slovenia,2018,,15242,,,,,
dataflow,ESTAT:DEMO_PJAN(1.0),Population on 1 January by age and sex,A,Annual,NR,Number,Y56,56 years,M,Males,SI,Slovenia,2019,,15378,,,,,
dataflow,ESTAT:DEMO_PJAN(1.0),Population on 1 January by age and sex,A,Annual,NR,Number,Y56,56 years,M,Males,SI,Slovenia,2020,,15283,,,,,
dataflow,ESTAT:DEMO_PJAN(1.0),Population on 1 January by age and sex,A,Annual,NR,Number,Y56,56 years,M,Males,SI,Slovenia,2021,,15382,,,,,
dataflow,ESTAT:DEMO_PJAN(1.0),Population on 1 January by age and sex,A,Annual,NR,Number,Y56,56 years,M,Males,SI,Slovenia,2022,,15768,,,,,
dataflow,ESTAT:DEMO_PJAN(1.0),Population on 1 January by age and sex,A,Annual,NR,Number,Y56,56 years,M,Males,SI,Slovenia,2023,,16008,,,,,
dataflow,ESTAT:DEMO_PJAN(1.0),Population on 1 January by age and sex,A,Annual,NR,Number,Y56,56 years,M,Males,SI,Slovenia,2024,,15192,,,,,
dataflow,ESTAT:DEMO_PJAN(1.0),Population on 1 January by age and sex,A,Annual,NR,Number,Y56,56 years,M,Males,SI,Slovenia,2025,,15157,,,,,
dataflow,ESTAT:DEMO_PJAN(1.0),Population on 1 January by age and sex,A,Annual,NR,Number,Y56,56 years,T,Total,SI,Slovenia,2016,,29607,,,,,
dataflow,ESTAT:DEMO_PJAN(1.0),Population on 1 January by age and sex,A,Annual,NR,Number,Y56,56 years,T,Total,SI,Slovenia,2017,,29903,,,,,
dataflow,ESTAT:DEMO_PJAN(1.0),Population on 1 January by age and sex,A,Annual,NR,Number,Y56,56 years,T,Total,SI,Slovenia,2018,,30364,,,,,
dataflow,ESTAT:DEMO_PJAN(1.0),Population on 1 January by age and sex,A,Annual,NR,Number,Y56,56 years,T,Total,SI,Slovenia,2019,,30235,,,,,
dataflow,ESTAT:DEMO_PJAN(1.0),Population on 1 January by age and sex,A,Annual,NR,Number,Y56,56 years,T,Total,SI,Slovenia,2020,,30268,,,,,
dataflow,ESTAT:DEMO_PJAN(1.0),Population on 1 January by age and sex,A,Annual,NR,Number,Y56,56 years,T,Total,SI,Slovenia,2021,,30469,,,,,
dataflow,ESTAT:DEMO_PJAN(1.0),Population on 1 January by age and sex,A,Annual,NR,Number,Y56,56 years,T,Total,SI,Slovenia,2022,,31415,,,,,
dataflow,ESTAT:DEMO_PJAN(1.0),Population on 1 January by age and sex,A,Annual,NR,Number,Y56,56 years,T,Total,SI,Slovenia,2023,,31426,,,,,
dataflow,ESTAT:DEMO_PJAN(1.0),Population on 1 January by age and sex,A,Annual,NR,Number,Y56,56 years,T,Total,SI,Slovenia,2024,,30381,,,,,
dataflow,ESTAT:DEMO_PJAN(1.0),Population on 1 January by age and sex,A,Annual,NR,Number,Y56,56 years,T,Total,SI,Slovenia,2025,,29494,,,,,
dataflow,ESTAT:DEMO_PJAN(1.0),Population on 1 January by age and sex,A,Annual,NR,Number,Y57,57 years,F,Females,SI,Slovenia,2016,,14423,,,,,
dataflow,ESTAT:DEMO_PJAN(1.0),Population on 1 January by age and sex,A,Annual,NR,Number,Y57,57 years,F,Females,SI,Slovenia,2017,,14479,,,,,
dataflow,ESTAT:DEMO_PJAN(1.0),Population on 1 January by age and sex,A,Annual,NR,Number,Y57,57 years,F,Females,SI,Slovenia,2018,,14857,,,,,
dataflow,ESTAT:DEMO_PJAN(1.0),Population on 1 January by age and sex,A,Annual,NR,Number,Y57,57 years,F,Females,SI,Slovenia,2019,,15095,,,,,
dataflow,ESTAT:DEMO_PJAN(1.0),Population on 1 January by age and sex,A,Annual,NR,Number,Y57,57 years,F,Females,SI,Slovenia,2020,,14828,,,,,
dataflow,ESTAT:DEMO_PJAN(1.0),Population on 1 January by age and sex,A,Annual,NR,Number,Y57,57 years,F,Females,SI,Slovenia,2021,,14959,,,,,
dataflow,ESTAT:DEMO_PJAN(1.0),Population on 1 January by age and sex,A,Annual,NR,Number,Y57,57 years,F,Females,SI,Slovenia,2022,,15023,,,,,
dataflow,ESTAT:DEMO_PJAN(1.0),Population on 1 January by age and sex,A,Annual,NR,Number,Y57,57 years,F,Females,SI,Slovenia,2023,,15611,,,,,
dataflow,ESTAT:DEMO_PJAN(1.0),Population on 1 January by age and sex,A,Annual,NR,Number,Y57,57 years,F,Females,SI,Slovenia,2024,,15411,,,,,
dataflow,ESTAT:DEMO_PJAN(1.0),Population on 1 January by age and sex,A,Annual,NR,Number,Y57,57 years,F,Females,SI,Slovenia,2025,,15154,,,,,
dataflow,ESTAT:DEMO_PJAN(1.0),Population on 1 January by age and sex,A,Annual,NR,Number,Y57,57 years,M,Males,SI,Slovenia,2016,,14936,,,,,
dataflow,ESTAT:DEMO_PJAN(1.0),Population on 1 January by age and sex,A,Annual,NR,Number,Y57,57 years,M,Males,SI,Slovenia,2017,,14959,,,,,
dataflow,ESTAT:DEMO_PJAN(1.0),Population on 1 January by age and sex,A,Annual,NR,Number,Y57,57 years,M,Males,SI,Slovenia,2018,,14865,,,,,
dataflow,ESTAT:DEMO_PJAN(1.0),Population on 1 January by age and sex,A,Annual,NR,Number,Y57,57 years,M,Males,SI,Slovenia,2019,,15167,,,,,
dataflow,ESTAT:DEMO_PJAN(1.0),Population on 1 January by age and sex,A,Annual,NR,Number,Y57,57 years,M,Males,SI,Slovenia,2020,,15313,,,,,
dataflow,ESTAT:DEMO_PJAN(1.0),Population on 1 January by age and sex,A,Annual,NR,Number,Y57,57 years,M,Males,SI,Slovenia,2021,,15253,,,,,
dataflow,ESTAT:DEMO_PJAN(1.0),Population on 1 January by age and sex,A,Annual,NR,Number,Y57,57 years,M,Males,SI,Slovenia,2022,,15264,,,,,
dataflow,ESTAT:DEMO_PJAN(1.0),Population on 1 January by age and sex,A,Annual,NR,Number,Y57,57 years,M,Males,SI,Slovenia,2023,,15643,,,,,
dataflow,ESTAT:DEMO_PJAN(1.0),Population on 1 January by age and sex,A,Annual,NR,Number,Y57,57 years,M,Males,SI,Slovenia,2024,,15914,,,,,
dataflow,ESTAT:DEMO_PJAN(1.0),Population on 1 January by age and sex,A,Annual,NR,Number,Y57,57 years,M,Males,SI,Slovenia,2025,,15121,,,,,
dataflow,ESTAT:DEMO_PJAN(1.0),Population on 1 January by age and sex,A,Annual,NR,Number,Y57,57 years,T,Total,SI,Slovenia,2016,,29359,,,,,
dataflow,ESTAT:DEMO_PJAN(1.0),Population on 1 January by age and sex,A,Annual,NR,Number,Y57,57 years,T,Total,SI,Slovenia,2017,,29438,,,,,
dataflow,ESTAT:DEMO_PJAN(1.0),Population on 1 January by age and sex,A,Annual,NR,Number,Y57,57 years,T,Total,SI,Slovenia,2018,,29722,,,,,
dataflow,ESTAT:DEMO_PJAN(1.0),Population on 1 January by age and sex,A,Annual,NR,Number,Y57,57 years,T,Total,SI,Slovenia,2019,,30262,,,,,
dataflow,ESTAT:DEMO_PJAN(1.0),Population on 1 January by age and sex,A,Annual,NR,Number,Y57,57 years,T,Total,SI,Slovenia,2020,,30141,,,,,
dataflow,ESTAT:DEMO_PJAN(1.0),Population on 1 January by age and sex,A,Annual,NR,Number,Y57,57 years,T,Total,SI,Slovenia,2021,,30212,,,,,
dataflow,ESTAT:DEMO_PJAN(1.0),Population on 1 January by age and sex,A,Annual,NR,Number,Y57,57 years,T,Total,SI,Slovenia,2022,,30287,,,,,
dataflow,ESTAT:DEMO_PJAN(1.0),Population on 1 January by age and sex,A,Annual,NR,Number,Y57,57 years,T,Total,SI,Slovenia,2023,,31254,,,,,
dataflow,ESTAT:DEMO_PJAN(1.0),Population on 1 January by age and sex,A,Annual,NR,Number,Y57,57 years,T,Total,SI,Slovenia,2024,,31325,,,,,
dataflow,ESTAT:DEMO_PJAN(1.0),Population on 1 January by age and sex,A,Annual,NR,Number,Y57,57 years,T,Total,SI,Slovenia,2025,,30275,,,,,
dataflow,ESTAT:DEMO_PJAN(1.0),Population on 1 January by age and sex,A,Annual,NR,Number,Y58,58 years,F,Females,SI,Slovenia,2016,,15001,,,,,
dataflow,ESTAT:DEMO_PJAN(1.0),Population on 1 January by age and sex,A,Annual,NR,Number,Y58,58 years,F,Females,SI,Slovenia,2017,,14360,,,,,
dataflow,ESTAT:DEMO_PJAN(1.0),Population on 1 January by age and sex,A,Annual,NR,Number,Y58,58 years,F,Females,SI,Slovenia,2018,,14426,,,,,
dataflow,ESTAT:DEMO_PJAN(1.0),Population on 1 January by age and sex,A,Annual,NR,Number,Y58,58 years,F,Females,SI,Slovenia,2019,,14798,,,,,
dataflow,ESTAT:DEMO_PJAN(1.0),Population on 1 January by age and sex,A,Annual,NR,Number,Y58,58 years,F,Females,SI,Slovenia,2020,,15049,,,,,
dataflow,ESTAT:DEMO_PJAN(1.0),Population on 1 January by age and sex,A,Annual,NR,Number,Y58,58 years,F,Females,SI,Slovenia,2021,,14825,,,,,
dataflow,ESTAT:DEMO_PJAN(1.0),Population on 1 January by age and sex,A,Annual,NR,Number,Y58,58 years,F,Females,SI,Slovenia,2022,,14932,,,,,
dataflow,ESTAT:DEMO_PJAN(1.0),Population on 1 January by age and sex,A,Annual,NR,Number,Y58,58 years,F,Females,SI,Slovenia,2023,,15011,,,,,
dataflow,ESTAT:DEMO_PJAN(1.0),Population on 1 January by age and sex,A,Annual,NR,Number,Y58,58 years,F,Females,SI,Slovenia,2024,,15573,,,,,
dataflow,ESTAT:DEMO_PJAN(1.0),Population on 1 January by age and sex,A,Annual,NR,Number,Y58,58 years,F,Females,SI,Slovenia,2025,,15400,,,,,
dataflow,ESTAT:DEMO_PJAN(1.0),Population on 1 January by age and sex,A,Annual,NR,Number,Y58,58 years,M,Males,SI,Slovenia,2016,,14777,,,,,
dataflow,ESTAT:DEMO_PJAN(1.0),Population on 1 January by age and sex,A,Annual,NR,Number,Y58,58 years,M,Males,SI,Slovenia,2017,,14794,,,,,
dataflow,ESTAT:DEMO_PJAN(1.0),Population on 1 January by age and sex,A,Annual,NR,Number,Y58,58 years,M,Males,SI,Slovenia,2018,,14831,,,,,
dataflow,ESTAT:DEMO_PJAN(1.0),Population on 1 January by age and sex,A,Annual,NR,Number,Y58,58 years,M,Males,SI,Slovenia,2019,,14783,,,,,
dataflow,ESTAT:DEMO_PJAN(1.0),Population on 1 January by age and sex,A,Annual,NR,Number,Y58,58 years,M,Males,SI,Slovenia,2020,,15039,,,,,
dataflow,ESTAT:DEMO_PJAN(1.0),Population on 1 January by age and sex,A,Annual,NR,Number,Y58,58 years,M,Males,SI,Slovenia,2021,,15253,,,,,
dataflow,ESTAT:DEMO_PJAN(1.0),Population on 1 January by age and sex,A,Annual,NR,Number,Y58,58 years,M,Males,SI,Slovenia,2022,,15096,,,,,
dataflow,ESTAT:DEMO_PJAN(1.0),Population on 1 January by age and sex,A,Annual,NR,Number,Y58,58 years,M,Males,SI,Slovenia,2023,,15137,,,,,
dataflow,ESTAT:DEMO_PJAN(1.0),Population on 1 January by age and sex,A,Annual,NR,Number,Y58,58 years,M,Males,SI,Slovenia,2024,,15568,,,,,
dataflow,ESTAT:DEMO_PJAN(1.0),Population on 1 January by age and sex,A,Annual,NR,Number,Y58,58 years,M,Males,SI,Slovenia,2025,,15851,,,,,
dataflow,ESTAT:DEMO_PJAN(1.0),Population on 1 January by age and sex,A,Annual,NR,Number,Y58,58 years,T,Total,SI,Slovenia,2016,,29778,,,,,
dataflow,ESTAT:DEMO_PJAN(1.0),Population on 1 January by age and sex,A,Annual,NR,Number,Y58,58 years,T,Total,SI,Slovenia,2017,,29154,,,,,
dataflow,ESTAT:DEMO_PJAN(1.0),Population on 1 January by age and sex,A,Annual,NR,Number,Y58,58 years,T,Total,SI,Slovenia,2018,,29257,,,,,
dataflow,ESTAT:DEMO_PJAN(1.0),Population on 1 January by age and sex,A,Annual,NR,Number,Y58,58 years,T,Total,SI,Slovenia,2019,,29581,,,,,
dataflow,ESTAT:DEMO_PJAN(1.0),Population on 1 January by age and sex,A,Annual,NR,Number,Y58,58 years,T,Total,SI,Slovenia,2020,,30088,,,,,
dataflow,ESTAT:DEMO_PJAN(1.0),Population on 1 January by age and sex,A,Annual,NR,Number,Y58,58 years,T,Total,SI,Slovenia,2021,,30078,,,,,
dataflow,ESTAT:DEMO_PJAN(1.0),Population on 1 January by age and sex,A,Annual,NR,Number,Y58,58 years,T,Total,SI,Slovenia,2022,,30028,,,,,
dataflow,ESTAT:DEMO_PJAN(1.0),Population on 1 January by age and sex,A,Annual,NR,Number,Y58,58 years,T,Total,SI,Slovenia,2023,,30148,,,,,
dataflow,ESTAT:DEMO_PJAN(1.0),Population on 1 January by age and sex,A,Annual,NR,Number,Y58,58 years,T,Total,SI,Slovenia,2024,,31141,,,,,
dataflow,ESTAT:DEMO_PJAN(1.0),Population on 1 January by age and sex,A,Annual,NR,Number,Y58,58 years,T,Total,SI,Slovenia,2025,,31251,,,,,
dataflow,ESTAT:DEMO_PJAN(1.0),Population on 1 January by age and sex,A,Annual,NR,Number,Y59,59 years,F,Females,SI,Slovenia,2016,,15088,,,,,
dataflow,ESTAT:DEMO_PJAN(1.0),Population on 1 January by age and sex,A,Annual,NR,Number,Y59,59 years,F,Females,SI,Slovenia,2017,,14945,,,,,
dataflow,ESTAT:DEMO_PJAN(1.0),Population on 1 January by age and sex,A,Annual,NR,Number,Y59,59 years,F,Females,SI,Slovenia,2018,,14284,,,,,
dataflow,ESTAT:DEMO_PJAN(1.0),Population on 1 January by age and sex,A,Annual,NR,Number,Y59,59 years,F,Females,SI,Slovenia,2019,,14385,,,,,
dataflow,ESTAT:DEMO_PJAN(1.0),Population on 1 January by age and sex,A,Annual,NR,Number,Y59,59 years,F,Females,SI,Slovenia,2020,,14725,,,,,
dataflow,ESTAT:DEMO_PJAN(1.0),Population on 1 January by age and sex,A,Annual,NR,Number,Y59,59 years,F,Females,SI,Slovenia,2021,,15012,,,,,
dataflow,ESTAT:DEMO_PJAN(1.0),Population on 1 January by age and sex,A,Annual,NR,Number,Y59,59 years,F,Females,SI,Slovenia,2022,,14764,,,,,
dataflow,ESTAT:DEMO_PJAN(1.0),Population on 1 January by age and sex,A,Annual,NR,Number,Y59,59 years,F,Females,SI,Slovenia,2023,,14896,,,,,
dataflow,ESTAT:DEMO_PJAN(1.0),Population on 1 January by age and sex,A,Annual,NR,Number,Y59,59 years,F,Females,SI,Slovenia,2024,,14964,,,,,
dataflow,ESTAT:DEMO_PJAN(1.0),Population on 1 January by age and sex,A,Annual,NR,Number,Y59,59 years,F,Females,SI,Slovenia,2025,,15540,,,,,
dataflow,ESTAT:DEMO_PJAN(1.0),Population on 1 January by age and sex,A,Annual,NR,Number,Y59,59 years,M,Males,SI,Slovenia,2016,,15561,,,,,
dataflow,ESTAT:DEMO_PJAN(1.0),Population on 1 January by age and sex,A,Annual,NR,Number,Y59,59 years,M,Males,SI,Slovenia,2017,,14653,,,,,
dataflow,ESTAT:DEMO_PJAN(1.0),Population on 1 January by age and sex,A,Annual,NR,Number,Y59,59 years,M,Males,SI,Slovenia,2018,,14652,,,,,
dataflow,ESTAT:DEMO_PJAN(1.0),Population on 1 January by age and sex,A,Annual,NR,Number,Y59,59 years,M,Males,SI,Slovenia,2019,,14724,,,,,
dataflow,ESTAT:DEMO_PJAN(1.0),Population on 1 January by age and sex,A,Annual,NR,Number,Y59,59 years,M,Males,SI,Slovenia,2020,,14686,,,,,
dataflow,ESTAT:DEMO_PJAN(1.0),Population on 1 January by age and sex,A,Annual,NR,Number,Y59,59 years,M,Males,SI,Slovenia,2021,,14993,,,,,
dataflow,ESTAT:DEMO_PJAN(1.0),Population on 1 January by age and sex,A,Annual,NR,Number,Y59,59 years,M,Males,SI,Slovenia,2022,,15068,,,,,
dataflow,ESTAT:DEMO_PJAN(1.0),Population on 1 January by age and sex,A,Annual,NR,Number,Y59,59 years,M,Males,SI,Slovenia,2023,,14967,,,,,
dataflow,ESTAT:DEMO_PJAN(1.0),Population on 1 January by age and sex,A,Annual,NR,Number,Y59,59 years,M,Males,SI,Slovenia,2024,,15015,,,,,
dataflow,ESTAT:DEMO_PJAN(1.0),Population on 1 January by age and sex,A,Annual,NR,Number,Y59,59 years,M,Males,SI,Slovenia,2025,,15479,,,,,
dataflow,ESTAT:DEMO_PJAN(1.0),Population on 1 January by age and sex,A,Annual,NR,Number,Y59,59 years,T,Total,SI,Slovenia,2016,,30649,,,,,
dataflow,ESTAT:DEMO_PJAN(1.0),Population on 1 January by age and sex,A,Annual,NR,Number,Y59,59 years,T,Total,SI,Slovenia,2017,,29598,,,,,
dataflow,ESTAT:DEMO_PJAN(1.0),Population on 1 January by age and sex,A,Annual,NR,Number,Y59,59 years,T,Total,SI,Slovenia,2018,,28936,,,,,
dataflow,ESTAT:DEMO_PJAN(1.0),Population on 1 January by age and sex,A,Annual,NR,Number,Y59,59 years,T,Total,SI,Slovenia,2019,,29109,,,,,
dataflow,ESTAT:DEMO_PJAN(1.0),Population on 1 January by age and sex,A,Annual,NR,Number,Y59,59 years,T,Total,SI,Slovenia,2020,,29411,,,,,
dataflow,ESTAT:DEMO_PJAN(1.0),Population on 1 January by age and sex,A,Annual,NR,Number,Y59,59 years,T,Total,SI,Slovenia,2021,,30005,,,,,
dataflow,ESTAT:DEMO_PJAN(1.0),Population on 1 January by age and sex,A,Annual,NR,Number,Y59,59 years,T,Total,SI,Slovenia,2022,,29832,,,,,
dataflow,ESTAT:DEMO_PJAN(1.0),Population on 1 January by age and sex,A,Annual,NR,Number,Y59,59 years,T,Total,SI,Slovenia,2023,,29863,,,,,
dataflow,ESTAT:DEMO_PJAN(1.0),Population on 1 January by age and sex,A,Annual,NR,Number,Y59,59 years,T,Total,SI,Slovenia,2024,,29979,,,,,
dataflow,ESTAT:DEMO_PJAN(1.0),Population on 1 January by age and sex,A,Annual,NR,Number,Y59,59 years,T,Total,SI,Slovenia,2025,,31019,,,,,
dataflow,ESTAT:DEMO_PJAN(1.0),Population on 1 January by age and sex,A,Annual,NR,Number,Y6,6 years,F,Females,SI,Slovenia,2016,,10667,,,,,
dataflow,ESTAT:DEMO_PJAN(1.0),Population on 1 January by age and sex,A,Annual,NR,Number,Y6,6 years,F,Females,SI,Slovenia,2017,,11005,,,,,
dataflow,ESTAT:DEMO_PJAN(1.0),Population on 1 January by age and sex,A,Annual,NR,Number,Y6,6 years,F,Females,SI,Slovenia,2018,,10793,,,,,
dataflow,ESTAT:DEMO_PJAN(1.0),Population on 1 January by age and sex,A,Annual,NR,Number,Y6,6 years,F,Females,SI,Slovenia,2019,,10693,,,,,
dataflow,ESTAT:DEMO_PJAN(1.0),Population on 1 January by age and sex,A,Annual,NR,Number,Y6,6 years,F,Females,SI,Slovenia,2020,,10396,,,,,
dataflow,ESTAT:DEMO_PJAN(1.0),Population on 1 January by age and sex,A,Annual,NR,Number,Y6,6 years,F,Females,SI,Slovenia,2021,,10386,,,,,
dataflow,ESTAT:DEMO_PJAN(1.0),Population on 1 January by age and sex,A,Annual,NR,Number,Y6,6 years,F,Females,SI,Slovenia,2022,,10172,,,,,
dataflow,ESTAT:DEMO_PJAN(1.0),Population on 1 January by age and sex,A,Annual,NR,Number,Y6,6 years,F,Females,SI,Slovenia,2023,,10318,,,,,
dataflow,ESTAT:DEMO_PJAN(1.0),Population on 1 January by age and sex,A,Annual,NR,Number,Y6,6 years,F,Females,SI,Slovenia,2024,,10109,,,,,
dataflow,ESTAT:DEMO_PJAN(1.0),Population on 1 January by age and sex,A,Annual,NR,Number,Y6,6 years,F,Females,SI,Slovenia,2025,,9807,,,,,
dataflow,ESTAT:DEMO_PJAN(1.0),Population on 1 January by age and sex,A,Annual,NR,Number,Y6,6 years,M,Males,SI,Slovenia,2016,,11500,,,,,
dataflow,ESTAT:DEMO_PJAN(1.0),Population on 1 January by age and sex,A,Annual,NR,Number,Y6,6 years,M,Males,SI,Slovenia,2017,,11713,,,,,
dataflow,ESTAT:DEMO_PJAN(1.0),Population on 1 January by age and sex,A,Annual,NR,Number,Y6,6 years,M,Males,SI,Slovenia,2018,,11376,,,,,
dataflow,ESTAT:DEMO_PJAN(1.0),Population on 1 January by age and sex,A,Annual,NR,Number,Y6,6 years,M,Males,SI,Slovenia,2019,,11481,,,,,
dataflow,ESTAT:DEMO_PJAN(1.0),Population on 1 January by age and sex,A,Annual,NR,Number,Y6,6 years,M,Males,SI,Slovenia,2020,,10919,,,,,
dataflow,ESTAT:DEMO_PJAN(1.0),Population on 1 January by age and sex,A,Annual,NR,Number,Y6,6 years,M,Males,SI,Slovenia,2021,,11122,,,,,
dataflow,ESTAT:DEMO_PJAN(1.0),Population on 1 January by age and sex,A,Annual,NR,Number,Y6,6 years,M,Males,SI,Slovenia,2022,,10854,,,,,
dataflow,ESTAT:DEMO_PJAN(1.0),Population on 1 January by age and sex,A,Annual,NR,Number,Y6,6 years,M,Males,SI,Slovenia,2023,,10725,,,,,
dataflow,ESTAT:DEMO_PJAN(1.0),Population on 1 January by age and sex,A,Annual,NR,Number,Y6,6 years,M,Males,SI,Slovenia,2024,,10891,,,,,
dataflow,ESTAT:DEMO_PJAN(1.0),Population on 1 January by age and sex,A,Annual,NR,Number,Y6,6 years,M,Males,SI,Slovenia,2025,,10563,,,,,
dataflow,ESTAT:DEMO_PJAN(1.0),Population on 1 January by age and sex,A,Annual,NR,Number,Y6,6 years,T,Total,SI,Slovenia,2016,,22167,,,,,
dataflow,ESTAT:DEMO_PJAN(1.0),Population on 1 January by age and sex,A,Annual,NR,Number,Y6,6 years,T,Total,SI,Slovenia,2017,,22718,,,,,
dataflow,ESTAT:DEMO_PJAN(1.0),Population on 1 January by age and sex,A,Annual,NR,Number,Y6,6 years,T,Total,SI,Slovenia,2018,,22169,,,,,
dataflow,ESTAT:DEMO_PJAN(1.0),Population on 1 January by age and sex,A,Annual,NR,Number,Y6,6 years,T,Total,SI,Slovenia,2019,,22174,,,,,
dataflow,ESTAT:DEMO_PJAN(1.0),Population on 1 January by age and sex,A,Annual,NR,Number,Y6,6 years,T,Total,SI,Slovenia,2020,,21315,,,,,
dataflow,ESTAT:DEMO_PJAN(1.0),Population on 1 January by age and sex,A,Annual,NR,Number,Y6,6 years,T,Total,SI,Slovenia,2021,,21508,,,,,
dataflow,ESTAT:DEMO_PJAN(1.0),Population on 1 January by age and sex,A,Annual,NR,Number,Y6,6 years,T,Total,SI,Slovenia,2022,,21026,,,,,
dataflow,ESTAT:DEMO_PJAN(1.0),Population on 1 January by age and sex,A,Annual,NR,Number,Y6,6 years,T,Total,SI,Slovenia,2023,,21043,,,,,
dataflow,ESTAT:DEMO_PJAN(1.0),Population on 1 January by age and sex,A,Annual,NR,Number,Y6,6 years,T,Total,SI,Slovenia,2024,,21000,,,,,
dataflow,ESTAT:DEMO_PJAN(1.0),Population on 1 January by age and sex,A,Annual,NR,Number,Y6,6 years,T,Total,SI,Slovenia,2025,,20370,,,,,
dataflow,ESTAT:DEMO_PJAN(1.0),Population on 1 January by age and sex,A,Annual,NR,Number,Y60,60 years,F,Females,SI,Slovenia,2016,,14975,,,,,
dataflow,ESTAT:DEMO_PJAN(1.0),Population on 1 January by age and sex,A,Annual,NR,Number,Y60,60 years,F,Females,SI,Slovenia,2017,,15024,,,,,
dataflow,ESTAT:DEMO_PJAN(1.0),Population on 1 January by age and sex,A,Annual,NR,Number,Y60,60 years,F,Females,SI,Slovenia,2018,,14869,,,,,
dataflow,ESTAT:DEMO_PJAN(1.0),Population on 1 January by age and sex,A,Annual,NR,Number,Y60,60 years,F,Females,SI,Slovenia,2019,,14222,,,,,
dataflow,ESTAT:DEMO_PJAN(1.0),Population on 1 January by age and sex,A,Annual,NR,Number,Y60,60 years,F,Females,SI,Slovenia,2020,,14325,,,,,
dataflow,ESTAT:DEMO_PJAN(1.0),Population on 1 January by age and sex,A,Annual,NR,Number,Y60,60 years,F,Females,SI,Slovenia,2021,,14713,,,,,
dataflow,ESTAT:DEMO_PJAN(1.0),Population on 1 January by age and sex,A,Annual,NR,Number,Y60,60 years,F,Females,SI,Slovenia,2022,,14930,,,,,
dataflow,ESTAT:DEMO_PJAN(1.0),Population on 1 January by age and sex,A,Annual,NR,Number,Y60,60 years,F,Females,SI,Slovenia,2023,,14728,,,,,
dataflow,ESTAT:DEMO_PJAN(1.0),Population on 1 January by age and sex,A,Annual,NR,Number,Y60,60 years,F,Females,SI,Slovenia,2024,,14859,,,,,
dataflow,ESTAT:DEMO_PJAN(1.0),Population on 1 January by age and sex,A,Annual,NR,Number,Y60,60 years,F,Females,SI,Slovenia,2025,,14935,,,,,
dataflow,ESTAT:DEMO_PJAN(1.0),Population on 1 January by age and sex,A,Annual,NR,Number,Y60,60 years,M,Males,SI,Slovenia,2016,,15167,,,,,
dataflow,ESTAT:DEMO_PJAN(1.0),Population on 1 January by age and sex,A,Annual,NR,Number,Y60,60 years,M,Males,SI,Slovenia,2017,,15358,,,,,
dataflow,ESTAT:DEMO_PJAN(1.0),Population on 1 January by age and sex,A,Annual,NR,Number,Y60,60 years,M,Males,SI,Slovenia,2018,,14459,,,,,
dataflow,ESTAT:DEMO_PJAN(1.0),Population on 1 January by age and sex,A,Annual,NR,Number,Y60,60 years,M,Males,SI,Slovenia,2019,,14527,,,,,
dataflow,ESTAT:DEMO_PJAN(1.0),Population on 1 January by age and sex,A,Annual,NR,Number,Y60,60 years,M,Males,SI,Slovenia,2020,,14580,,,,,
dataflow,ESTAT:DEMO_PJAN(1.0),Population on 1 January by age and sex,A,Annual,NR,Number,Y60,60 years,M,Males,SI,Slovenia,2021,,14614,,,,,
dataflow,ESTAT:DEMO_PJAN(1.0),Population on 1 January by age and sex,A,Annual,NR,Number,Y60,60 years,M,Males,SI,Slovenia,2022,,14777,,,,,
dataflow,ESTAT:DEMO_PJAN(1.0),Population on 1 January by age and sex,A,Annual,NR,Number,Y60,60 years,M,Males,SI,Slovenia,2023,,14920,,,,,
dataflow,ESTAT:DEMO_PJAN(1.0),Population on 1 January by age and sex,A,Annual,NR,Number,Y60,60 years,M,Males,SI,Slovenia,2024,,14839,,,,,
dataflow,ESTAT:DEMO_PJAN(1.0),Population on 1 January by age and sex,A,Annual,NR,Number,Y60,60 years,M,Males,SI,Slovenia,2025,,14892,,,,,
dataflow,ESTAT:DEMO_PJAN(1.0),Population on 1 January by age and sex,A,Annual,NR,Number,Y60,60 years,T,Total,SI,Slovenia,2016,,30142,,,,,
dataflow,ESTAT:DEMO_PJAN(1.0),Population on 1 January by age and sex,A,Annual,NR,Number,Y60,60 years,T,Total,SI,Slovenia,2017,,30382,,,,,
dataflow,ESTAT:DEMO_PJAN(1.0),Population on 1 January by age and sex,A,Annual,NR,Number,Y60,60 years,T,Total,SI,Slovenia,2018,,29328,,,,,
dataflow,ESTAT:DEMO_PJAN(1.0),Population on 1 January by age and sex,A,Annual,NR,Number,Y60,60 years,T,Total,SI,Slovenia,2019,,28749,,,,,
dataflow,ESTAT:DEMO_PJAN(1.0),Population on 1 January by age and sex,A,Annual,NR,Number,Y60,60 years,T,Total,SI,Slovenia,2020,,28905,,,,,
dataflow,ESTAT:DEMO_PJAN(1.0),Population on 1 January by age and sex,A,Annual,NR,Number,Y60,60 years,T,Total,SI,Slovenia,2021,,29327,,,,,
dataflow,ESTAT:DEMO_PJAN(1.0),Population on 1 January by age and sex,A,Annual,NR,Number,Y60,60 years,T,Total,SI,Slovenia,2022,,29707,,,,,
dataflow,ESTAT:DEMO_PJAN(1.0),Population on 1 January by age and sex,A,Annual,NR,Number,Y60,60 years,T,Total,SI,Slovenia,2023,,29648,,,,,
dataflow,ESTAT:DEMO_PJAN(1.0),Population on 1 January by age and sex,A,Annual,NR,Number,Y60,60 years,T,Total,SI,Slovenia,2024,,29698,,,,,
dataflow,ESTAT:DEMO_PJAN(1.0),Population on 1 January by age and sex,A,Annual,NR,Number,Y60,60 years,T,Total,SI,Slovenia,2025,,29827,,,,,
dataflow,ESTAT:DEMO_PJAN(1.0),Population on 1 January by age and sex,A,Annual,NR,Number,Y61,61 years,F,Females,SI,Slovenia,2016,,14690,,,,,
dataflow,ESTAT:DEMO_PJAN(1.0),Population on 1 January by age and sex,A,Annual,NR,Number,Y61,61 years,F,Females,SI,Slovenia,2017,,14899,,,,,
dataflow,ESTAT:DEMO_PJAN(1.0),Population on 1 January by age and sex,A,Annual,NR,Number,Y61,61 years,F,Females,SI,Slovenia,2018,,14930,,,,,
dataflow,ESTAT:DEMO_PJAN(1.0),Population on 1 January by age and sex,A,Annual,NR,Number,Y61,61 years,F,Females,SI,Slovenia,2019,,14792,,,,,
dataflow,ESTAT:DEMO_PJAN(1.0),Population on 1 January by age and sex,A,Annual,NR,Number,Y61,61 years,F,Females,SI,Slovenia,2020,,14159,,,,,
dataflow,ESTAT:DEMO_PJAN(1.0),Population on 1 January by age and sex,A,Annual,NR,Number,Y61,61 years,F,Females,SI,Slovenia,2021,,14290,,,,,
dataflow,ESTAT:DEMO_PJAN(1.0),Population on 1 January by age and sex,A,Annual,NR,Number,Y61,61 years,F,Females,SI,Slovenia,2022,,14625,,,,,
dataflow,ESTAT:DEMO_PJAN(1.0),Population on 1 January by age and sex,A,Annual,NR,Number,Y61,61 years,F,Females,SI,Slovenia,2023,,14880,,,,,
dataflow,ESTAT:DEMO_PJAN(1.0),Population on 1 January by age and sex,A,Annual,NR,Number,Y61,61 years,F,Females,SI,Slovenia,2024,,14681,,,,,
dataflow,ESTAT:DEMO_PJAN(1.0),Population on 1 January by age and sex,A,Annual,NR,Number,Y61,61 years,F,Females,SI,Slovenia,2025,,14800,,,,,
dataflow,ESTAT:DEMO_PJAN(1.0),Population on 1 January by age and sex,A,Annual,NR,Number,Y61,61 years,M,Males,SI,Slovenia,2016,,14666,,,,,
dataflow,ESTAT:DEMO_PJAN(1.0),Population on 1 January by age and sex,A,Annual,NR,Number,Y61,61 years,M,Males,SI,Slovenia,2017,,14965,,,,,
dataflow,ESTAT:DEMO_PJAN(1.0),Population on 1 January by age and sex,A,Annual,NR,Number,Y61,61 years,M,Males,SI,Slovenia,2018,,15146,,,,,
dataflow,ESTAT:DEMO_PJAN(1.0),Population on 1 January by age and sex,A,Annual,NR,Number,Y61,61 years,M,Males,SI,Slovenia,2019,,14316,,,,,
dataflow,ESTAT:DEMO_PJAN(1.0),Population on 1 January by age and sex,A,Annual,NR,Number,Y61,61 years,M,Males,SI,Slovenia,2020,,14363,,,,,
dataflow,ESTAT:DEMO_PJAN(1.0),Population on 1 January by age and sex,A,Annual,NR,Number,Y61,61 years,M,Males,SI,Slovenia,2021,,14479,,,,,
dataflow,ESTAT:DEMO_PJAN(1.0),Population on 1 January by age and sex,A,Annual,NR,Number,Y61,61 years,M,Males,SI,Slovenia,2022,,14370,,,,,
dataflow,ESTAT:DEMO_PJAN(1.0),Population on 1 January by age and sex,A,Annual,NR,Number,Y61,61 years,M,Males,SI,Slovenia,2023,,14595,,,,,
dataflow,ESTAT:DEMO_PJAN(1.0),Population on 1 January by age and sex,A,Annual,NR,Number,Y61,61 years,M,Males,SI,Slovenia,2024,,14748,,,,,
dataflow,ESTAT:DEMO_PJAN(1.0),Population on 1 January by age and sex,A,Annual,NR,Number,Y61,61 years,M,Males,SI,Slovenia,2025,,14703,,,,,
dataflow,ESTAT:DEMO_PJAN(1.0),Population on 1 January by age and sex,A,Annual,NR,Number,Y61,61 years,T,Total,SI,Slovenia,2016,,29356,,,,,
dataflow,ESTAT:DEMO_PJAN(1.0),Population on 1 January by age and sex,A,Annual,NR,Number,Y61,61 years,T,Total,SI,Slovenia,2017,,29864,,,,,
dataflow,ESTAT:DEMO_PJAN(1.0),Population on 1 January by age and sex,A,Annual,NR,Number,Y61,61 years,T,Total,SI,Slovenia,2018,,30076,,,,,
dataflow,ESTAT:DEMO_PJAN(1.0),Population on 1 January by age and sex,A,Annual,NR,Number,Y61,61 years,T,Total,SI,Slovenia,2019,,29108,,,,,
dataflow,ESTAT:DEMO_PJAN(1.0),Population on 1 January by age and sex,A,Annual,NR,Number,Y61,61 years,T,Total,SI,Slovenia,2020,,28522,,,,,
dataflow,ESTAT:DEMO_PJAN(1.0),Population on 1 January by age and sex,A,Annual,NR,Number,Y61,61 years,T,Total,SI,Slovenia,2021,,28769,,,,,
dataflow,ESTAT:DEMO_PJAN(1.0),Population on 1 January by age and sex,A,Annual,NR,Number,Y61,61 years,T,Total,SI,Slovenia,2022,,28995,,,,,
dataflow,ESTAT:DEMO_PJAN(1.0),Population on 1 January by age and sex,A,Annual,NR,Number,Y61,61 years,T,Total,SI,Slovenia,2023,,29475,,,,,
dataflow,ESTAT:DEMO_PJAN(1.0),Population on 1 January by age and sex,A,Annual,NR,Number,Y61,61 years,T,Total,SI,Slovenia,2024,,29429,,,,,
dataflow,ESTAT:DEMO_PJAN(1.0),Population on 1 January by age and sex,A,Annual,NR,Number,Y61,61 years,T,Total,SI,Slovenia,2025,,29503,,,,,
dataflow,ESTAT:DEMO_PJAN(1.0),Population on 1 January by age and sex,A,Annual,NR,Number,Y62,62 years,F,Females,SI,Slovenia,2016,,14561,,,,,
dataflow,ESTAT:DEMO_PJAN(1.0),Population on 1 January by age and sex,A,Annual,NR,Number,Y62,62 years,F,Females,SI,Slovenia,2017,,14621,,,,,
dataflow,ESTAT:DEMO_PJAN(1.0),Population on 1 January by age and sex,A,Annual,NR,Number,Y62,62 years,F,Females,SI,Slovenia,2018,,14810,,,,,
dataflow,ESTAT:DEMO_PJAN(1.0),Population on 1 January by age and sex,A,Annual,NR,Number,Y62,62 years,F,Females,SI,Slovenia,2019,,14840,,,,,
dataflow,ESTAT:DEMO_PJAN(1.0),Population on 1 January by age and sex,A,Annual,NR,Number,Y62,62 years,F,Females,SI,Slovenia,2020,,14696,,,,,
dataflow,ESTAT:DEMO_PJAN(1.0),Population on 1 January by age and sex,A,Annual,NR,Number,Y62,62 years,F,Females,SI,Slovenia,2021,,14118,,,,,
dataflow,ESTAT:DEMO_PJAN(1.0),Population on 1 January by age and sex,A,Annual,NR,Number,Y62,62 years,F,Females,SI,Slovenia,2022,,14201,,,,,
dataflow,ESTAT:DEMO_PJAN(1.0),Population on 1 January by age and sex,A,Annual,NR,Number,Y62,62 years,F,Females,SI,Slovenia,2023,,14581,,,,,
dataflow,ESTAT:DEMO_PJAN(1.0),Population on 1 January by age and sex,A,Annual,NR,Number,Y62,62 years,F,Females,SI,Slovenia,2024,,14828,,,,,
dataflow,ESTAT:DEMO_PJAN(1.0),Population on 1 January by age and sex,A,Annual,NR,Number,Y62,62 years,F,Females,SI,Slovenia,2025,,14628,,,,,
dataflow,ESTAT:DEMO_PJAN(1.0),Population on 1 January by age and sex,A,Annual,NR,Number,Y62,62 years,M,Males,SI,Slovenia,2016,,14795,,,,,
dataflow,ESTAT:DEMO_PJAN(1.0),Population on 1 January by age and sex,A,Annual,NR,Number,Y62,62 years,M,Males,SI,Slovenia,2017,,14470,,,,,
dataflow,ESTAT:DEMO_PJAN(1.0),Population on 1 January by age and sex,A,Annual,NR,Number,Y62,62 years,M,Males,SI,Slovenia,2018,,14771,,,,,
dataflow,ESTAT:DEMO_PJAN(1.0),Population on 1 January by age and sex,A,Annual,NR,Number,Y62,62 years,M,Males,SI,Slovenia,2019,,14960,,,,,
dataflow,ESTAT:DEMO_PJAN(1.0),Population on 1 January by age and sex,A,Annual,NR,Number,Y62,62 years,M,Males,SI,Slovenia,2020,,14148,,,,,
dataflow,ESTAT:DEMO_PJAN(1.0),Population on 1 January by age and sex,A,Annual,NR,Number,Y62,62 years,M,Males,SI,Slovenia,2021,,14251,,,,,
dataflow,ESTAT:DEMO_PJAN(1.0),Population on 1 January by age and sex,A,Annual,NR,Number,Y62,62 years,M,Males,SI,Slovenia,2022,,14235,,,,,
dataflow,ESTAT:DEMO_PJAN(1.0),Population on 1 January by age and sex,A,Annual,NR,Number,Y62,62 years,M,Males,SI,Slovenia,2023,,14147,,,,,
dataflow,ESTAT:DEMO_PJAN(1.0),Population on 1 January by age and sex,A,Annual,NR,Number,Y62,62 years,M,Males,SI,Slovenia,2024,,14431,,,,,
dataflow,ESTAT:DEMO_PJAN(1.0),Population on 1 January by age and sex,A,Annual,NR,Number,Y62,62 years,M,Males,SI,Slovenia,2025,,14620,,,,,
dataflow,ESTAT:DEMO_PJAN(1.0),Population on 1 January by age and sex,A,Annual,NR,Number,Y62,62 years,T,Total,SI,Slovenia,2016,,29356,,,,,
dataflow,ESTAT:DEMO_PJAN(1.0),Population on 1 January by age and sex,A,Annual,NR,Number,Y62,62 years,T,Total,SI,Slovenia,2017,,29091,,,,,
dataflow,ESTAT:DEMO_PJAN(1.0),Population on 1 January by age and sex,A,Annual,NR,Number,Y62,62 years,T,Total,SI,Slovenia,2018,,29581,,,,,
dataflow,ESTAT:DEMO_PJAN(1.0),Population on 1 January by age and sex,A,Annual,NR,Number,Y62,62 years,T,Total,SI,Slovenia,2019,,29800,,,,,
dataflow,ESTAT:DEMO_PJAN(1.0),Population on 1 January by age and sex,A,Annual,NR,Number,Y62,62 years,T,Total,SI,Slovenia,2020,,28844,,,,,
dataflow,ESTAT:DEMO_PJAN(1.0),Population on 1 January by age and sex,A,Annual,NR,Number,Y62,62 years,T,Total,SI,Slovenia,2021,,28369,,,,,
dataflow,ESTAT:DEMO_PJAN(1.0),Population on 1 January by age and sex,A,Annual,NR,Number,Y62,62 years,T,Total,SI,Slovenia,2022,,28436,,,,,
dataflow,ESTAT:DEMO_PJAN(1.0),Population on 1 January by age and sex,A,Annual,NR,Number,Y62,62 years,T,Total,SI,Slovenia,2023,,28728,,,,,
dataflow,ESTAT:DEMO_PJAN(1.0),Population on 1 January by age and sex,A,Annual,NR,Number,Y62,62 years,T,Total,SI,Slovenia,2024,,29259,,,,,
dataflow,ESTAT:DEMO_PJAN(1.0),Population on 1 January by age and sex,A,Annual,NR,Number,Y62,62 years,T,Total,SI,Slovenia,2025,,29248,,,,,
dataflow,ESTAT:DEMO_PJAN(1.0),Population on 1 January by age and sex,A,Annual,NR,Number,Y63,63 years,F,Females,SI,Slovenia,2016,,14221,,,,,
dataflow,ESTAT:DEMO_PJAN(1.0),Population on 1 January by age and sex,A,Annual,NR,Number,Y63,63 years,F,Females,SI,Slovenia,2017,,14473,,,,,
dataflow,ESTAT:DEMO_PJAN(1.0),Population on 1 January by age and sex,A,Annual,NR,Number,Y63,63 years,F,Females,SI,Slovenia,2018,,14530,,,,,
dataflow,ESTAT:DEMO_PJAN(1.0),Population on 1 January by age and sex,A,Annual,NR,Number,Y63,63 years,F,Females,SI,Slovenia,2019,,14733,,,,,
dataflow,ESTAT:DEMO_PJAN(1.0),Population on 1 January by age and sex,A,Annual,NR,Number,Y63,63 years,F,Females,SI,Slovenia,2020,,14757,,,,,
dataflow,ESTAT:DEMO_PJAN(1.0),Population on 1 January by age and sex,A,Annual,NR,Number,Y63,63 years,F,Females,SI,Slovenia,2021,,14636,,,,,
dataflow,ESTAT:DEMO_PJAN(1.0),Population on 1 January by age and sex,A,Annual,NR,Number,Y63,63 years,F,Females,SI,Slovenia,2022,,14042,,,,,
dataflow,ESTAT:DEMO_PJAN(1.0),Population on 1 January by age and sex,A,Annual,NR,Number,Y63,63 years,F,Females,SI,Slovenia,2023,,14154,,,,,
dataflow,ESTAT:DEMO_PJAN(1.0),Population on 1 January by age and sex,A,Annual,NR,Number,Y63,63 years,F,Females,SI,Slovenia,2024,,14511,,,,,
dataflow,ESTAT:DEMO_PJAN(1.0),Population on 1 January by age and sex,A,Annual,NR,Number,Y63,63 years,F,Females,SI,Slovenia,2025,,14747,,,,,
dataflow,ESTAT:DEMO_PJAN(1.0),Population on 1 January by age and sex,A,Annual,NR,Number,Y63,63 years,M,Males,SI,Slovenia,2016,,14251,,,,,
dataflow,ESTAT:DEMO_PJAN(1.0),Population on 1 January by age and sex,A,Annual,NR,Number,Y63,63 years,M,Males,SI,Slovenia,2017,,14570,,,,,
dataflow,ESTAT:DEMO_PJAN(1.0),Population on 1 January by age and sex,A,Annual,NR,Number,Y63,63 years,M,Males,SI,Slovenia,2018,,14244,,,,,
dataflow,ESTAT:DEMO_PJAN(1.0),Population on 1 January by age and sex,A,Annual,NR,Number,Y63,63 years,M,Males,SI,Slovenia,2019,,14552,,,,,
dataflow,ESTAT:DEMO_PJAN(1.0),Population on 1 January by age and sex,A,Annual,NR,Number,Y63,63 years,M,Males,SI,Slovenia,2020,,14734,,,,,
dataflow,ESTAT:DEMO_PJAN(1.0),Population on 1 January by age and sex,A,Annual,NR,Number,Y63,63 years,M,Males,SI,Slovenia,2021,,14033,,,,,
dataflow,ESTAT:DEMO_PJAN(1.0),Population on 1 January by age and sex,A,Annual,NR,Number,Y63,63 years,M,Males,SI,Slovenia,2022,,14036,,,,,
dataflow,ESTAT:DEMO_PJAN(1.0),Population on 1 January by age and sex,A,Annual,NR,Number,Y63,63 years,M,Males,SI,Slovenia,2023,,14019,,,,,
dataflow,ESTAT:DEMO_PJAN(1.0),Population on 1 January by age and sex,A,Annual,NR,Number,Y63,63 years,M,Males,SI,Slovenia,2024,,13965,,,,,
dataflow,ESTAT:DEMO_PJAN(1.0),Population on 1 January by age and sex,A,Annual,NR,Number,Y63,63 years,M,Males,SI,Slovenia,2025,,14263,,,,,
dataflow,ESTAT:DEMO_PJAN(1.0),Population on 1 January by age and sex,A,Annual,NR,Number,Y63,63 years,T,Total,SI,Slovenia,2016,,28472,,,,,
dataflow,ESTAT:DEMO_PJAN(1.0),Population on 1 January by age and sex,A,Annual,NR,Number,Y63,63 years,T,Total,SI,Slovenia,2017,,29043,,,,,
dataflow,ESTAT:DEMO_PJAN(1.0),Population on 1 January by age and sex,A,Annual,NR,Number,Y63,63 years,T,Total,SI,Slovenia,2018,,28774,,,,,
dataflow,ESTAT:DEMO_PJAN(1.0),Population on 1 January by age and sex,A,Annual,NR,Number,Y63,63 years,T,Total,SI,Slovenia,2019,,29285,,,,,
dataflow,ESTAT:DEMO_PJAN(1.0),Population on 1 January by age and sex,A,Annual,NR,Number,Y63,63 years,T,Total,SI,Slovenia,2020,,29491,,,,,
dataflow,ESTAT:DEMO_PJAN(1.0),Population on 1 January by age and sex,A,Annual,NR,Number,Y63,63 years,T,Total,SI,Slovenia,2021,,28669,,,,,
dataflow,ESTAT:DEMO_PJAN(1.0),Population on 1 January by age and sex,A,Annual,NR,Number,Y63,63 years,T,Total,SI,Slovenia,2022,,28078,,,,,
dataflow,ESTAT:DEMO_PJAN(1.0),Population on 1 January by age and sex,A,Annual,NR,Number,Y63,63 years,T,Total,SI,Slovenia,2023,,28173,,,,,
dataflow,ESTAT:DEMO_PJAN(1.0),Population on 1 January by age and sex,A,Annual,NR,Number,Y63,63 years,T,Total,SI,Slovenia,2024,,28476,,,,,
dataflow,ESTAT:DEMO_PJAN(1.0),Population on 1 January by age and sex,A,Annual,NR,Number,Y63,63 years,T,Total,SI,Slovenia,2025,,29010,,,,,
dataflow,ESTAT:DEMO_PJAN(1.0),Population on 1 January by age and sex,A,Annual,NR,Number,Y64,64 years,F,Females,SI,Slovenia,2016,,13642,,,,,
dataflow,ESTAT:DEMO_PJAN(1.0),Population on 1 January by age and sex,A,Annual,NR,Number,Y64,64 years,F,Females,SI,Slovenia,2017,,14121,,,,,
dataflow,ESTAT:DEMO_PJAN(1.0),Population on 1 January by age and sex,A,Annual,NR,Number,Y64,64 years,F,Females,SI,Slovenia,2018,,14387,,,,,
dataflow,ESTAT:DEMO_PJAN(1.0),Population on 1 January by age and sex,A,Annual,NR,Number,Y64,64 years,F,Females,SI,Slovenia,2019,,14453,,,,,
dataflow,ESTAT:DEMO_PJAN(1.0),Population on 1 January by age and sex,A,Annual,NR,Number,Y64,64 years,F,Females,SI,Slovenia,2020,,14643,,,,,
dataflow,ESTAT:DEMO_PJAN(1.0),Population on 1 January by age and sex,A,Annual,NR,Number,Y64,64 years,F,Females,SI,Slovenia,2021,,14717,,,,,
dataflow,ESTAT:DEMO_PJAN(1.0),Population on 1 January by age and sex,A,Annual,NR,Number,Y64,64 years,F,Females,SI,Slovenia,2022,,14552,,,,,
dataflow,ESTAT:DEMO_PJAN(1.0),Population on 1 January by age and sex,A,Annual,NR,Number,Y64,64 years,F,Females,SI,Slovenia,2023,,14006,,,,,
dataflow,ESTAT:DEMO_PJAN(1.0),Population on 1 January by age and sex,A,Annual,NR,Number,Y64,64 years,F,Females,SI,Slovenia,2024,,14079,,,,,
dataflow,ESTAT:DEMO_PJAN(1.0),Population on 1 January by age and sex,A,Annual,NR,Number,Y64,64 years,F,Females,SI,Slovenia,2025,,14467,,,,,
dataflow,ESTAT:DEMO_PJAN(1.0),Population on 1 January by age and sex,A,Annual,NR,Number,Y64,64 years,M,Males,SI,Slovenia,2016,,13130,,,,,
dataflow,ESTAT:DEMO_PJAN(1.0),Population on 1 January by age and sex,A,Annual,NR,Number,Y64,64 years,M,Males,SI,Slovenia,2017,,14014,,,,,
dataflow,ESTAT:DEMO_PJAN(1.0),Population on 1 January by age and sex,A,Annual,NR,Number,Y64,64 years,M,Males,SI,Slovenia,2018,,14319,,,,,
dataflow,ESTAT:DEMO_PJAN(1.0),Population on 1 January by age and sex,A,Annual,NR,Number,Y64,64 years,M,Males,SI,Slovenia,2019,,14046,,,,,
dataflow,ESTAT:DEMO_PJAN(1.0),Population on 1 January by age and sex,A,Annual,NR,Number,Y64,64 years,M,Males,SI,Slovenia,2020,,14342,,,,,
dataflow,ESTAT:DEMO_PJAN(1.0),Population on 1 January by age and sex,A,Annual,NR,Number,Y64,64 years,M,Males,SI,Slovenia,2021,,14621,,,,,
dataflow,ESTAT:DEMO_PJAN(1.0),Population on 1 January by age and sex,A,Annual,NR,Number,Y64,64 years,M,Males,SI,Slovenia,2022,,13803,,,,,
dataflow,ESTAT:DEMO_PJAN(1.0),Population on 1 January by age and sex,A,Annual,NR,Number,Y64,64 years,M,Males,SI,Slovenia,2023,,13782,,,,,
dataflow,ESTAT:DEMO_PJAN(1.0),Population on 1 January by age and sex,A,Annual,NR,Number,Y64,64 years,M,Males,SI,Slovenia,2024,,13842,,,,,
dataflow,ESTAT:DEMO_PJAN(1.0),Population on 1 January by age and sex,A,Annual,NR,Number,Y64,64 years,M,Males,SI,Slovenia,2025,,13815,,,,,
dataflow,ESTAT:DEMO_PJAN(1.0),Population on 1 January by age and sex,A,Annual,NR,Number,Y64,64 years,T,Total,SI,Slovenia,2016,,26772,,,,,
dataflow,ESTAT:DEMO_PJAN(1.0),Population on 1 January by age and sex,A,Annual,NR,Number,Y64,64 years,T,Total,SI,Slovenia,2017,,28135,,,,,
dataflow,ESTAT:DEMO_PJAN(1.0),Population on 1 January by age and sex,A,Annual,NR,Number,Y64,64 years,T,Total,SI,Slovenia,2018,,28706,,,,,
dataflow,ESTAT:DEMO_PJAN(1.0),Population on 1 January by age and sex,A,Annual,NR,Number,Y64,64 years,T,Total,SI,Slovenia,2019,,28499,,,,,
dataflow,ESTAT:DEMO_PJAN(1.0),Population on 1 January by age and sex,A,Annual,NR,Number,Y64,64 years,T,Total,SI,Slovenia,2020,,28985,,,,,
dataflow,ESTAT:DEMO_PJAN(1.0),Population on 1 January by age and sex,A,Annual,NR,Number,Y64,64 years,T,Total,SI,Slovenia,2021,,29338,,,,,
dataflow,ESTAT:DEMO_PJAN(1.0),Population on 1 January by age and sex,A,Annual,NR,Number,Y64,64 years,T,Total,SI,Slovenia,2022,,28355,,,,,
dataflow,ESTAT:DEMO_PJAN(1.0),Population on 1 January by age and sex,A,Annual,NR,Number,Y64,64 years,T,Total,SI,Slovenia,2023,,27788,,,,,
dataflow,ESTAT:DEMO_PJAN(1.0),Population on 1 January by age and sex,A,Annual,NR,Number,Y64,64 years,T,Total,SI,Slovenia,2024,,27921,,,,,
dataflow,ESTAT:DEMO_PJAN(1.0),Population on 1 January by age and sex,A,Annual,NR,Number,Y64,64 years,T,Total,SI,Slovenia,2025,,28282,,,,,
dataflow,ESTAT:DEMO_PJAN(1.0),Population on 1 January by age and sex,A,Annual,NR,Number,Y65,65 years,F,Females,SI,Slovenia,2016,,13674,,,,,
dataflow,ESTAT:DEMO_PJAN(1.0),Population on 1 January by age and sex,A,Annual,NR,Number,Y65,65 years,F,Females,SI,Slovenia,2017,,13552,,,,,
dataflow,ESTAT:DEMO_PJAN(1.0),Population on 1 January by age and sex,A,Annual,NR,Number,Y65,65 years,F,Females,SI,Slovenia,2018,,14034,,,,,
dataflow,ESTAT:DEMO_PJAN(1.0),Population on 1 January by age and sex,A,Annual,NR,Number,Y65,65 years,F,Females,SI,Slovenia,2019,,14287,,,,,
dataflow,ESTAT:DEMO_PJAN(1.0),Population on 1 January by age and sex,A,Annual,NR,Number,Y65,65 years,F,Females,SI,Slovenia,2020,,14358,,,,,
dataflow,ESTAT:DEMO_PJAN(1.0),Population on 1 January by age and sex,A,Annual,NR,Number,Y65,65 years,F,Females,SI,Slovenia,2021,,14579,,,,,
dataflow,ESTAT:DEMO_PJAN(1.0),Population on 1 January by age and sex,A,Annual,NR,Number,Y65,65 years,F,Females,SI,Slovenia,2022,,14604,,,,,
dataflow,ESTAT:DEMO_PJAN(1.0),Population on 1 January by age and sex,A,Annual,NR,Number,Y65,65 years,F,Females,SI,Slovenia,2023,,14491,,,,,
dataflow,ESTAT:DEMO_PJAN(1.0),Population on 1 January by age and sex,A,Annual,NR,Number,Y65,65 years,F,Females,SI,Slovenia,2024,,13911,,,,,
dataflow,ESTAT:DEMO_PJAN(1.0),Population on 1 January by age and sex,A,Annual,NR,Number,Y65,65 years,F,Females,SI,Slovenia,2025,,13985,,,,,
dataflow,ESTAT:DEMO_PJAN(1.0),Population on 1 January by age and sex,A,Annual,NR,Number,Y65,65 years,M,Males,SI,Slovenia,2016,,13345,,,,,
dataflow,ESTAT:DEMO_PJAN(1.0),Population on 1 January by age and sex,A,Annual,NR,Number,Y65,65 years,M,Males,SI,Slovenia,2017,,12894,,,,,
dataflow,ESTAT:DEMO_PJAN(1.0),Population on 1 January by age and sex,A,Annual,NR,Number,Y65,65 years,M,Males,SI,Slovenia,2018,,13787,,,,,
dataflow,ESTAT:DEMO_PJAN(1.0),Population on 1 January by age and sex,A,Annual,NR,Number,Y65,65 years,M,Males,SI,Slovenia,2019,,14098,,,,,
dataflow,ESTAT:DEMO_PJAN(1.0),Population on 1 January by age and sex,A,Annual,NR,Number,Y65,65 years,M,Males,SI,Slovenia,2020,,13784,,,,,
dataflow,ESTAT:DEMO_PJAN(1.0),Population on 1 January by age and sex,A,Annual,NR,Number,Y65,65 years,M,Males,SI,Slovenia,2021,,14151,,,,,
dataflow,ESTAT:DEMO_PJAN(1.0),Population on 1 January by age and sex,A,Annual,NR,Number,Y65,65 years,M,Males,SI,Slovenia,2022,,14311,,,,,
dataflow,ESTAT:DEMO_PJAN(1.0),Population on 1 January by age and sex,A,Annual,NR,Number,Y65,65 years,M,Males,SI,Slovenia,2023,,13561,,,,,
dataflow,ESTAT:DEMO_PJAN(1.0),Population on 1 January by age and sex,A,Annual,NR,Number,Y65,65 years,M,Males,SI,Slovenia,2024,,13493,,,,,
dataflow,ESTAT:DEMO_PJAN(1.0),Population on 1 January by age and sex,A,Annual,NR,Number,Y65,65 years,M,Males,SI,Slovenia,2025,,13535,,,,,
dataflow,ESTAT:DEMO_PJAN(1.0),Population on 1 January by age and sex,A,Annual,NR,Number,Y65,65 years,T,Total,SI,Slovenia,2016,,27019,,,,,
dataflow,ESTAT:DEMO_PJAN(1.0),Population on 1 January by age and sex,A,Annual,NR,Number,Y65,65 years,T,Total,SI,Slovenia,2017,,26446,,,,,
dataflow,ESTAT:DEMO_PJAN(1.0),Population on 1 January by age and sex,A,Annual,NR,Number,Y65,65 years,T,Total,SI,Slovenia,2018,,27821,,,,,
dataflow,ESTAT:DEMO_PJAN(1.0),Population on 1 January by age and sex,A,Annual,NR,Number,Y65,65 years,T,Total,SI,Slovenia,2019,,28385,,,,,
dataflow,ESTAT:DEMO_PJAN(1.0),Population on 1 January by age and sex,A,Annual,NR,Number,Y65,65 years,T,Total,SI,Slovenia,2020,,28142,,,,,
dataflow,ESTAT:DEMO_PJAN(1.0),Population on 1 January by age and sex,A,Annual,NR,Number,Y65,65 years,T,Total,SI,Slovenia,2021,,28730,,,,,
dataflow,ESTAT:DEMO_PJAN(1.0),Population on 1 January by age and sex,A,Annual,NR,Number,Y65,65 years,T,Total,SI,Slovenia,2022,,28915,,,,,
dataflow,ESTAT:DEMO_PJAN(1.0),Population on 1 January by age and sex,A,Annual,NR,Number,Y65,65 years,T,Total,SI,Slovenia,2023,,28052,,,,,
dataflow,ESTAT:DEMO_PJAN(1.0),Population on 1 January by age and sex,A,Annual,NR,Number,Y65,65 years,T,Total,SI,Slovenia,2024,,27404,,,,,
dataflow,ESTAT:DEMO_PJAN(1.0),Population on 1 January by age and sex,A,Annual,NR,Number,Y65,65 years,T,Total,SI,Slovenia,2025,,27520,,,,,
dataflow,ESTAT:DEMO_PJAN(1.0),Population on 1 January by age and sex,A,Annual,NR,Number,Y66,66 years,F,Females,SI,Slovenia,2016,,12526,,,,,
dataflow,ESTAT:DEMO_PJAN(1.0),Population on 1 January by age and sex,A,Annual,NR,Number,Y66,66 years,F,Females,SI,Slovenia,2017,,13571,,,,,
dataflow,ESTAT:DEMO_PJAN(1.0),Population on 1 January by age and sex,A,Annual,NR,Number,Y66,66 years,F,Females,SI,Slovenia,2018,,13440,,,,,
dataflow,ESTAT:DEMO_PJAN(1.0),Population on 1 January by age and sex,A,Annual,NR,Number,Y66,66 years,F,Females,SI,Slovenia,2019,,13920,,,,,
dataflow,ESTAT:DEMO_PJAN(1.0),Population on 1 January by age and sex,A,Annual,NR,Number,Y66,66 years,F,Females,SI,Slovenia,2020,,14177,,,,,
dataflow,ESTAT:DEMO_PJAN(1.0),Population on 1 January by age and sex,A,Annual,NR,Number,Y66,66 years,F,Females,SI,Slovenia,2021,,14300,,,,,
dataflow,ESTAT:DEMO_PJAN(1.0),Population on 1 January by age and sex,A,Annual,NR,Number,Y66,66 years,F,Females,SI,Slovenia,2022,,14463,,,,,
dataflow,ESTAT:DEMO_PJAN(1.0),Population on 1 January by age and sex,A,Annual,NR,Number,Y66,66 years,F,Females,SI,Slovenia,2023,,14576,,,,,
dataflow,ESTAT:DEMO_PJAN(1.0),Population on 1 January by age and sex,A,Annual,NR,Number,Y66,66 years,F,Females,SI,Slovenia,2024,,14402,,,,,
dataflow,ESTAT:DEMO_PJAN(1.0),Population on 1 January by age and sex,A,Annual,NR,Number,Y66,66 years,F,Females,SI,Slovenia,2025,,13830,,,,,
dataflow,ESTAT:DEMO_PJAN(1.0),Population on 1 January by age and sex,A,Annual,NR,Number,Y66,66 years,M,Males,SI,Slovenia,2016,,11888,,,,,
dataflow,ESTAT:DEMO_PJAN(1.0),Population on 1 January by age and sex,A,Annual,NR,Number,Y66,66 years,M,Males,SI,Slovenia,2017,,13101,,,,,
dataflow,ESTAT:DEMO_PJAN(1.0),Population on 1 January by age and sex,A,Annual,NR,Number,Y66,66 years,M,Males,SI,Slovenia,2018,,12671,,,,,
dataflow,ESTAT:DEMO_PJAN(1.0),Population on 1 January by age and sex,A,Annual,NR,Number,Y66,66 years,M,Males,SI,Slovenia,2019,,13547,,,,,
dataflow,ESTAT:DEMO_PJAN(1.0),Population on 1 January by age and sex,A,Annual,NR,Number,Y66,66 years,M,Males,SI,Slovenia,2020,,13838,,,,,
dataflow,ESTAT:DEMO_PJAN(1.0),Population on 1 January by age and sex,A,Annual,NR,Number,Y66,66 years,M,Males,SI,Slovenia,2021,,13609,,,,,
dataflow,ESTAT:DEMO_PJAN(1.0),Population on 1 January by age and sex,A,Annual,NR,Number,Y66,66 years,M,Males,SI,Slovenia,2022,,13861,,,,,
dataflow,ESTAT:DEMO_PJAN(1.0),Population on 1 January by age and sex,A,Annual,NR,Number,Y66,66 years,M,Males,SI,Slovenia,2023,,14038,,,,,
dataflow,ESTAT:DEMO_PJAN(1.0),Population on 1 January by age and sex,A,Annual,NR,Number,Y66,66 years,M,Males,SI,Slovenia,2024,,13274,,,,,
dataflow,ESTAT:DEMO_PJAN(1.0),Population on 1 January by age and sex,A,Annual,NR,Number,Y66,66 years,M,Males,SI,Slovenia,2025,,13236,,,,,
dataflow,ESTAT:DEMO_PJAN(1.0),Population on 1 January by age and sex,A,Annual,NR,Number,Y66,66 years,T,Total,SI,Slovenia,2016,,24414,,,,,
dataflow,ESTAT:DEMO_PJAN(1.0),Population on 1 January by age and sex,A,Annual,NR,Number,Y66,66 years,T,Total,SI,Slovenia,2017,,26672,,,,,
dataflow,ESTAT:DEMO_PJAN(1.0),Population on 1 January by age and sex,A,Annual,NR,Number,Y66,66 years,T,Total,SI,Slovenia,2018,,26111,,,,,
dataflow,ESTAT:DEMO_PJAN(1.0),Population on 1 January by age and sex,A,Annual,NR,Number,Y66,66 years,T,Total,SI,Slovenia,2019,,27467,,,,,
dataflow,ESTAT:DEMO_PJAN(1.0),Population on 1 January by age and sex,A,Annual,NR,Number,Y66,66 years,T,Total,SI,Slovenia,2020,,28015,,,,,
dataflow,ESTAT:DEMO_PJAN(1.0),Population on 1 January by age and sex,A,Annual,NR,Number,Y66,66 years,T,Total,SI,Slovenia,2021,,27909,,,,,
dataflow,ESTAT:DEMO_PJAN(1.0),Population on 1 January by age and sex,A,Annual,NR,Number,Y66,66 years,T,Total,SI,Slovenia,2022,,28324,,,,,
dataflow,ESTAT:DEMO_PJAN(1.0),Population on 1 January by age and sex,A,Annual,NR,Number,Y66,66 years,T,Total,SI,Slovenia,2023,,28614,,,,,
dataflow,ESTAT:DEMO_PJAN(1.0),Population on 1 January by age and sex,A,Annual,NR,Number,Y66,66 years,T,Total,SI,Slovenia,2024,,27676,,,,,
dataflow,ESTAT:DEMO_PJAN(1.0),Population on 1 January by age and sex,A,Annual,NR,Number,Y66,66 years,T,Total,SI,Slovenia,2025,,27066,,,,,
dataflow,ESTAT:DEMO_PJAN(1.0),Population on 1 January by age and sex,A,Annual,NR,Number,Y67,67 years,F,Females,SI,Slovenia,2016,,11981,,,,,
dataflow,ESTAT:DEMO_PJAN(1.0),Population on 1 January by age and sex,A,Annual,NR,Number,Y67,67 years,F,Females,SI,Slovenia,2017,,12428,,,,,
dataflow,ESTAT:DEMO_PJAN(1.0),Population on 1 January by age and sex,A,Annual,NR,Number,Y67,67 years,F,Females,SI,Slovenia,2018,,13449,,,,,
dataflow,ESTAT:DEMO_PJAN(1.0),Population on 1 January by age and sex,A,Annual,NR,Number,Y67,67 years,F,Females,SI,Slovenia,2019,,13345,,,,,
dataflow,ESTAT:DEMO_PJAN(1.0),Population on 1 January by age and sex,A,Annual,NR,Number,Y67,67 years,F,Females,SI,Slovenia,2020,,13800,,,,,
dataflow,ESTAT:DEMO_PJAN(1.0),Population on 1 January by age and sex,A,Annual,NR,Number,Y67,67 years,F,Females,SI,Slovenia,2021,,14117,,,,,
dataflow,ESTAT:DEMO_PJAN(1.0),Population on 1 January by age and sex,A,Annual,NR,Number,Y67,67 years,F,Females,SI,Slovenia,2022,,14174,,,,,
dataflow,ESTAT:DEMO_PJAN(1.0),Population on 1 January by age and sex,A,Annual,NR,Number,Y67,67 years,F,Females,SI,Slovenia,2023,,14381,,,,,
dataflow,ESTAT:DEMO_PJAN(1.0),Population on 1 January by age and sex,A,Annual,NR,Number,Y67,67 years,F,Females,SI,Slovenia,2024,,14470,,,,,
dataflow,ESTAT:DEMO_PJAN(1.0),Population on 1 January by age and sex,A,Annual,NR,Number,Y67,67 years,F,Females,SI,Slovenia,2025,,14298,,,,,
dataflow,ESTAT:DEMO_PJAN(1.0),Population on 1 January by age and sex,A,Annual,NR,Number,Y67,67 years,M,Males,SI,Slovenia,2016,,10940,,,,,
dataflow,ESTAT:DEMO_PJAN(1.0),Population on 1 January by age and sex,A,Annual,NR,Number,Y67,67 years,M,Males,SI,Slovenia,2017,,11690,,,,,
dataflow,ESTAT:DEMO_PJAN(1.0),Population on 1 January by age and sex,A,Annual,NR,Number,Y67,67 years,M,Males,SI,Slovenia,2018,,12859,,,,,
dataflow,ESTAT:DEMO_PJAN(1.0),Population on 1 January by age and sex,A,Annual,NR,Number,Y67,67 years,M,Males,SI,Slovenia,2019,,12481,,,,,
dataflow,ESTAT:DEMO_PJAN(1.0),Population on 1 January by age and sex,A,Annual,NR,Number,Y67,67 years,M,Males,SI,Slovenia,2020,,13272,,,,,
dataflow,ESTAT:DEMO_PJAN(1.0),Population on 1 January by age and sex,A,Annual,NR,Number,Y67,67 years,M,Males,SI,Slovenia,2021,,13611,,,,,
dataflow,ESTAT:DEMO_PJAN(1.0),Population on 1 January by age and sex,A,Annual,NR,Number,Y67,67 years,M,Males,SI,Slovenia,2022,,13313,,,,,
dataflow,ESTAT:DEMO_PJAN(1.0),Population on 1 January by age and sex,A,Annual,NR,Number,Y67,67 years,M,Males,SI,Slovenia,2023,,13579,,,,,
dataflow,ESTAT:DEMO_PJAN(1.0),Population on 1 January by age and sex,A,Annual,NR,Number,Y67,67 years,M,Males,SI,Slovenia,2024,,13746,,,,,
dataflow,ESTAT:DEMO_PJAN(1.0),Population on 1 January by age and sex,A,Annual,NR,Number,Y67,67 years,M,Males,SI,Slovenia,2025,,13008,,,,,
dataflow,ESTAT:DEMO_PJAN(1.0),Population on 1 January by age and sex,A,Annual,NR,Number,Y67,67 years,T,Total,SI,Slovenia,2016,,22921,,,,,
dataflow,ESTAT:DEMO_PJAN(1.0),Population on 1 January by age and sex,A,Annual,NR,Number,Y67,67 years,T,Total,SI,Slovenia,2017,,24118,,,,,
dataflow,ESTAT:DEMO_PJAN(1.0),Population on 1 January by age and sex,A,Annual,NR,Number,Y67,67 years,T,Total,SI,Slovenia,2018,,26308,,,,,
dataflow,ESTAT:DEMO_PJAN(1.0),Population on 1 January by age and sex,A,Annual,NR,Number,Y67,67 years,T,Total,SI,Slovenia,2019,,25826,,,,,
dataflow,ESTAT:DEMO_PJAN(1.0),Population on 1 January by age and sex,A,Annual,NR,Number,Y67,67 years,T,Total,SI,Slovenia,2020,,27072,,,,,
dataflow,ESTAT:DEMO_PJAN(1.0),Population on 1 January by age and sex,A,Annual,NR,Number,Y67,67 years,T,Total,SI,Slovenia,2021,,27728,,,,,
dataflow,ESTAT:DEMO_PJAN(1.0),Population on 1 January by age and sex,A,Annual,NR,Number,Y67,67 years,T,Total,SI,Slovenia,2022,,27487,,,,,
dataflow,ESTAT:DEMO_PJAN(1.0),Population on 1 January by age and sex,A,Annual,NR,Number,Y67,67 years,T,Total,SI,Slovenia,2023,,27960,,,,,
dataflow,ESTAT:DEMO_PJAN(1.0),Population on 1 January by age and sex,A,Annual,NR,Number,Y67,67 years,T,Total,SI,Slovenia,2024,,28216,,,,,
dataflow,ESTAT:DEMO_PJAN(1.0),Population on 1 January by age and sex,A,Annual,NR,Number,Y67,67 years,T,Total,SI,Slovenia,2025,,27306,,,,,
dataflow,ESTAT:DEMO_PJAN(1.0),Population on 1 January by age and sex,A,Annual,NR,Number,Y68,68 years,F,Females,SI,Slovenia,2016,,11485,,,,,
dataflow,ESTAT:DEMO_PJAN(1.0),Population on 1 January by age and sex,A,Annual,NR,Number,Y68,68 years,F,Females,SI,Slovenia,2017,,11877,,,,,
dataflow,ESTAT:DEMO_PJAN(1.0),Population on 1 January by age and sex,A,Annual,NR,Number,Y68,68 years,F,Females,SI,Slovenia,2018,,12289,,,,,
dataflow,ESTAT:DEMO_PJAN(1.0),Population on 1 January by age and sex,A,Annual,NR,Number,Y68,68 years,F,Females,SI,Slovenia,2019,,13357,,,,,
dataflow,ESTAT:DEMO_PJAN(1.0),Population on 1 January by age and sex,A,Annual,NR,Number,Y68,68 years,F,Females,SI,Slovenia,2020,,13245,,,,,
dataflow,ESTAT:DEMO_PJAN(1.0),Population on 1 January by age and sex,A,Annual,NR,Number,Y68,68 years,F,Females,SI,Slovenia,2021,,13795,,,,,
dataflow,ESTAT:DEMO_PJAN(1.0),Population on 1 January by age and sex,A,Annual,NR,Number,Y68,68 years,F,Females,SI,Slovenia,2022,,13966,,,,,
dataflow,ESTAT:DEMO_PJAN(1.0),Population on 1 January by age and sex,A,Annual,NR,Number,Y68,68 years,F,Females,SI,Slovenia,2023,,14067,,,,,
dataflow,ESTAT:DEMO_PJAN(1.0),Population on 1 January by age and sex,A,Annual,NR,Number,Y68,68 years,F,Females,SI,Slovenia,2024,,14253,,,,,
dataflow,ESTAT:DEMO_PJAN(1.0),Population on 1 January by age and sex,A,Annual,NR,Number,Y68,68 years,F,Females,SI,Slovenia,2025,,14365,,,,,
dataflow,ESTAT:DEMO_PJAN(1.0),Population on 1 January by age and sex,A,Annual,NR,Number,Y68,68 years,M,Males,SI,Slovenia,2016,,10413,,,,,
dataflow,ESTAT:DEMO_PJAN(1.0),Population on 1 January by age and sex,A,Annual,NR,Number,Y68,68 years,M,Males,SI,Slovenia,2017,,10703,,,,,
dataflow,ESTAT:DEMO_PJAN(1.0),Population on 1 January by age and sex,A,Annual,NR,Number,Y68,68 years,M,Males,SI,Slovenia,2018,,11469,,,,,
dataflow,ESTAT:DEMO_PJAN(1.0),Population on 1 January by age and sex,A,Annual,NR,Number,Y68,68 years,M,Males,SI,Slovenia,2019,,12579,,,,,
dataflow,ESTAT:DEMO_PJAN(1.0),Population on 1 January by age and sex,A,Annual,NR,Number,Y68,68 years,M,Males,SI,Slovenia,2020,,12226,,,,,
dataflow,ESTAT:DEMO_PJAN(1.0),Population on 1 January by age and sex,A,Annual,NR,Number,Y68,68 years,M,Males,SI,Slovenia,2021,,13059,,,,,
dataflow,ESTAT:DEMO_PJAN(1.0),Population on 1 January by age and sex,A,Annual,NR,Number,Y68,68 years,M,Males,SI,Slovenia,2022,,13286,,,,,
dataflow,ESTAT:DEMO_PJAN(1.0),Population on 1 January by age and sex,A,Annual,NR,Number,Y68,68 years,M,Males,SI,Slovenia,2023,,13009,,,,,
dataflow,ESTAT:DEMO_PJAN(1.0),Population on 1 January by age and sex,A,Annual,NR,Number,Y68,68 years,M,Males,SI,Slovenia,2024,,13305,,,,,
dataflow,ESTAT:DEMO_PJAN(1.0),Population on 1 January by age and sex,A,Annual,NR,Number,Y68,68 years,M,Males,SI,Slovenia,2025,,13492,,,,,
dataflow,ESTAT:DEMO_PJAN(1.0),Population on 1 January by age and sex,A,Annual,NR,Number,Y68,68 years,T,Total,SI,Slovenia,2016,,21898,,,,,
dataflow,ESTAT:DEMO_PJAN(1.0),Population on 1 January by age and sex,A,Annual,NR,Number,Y68,68 years,T,Total,SI,Slovenia,2017,,22580,,,,,
dataflow,ESTAT:DEMO_PJAN(1.0),Population on 1 January by age and sex,A,Annual,NR,Number,Y68,68 years,T,Total,SI,Slovenia,2018,,23758,,,,,
dataflow,ESTAT:DEMO_PJAN(1.0),Population on 1 January by age and sex,A,Annual,NR,Number,Y68,68 years,T,Total,SI,Slovenia,2019,,25936,,,,,
dataflow,ESTAT:DEMO_PJAN(1.0),Population on 1 January by age and sex,A,Annual,NR,Number,Y68,68 years,T,Total,SI,Slovenia,2020,,25471,,,,,
dataflow,ESTAT:DEMO_PJAN(1.0),Population on 1 January by age and sex,A,Annual,NR,Number,Y68,68 years,T,Total,SI,Slovenia,2021,,26854,,,,,
dataflow,ESTAT:DEMO_PJAN(1.0),Population on 1 January by age and sex,A,Annual,NR,Number,Y68,68 years,T,Total,SI,Slovenia,2022,,27252,,,,,
dataflow,ESTAT:DEMO_PJAN(1.0),Population on 1 January by age and sex,A,Annual,NR,Number,Y68,68 years,T,Total,SI,Slovenia,2023,,27076,,,,,
dataflow,ESTAT:DEMO_PJAN(1.0),Population on 1 January by age and sex,A,Annual,NR,Number,Y68,68 years,T,Total,SI,Slovenia,2024,,27558,,,,,
dataflow,ESTAT:DEMO_PJAN(1.0),Population on 1 January by age and sex,A,Annual,NR,Number,Y68,68 years,T,Total,SI,Slovenia,2025,,27857,,,,,
dataflow,ESTAT:DEMO_PJAN(1.0),Population on 1 January by age and sex,A,Annual,NR,Number,Y69,69 years,F,Females,SI,Slovenia,2016,,10606,,,,,
dataflow,ESTAT:DEMO_PJAN(1.0),Population on 1 January by age and sex,A,Annual,NR,Number,Y69,69 years,F,Females,SI,Slovenia,2017,,11385,,,,,
dataflow,ESTAT:DEMO_PJAN(1.0),Population on 1 January by age and sex,A,Annual,NR,Number,Y69,69 years,F,Females,SI,Slovenia,2018,,11746,,,,,
dataflow,ESTAT:DEMO_PJAN(1.0),Population on 1 January by age and sex,A,Annual,NR,Number,Y69,69 years,F,Females,SI,Slovenia,2019,,12166,,,,,
dataflow,ESTAT:DEMO_PJAN(1.0),Population on 1 January by age and sex,A,Annual,NR,Number,Y69,69 years,F,Females,SI,Slovenia,2020,,13243,,,,,
dataflow,ESTAT:DEMO_PJAN(1.0),Population on 1 January by age and sex,A,Annual,NR,Number,Y69,69 years,F,Females,SI,Slovenia,2021,,13241,,,,,
dataflow,ESTAT:DEMO_PJAN(1.0),Population on 1 January by age and sex,A,Annual,NR,Number,Y69,69 years,F,Females,SI,Slovenia,2022,,13610,,,,,
dataflow,ESTAT:DEMO_PJAN(1.0),Population on 1 January by age and sex,A,Annual,NR,Number,Y69,69 years,F,Females,SI,Slovenia,2023,,13854,,,,,
dataflow,ESTAT:DEMO_PJAN(1.0),Population on 1 January by age and sex,A,Annual,NR,Number,Y69,69 years,F,Females,SI,Slovenia,2024,,13931,,,,,
dataflow,ESTAT:DEMO_PJAN(1.0),Population on 1 January by age and sex,A,Annual,NR,Number,Y69,69 years,F,Females,SI,Slovenia,2025,,14132,,,,,
dataflow,ESTAT:DEMO_PJAN(1.0),Population on 1 January by age and sex,A,Annual,NR,Number,Y69,69 years,M,Males,SI,Slovenia,2016,,9061,,,,,
dataflow,ESTAT:DEMO_PJAN(1.0),Population on 1 January by age and sex,A,Annual,NR,Number,Y69,69 years,M,Males,SI,Slovenia,2017,,10159,,,,,
dataflow,ESTAT:DEMO_PJAN(1.0),Population on 1 January by age and sex,A,Annual,NR,Number,Y69,69 years,M,Males,SI,Slovenia,2018,,10465,,,,,
dataflow,ESTAT:DEMO_PJAN(1.0),Population on 1 January by age and sex,A,Annual,NR,Number,Y69,69 years,M,Males,SI,Slovenia,2019,,11260,,,,,
dataflow,ESTAT:DEMO_PJAN(1.0),Population on 1 January by age and sex,A,Annual,NR,Number,Y69,69 years,M,Males,SI,Slovenia,2020,,12254,,,,,
dataflow,ESTAT:DEMO_PJAN(1.0),Population on 1 January by age and sex,A,Annual,NR,Number,Y69,69 years,M,Males,SI,Slovenia,2021,,12065,,,,,
dataflow,ESTAT:DEMO_PJAN(1.0),Population on 1 January by age and sex,A,Annual,NR,Number,Y69,69 years,M,Males,SI,Slovenia,2022,,12747,,,,,
dataflow,ESTAT:DEMO_PJAN(1.0),Population on 1 January by age and sex,A,Annual,NR,Number,Y69,69 years,M,Males,SI,Slovenia,2023,,12964,,,,,
dataflow,ESTAT:DEMO_PJAN(1.0),Population on 1 January by age and sex,A,Annual,NR,Number,Y69,69 years,M,Males,SI,Slovenia,2024,,12744,,,,,
dataflow,ESTAT:DEMO_PJAN(1.0),Population on 1 January by age and sex,A,Annual,NR,Number,Y69,69 years,M,Males,SI,Slovenia,2025,,13046,,,,,
dataflow,ESTAT:DEMO_PJAN(1.0),Population on 1 January by age and sex,A,Annual,NR,Number,Y69,69 years,T,Total,SI,Slovenia,2016,,19667,,,,,
dataflow,ESTAT:DEMO_PJAN(1.0),Population on 1 January by age and sex,A,Annual,NR,Number,Y69,69 years,T,Total,SI,Slovenia,2017,,21544,,,,,
dataflow,ESTAT:DEMO_PJAN(1.0),Population on 1 January by age and sex,A,Annual,NR,Number,Y69,69 years,T,Total,SI,Slovenia,2018,,22211,,,,,
dataflow,ESTAT:DEMO_PJAN(1.0),Population on 1 January by age and sex,A,Annual,NR,Number,Y69,69 years,T,Total,SI,Slovenia,2019,,23426,,,,,
dataflow,ESTAT:DEMO_PJAN(1.0),Population on 1 January by age and sex,A,Annual,NR,Number,Y69,69 years,T,Total,SI,Slovenia,2020,,25497,,,,,
dataflow,ESTAT:DEMO_PJAN(1.0),Population on 1 January by age and sex,A,Annual,NR,Number,Y69,69 years,T,Total,SI,Slovenia,2021,,25306,,,,,
dataflow,ESTAT:DEMO_PJAN(1.0),Population on 1 January by age and sex,A,Annual,NR,Number,Y69,69 years,T,Total,SI,Slovenia,2022,,26357,,,,,
dataflow,ESTAT:DEMO_PJAN(1.0),Population on 1 January by age and sex,A,Annual,NR,Number,Y69,69 years,T,Total,SI,Slovenia,2023,,26818,,,,,
dataflow,ESTAT:DEMO_PJAN(1.0),Population on 1 January by age and sex,A,Annual,NR,Number,Y69,69 years,T,Total,SI,Slovenia,2024,,26675,,,,,
dataflow,ESTAT:DEMO_PJAN(1.0),Population on 1 January by age and sex,A,Annual,NR,Number,Y69,69 years,T,Total,SI,Slovenia,2025,,27178,,,,,
dataflow,ESTAT:DEMO_PJAN(1.0),Population on 1 January by age and sex,A,Annual,NR,Number,Y7,7 years,F,Females,SI,Slovenia,2016,,10973,,,,,
dataflow,ESTAT:DEMO_PJAN(1.0),Population on 1 January by age and sex,A,Annual,NR,Number,Y7,7 years,F,Females,SI,Slovenia,2017,,10660,,,,,
dataflow,ESTAT:DEMO_PJAN(1.0),Population on 1 January by age and sex,A,Annual,NR,Number,Y7,7 years,F,Females,SI,Slovenia,2018,,11009,,,,,
dataflow,ESTAT:DEMO_PJAN(1.0),Population on 1 January by age and sex,A,Annual,NR,Number,Y7,7 years,F,Females,SI,Slovenia,2019,,10836,,,,,
dataflow,ESTAT:DEMO_PJAN(1.0),Population on 1 January by age and sex,A,Annual,NR,Number,Y7,7 years,F,Females,SI,Slovenia,2020,,10751,,,,,
dataflow,ESTAT:DEMO_PJAN(1.0),Population on 1 January by age and sex,A,Annual,NR,Number,Y7,7 years,F,Females,SI,Slovenia,2021,,10469,,,,,
dataflow,ESTAT:DEMO_PJAN(1.0),Population on 1 January by age and sex,A,Annual,NR,Number,Y7,7 years,F,Females,SI,Slovenia,2022,,10470,,,,,
dataflow,ESTAT:DEMO_PJAN(1.0),Population on 1 January by age and sex,A,Annual,NR,Number,Y7,7 years,F,Females,SI,Slovenia,2023,,10287,,,,,
dataflow,ESTAT:DEMO_PJAN(1.0),Population on 1 January by age and sex,A,Annual,NR,Number,Y7,7 years,F,Females,SI,Slovenia,2024,,10365,,,,,
dataflow,ESTAT:DEMO_PJAN(1.0),Population on 1 January by age and sex,A,Annual,NR,Number,Y7,7 years,F,Females,SI,Slovenia,2025,,10190,,,,,
dataflow,ESTAT:DEMO_PJAN(1.0),Population on 1 January by age and sex,A,Annual,NR,Number,Y7,7 years,M,Males,SI,Slovenia,2016,,11439,,,,,
dataflow,ESTAT:DEMO_PJAN(1.0),Population on 1 January by age and sex,A,Annual,NR,Number,Y7,7 years,M,Males,SI,Slovenia,2017,,11501,,,,,
dataflow,ESTAT:DEMO_PJAN(1.0),Population on 1 January by age and sex,A,Annual,NR,Number,Y7,7 years,M,Males,SI,Slovenia,2018,,11724,,,,,
dataflow,ESTAT:DEMO_PJAN(1.0),Population on 1 January by age and sex,A,Annual,NR,Number,Y7,7 years,M,Males,SI,Slovenia,2019,,11422,,,,,
dataflow,ESTAT:DEMO_PJAN(1.0),Population on 1 January by age and sex,A,Annual,NR,Number,Y7,7 years,M,Males,SI,Slovenia,2020,,11557,,,,,
dataflow,ESTAT:DEMO_PJAN(1.0),Population on 1 January by age and sex,A,Annual,NR,Number,Y7,7 years,M,Males,SI,Slovenia,2021,,11017,,,,,
dataflow,ESTAT:DEMO_PJAN(1.0),Population on 1 January by age and sex,A,Annual,NR,Number,Y7,7 years,M,Males,SI,Slovenia,2022,,11186,,,,,
dataflow,ESTAT:DEMO_PJAN(1.0),Population on 1 January by age and sex,A,Annual,NR,Number,Y7,7 years,M,Males,SI,Slovenia,2023,,10983,,,,,
dataflow,ESTAT:DEMO_PJAN(1.0),Population on 1 January by age and sex,A,Annual,NR,Number,Y7,7 years,M,Males,SI,Slovenia,2024,,10797,,,,,
dataflow,ESTAT:DEMO_PJAN(1.0),Population on 1 January by age and sex,A,Annual,NR,Number,Y7,7 years,M,Males,SI,Slovenia,2025,,10967,,,,,
dataflow,ESTAT:DEMO_PJAN(1.0),Population on 1 January by age and sex,A,Annual,NR,Number,Y7,7 years,T,Total,SI,Slovenia,2016,,22412,,,,,
dataflow,ESTAT:DEMO_PJAN(1.0),Population on 1 January by age and sex,A,Annual,NR,Number,Y7,7 years,T,Total,SI,Slovenia,2017,,22161,,,,,
dataflow,ESTAT:DEMO_PJAN(1.0),Population on 1 January by age and sex,A,Annual,NR,Number,Y7,7 years,T,Total,SI,Slovenia,2018,,22733,,,,,
dataflow,ESTAT:DEMO_PJAN(1.0),Population on 1 January by age and sex,A,Annual,NR,Number,Y7,7 years,T,Total,SI,Slovenia,2019,,22258,,,,,
dataflow,ESTAT:DEMO_PJAN(1.0),Population on 1 January by age and sex,A,Annual,NR,Number,Y7,7 years,T,Total,SI,Slovenia,2020,,22308,,,,,
dataflow,ESTAT:DEMO_PJAN(1.0),Population on 1 January by age and sex,A,Annual,NR,Number,Y7,7 years,T,Total,SI,Slovenia,2021,,21486,,,,,
dataflow,ESTAT:DEMO_PJAN(1.0),Population on 1 January by age and sex,A,Annual,NR,Number,Y7,7 years,T,Total,SI,Slovenia,2022,,21656,,,,,
dataflow,ESTAT:DEMO_PJAN(1.0),Population on 1 January by age and sex,A,Annual,NR,Number,Y7,7 years,T,Total,SI,Slovenia,2023,,21270,,,,,
dataflow,ESTAT:DEMO_PJAN(1.0),Population on 1 January by age and sex,A,Annual,NR,Number,Y7,7 years,T,Total,SI,Slovenia,2024,,21162,,,,,
dataflow,ESTAT:DEMO_PJAN(1.0),Population on 1 January by age and sex,A,Annual,NR,Number,Y7,7 years,T,Total,SI,Slovenia,2025,,21157,,,,,
dataflow,ESTAT:DEMO_PJAN(1.0),Population on 1 January by age and sex,A,Annual,NR,Number,Y70,70 years,F,Females,SI,Slovenia,2016,,7605,,,,,
dataflow,ESTAT:DEMO_PJAN(1.0),Population on 1 January by age and sex,A,Annual,NR,Number,Y70,70 years,F,Females,SI,Slovenia,2017,,10518,,,,,
dataflow,ESTAT:DEMO_PJAN(1.0),Population on 1 January by age and sex,A,Annual,NR,Number,Y70,70 years,F,Females,SI,Slovenia,2018,,11274,,,,,
dataflow,ESTAT:DEMO_PJAN(1.0),Population on 1 January by age and sex,A,Annual,NR,Number,Y70,70 years,F,Females,SI,Slovenia,2019,,11650,,,,,
dataflow,ESTAT:DEMO_PJAN(1.0),Population on 1 January by age and sex,A,Annual,NR,Number,Y70,70 years,F,Females,SI,Slovenia,2020,,12045,,,,,
dataflow,ESTAT:DEMO_PJAN(1.0),Population on 1 January by age and sex,A,Annual,NR,Number,Y70,70 years,F,Females,SI,Slovenia,2021,,13223,,,,,
dataflow,ESTAT:DEMO_PJAN(1.0),Population on 1 January by age and sex,A,Annual,NR,Number,Y70,70 years,F,Females,SI,Slovenia,2022,,13091,,,,,
dataflow,ESTAT:DEMO_PJAN(1.0),Population on 1 January by age and sex,A,Annual,NR,Number,Y70,70 years,F,Females,SI,Slovenia,2023,,13485,,,,,
dataflow,ESTAT:DEMO_PJAN(1.0),Population on 1 January by age and sex,A,Annual,NR,Number,Y70,70 years,F,Females,SI,Slovenia,2024,,13729,,,,,
dataflow,ESTAT:DEMO_PJAN(1.0),Population on 1 January by age and sex,A,Annual,NR,Number,Y70,70 years,F,Females,SI,Slovenia,2025,,13818,,,,,
dataflow,ESTAT:DEMO_PJAN(1.0),Population on 1 January by age and sex,A,Annual,NR,Number,Y70,70 years,M,Males,SI,Slovenia,2016,,6558,,,,,
dataflow,ESTAT:DEMO_PJAN(1.0),Population on 1 January by age and sex,A,Annual,NR,Number,Y70,70 years,M,Males,SI,Slovenia,2017,,8873,,,,,
dataflow,ESTAT:DEMO_PJAN(1.0),Population on 1 January by age and sex,A,Annual,NR,Number,Y70,70 years,M,Males,SI,Slovenia,2018,,9907,,,,,
dataflow,ESTAT:DEMO_PJAN(1.0),Population on 1 January by age and sex,A,Annual,NR,Number,Y70,70 years,M,Males,SI,Slovenia,2019,,10274,,,,,
dataflow,ESTAT:DEMO_PJAN(1.0),Population on 1 January by age and sex,A,Annual,NR,Number,Y70,70 years,M,Males,SI,Slovenia,2020,,11014,,,,,
dataflow,ESTAT:DEMO_PJAN(1.0),Population on 1 January by age and sex,A,Annual,NR,Number,Y70,70 years,M,Males,SI,Slovenia,2021,,12071,,,,,
dataflow,ESTAT:DEMO_PJAN(1.0),Population on 1 January by age and sex,A,Annual,NR,Number,Y70,70 years,M,Males,SI,Slovenia,2022,,11756,,,,,
dataflow,ESTAT:DEMO_PJAN(1.0),Population on 1 January by age and sex,A,Annual,NR,Number,Y70,70 years,M,Males,SI,Slovenia,2023,,12413,,,,,
dataflow,ESTAT:DEMO_PJAN(1.0),Population on 1 January by age and sex,A,Annual,NR,Number,Y70,70 years,M,Males,SI,Slovenia,2024,,12673,,,,,
dataflow,ESTAT:DEMO_PJAN(1.0),Population on 1 January by age and sex,A,Annual,NR,Number,Y70,70 years,M,Males,SI,Slovenia,2025,,12488,,,,,
dataflow,ESTAT:DEMO_PJAN(1.0),Population on 1 January by age and sex,A,Annual,NR,Number,Y70,70 years,T,Total,SI,Slovenia,2016,,14163,,,,,
dataflow,ESTAT:DEMO_PJAN(1.0),Population on 1 January by age and sex,A,Annual,NR,Number,Y70,70 years,T,Total,SI,Slovenia,2017,,19391,,,,,
dataflow,ESTAT:DEMO_PJAN(1.0),Population on 1 January by age and sex,A,Annual,NR,Number,Y70,70 years,T,Total,SI,Slovenia,2018,,21181,,,,,
dataflow,ESTAT:DEMO_PJAN(1.0),Population on 1 January by age and sex,A,Annual,NR,Number,Y70,70 years,T,Total,SI,Slovenia,2019,,21924,,,,,
dataflow,ESTAT:DEMO_PJAN(1.0),Population on 1 January by age and sex,A,Annual,NR,Number,Y70,70 years,T,Total,SI,Slovenia,2020,,23059,,,,,
dataflow,ESTAT:DEMO_PJAN(1.0),Population on 1 January by age and sex,A,Annual,NR,Number,Y70,70 years,T,Total,SI,Slovenia,2021,,25294,,,,,
dataflow,ESTAT:DEMO_PJAN(1.0),Population on 1 January by age and sex,A,Annual,NR,Number,Y70,70 years,T,Total,SI,Slovenia,2022,,24847,,,,,
dataflow,ESTAT:DEMO_PJAN(1.0),Population on 1 January by age and sex,A,Annual,NR,Number,Y70,70 years,T,Total,SI,Slovenia,2023,,25898,,,,,
dataflow,ESTAT:DEMO_PJAN(1.0),Population on 1 January by age and sex,A,Annual,NR,Number,Y70,70 years,T,Total,SI,Slovenia,2024,,26402,,,,,
dataflow,ESTAT:DEMO_PJAN(1.0),Population on 1 January by age and sex,A,Annual,NR,Number,Y70,70 years,T,Total,SI,Slovenia,2025,,26306,,,,,
dataflow,ESTAT:DEMO_PJAN(1.0),Population on 1 January by age and sex,A,Annual,NR,Number,Y71,71 years,F,Females,SI,Slovenia,2016,,9333,,,,,
dataflow,ESTAT:DEMO_PJAN(1.0),Population on 1 January by age and sex,A,Annual,NR,Number,Y71,71 years,F,Females,SI,Slovenia,2017,,7534,,,,,
dataflow,ESTAT:DEMO_PJAN(1.0),Population on 1 January by age and sex,A,Annual,NR,Number,Y71,71 years,F,Females,SI,Slovenia,2018,,10397,,,,,
dataflow,ESTAT:DEMO_PJAN(1.0),Population on 1 January by age and sex,A,Annual,NR,Number,Y71,71 years,F,Females,SI,Slovenia,2019,,11144,,,,,
dataflow,ESTAT:DEMO_PJAN(1.0),Population on 1 January by age and sex,A,Annual,NR,Number,Y71,71 years,F,Females,SI,Slovenia,2020,,11523,,,,,
dataflow,ESTAT:DEMO_PJAN(1.0),Population on 1 January by age and sex,A,Annual,NR,Number,Y71,71 years,F,Females,SI,Slovenia,2021,,11992,,,,,
dataflow,ESTAT:DEMO_PJAN(1.0),Population on 1 January by age and sex,A,Annual,NR,Number,Y71,71 years,F,Females,SI,Slovenia,2022,,13061,,,,,
dataflow,ESTAT:DEMO_PJAN(1.0),Population on 1 January by age and sex,A,Annual,NR,Number,Y71,71 years,F,Females,SI,Slovenia,2023,,12962,,,,,
dataflow,ESTAT:DEMO_PJAN(1.0),Population on 1 January by age and sex,A,Annual,NR,Number,Y71,71 years,F,Females,SI,Slovenia,2024,,13345,,,,,
dataflow,ESTAT:DEMO_PJAN(1.0),Population on 1 January by age and sex,A,Annual,NR,Number,Y71,71 years,F,Females,SI,Slovenia,2025,,13582,,,,,
dataflow,ESTAT:DEMO_PJAN(1.0),Population on 1 January by age and sex,A,Annual,NR,Number,Y71,71 years,M,Males,SI,Slovenia,2016,,7786,,,,,
dataflow,ESTAT:DEMO_PJAN(1.0),Population on 1 January by age and sex,A,Annual,NR,Number,Y71,71 years,M,Males,SI,Slovenia,2017,,6391,,,,,
dataflow,ESTAT:DEMO_PJAN(1.0),Population on 1 January by age and sex,A,Annual,NR,Number,Y71,71 years,M,Males,SI,Slovenia,2018,,8638,,,,,
dataflow,ESTAT:DEMO_PJAN(1.0),Population on 1 January by age and sex,A,Annual,NR,Number,Y71,71 years,M,Males,SI,Slovenia,2019,,9690,,,,,
dataflow,ESTAT:DEMO_PJAN(1.0),Population on 1 January by age and sex,A,Annual,NR,Number,Y71,71 years,M,Males,SI,Slovenia,2020,,10034,,,,,
dataflow,ESTAT:DEMO_PJAN(1.0),Population on 1 January by age and sex,A,Annual,NR,Number,Y71,71 years,M,Males,SI,Slovenia,2021,,10862,,,,,
dataflow,ESTAT:DEMO_PJAN(1.0),Population on 1 January by age and sex,A,Annual,NR,Number,Y71,71 years,M,Males,SI,Slovenia,2022,,11712,,,,,
dataflow,ESTAT:DEMO_PJAN(1.0),Population on 1 January by age and sex,A,Annual,NR,Number,Y71,71 years,M,Males,SI,Slovenia,2023,,11479,,,,,
dataflow,ESTAT:DEMO_PJAN(1.0),Population on 1 January by age and sex,A,Annual,NR,Number,Y71,71 years,M,Males,SI,Slovenia,2024,,12103,,,,,
dataflow,ESTAT:DEMO_PJAN(1.0),Population on 1 January by age and sex,A,Annual,NR,Number,Y71,71 years,M,Males,SI,Slovenia,2025,,12416,,,,,
dataflow,ESTAT:DEMO_PJAN(1.0),Population on 1 January by age and sex,A,Annual,NR,Number,Y71,71 years,T,Total,SI,Slovenia,2016,,17119,,,,,
dataflow,ESTAT:DEMO_PJAN(1.0),Population on 1 January by age and sex,A,Annual,NR,Number,Y71,71 years,T,Total,SI,Slovenia,2017,,13925,,,,,
dataflow,ESTAT:DEMO_PJAN(1.0),Population on 1 January by age and sex,A,Annual,NR,Number,Y71,71 years,T,Total,SI,Slovenia,2018,,19035,,,,,
dataflow,ESTAT:DEMO_PJAN(1.0),Population on 1 January by age and sex,A,Annual,NR,Number,Y71,71 years,T,Total,SI,Slovenia,2019,,20834,,,,,
dataflow,ESTAT:DEMO_PJAN(1.0),Population on 1 January by age and sex,A,Annual,NR,Number,Y71,71 years,T,Total,SI,Slovenia,2020,,21557,,,,,
dataflow,ESTAT:DEMO_PJAN(1.0),Population on 1 January by age and sex,A,Annual,NR,Number,Y71,71 years,T,Total,SI,Slovenia,2021,,22854,,,,,
dataflow,ESTAT:DEMO_PJAN(1.0),Population on 1 January by age and sex,A,Annual,NR,Number,Y71,71 years,T,Total,SI,Slovenia,2022,,24773,,,,,
dataflow,ESTAT:DEMO_PJAN(1.0),Population on 1 January by age and sex,A,Annual,NR,Number,Y71,71 years,T,Total,SI,Slovenia,2023,,24441,,,,,
dataflow,ESTAT:DEMO_PJAN(1.0),Population on 1 January by age and sex,A,Annual,NR,Number,Y71,71 years,T,Total,SI,Slovenia,2024,,25448,,,,,
dataflow,ESTAT:DEMO_PJAN(1.0),Population on 1 January by age and sex,A,Annual,NR,Number,Y71,71 years,T,Total,SI,Slovenia,2025,,25998,,,,,
dataflow,ESTAT:DEMO_PJAN(1.0),Population on 1 January by age and sex,A,Annual,NR,Number,Y72,72 years,F,Females,SI,Slovenia,2016,,10409,,,,,
dataflow,ESTAT:DEMO_PJAN(1.0),Population on 1 January by age and sex,A,Annual,NR,Number,Y72,72 years,F,Females,SI,Slovenia,2017,,9217,,,,,
dataflow,ESTAT:DEMO_PJAN(1.0),Population on 1 January by age and sex,A,Annual,NR,Number,Y72,72 years,F,Females,SI,Slovenia,2018,,7426,,,,,
dataflow,ESTAT:DEMO_PJAN(1.0),Population on 1 January by age and sex,A,Annual,NR,Number,Y72,72 years,F,Females,SI,Slovenia,2019,,10286,,,,,
dataflow,ESTAT:DEMO_PJAN(1.0),Population on 1 January by age and sex,A,Annual,NR,Number,Y72,72 years,F,Females,SI,Slovenia,2020,,10991,,,,,
dataflow,ESTAT:DEMO_PJAN(1.0),Population on 1 January by age and sex,A,Annual,NR,Number,Y72,72 years,F,Females,SI,Slovenia,2021,,11435,,,,,
dataflow,ESTAT:DEMO_PJAN(1.0),Population on 1 January by age and sex,A,Annual,NR,Number,Y72,72 years,F,Females,SI,Slovenia,2022,,11818,,,,,
dataflow,ESTAT:DEMO_PJAN(1.0),Population on 1 January by age and sex,A,Annual,NR,Number,Y72,72 years,F,Females,SI,Slovenia,2023,,12877,,,,,
dataflow,ESTAT:DEMO_PJAN(1.0),Population on 1 January by age and sex,A,Annual,NR,Number,Y72,72 years,F,Females,SI,Slovenia,2024,,12774,,,,,
dataflow,ESTAT:DEMO_PJAN(1.0),Population on 1 January by age and sex,A,Annual,NR,Number,Y72,72 years,F,Females,SI,Slovenia,2025,,13200,,,,,
dataflow,ESTAT:DEMO_PJAN(1.0),Population on 1 January by age and sex,A,Annual,NR,Number,Y72,72 years,M,Males,SI,Slovenia,2016,,8334,,,,,
dataflow,ESTAT:DEMO_PJAN(1.0),Population on 1 January by age and sex,A,Annual,NR,Number,Y72,72 years,M,Males,SI,Slovenia,2017,,7585,,,,,
dataflow,ESTAT:DEMO_PJAN(1.0),Population on 1 January by age and sex,A,Annual,NR,Number,Y72,72 years,M,Males,SI,Slovenia,2018,,6209,,,,,
dataflow,ESTAT:DEMO_PJAN(1.0),Population on 1 January by age and sex,A,Annual,NR,Number,Y72,72 years,M,Males,SI,Slovenia,2019,,8411,,,,,
dataflow,ESTAT:DEMO_PJAN(1.0),Population on 1 January by age and sex,A,Annual,NR,Number,Y72,72 years,M,Males,SI,Slovenia,2020,,9447,,,,,
dataflow,ESTAT:DEMO_PJAN(1.0),Population on 1 January by age and sex,A,Annual,NR,Number,Y72,72 years,M,Males,SI,Slovenia,2021,,9908,,,,,
dataflow,ESTAT:DEMO_PJAN(1.0),Population on 1 January by age and sex,A,Annual,NR,Number,Y72,72 years,M,Males,SI,Slovenia,2022,,10529,,,,,
dataflow,ESTAT:DEMO_PJAN(1.0),Population on 1 January by age and sex,A,Annual,NR,Number,Y72,72 years,M,Males,SI,Slovenia,2023,,11355,,,,,
dataflow,ESTAT:DEMO_PJAN(1.0),Population on 1 January by age and sex,A,Annual,NR,Number,Y72,72 years,M,Males,SI,Slovenia,2024,,11167,,,,,
dataflow,ESTAT:DEMO_PJAN(1.0),Population on 1 January by age and sex,A,Annual,NR,Number,Y72,72 years,M,Males,SI,Slovenia,2025,,11822,,,,,
dataflow,ESTAT:DEMO_PJAN(1.0),Population on 1 January by age and sex,A,Annual,NR,Number,Y72,72 years,T,Total,SI,Slovenia,2016,,18743,,,,,
dataflow,ESTAT:DEMO_PJAN(1.0),Population on 1 January by age and sex,A,Annual,NR,Number,Y72,72 years,T,Total,SI,Slovenia,2017,,16802,,,,,
dataflow,ESTAT:DEMO_PJAN(1.0),Population on 1 January by age and sex,A,Annual,NR,Number,Y72,72 years,T,Total,SI,Slovenia,2018,,13635,,,,,
dataflow,ESTAT:DEMO_PJAN(1.0),Population on 1 January by age and sex,A,Annual,NR,Number,Y72,72 years,T,Total,SI,Slovenia,2019,,18697,,,,,
dataflow,ESTAT:DEMO_PJAN(1.0),Population on 1 January by age and sex,A,Annual,NR,Number,Y72,72 years,T,Total,SI,Slovenia,2020,,20438,,,,,
dataflow,ESTAT:DEMO_PJAN(1.0),Population on 1 January by age and sex,A,Annual,NR,Number,Y72,72 years,T,Total,SI,Slovenia,2021,,21343,,,,,
dataflow,ESTAT:DEMO_PJAN(1.0),Population on 1 January by age and sex,A,Annual,NR,Number,Y72,72 years,T,Total,SI,Slovenia,2022,,22347,,,,,
dataflow,ESTAT:DEMO_PJAN(1.0),Population on 1 January by age and sex,A,Annual,NR,Number,Y72,72 years,T,Total,SI,Slovenia,2023,,24232,,,,,
dataflow,ESTAT:DEMO_PJAN(1.0),Population on 1 January by age and sex,A,Annual,NR,Number,Y72,72 years,T,Total,SI,Slovenia,2024,,23941,,,,,
dataflow,ESTAT:DEMO_PJAN(1.0),Population on 1 January by age and sex,A,Annual,NR,Number,Y72,72 years,T,Total,SI,Slovenia,2025,,25022,,,,,
dataflow,ESTAT:DEMO_PJAN(1.0),Population on 1 January by age and sex,A,Annual,NR,Number,Y73,73 years,F,Females,SI,Slovenia,2016,,10381,,,,,
dataflow,ESTAT:DEMO_PJAN(1.0),Population on 1 January by age and sex,A,Annual,NR,Number,Y73,73 years,F,Females,SI,Slovenia,2017,,10269,,,,,
dataflow,ESTAT:DEMO_PJAN(1.0),Population on 1 January by age and sex,A,Annual,NR,Number,Y73,73 years,F,Females,SI,Slovenia,2018,,9094,,,,,
dataflow,ESTAT:DEMO_PJAN(1.0),Population on 1 January by age and sex,A,Annual,NR,Number,Y73,73 years,F,Females,SI,Slovenia,2019,,7323,,,,,
dataflow,ESTAT:DEMO_PJAN(1.0),Population on 1 January by age and sex,A,Annual,NR,Number,Y73,73 years,F,Females,SI,Slovenia,2020,,10148,,,,,
dataflow,ESTAT:DEMO_PJAN(1.0),Population on 1 January by age and sex,A,Annual,NR,Number,Y73,73 years,F,Females,SI,Slovenia,2021,,10908,,,,,
dataflow,ESTAT:DEMO_PJAN(1.0),Population on 1 January by age and sex,A,Annual,NR,Number,Y73,73 years,F,Females,SI,Slovenia,2022,,11265,,,,,
dataflow,ESTAT:DEMO_PJAN(1.0),Population on 1 January by age and sex,A,Annual,NR,Number,Y73,73 years,F,Females,SI,Slovenia,2023,,11675,,,,,
dataflow,ESTAT:DEMO_PJAN(1.0),Population on 1 January by age and sex,A,Annual,NR,Number,Y73,73 years,F,Females,SI,Slovenia,2024,,12710,,,,,
dataflow,ESTAT:DEMO_PJAN(1.0),Population on 1 January by age and sex,A,Annual,NR,Number,Y73,73 years,F,Females,SI,Slovenia,2025,,12641,,,,,
dataflow,ESTAT:DEMO_PJAN(1.0),Population on 1 January by age and sex,A,Annual,NR,Number,Y73,73 years,M,Males,SI,Slovenia,2016,,8117,,,,,
dataflow,ESTAT:DEMO_PJAN(1.0),Population on 1 January by age and sex,A,Annual,NR,Number,Y73,73 years,M,Males,SI,Slovenia,2017,,8083,,,,,
dataflow,ESTAT:DEMO_PJAN(1.0),Population on 1 January by age and sex,A,Annual,NR,Number,Y73,73 years,M,Males,SI,Slovenia,2018,,7350,,,,,
dataflow,ESTAT:DEMO_PJAN(1.0),Population on 1 January by age and sex,A,Annual,NR,Number,Y73,73 years,M,Males,SI,Slovenia,2019,,6033,,,,,
dataflow,ESTAT:DEMO_PJAN(1.0),Population on 1 January by age and sex,A,Annual,NR,Number,Y73,73 years,M,Males,SI,Slovenia,2020,,8153,,,,,
dataflow,ESTAT:DEMO_PJAN(1.0),Population on 1 January by age and sex,A,Annual,NR,Number,Y73,73 years,M,Males,SI,Slovenia,2021,,9350,,,,,
dataflow,ESTAT:DEMO_PJAN(1.0),Population on 1 January by age and sex,A,Annual,NR,Number,Y73,73 years,M,Males,SI,Slovenia,2022,,9589,,,,,
dataflow,ESTAT:DEMO_PJAN(1.0),Population on 1 January by age and sex,A,Annual,NR,Number,Y73,73 years,M,Males,SI,Slovenia,2023,,10197,,,,,
dataflow,ESTAT:DEMO_PJAN(1.0),Population on 1 January by age and sex,A,Annual,NR,Number,Y73,73 years,M,Males,SI,Slovenia,2024,,11035,,,,,
dataflow,ESTAT:DEMO_PJAN(1.0),Population on 1 January by age and sex,A,Annual,NR,Number,Y73,73 years,M,Males,SI,Slovenia,2025,,10880,,,,,
dataflow,ESTAT:DEMO_PJAN(1.0),Population on 1 January by age and sex,A,Annual,NR,Number,Y73,73 years,T,Total,SI,Slovenia,2016,,18498,,,,,
dataflow,ESTAT:DEMO_PJAN(1.0),Population on 1 January by age and sex,A,Annual,NR,Number,Y73,73 years,T,Total,SI,Slovenia,2017,,18352,,,,,
dataflow,ESTAT:DEMO_PJAN(1.0),Population on 1 January by age and sex,A,Annual,NR,Number,Y73,73 years,T,Total,SI,Slovenia,2018,,16444,,,,,
dataflow,ESTAT:DEMO_PJAN(1.0),Population on 1 January by age and sex,A,Annual,NR,Number,Y73,73 years,T,Total,SI,Slovenia,2019,,13356,,,,,
dataflow,ESTAT:DEMO_PJAN(1.0),Population on 1 January by age and sex,A,Annual,NR,Number,Y73,73 years,T,Total,SI,Slovenia,2020,,18301,,,,,
dataflow,ESTAT:DEMO_PJAN(1.0),Population on 1 January by age and sex,A,Annual,NR,Number,Y73,73 years,T,Total,SI,Slovenia,2021,,20258,,,,,
dataflow,ESTAT:DEMO_PJAN(1.0),Population on 1 January by age and sex,A,Annual,NR,Number,Y73,73 years,T,Total,SI,Slovenia,2022,,20854,,,,,
dataflow,ESTAT:DEMO_PJAN(1.0),Population on 1 January by age and sex,A,Annual,NR,Number,Y73,73 years,T,Total,SI,Slovenia,2023,,21872,,,,,
dataflow,ESTAT:DEMO_PJAN(1.0),Population on 1 January by age and sex,A,Annual,NR,Number,Y73,73 years,T,Total,SI,Slovenia,2024,,23745,,,,,
dataflow,ESTAT:DEMO_PJAN(1.0),Population on 1 January by age and sex,A,Annual,NR,Number,Y73,73 years,T,Total,SI,Slovenia,2025,,23521,,,,,
dataflow,ESTAT:DEMO_PJAN(1.0),Population on 1 January by age and sex,A,Annual,NR,Number,Y74,74 years,F,Females,SI,Slovenia,2016,,9529,,,,,
dataflow,ESTAT:DEMO_PJAN(1.0),Population on 1 January by age and sex,A,Annual,NR,Number,Y74,74 years,F,Females,SI,Slovenia,2017,,10176,,,,,
dataflow,ESTAT:DEMO_PJAN(1.0),Population on 1 January by age and sex,A,Annual,NR,Number,Y74,74 years,F,Females,SI,Slovenia,2018,,10104,,,,,
dataflow,ESTAT:DEMO_PJAN(1.0),Population on 1 January by age and sex,A,Annual,NR,Number,Y74,74 years,F,Females,SI,Slovenia,2019,,8970,,,,,
dataflow,ESTAT:DEMO_PJAN(1.0),Population on 1 January by age and sex,A,Annual,NR,Number,Y74,74 years,F,Females,SI,Slovenia,2020,,7201,,,,,
dataflow,ESTAT:DEMO_PJAN(1.0),Population on 1 January by age and sex,A,Annual,NR,Number,Y74,74 years,F,Females,SI,Slovenia,2021,,10065,,,,,
dataflow,ESTAT:DEMO_PJAN(1.0),Population on 1 January by age and sex,A,Annual,NR,Number,Y74,74 years,F,Females,SI,Slovenia,2022,,10748,,,,,
dataflow,ESTAT:DEMO_PJAN(1.0),Population on 1 January by age and sex,A,Annual,NR,Number,Y74,74 years,F,Females,SI,Slovenia,2023,,11107,,,,,
dataflow,ESTAT:DEMO_PJAN(1.0),Population on 1 January by age and sex,A,Annual,NR,Number,Y74,74 years,F,Females,SI,Slovenia,2024,,11497,,,,,
dataflow,ESTAT:DEMO_PJAN(1.0),Population on 1 January by age and sex,A,Annual,NR,Number,Y74,74 years,F,Females,SI,Slovenia,2025,,12548,,,,,
dataflow,ESTAT:DEMO_PJAN(1.0),Population on 1 January by age and sex,A,Annual,NR,Number,Y74,74 years,M,Males,SI,Slovenia,2016,,7570,,,,,
dataflow,ESTAT:DEMO_PJAN(1.0),Population on 1 January by age and sex,A,Annual,NR,Number,Y74,74 years,M,Males,SI,Slovenia,2017,,7861,,,,,
dataflow,ESTAT:DEMO_PJAN(1.0),Population on 1 January by age and sex,A,Annual,NR,Number,Y74,74 years,M,Males,SI,Slovenia,2018,,7818,,,,,
dataflow,ESTAT:DEMO_PJAN(1.0),Population on 1 January by age and sex,A,Annual,NR,Number,Y74,74 years,M,Males,SI,Slovenia,2019,,7121,,,,,
dataflow,ESTAT:DEMO_PJAN(1.0),Population on 1 January by age and sex,A,Annual,NR,Number,Y74,74 years,M,Males,SI,Slovenia,2020,,5851,,,,,
dataflow,ESTAT:DEMO_PJAN(1.0),Population on 1 January by age and sex,A,Annual,NR,Number,Y74,74 years,M,Males,SI,Slovenia,2021,,8009,,,,,
dataflow,ESTAT:DEMO_PJAN(1.0),Population on 1 January by age and sex,A,Annual,NR,Number,Y74,74 years,M,Males,SI,Slovenia,2022,,9033,,,,,
dataflow,ESTAT:DEMO_PJAN(1.0),Population on 1 January by age and sex,A,Annual,NR,Number,Y74,74 years,M,Males,SI,Slovenia,2023,,9316,,,,,
dataflow,ESTAT:DEMO_PJAN(1.0),Population on 1 January by age and sex,A,Annual,NR,Number,Y74,74 years,M,Males,SI,Slovenia,2024,,9905,,,,,
dataflow,ESTAT:DEMO_PJAN(1.0),Population on 1 January by age and sex,A,Annual,NR,Number,Y74,74 years,M,Males,SI,Slovenia,2025,,10686,,,,,
dataflow,ESTAT:DEMO_PJAN(1.0),Population on 1 January by age and sex,A,Annual,NR,Number,Y74,74 years,T,Total,SI,Slovenia,2016,,17099,,,,,
dataflow,ESTAT:DEMO_PJAN(1.0),Population on 1 January by age and sex,A,Annual,NR,Number,Y74,74 years,T,Total,SI,Slovenia,2017,,18037,,,,,
dataflow,ESTAT:DEMO_PJAN(1.0),Population on 1 January by age and sex,A,Annual,NR,Number,Y74,74 years,T,Total,SI,Slovenia,2018,,17922,,,,,
dataflow,ESTAT:DEMO_PJAN(1.0),Population on 1 January by age and sex,A,Annual,NR,Number,Y74,74 years,T,Total,SI,Slovenia,2019,,16091,,,,,
dataflow,ESTAT:DEMO_PJAN(1.0),Population on 1 January by age and sex,A,Annual,NR,Number,Y74,74 years,T,Total,SI,Slovenia,2020,,13052,,,,,
dataflow,ESTAT:DEMO_PJAN(1.0),Population on 1 January by age and sex,A,Annual,NR,Number,Y74,74 years,T,Total,SI,Slovenia,2021,,18074,,,,,
dataflow,ESTAT:DEMO_PJAN(1.0),Population on 1 January by age and sex,A,Annual,NR,Number,Y74,74 years,T,Total,SI,Slovenia,2022,,19781,,,,,
dataflow,ESTAT:DEMO_PJAN(1.0),Population on 1 January by age and sex,A,Annual,NR,Number,Y74,74 years,T,Total,SI,Slovenia,2023,,20423,,,,,
dataflow,ESTAT:DEMO_PJAN(1.0),Population on 1 January by age and sex,A,Annual,NR,Number,Y74,74 years,T,Total,SI,Slovenia,2024,,21402,,,,,
dataflow,ESTAT:DEMO_PJAN(1.0),Population on 1 January by age and sex,A,Annual,NR,Number,Y74,74 years,T,Total,SI,Slovenia,2025,,23234,,,,,
dataflow,ESTAT:DEMO_PJAN(1.0),Population on 1 January by age and sex,A,Annual,NR,Number,Y75,75 years,F,Females,SI,Slovenia,2016,,9480,,,,,
dataflow,ESTAT:DEMO_PJAN(1.0),Population on 1 January by age and sex,A,Annual,NR,Number,Y75,75 years,F,Females,SI,Slovenia,2017,,9364,,,,,
dataflow,ESTAT:DEMO_PJAN(1.0),Population on 1 January by age and sex,A,Annual,NR,Number,Y75,75 years,F,Females,SI,Slovenia,2018,,9984,,,,,
dataflow,ESTAT:DEMO_PJAN(1.0),Population on 1 January by age and sex,A,Annual,NR,Number,Y75,75 years,F,Females,SI,Slovenia,2019,,9947,,,,,
dataflow,ESTAT:DEMO_PJAN(1.0),Population on 1 January by age and sex,A,Annual,NR,Number,Y75,75 years,F,Females,SI,Slovenia,2020,,8789,,,,,
dataflow,ESTAT:DEMO_PJAN(1.0),Population on 1 January by age and sex,A,Annual,NR,Number,Y75,75 years,F,Females,SI,Slovenia,2021,,7102,,,,,
dataflow,ESTAT:DEMO_PJAN(1.0),Population on 1 January by age and sex,A,Annual,NR,Number,Y75,75 years,F,Females,SI,Slovenia,2022,,9868,,,,,
dataflow,ESTAT:DEMO_PJAN(1.0),Population on 1 January by age and sex,A,Annual,NR,Number,Y75,75 years,F,Females,SI,Slovenia,2023,,10576,,,,,
dataflow,ESTAT:DEMO_PJAN(1.0),Population on 1 January by age and sex,A,Annual,NR,Number,Y75,75 years,F,Females,SI,Slovenia,2024,,10937,,,,,
dataflow,ESTAT:DEMO_PJAN(1.0),Population on 1 January by age and sex,A,Annual,NR,Number,Y75,75 years,F,Females,SI,Slovenia,2025,,11322,,,,,
dataflow,ESTAT:DEMO_PJAN(1.0),Population on 1 January by age and sex,A,Annual,NR,Number,Y75,75 years,M,Males,SI,Slovenia,2016,,7254,,,,,
dataflow,ESTAT:DEMO_PJAN(1.0),Population on 1 January by age and sex,A,Annual,NR,Number,Y75,75 years,M,Males,SI,Slovenia,2017,,7316,,,,,
dataflow,ESTAT:DEMO_PJAN(1.0),Population on 1 January by age and sex,A,Annual,NR,Number,Y75,75 years,M,Males,SI,Slovenia,2018,,7610,,,,,
dataflow,ESTAT:DEMO_PJAN(1.0),Population on 1 January by age and sex,A,Annual,NR,Number,Y75,75 years,M,Males,SI,Slovenia,2019,,7575,,,,,
dataflow,ESTAT:DEMO_PJAN(1.0),Population on 1 January by age and sex,A,Annual,NR,Number,Y75,75 years,M,Males,SI,Slovenia,2020,,6872,,,,,
dataflow,ESTAT:DEMO_PJAN(1.0),Population on 1 January by age and sex,A,Annual,NR,Number,Y75,75 years,M,Males,SI,Slovenia,2021,,5711,,,,,
dataflow,ESTAT:DEMO_PJAN(1.0),Population on 1 January by age and sex,A,Annual,NR,Number,Y75,75 years,M,Males,SI,Slovenia,2022,,7700,,,,,
dataflow,ESTAT:DEMO_PJAN(1.0),Population on 1 January by age and sex,A,Annual,NR,Number,Y75,75 years,M,Males,SI,Slovenia,2023,,8710,,,,,
dataflow,ESTAT:DEMO_PJAN(1.0),Population on 1 January by age and sex,A,Annual,NR,Number,Y75,75 years,M,Males,SI,Slovenia,2024,,9026,,,,,
dataflow,ESTAT:DEMO_PJAN(1.0),Population on 1 January by age and sex,A,Annual,NR,Number,Y75,75 years,M,Males,SI,Slovenia,2025,,9605,,,,,
dataflow,ESTAT:DEMO_PJAN(1.0),Population on 1 January by age and sex,A,Annual,NR,Number,Y75,75 years,T,Total,SI,Slovenia,2016,,16734,,,,,
dataflow,ESTAT:DEMO_PJAN(1.0),Population on 1 January by age and sex,A,Annual,NR,Number,Y75,75 years,T,Total,SI,Slovenia,2017,,16680,,,,,
dataflow,ESTAT:DEMO_PJAN(1.0),Population on 1 January by age and sex,A,Annual,NR,Number,Y75,75 years,T,Total,SI,Slovenia,2018,,17594,,,,,
dataflow,ESTAT:DEMO_PJAN(1.0),Population on 1 January by age and sex,A,Annual,NR,Number,Y75,75 years,T,Total,SI,Slovenia,2019,,17522,,,,,
dataflow,ESTAT:DEMO_PJAN(1.0),Population on 1 January by age and sex,A,Annual,NR,Number,Y75,75 years,T,Total,SI,Slovenia,2020,,15661,,,,,
dataflow,ESTAT:DEMO_PJAN(1.0),Population on 1 January by age and sex,A,Annual,NR,Number,Y75,75 years,T,Total,SI,Slovenia,2021,,12813,,,,,
dataflow,ESTAT:DEMO_PJAN(1.0),Population on 1 January by age and sex,A,Annual,NR,Number,Y75,75 years,T,Total,SI,Slovenia,2022,,17568,,,,,
dataflow,ESTAT:DEMO_PJAN(1.0),Population on 1 January by age and sex,A,Annual,NR,Number,Y75,75 years,T,Total,SI,Slovenia,2023,,19286,,,,,
dataflow,ESTAT:DEMO_PJAN(1.0),Population on 1 January by age and sex,A,Annual,NR,Number,Y75,75 years,T,Total,SI,Slovenia,2024,,19963,,,,,
dataflow,ESTAT:DEMO_PJAN(1.0),Population on 1 January by age and sex,A,Annual,NR,Number,Y75,75 years,T,Total,SI,Slovenia,2025,,20927,,,,,
dataflow,ESTAT:DEMO_PJAN(1.0),Population on 1 January by age and sex,A,Annual,NR,Number,Y76,76 years,F,Females,SI,Slovenia,2016,,9278,,,,,
dataflow,ESTAT:DEMO_PJAN(1.0),Population on 1 January by age and sex,A,Annual,NR,Number,Y76,76 years,F,Females,SI,Slovenia,2017,,9311,,,,,
dataflow,ESTAT:DEMO_PJAN(1.0),Population on 1 January by age and sex,A,Annual,NR,Number,Y76,76 years,F,Females,SI,Slovenia,2018,,9186,,,,,
dataflow,ESTAT:DEMO_PJAN(1.0),Population on 1 January by age and sex,A,Annual,NR,Number,Y76,76 years,F,Females,SI,Slovenia,2019,,9769,,,,,
dataflow,ESTAT:DEMO_PJAN(1.0),Population on 1 January by age and sex,A,Annual,NR,Number,Y76,76 years,F,Females,SI,Slovenia,2020,,9753,,,,,
dataflow,ESTAT:DEMO_PJAN(1.0),Population on 1 January by age and sex,A,Annual,NR,Number,Y76,76 years,F,Females,SI,Slovenia,2021,,8667,,,,,
dataflow,ESTAT:DEMO_PJAN(1.0),Population on 1 January by age and sex,A,Annual,NR,Number,Y76,76 years,F,Females,SI,Slovenia,2022,,6936,,,,,
dataflow,ESTAT:DEMO_PJAN(1.0),Population on 1 January by age and sex,A,Annual,NR,Number,Y76,76 years,F,Females,SI,Slovenia,2023,,9695,,,,,
dataflow,ESTAT:DEMO_PJAN(1.0),Population on 1 January by age and sex,A,Annual,NR,Number,Y76,76 years,F,Females,SI,Slovenia,2024,,10367,,,,,
dataflow,ESTAT:DEMO_PJAN(1.0),Population on 1 January by age and sex,A,Annual,NR,Number,Y76,76 years,F,Females,SI,Slovenia,2025,,10759,,,,,
dataflow,ESTAT:DEMO_PJAN(1.0),Population on 1 January by age and sex,A,Annual,NR,Number,Y76,76 years,M,Males,SI,Slovenia,2016,,6766,,,,,
dataflow,ESTAT:DEMO_PJAN(1.0),Population on 1 January by age and sex,A,Annual,NR,Number,Y76,76 years,M,Males,SI,Slovenia,2017,,6967,,,,,
dataflow,ESTAT:DEMO_PJAN(1.0),Population on 1 January by age and sex,A,Annual,NR,Number,Y76,76 years,M,Males,SI,Slovenia,2018,,7052,,,,,
dataflow,ESTAT:DEMO_PJAN(1.0),Population on 1 January by age and sex,A,Annual,NR,Number,Y76,76 years,M,Males,SI,Slovenia,2019,,7349,,,,,
dataflow,ESTAT:DEMO_PJAN(1.0),Population on 1 January by age and sex,A,Annual,NR,Number,Y76,76 years,M,Males,SI,Slovenia,2020,,7275,,,,,
dataflow,ESTAT:DEMO_PJAN(1.0),Population on 1 January by age and sex,A,Annual,NR,Number,Y76,76 years,M,Males,SI,Slovenia,2021,,6686,,,,,
dataflow,ESTAT:DEMO_PJAN(1.0),Population on 1 January by age and sex,A,Annual,NR,Number,Y76,76 years,M,Males,SI,Slovenia,2022,,5449,,,,,
dataflow,ESTAT:DEMO_PJAN(1.0),Population on 1 January by age and sex,A,Annual,NR,Number,Y76,76 years,M,Males,SI,Slovenia,2023,,7434,,,,,
dataflow,ESTAT:DEMO_PJAN(1.0),Population on 1 January by age and sex,A,Annual,NR,Number,Y76,76 years,M,Males,SI,Slovenia,2024,,8381,,,,,
dataflow,ESTAT:DEMO_PJAN(1.0),Population on 1 January by age and sex,A,Annual,NR,Number,Y76,76 years,M,Males,SI,Slovenia,2025,,8712,,,,,
dataflow,ESTAT:DEMO_PJAN(1.0),Population on 1 January by age and sex,A,Annual,NR,Number,Y76,76 years,T,Total,SI,Slovenia,2016,,16044,,,,,
dataflow,ESTAT:DEMO_PJAN(1.0),Population on 1 January by age and sex,A,Annual,NR,Number,Y76,76 years,T,Total,SI,Slovenia,2017,,16278,,,,,
dataflow,ESTAT:DEMO_PJAN(1.0),Population on 1 January by age and sex,A,Annual,NR,Number,Y76,76 years,T,Total,SI,Slovenia,2018,,16238,,,,,
dataflow,ESTAT:DEMO_PJAN(1.0),Population on 1 January by age and sex,A,Annual,NR,Number,Y76,76 years,T,Total,SI,Slovenia,2019,,17118,,,,,
dataflow,ESTAT:DEMO_PJAN(1.0),Population on 1 January by age and sex,A,Annual,NR,Number,Y76,76 years,T,Total,SI,Slovenia,2020,,17028,,,,,
dataflow,ESTAT:DEMO_PJAN(1.0),Population on 1 January by age and sex,A,Annual,NR,Number,Y76,76 years,T,Total,SI,Slovenia,2021,,15353,,,,,
dataflow,ESTAT:DEMO_PJAN(1.0),Population on 1 January by age and sex,A,Annual,NR,Number,Y76,76 years,T,Total,SI,Slovenia,2022,,12385,,,,,
dataflow,ESTAT:DEMO_PJAN(1.0),Population on 1 January by age and sex,A,Annual,NR,Number,Y76,76 years,T,Total,SI,Slovenia,2023,,17129,,,,,
dataflow,ESTAT:DEMO_PJAN(1.0),Population on 1 January by age and sex,A,Annual,NR,Number,Y76,76 years,T,Total,SI,Slovenia,2024,,18748,,,,,
dataflow,ESTAT:DEMO_PJAN(1.0),Population on 1 January by age and sex,A,Annual,NR,Number,Y76,76 years,T,Total,SI,Slovenia,2025,,19471,,,,,
dataflow,ESTAT:DEMO_PJAN(1.0),Population on 1 January by age and sex,A,Annual,NR,Number,Y77,77 years,F,Females,SI,Slovenia,2016,,8805,,,,,
dataflow,ESTAT:DEMO_PJAN(1.0),Population on 1 January by age and sex,A,Annual,NR,Number,Y77,77 years,F,Females,SI,Slovenia,2017,,9079,,,,,
dataflow,ESTAT:DEMO_PJAN(1.0),Population on 1 January by age and sex,A,Annual,NR,Number,Y77,77 years,F,Females,SI,Slovenia,2018,,9104,,,,,
dataflow,ESTAT:DEMO_PJAN(1.0),Population on 1 January by age and sex,A,Annual,NR,Number,Y77,77 years,F,Females,SI,Slovenia,2019,,8983,,,,,
dataflow,ESTAT:DEMO_PJAN(1.0),Population on 1 January by age and sex,A,Annual,NR,Number,Y77,77 years,F,Females,SI,Slovenia,2020,,9567,,,,,
dataflow,ESTAT:DEMO_PJAN(1.0),Population on 1 January by age and sex,A,Annual,NR,Number,Y77,77 years,F,Females,SI,Slovenia,2021,,9580,,,,,
dataflow,ESTAT:DEMO_PJAN(1.0),Population on 1 January by age and sex,A,Annual,NR,Number,Y77,77 years,F,Females,SI,Slovenia,2022,,8434,,,,,
dataflow,ESTAT:DEMO_PJAN(1.0),Population on 1 January by age and sex,A,Annual,NR,Number,Y77,77 years,F,Females,SI,Slovenia,2023,,6782,,,,,
dataflow,ESTAT:DEMO_PJAN(1.0),Population on 1 January by age and sex,A,Annual,NR,Number,Y77,77 years,F,Females,SI,Slovenia,2024,,9498,,,,,
dataflow,ESTAT:DEMO_PJAN(1.0),Population on 1 January by age and sex,A,Annual,NR,Number,Y77,77 years,F,Females,SI,Slovenia,2025,,10170,,,,,
dataflow,ESTAT:DEMO_PJAN(1.0),Population on 1 January by age and sex,A,Annual,NR,Number,Y77,77 years,M,Males,SI,Slovenia,2016,,6185,,,,,
dataflow,ESTAT:DEMO_PJAN(1.0),Population on 1 January by age and sex,A,Annual,NR,Number,Y77,77 years,M,Males,SI,Slovenia,2017,,6495,,,,,
dataflow,ESTAT:DEMO_PJAN(1.0),Population on 1 January by age and sex,A,Annual,NR,Number,Y77,77 years,M,Males,SI,Slovenia,2018,,6656,,,,,
dataflow,ESTAT:DEMO_PJAN(1.0),Population on 1 January by age and sex,A,Annual,NR,Number,Y77,77 years,M,Males,SI,Slovenia,2019,,6762,,,,,
dataflow,ESTAT:DEMO_PJAN(1.0),Population on 1 January by age and sex,A,Annual,NR,Number,Y77,77 years,M,Males,SI,Slovenia,2020,,7036,,,,,
dataflow,ESTAT:DEMO_PJAN(1.0),Population on 1 January by age and sex,A,Annual,NR,Number,Y77,77 years,M,Males,SI,Slovenia,2021,,7050,,,,,
dataflow,ESTAT:DEMO_PJAN(1.0),Population on 1 January by age and sex,A,Annual,NR,Number,Y77,77 years,M,Males,SI,Slovenia,2022,,6369,,,,,
dataflow,ESTAT:DEMO_PJAN(1.0),Population on 1 January by age and sex,A,Annual,NR,Number,Y77,77 years,M,Males,SI,Slovenia,2023,,5218,,,,,
dataflow,ESTAT:DEMO_PJAN(1.0),Population on 1 January by age and sex,A,Annual,NR,Number,Y77,77 years,M,Males,SI,Slovenia,2024,,7151,,,,,
dataflow,ESTAT:DEMO_PJAN(1.0),Population on 1 January by age and sex,A,Annual,NR,Number,Y77,77 years,M,Males,SI,Slovenia,2025,,8083,,,,,
dataflow,ESTAT:DEMO_PJAN(1.0),Population on 1 January by age and sex,A,Annual,NR,Number,Y77,77 years,T,Total,SI,Slovenia,2016,,14990,,,,,
dataflow,ESTAT:DEMO_PJAN(1.0),Population on 1 January by age and sex,A,Annual,NR,Number,Y77,77 years,T,Total,SI,Slovenia,2017,,15574,,,,,
dataflow,ESTAT:DEMO_PJAN(1.0),Population on 1 January by age and sex,A,Annual,NR,Number,Y77,77 years,T,Total,SI,Slovenia,2018,,15760,,,,,
dataflow,ESTAT:DEMO_PJAN(1.0),Population on 1 January by age and sex,A,Annual,NR,Number,Y77,77 years,T,Total,SI,Slovenia,2019,,15745,,,,,
dataflow,ESTAT:DEMO_PJAN(1.0),Population on 1 January by age and sex,A,Annual,NR,Number,Y77,77 years,T,Total,SI,Slovenia,2020,,16603,,,,,
dataflow,ESTAT:DEMO_PJAN(1.0),Population on 1 January by age and sex,A,Annual,NR,Number,Y77,77 years,T,Total,SI,Slovenia,2021,,16630,,,,,
dataflow,ESTAT:DEMO_PJAN(1.0),Population on 1 January by age and sex,A,Annual,NR,Number,Y77,77 years,T,Total,SI,Slovenia,2022,,14803,,,,,
dataflow,ESTAT:DEMO_PJAN(1.0),Population on 1 January by age and sex,A,Annual,NR,Number,Y77,77 years,T,Total,SI,Slovenia,2023,,12000,,,,,
dataflow,ESTAT:DEMO_PJAN(1.0),Population on 1 January by age and sex,A,Annual,NR,Number,Y77,77 years,T,Total,SI,Slovenia,2024,,16649,,,,,
dataflow,ESTAT:DEMO_PJAN(1.0),Population on 1 January by age and sex,A,Annual,NR,Number,Y77,77 years,T,Total,SI,Slovenia,2025,,18253,,,,,
dataflow,ESTAT:DEMO_PJAN(1.0),Population on 1 January by age and sex,A,Annual,NR,Number,Y78,78 years,F,Females,SI,Slovenia,2016,,8475,,,,,
dataflow,ESTAT:DEMO_PJAN(1.0),Population on 1 January by age and sex,A,Annual,NR,Number,Y78,78 years,F,Females,SI,Slovenia,2017,,8591,,,,,
dataflow,ESTAT:DEMO_PJAN(1.0),Population on 1 January by age and sex,A,Annual,NR,Number,Y78,78 years,F,Females,SI,Slovenia,2018,,8829,,,,,
dataflow,ESTAT:DEMO_PJAN(1.0),Population on 1 January by age and sex,A,Annual,NR,Number,Y78,78 years,F,Females,SI,Slovenia,2019,,8901,,,,,
dataflow,ESTAT:DEMO_PJAN(1.0),Population on 1 January by age and sex,A,Annual,NR,Number,Y78,78 years,F,Females,SI,Slovenia,2020,,8780,,,,,
dataflow,ESTAT:DEMO_PJAN(1.0),Population on 1 January by age and sex,A,Annual,NR,Number,Y78,78 years,F,Females,SI,Slovenia,2021,,9360,,,,,
dataflow,ESTAT:DEMO_PJAN(1.0),Population on 1 January by age and sex,A,Annual,NR,Number,Y78,78 years,F,Females,SI,Slovenia,2022,,9324,,,,,
dataflow,ESTAT:DEMO_PJAN(1.0),Population on 1 January by age and sex,A,Annual,NR,Number,Y78,78 years,F,Females,SI,Slovenia,2023,,8242,,,,,
dataflow,ESTAT:DEMO_PJAN(1.0),Population on 1 January by age and sex,A,Annual,NR,Number,Y78,78 years,F,Females,SI,Slovenia,2024,,6608,,,,,
dataflow,ESTAT:DEMO_PJAN(1.0),Population on 1 January by age and sex,A,Annual,NR,Number,Y78,78 years,F,Females,SI,Slovenia,2025,,9313,,,,,
dataflow,ESTAT:DEMO_PJAN(1.0),Population on 1 January by age and sex,A,Annual,NR,Number,Y78,78 years,M,Males,SI,Slovenia,2016,,5770,,,,,
dataflow,ESTAT:DEMO_PJAN(1.0),Population on 1 January by age and sex,A,Annual,NR,Number,Y78,78 years,M,Males,SI,Slovenia,2017,,5931,,,,,
dataflow,ESTAT:DEMO_PJAN(1.0),Population on 1 January by age and sex,A,Annual,NR,Number,Y78,78 years,M,Males,SI,Slovenia,2018,,6201,,,,,
dataflow,ESTAT:DEMO_PJAN(1.0),Population on 1 January by age and sex,A,Annual,NR,Number,Y78,78 years,M,Males,SI,Slovenia,2019,,6338,,,,,
dataflow,ESTAT:DEMO_PJAN(1.0),Population on 1 January by age and sex,A,Annual,NR,Number,Y78,78 years,M,Males,SI,Slovenia,2020,,6487,,,,,
dataflow,ESTAT:DEMO_PJAN(1.0),Population on 1 January by age and sex,A,Annual,NR,Number,Y78,78 years,M,Males,SI,Slovenia,2021,,6800,,,,,
dataflow,ESTAT:DEMO_PJAN(1.0),Population on 1 January by age and sex,A,Annual,NR,Number,Y78,78 years,M,Males,SI,Slovenia,2022,,6682,,,,,
dataflow,ESTAT:DEMO_PJAN(1.0),Population on 1 January by age and sex,A,Annual,NR,Number,Y78,78 years,M,Males,SI,Slovenia,2023,,6082,,,,,
dataflow,ESTAT:DEMO_PJAN(1.0),Population on 1 January by age and sex,A,Annual,NR,Number,Y78,78 years,M,Males,SI,Slovenia,2024,,5009,,,,,
dataflow,ESTAT:DEMO_PJAN(1.0),Population on 1 January by age and sex,A,Annual,NR,Number,Y78,78 years,M,Males,SI,Slovenia,2025,,6876,,,,,
dataflow,ESTAT:DEMO_PJAN(1.0),Population on 1 January by age and sex,A,Annual,NR,Number,Y78,78 years,T,Total,SI,Slovenia,2016,,14245,,,,,
dataflow,ESTAT:DEMO_PJAN(1.0),Population on 1 January by age and sex,A,Annual,NR,Number,Y78,78 years,T,Total,SI,Slovenia,2017,,14522,,,,,
dataflow,ESTAT:DEMO_PJAN(1.0),Population on 1 January by age and sex,A,Annual,NR,Number,Y78,78 years,T,Total,SI,Slovenia,2018,,15030,,,,,
dataflow,ESTAT:DEMO_PJAN(1.0),Population on 1 January by age and sex,A,Annual,NR,Number,Y78,78 years,T,Total,SI,Slovenia,2019,,15239,,,,,
dataflow,ESTAT:DEMO_PJAN(1.0),Population on 1 January by age and sex,A,Annual,NR,Number,Y78,78 years,T,Total,SI,Slovenia,2020,,15267,,,,,
dataflow,ESTAT:DEMO_PJAN(1.0),Population on 1 January by age and sex,A,Annual,NR,Number,Y78,78 years,T,Total,SI,Slovenia,2021,,16160,,,,,
dataflow,ESTAT:DEMO_PJAN(1.0),Population on 1 January by age and sex,A,Annual,NR,Number,Y78,78 years,T,Total,SI,Slovenia,2022,,16006,,,,,
dataflow,ESTAT:DEMO_PJAN(1.0),Population on 1 January by age and sex,A,Annual,NR,Number,Y78,78 years,T,Total,SI,Slovenia,2023,,14324,,,,,
dataflow,ESTAT:DEMO_PJAN(1.0),Population on 1 January by age and sex,A,Annual,NR,Number,Y78,78 years,T,Total,SI,Slovenia,2024,,11617,,,,,
dataflow,ESTAT:DEMO_PJAN(1.0),Population on 1 January by age and sex,A,Annual,NR,Number,Y78,78 years,T,Total,SI,Slovenia,2025,,16189,,,,,
dataflow,ESTAT:DEMO_PJAN(1.0),Population on 1 January by age and sex,A,Annual,NR,Number,Y79,79 years,F,Females,SI,Slovenia,2016,,8441,,,,,
dataflow,ESTAT:DEMO_PJAN(1.0),Population on 1 January by age and sex,A,Annual,NR,Number,Y79,79 years,F,Females,SI,Slovenia,2017,,8223,,,,,
dataflow,ESTAT:DEMO_PJAN(1.0),Population on 1 January by age and sex,A,Annual,NR,Number,Y79,79 years,F,Females,SI,Slovenia,2018,,8341,,,,,
dataflow,ESTAT:DEMO_PJAN(1.0),Population on 1 January by age and sex,A,Annual,NR,Number,Y79,79 years,F,Females,SI,Slovenia,2019,,8563,,,,,
dataflow,ESTAT:DEMO_PJAN(1.0),Population on 1 January by age and sex,A,Annual,NR,Number,Y79,79 years,F,Females,SI,Slovenia,2020,,8661,,,,,
dataflow,ESTAT:DEMO_PJAN(1.0),Population on 1 January by age and sex,A,Annual,NR,Number,Y79,79 years,F,Females,SI,Slovenia,2021,,8564,,,,,
dataflow,ESTAT:DEMO_PJAN(1.0),Population on 1 January by age and sex,A,Annual,NR,Number,Y79,79 years,F,Females,SI,Slovenia,2022,,9071,,,,,
dataflow,ESTAT:DEMO_PJAN(1.0),Population on 1 January by age and sex,A,Annual,NR,Number,Y79,79 years,F,Females,SI,Slovenia,2023,,9024,,,,,
dataflow,ESTAT:DEMO_PJAN(1.0),Population on 1 January by age and sex,A,Annual,NR,Number,Y79,79 years,F,Females,SI,Slovenia,2024,,8001,,,,,
dataflow,ESTAT:DEMO_PJAN(1.0),Population on 1 January by age and sex,A,Annual,NR,Number,Y79,79 years,F,Females,SI,Slovenia,2025,,6456,,,,,
dataflow,ESTAT:DEMO_PJAN(1.0),Population on 1 January by age and sex,A,Annual,NR,Number,Y79,79 years,M,Males,SI,Slovenia,2016,,5564,,,,,
dataflow,ESTAT:DEMO_PJAN(1.0),Population on 1 January by age and sex,A,Annual,NR,Number,Y79,79 years,M,Males,SI,Slovenia,2017,,5490,,,,,
dataflow,ESTAT:DEMO_PJAN(1.0),Population on 1 January by age and sex,A,Annual,NR,Number,Y79,79 years,M,Males,SI,Slovenia,2018,,5620,,,,,
dataflow,ESTAT:DEMO_PJAN(1.0),Population on 1 January by age and sex,A,Annual,NR,Number,Y79,79 years,M,Males,SI,Slovenia,2019,,5892,,,,,
dataflow,ESTAT:DEMO_PJAN(1.0),Population on 1 January by age and sex,A,Annual,NR,Number,Y79,79 years,M,Males,SI,Slovenia,2020,,6013,,,,,
dataflow,ESTAT:DEMO_PJAN(1.0),Population on 1 January by age and sex,A,Annual,NR,Number,Y79,79 years,M,Males,SI,Slovenia,2021,,6218,,,,,
dataflow,ESTAT:DEMO_PJAN(1.0),Population on 1 January by age and sex,A,Annual,NR,Number,Y79,79 years,M,Males,SI,Slovenia,2022,,6428,,,,,
dataflow,ESTAT:DEMO_PJAN(1.0),Population on 1 January by age and sex,A,Annual,NR,Number,Y79,79 years,M,Males,SI,Slovenia,2023,,6316,,,,,
dataflow,ESTAT:DEMO_PJAN(1.0),Population on 1 January by age and sex,A,Annual,NR,Number,Y79,79 years,M,Males,SI,Slovenia,2024,,5778,,,,,
dataflow,ESTAT:DEMO_PJAN(1.0),Population on 1 January by age and sex,A,Annual,NR,Number,Y79,79 years,M,Males,SI,Slovenia,2025,,4780,,,,,
dataflow,ESTAT:DEMO_PJAN(1.0),Population on 1 January by age and sex,A,Annual,NR,Number,Y79,79 years,T,Total,SI,Slovenia,2016,,14005,,,,,
dataflow,ESTAT:DEMO_PJAN(1.0),Population on 1 January by age and sex,A,Annual,NR,Number,Y79,79 years,T,Total,SI,Slovenia,2017,,13713,,,,,
dataflow,ESTAT:DEMO_PJAN(1.0),Population on 1 January by age and sex,A,Annual,NR,Number,Y79,79 years,T,Total,SI,Slovenia,2018,,13961,,,,,
dataflow,ESTAT:DEMO_PJAN(1.0),Population on 1 January by age and sex,A,Annual,NR,Number,Y79,79 years,T,Total,SI,Slovenia,2019,,14455,,,,,
dataflow,ESTAT:DEMO_PJAN(1.0),Population on 1 January by age and sex,A,Annual,NR,Number,Y79,79 years,T,Total,SI,Slovenia,2020,,14674,,,,,
dataflow,ESTAT:DEMO_PJAN(1.0),Population on 1 January by age and sex,A,Annual,NR,Number,Y79,79 years,T,Total,SI,Slovenia,2021,,14782,,,,,
dataflow,ESTAT:DEMO_PJAN(1.0),Population on 1 January by age and sex,A,Annual,NR,Number,Y79,79 years,T,Total,SI,Slovenia,2022,,15499,,,,,
dataflow,ESTAT:DEMO_PJAN(1.0),Population on 1 January by age and sex,A,Annual,NR,Number,Y79,79 years,T,Total,SI,Slovenia,2023,,15340,,,,,
dataflow,ESTAT:DEMO_PJAN(1.0),Population on 1 January by age and sex,A,Annual,NR,Number,Y79,79 years,T,Total,SI,Slovenia,2024,,13779,,,,,
dataflow,ESTAT:DEMO_PJAN(1.0),Population on 1 January by age and sex,A,Annual,NR,Number,Y79,79 years,T,Total,SI,Slovenia,2025,,11236,,,,,
dataflow,ESTAT:DEMO_PJAN(1.0),Population on 1 January by age and sex,A,Annual,NR,Number,Y8,8 years,F,Females,SI,Slovenia,2016,,10011,,,,,
dataflow,ESTAT:DEMO_PJAN(1.0),Population on 1 January by age and sex,A,Annual,NR,Number,Y8,8 years,F,Females,SI,Slovenia,2017,,10990,,,,,
dataflow,ESTAT:DEMO_PJAN(1.0),Population on 1 January by age and sex,A,Annual,NR,Number,Y8,8 years,F,Females,SI,Slovenia,2018,,10663,,,,,
dataflow,ESTAT:DEMO_PJAN(1.0),Population on 1 January by age and sex,A,Annual,NR,Number,Y8,8 years,F,Females,SI,Slovenia,2019,,11036,,,,,
dataflow,ESTAT:DEMO_PJAN(1.0),Population on 1 January by age and sex,A,Annual,NR,Number,Y8,8 years,F,Females,SI,Slovenia,2020,,10860,,,,,
dataflow,ESTAT:DEMO_PJAN(1.0),Population on 1 January by age and sex,A,Annual,NR,Number,Y8,8 years,F,Females,SI,Slovenia,2021,,10847,,,,,
dataflow,ESTAT:DEMO_PJAN(1.0),Population on 1 January by age and sex,A,Annual,NR,Number,Y8,8 years,F,Females,SI,Slovenia,2022,,10505,,,,,
dataflow,ESTAT:DEMO_PJAN(1.0),Population on 1 January by age and sex,A,Annual,NR,Number,Y8,8 years,F,Females,SI,Slovenia,2023,,10589,,,,,
dataflow,ESTAT:DEMO_PJAN(1.0),Population on 1 January by age and sex,A,Annual,NR,Number,Y8,8 years,F,Females,SI,Slovenia,2024,,10361,,,,,
dataflow,ESTAT:DEMO_PJAN(1.0),Population on 1 January by age and sex,A,Annual,NR,Number,Y8,8 years,F,Females,SI,Slovenia,2025,,10431,,,,,
dataflow,ESTAT:DEMO_PJAN(1.0),Population on 1 January by age and sex,A,Annual,NR,Number,Y8,8 years,M,Males,SI,Slovenia,2016,,10575,,,,,
dataflow,ESTAT:DEMO_PJAN(1.0),Population on 1 January by age and sex,A,Annual,NR,Number,Y8,8 years,M,Males,SI,Slovenia,2017,,11430,,,,,
dataflow,ESTAT:DEMO_PJAN(1.0),Population on 1 January by age and sex,A,Annual,NR,Number,Y8,8 years,M,Males,SI,Slovenia,2018,,11497,,,,,
dataflow,ESTAT:DEMO_PJAN(1.0),Population on 1 January by age and sex,A,Annual,NR,Number,Y8,8 years,M,Males,SI,Slovenia,2019,,11775,,,,,
dataflow,ESTAT:DEMO_PJAN(1.0),Population on 1 January by age and sex,A,Annual,NR,Number,Y8,8 years,M,Males,SI,Slovenia,2020,,11489,,,,,
dataflow,ESTAT:DEMO_PJAN(1.0),Population on 1 January by age and sex,A,Annual,NR,Number,Y8,8 years,M,Males,SI,Slovenia,2021,,11639,,,,,
dataflow,ESTAT:DEMO_PJAN(1.0),Population on 1 January by age and sex,A,Annual,NR,Number,Y8,8 years,M,Males,SI,Slovenia,2022,,11047,,,,,
dataflow,ESTAT:DEMO_PJAN(1.0),Population on 1 January by age and sex,A,Annual,NR,Number,Y8,8 years,M,Males,SI,Slovenia,2023,,11277,,,,,
dataflow,ESTAT:DEMO_PJAN(1.0),Population on 1 January by age and sex,A,Annual,NR,Number,Y8,8 years,M,Males,SI,Slovenia,2024,,11019,,,,,
dataflow,ESTAT:DEMO_PJAN(1.0),Population on 1 January by age and sex,A,Annual,NR,Number,Y8,8 years,M,Males,SI,Slovenia,2025,,10872,,,,,
dataflow,ESTAT:DEMO_PJAN(1.0),Population on 1 January by age and sex,A,Annual,NR,Number,Y8,8 years,T,Total,SI,Slovenia,2016,,20586,,,,,
dataflow,ESTAT:DEMO_PJAN(1.0),Population on 1 January by age and sex,A,Annual,NR,Number,Y8,8 years,T,Total,SI,Slovenia,2017,,22420,,,,,
dataflow,ESTAT:DEMO_PJAN(1.0),Population on 1 January by age and sex,A,Annual,NR,Number,Y8,8 years,T,Total,SI,Slovenia,2018,,22160,,,,,
dataflow,ESTAT:DEMO_PJAN(1.0),Population on 1 January by age and sex,A,Annual,NR,Number,Y8,8 years,T,Total,SI,Slovenia,2019,,22811,,,,,
dataflow,ESTAT:DEMO_PJAN(1.0),Population on 1 January by age and sex,A,Annual,NR,Number,Y8,8 years,T,Total,SI,Slovenia,2020,,22349,,,,,
dataflow,ESTAT:DEMO_PJAN(1.0),Population on 1 January by age and sex,A,Annual,NR,Number,Y8,8 years,T,Total,SI,Slovenia,2021,,22486,,,,,
dataflow,ESTAT:DEMO_PJAN(1.0),Population on 1 January by age and sex,A,Annual,NR,Number,Y8,8 years,T,Total,SI,Slovenia,2022,,21552,,,,,
dataflow,ESTAT:DEMO_PJAN(1.0),Population on 1 January by age and sex,A,Annual,NR,Number,Y8,8 years,T,Total,SI,Slovenia,2023,,21866,,,,,
dataflow,ESTAT:DEMO_PJAN(1.0),Population on 1 January by age and sex,A,Annual,NR,Number,Y8,8 years,T,Total,SI,Slovenia,2024,,21380,,,,,
dataflow,ESTAT:DEMO_PJAN(1.0),Population on 1 January by age and sex,A,Annual,NR,Number,Y8,8 years,T,Total,SI,Slovenia,2025,,21303,,,,,
dataflow,ESTAT:DEMO_PJAN(1.0),Population on 1 January by age and sex,A,Annual,NR,Number,Y80,80 years,F,Females,SI,Slovenia,2016,,7913,,,,,
dataflow,ESTAT:DEMO_PJAN(1.0),Population on 1 January by age and sex,A,Annual,NR,Number,Y80,80 years,F,Females,SI,Slovenia,2017,,8181,,,,,
dataflow,ESTAT:DEMO_PJAN(1.0),Population on 1 January by age and sex,A,Annual,NR,Number,Y80,80 years,F,Females,SI,Slovenia,2018,,7948,,,,,
dataflow,ESTAT:DEMO_PJAN(1.0),Population on 1 January by age and sex,A,Annual,NR,Number,Y80,80 years,F,Females,SI,Slovenia,2019,,8045,,,,,
dataflow,ESTAT:DEMO_PJAN(1.0),Population on 1 January by age and sex,A,Annual,NR,Number,Y80,80 years,F,Females,SI,Slovenia,2020,,8296,,,,,
dataflow,ESTAT:DEMO_PJAN(1.0),Population on 1 January by age and sex,A,Annual,NR,Number,Y80,80 years,F,Females,SI,Slovenia,2021,,8373,,,,,
dataflow,ESTAT:DEMO_PJAN(1.0),Population on 1 January by age and sex,A,Annual,NR,Number,Y80,80 years,F,Females,SI,Slovenia,2022,,8234,,,,,
dataflow,ESTAT:DEMO_PJAN(1.0),Population on 1 January by age and sex,A,Annual,NR,Number,Y80,80 years,F,Females,SI,Slovenia,2023,,8753,,,,,
dataflow,ESTAT:DEMO_PJAN(1.0),Population on 1 January by age and sex,A,Annual,NR,Number,Y80,80 years,F,Females,SI,Slovenia,2024,,8748,,,,,
dataflow,ESTAT:DEMO_PJAN(1.0),Population on 1 January by age and sex,A,Annual,NR,Number,Y80,80 years,F,Females,SI,Slovenia,2025,,7747,,,,,
dataflow,ESTAT:DEMO_PJAN(1.0),Population on 1 January by age and sex,A,Annual,NR,Number,Y80,80 years,M,Males,SI,Slovenia,2016,,5020,,,,,
dataflow,ESTAT:DEMO_PJAN(1.0),Population on 1 January by age and sex,A,Annual,NR,Number,Y80,80 years,M,Males,SI,Slovenia,2017,,5224,,,,,
dataflow,ESTAT:DEMO_PJAN(1.0),Population on 1 January by age and sex,A,Annual,NR,Number,Y80,80 years,M,Males,SI,Slovenia,2018,,5170,,,,,
dataflow,ESTAT:DEMO_PJAN(1.0),Population on 1 January by age and sex,A,Annual,NR,Number,Y80,80 years,M,Males,SI,Slovenia,2019,,5338,,,,,
dataflow,ESTAT:DEMO_PJAN(1.0),Population on 1 January by age and sex,A,Annual,NR,Number,Y80,80 years,M,Males,SI,Slovenia,2020,,5572,,,,,
dataflow,ESTAT:DEMO_PJAN(1.0),Population on 1 January by age and sex,A,Annual,NR,Number,Y80,80 years,M,Males,SI,Slovenia,2021,,5693,,,,,
dataflow,ESTAT:DEMO_PJAN(1.0),Population on 1 January by age and sex,A,Annual,NR,Number,Y80,80 years,M,Males,SI,Slovenia,2022,,5866,,,,,
dataflow,ESTAT:DEMO_PJAN(1.0),Population on 1 January by age and sex,A,Annual,NR,Number,Y80,80 years,M,Males,SI,Slovenia,2023,,6096,,,,,
dataflow,ESTAT:DEMO_PJAN(1.0),Population on 1 January by age and sex,A,Annual,NR,Number,Y80,80 years,M,Males,SI,Slovenia,2024,,5985,,,,,
dataflow,ESTAT:DEMO_PJAN(1.0),Population on 1 January by age and sex,A,Annual,NR,Number,Y80,80 years,M,Males,SI,Slovenia,2025,,5492,,,,,
dataflow,ESTAT:DEMO_PJAN(1.0),Population on 1 January by age and sex,A,Annual,NR,Number,Y80,80 years,T,Total,SI,Slovenia,2016,,12933,,,,,
dataflow,ESTAT:DEMO_PJAN(1.0),Population on 1 January by age and sex,A,Annual,NR,Number,Y80,80 years,T,Total,SI,Slovenia,2017,,13405,,,,,
dataflow,ESTAT:DEMO_PJAN(1.0),Population on 1 January by age and sex,A,Annual,NR,Number,Y80,80 years,T,Total,SI,Slovenia,2018,,13118,,,,,
dataflow,ESTAT:DEMO_PJAN(1.0),Population on 1 January by age and sex,A,Annual,NR,Number,Y80,80 years,T,Total,SI,Slovenia,2019,,13383,,,,,
dataflow,ESTAT:DEMO_PJAN(1.0),Population on 1 January by age and sex,A,Annual,NR,Number,Y80,80 years,T,Total,SI,Slovenia,2020,,13868,,,,,
dataflow,ESTAT:DEMO_PJAN(1.0),Population on 1 January by age and sex,A,Annual,NR,Number,Y80,80 years,T,Total,SI,Slovenia,2021,,14066,,,,,
dataflow,ESTAT:DEMO_PJAN(1.0),Population on 1 January by age and sex,A,Annual,NR,Number,Y80,80 years,T,Total,SI,Slovenia,2022,,14100,,,,,
dataflow,ESTAT:DEMO_PJAN(1.0),Population on 1 January by age and sex,A,Annual,NR,Number,Y80,80 years,T,Total,SI,Slovenia,2023,,14849,,,,,
dataflow,ESTAT:DEMO_PJAN(1.0),Population on 1 January by age and sex,A,Annual,NR,Number,Y80,80 years,T,Total,SI,Slovenia,2024,,14733,,,,,
dataflow,ESTAT:DEMO_PJAN(1.0),Population on 1 January by age and sex,A,Annual,NR,Number,Y80,80 years,T,Total,SI,Slovenia,2025,,13239,,,,,
dataflow,ESTAT:DEMO_PJAN(1.0),Population on 1 January by age and sex,A,Annual,NR,Number,Y81,81 years,F,Females,SI,Slovenia,2016,,7768,,,,,
dataflow,ESTAT:DEMO_PJAN(1.0),Population on 1 January by age and sex,A,Annual,NR,Number,Y81,81 years,F,Females,SI,Slovenia,2017,,7555,,,,,
dataflow,ESTAT:DEMO_PJAN(1.0),Population on 1 January by age and sex,A,Annual,NR,Number,Y81,81 years,F,Females,SI,Slovenia,2018,,7868,,,,,
dataflow,ESTAT:DEMO_PJAN(1.0),Population on 1 January by age and sex,A,Annual,NR,Number,Y81,81 years,F,Females,SI,Slovenia,2019,,7654,,,,,
dataflow,ESTAT:DEMO_PJAN(1.0),Population on 1 January by age and sex,A,Annual,NR,Number,Y81,81 years,F,Females,SI,Slovenia,2020,,7751,,,,,
dataflow,ESTAT:DEMO_PJAN(1.0),Population on 1 January by age and sex,A,Annual,NR,Number,Y81,81 years,F,Females,SI,Slovenia,2021,,7964,,,,,
dataflow,ESTAT:DEMO_PJAN(1.0),Population on 1 January by age and sex,A,Annual,NR,Number,Y81,81 years,F,Females,SI,Slovenia,2022,,8041,,,,,
dataflow,ESTAT:DEMO_PJAN(1.0),Population on 1 January by age and sex,A,Annual,NR,Number,Y81,81 years,F,Females,SI,Slovenia,2023,,7936,,,,,
dataflow,ESTAT:DEMO_PJAN(1.0),Population on 1 January by age and sex,A,Annual,NR,Number,Y81,81 years,F,Females,SI,Slovenia,2024,,8433,,,,,
dataflow,ESTAT:DEMO_PJAN(1.0),Population on 1 January by age and sex,A,Annual,NR,Number,Y81,81 years,F,Females,SI,Slovenia,2025,,8452,,,,,
dataflow,ESTAT:DEMO_PJAN(1.0),Population on 1 January by age and sex,A,Annual,NR,Number,Y81,81 years,M,Males,SI,Slovenia,2016,,4389,,,,,
dataflow,ESTAT:DEMO_PJAN(1.0),Population on 1 January by age and sex,A,Annual,NR,Number,Y81,81 years,M,Males,SI,Slovenia,2017,,4709,,,,,
dataflow,ESTAT:DEMO_PJAN(1.0),Population on 1 January by age and sex,A,Annual,NR,Number,Y81,81 years,M,Males,SI,Slovenia,2018,,4842,,,,,
dataflow,ESTAT:DEMO_PJAN(1.0),Population on 1 January by age and sex,A,Annual,NR,Number,Y81,81 years,M,Males,SI,Slovenia,2019,,4858,,,,,
dataflow,ESTAT:DEMO_PJAN(1.0),Population on 1 January by age and sex,A,Annual,NR,Number,Y81,81 years,M,Males,SI,Slovenia,2020,,5028,,,,,
dataflow,ESTAT:DEMO_PJAN(1.0),Population on 1 January by age and sex,A,Annual,NR,Number,Y81,81 years,M,Males,SI,Slovenia,2021,,5269,,,,,
dataflow,ESTAT:DEMO_PJAN(1.0),Population on 1 January by age and sex,A,Annual,NR,Number,Y81,81 years,M,Males,SI,Slovenia,2022,,5302,,,,,
dataflow,ESTAT:DEMO_PJAN(1.0),Population on 1 January by age and sex,A,Annual,NR,Number,Y81,81 years,M,Males,SI,Slovenia,2023,,5491,,,,,
dataflow,ESTAT:DEMO_PJAN(1.0),Population on 1 January by age and sex,A,Annual,NR,Number,Y81,81 years,M,Males,SI,Slovenia,2024,,5743,,,,,
dataflow,ESTAT:DEMO_PJAN(1.0),Population on 1 January by age and sex,A,Annual,NR,Number,Y81,81 years,M,Males,SI,Slovenia,2025,,5651,,,,,
dataflow,ESTAT:DEMO_PJAN(1.0),Population on 1 January by age and sex,A,Annual,NR,Number,Y81,81 years,T,Total,SI,Slovenia,2016,,12157,,,,,
dataflow,ESTAT:DEMO_PJAN(1.0),Population on 1 January by age and sex,A,Annual,NR,Number,Y81,81 years,T,Total,SI,Slovenia,2017,,12264,,,,,
dataflow,ESTAT:DEMO_PJAN(1.0),Population on 1 January by age and sex,A,Annual,NR,Number,Y81,81 years,T,Total,SI,Slovenia,2018,,12710,,,,,
dataflow,ESTAT:DEMO_PJAN(1.0),Population on 1 January by age and sex,A,Annual,NR,Number,Y81,81 years,T,Total,SI,Slovenia,2019,,12512,,,,,
dataflow,ESTAT:DEMO_PJAN(1.0),Population on 1 January by age and sex,A,Annual,NR,Number,Y81,81 years,T,Total,SI,Slovenia,2020,,12779,,,,,
dataflow,ESTAT:DEMO_PJAN(1.0),Population on 1 January by age and sex,A,Annual,NR,Number,Y81,81 years,T,Total,SI,Slovenia,2021,,13233,,,,,
dataflow,ESTAT:DEMO_PJAN(1.0),Population on 1 January by age and sex,A,Annual,NR,Number,Y81,81 years,T,Total,SI,Slovenia,2022,,13343,,,,,
dataflow,ESTAT:DEMO_PJAN(1.0),Population on 1 January by age and sex,A,Annual,NR,Number,Y81,81 years,T,Total,SI,Slovenia,2023,,13427,,,,,
dataflow,ESTAT:DEMO_PJAN(1.0),Population on 1 January by age and sex,A,Annual,NR,Number,Y81,81 years,T,Total,SI,Slovenia,2024,,14176,,,,,
dataflow,ESTAT:DEMO_PJAN(1.0),Population on 1 January by age and sex,A,Annual,NR,Number,Y81,81 years,T,Total,SI,Slovenia,2025,,14103,,,,,
dataflow,ESTAT:DEMO_PJAN(1.0),Population on 1 January by age and sex,A,Annual,NR,Number,Y82,82 years,F,Females,SI,Slovenia,2016,,7290,,,,,
dataflow,ESTAT:DEMO_PJAN(1.0),Population on 1 January by age and sex,A,Annual,NR,Number,Y82,82 years,F,Females,SI,Slovenia,2017,,7418,,,,,
dataflow,ESTAT:DEMO_PJAN(1.0),Population on 1 January by age and sex,A,Annual,NR,Number,Y82,82 years,F,Females,SI,Slovenia,2018,,7218,,,,,
dataflow,ESTAT:DEMO_PJAN(1.0),Population on 1 January by age and sex,A,Annual,NR,Number,Y82,82 years,F,Females,SI,Slovenia,2019,,7524,,,,,
dataflow,ESTAT:DEMO_PJAN(1.0),Population on 1 January by age and sex,A,Annual,NR,Number,Y82,82 years,F,Females,SI,Slovenia,2020,,7342,,,,,
dataflow,ESTAT:DEMO_PJAN(1.0),Population on 1 January by age and sex,A,Annual,NR,Number,Y82,82 years,F,Females,SI,Slovenia,2021,,7390,,,,,
dataflow,ESTAT:DEMO_PJAN(1.0),Population on 1 January by age and sex,A,Annual,NR,Number,Y82,82 years,F,Females,SI,Slovenia,2022,,7631,,,,,
dataflow,ESTAT:DEMO_PJAN(1.0),Population on 1 January by age and sex,A,Annual,NR,Number,Y82,82 years,F,Females,SI,Slovenia,2023,,7706,,,,,
dataflow,ESTAT:DEMO_PJAN(1.0),Population on 1 January by age and sex,A,Annual,NR,Number,Y82,82 years,F,Females,SI,Slovenia,2024,,7617,,,,,
dataflow,ESTAT:DEMO_PJAN(1.0),Population on 1 January by age and sex,A,Annual,NR,Number,Y82,82 years,F,Females,SI,Slovenia,2025,,8118,,,,,
dataflow,ESTAT:DEMO_PJAN(1.0),Population on 1 January by age and sex,A,Annual,NR,Number,Y82,82 years,M,Males,SI,Slovenia,2016,,3909,,,,,
dataflow,ESTAT:DEMO_PJAN(1.0),Population on 1 January by age and sex,A,Annual,NR,Number,Y82,82 years,M,Males,SI,Slovenia,2017,,4072,,,,,
dataflow,ESTAT:DEMO_PJAN(1.0),Population on 1 January by age and sex,A,Annual,NR,Number,Y82,82 years,M,Males,SI,Slovenia,2018,,4372,,,,,
dataflow,ESTAT:DEMO_PJAN(1.0),Population on 1 January by age and sex,A,Annual,NR,Number,Y82,82 years,M,Males,SI,Slovenia,2019,,4502,,,,,
dataflow,ESTAT:DEMO_PJAN(1.0),Population on 1 January by age and sex,A,Annual,NR,Number,Y82,82 years,M,Males,SI,Slovenia,2020,,4528,,,,,
dataflow,ESTAT:DEMO_PJAN(1.0),Population on 1 January by age and sex,A,Annual,NR,Number,Y82,82 years,M,Males,SI,Slovenia,2021,,4672,,,,,
dataflow,ESTAT:DEMO_PJAN(1.0),Population on 1 January by age and sex,A,Annual,NR,Number,Y82,82 years,M,Males,SI,Slovenia,2022,,4845,,,,,
dataflow,ESTAT:DEMO_PJAN(1.0),Population on 1 January by age and sex,A,Annual,NR,Number,Y82,82 years,M,Males,SI,Slovenia,2023,,4923,,,,,
dataflow,ESTAT:DEMO_PJAN(1.0),Population on 1 January by age and sex,A,Annual,NR,Number,Y82,82 years,M,Males,SI,Slovenia,2024,,5111,,,,,
dataflow,ESTAT:DEMO_PJAN(1.0),Population on 1 January by age and sex,A,Annual,NR,Number,Y82,82 years,M,Males,SI,Slovenia,2025,,5359,,,,,
dataflow,ESTAT:DEMO_PJAN(1.0),Population on 1 January by age and sex,A,Annual,NR,Number,Y82,82 years,T,Total,SI,Slovenia,2016,,11199,,,,,
dataflow,ESTAT:DEMO_PJAN(1.0),Population on 1 January by age and sex,A,Annual,NR,Number,Y82,82 years,T,Total,SI,Slovenia,2017,,11490,,,,,
dataflow,ESTAT:DEMO_PJAN(1.0),Population on 1 January by age and sex,A,Annual,NR,Number,Y82,82 years,T,Total,SI,Slovenia,2018,,11590,,,,,
dataflow,ESTAT:DEMO_PJAN(1.0),Population on 1 January by age and sex,A,Annual,NR,Number,Y82,82 years,T,Total,SI,Slovenia,2019,,12026,,,,,
dataflow,ESTAT:DEMO_PJAN(1.0),Population on 1 January by age and sex,A,Annual,NR,Number,Y82,82 years,T,Total,SI,Slovenia,2020,,11870,,,,,
dataflow,ESTAT:DEMO_PJAN(1.0),Population on 1 January by age and sex,A,Annual,NR,Number,Y82,82 years,T,Total,SI,Slovenia,2021,,12062,,,,,
dataflow,ESTAT:DEMO_PJAN(1.0),Population on 1 January by age and sex,A,Annual,NR,Number,Y82,82 years,T,Total,SI,Slovenia,2022,,12476,,,,,
dataflow,ESTAT:DEMO_PJAN(1.0),Population on 1 January by age and sex,A,Annual,NR,Number,Y82,82 years,T,Total,SI,Slovenia,2023,,12629,,,,,
dataflow,ESTAT:DEMO_PJAN(1.0),Population on 1 January by age and sex,A,Annual,NR,Number,Y82,82 years,T,Total,SI,Slovenia,2024,,12728,,,,,
dataflow,ESTAT:DEMO_PJAN(1.0),Population on 1 January by age and sex,A,Annual,NR,Number,Y82,82 years,T,Total,SI,Slovenia,2025,,13477,,,,,
dataflow,ESTAT:DEMO_PJAN(1.0),Population on 1 January by age and sex,A,Annual,NR,Number,Y83,83 years,F,Females,SI,Slovenia,2016,,7123,,,,,
dataflow,ESTAT:DEMO_PJAN(1.0),Population on 1 January by age and sex,A,Annual,NR,Number,Y83,83 years,F,Females,SI,Slovenia,2017,,6914,,,,,
dataflow,ESTAT:DEMO_PJAN(1.0),Population on 1 January by age and sex,A,Annual,NR,Number,Y83,83 years,F,Females,SI,Slovenia,2018,,7029,,,,,
dataflow,ESTAT:DEMO_PJAN(1.0),Population on 1 January by age and sex,A,Annual,NR,Number,Y83,83 years,F,Females,SI,Slovenia,2019,,6864,,,,,
dataflow,ESTAT:DEMO_PJAN(1.0),Population on 1 January by age and sex,A,Annual,NR,Number,Y83,83 years,F,Females,SI,Slovenia,2020,,7187,,,,,
dataflow,ESTAT:DEMO_PJAN(1.0),Population on 1 January by age and sex,A,Annual,NR,Number,Y83,83 years,F,Females,SI,Slovenia,2021,,6977,,,,,
dataflow,ESTAT:DEMO_PJAN(1.0),Population on 1 January by age and sex,A,Annual,NR,Number,Y83,83 years,F,Females,SI,Slovenia,2022,,6966,,,,,
dataflow,ESTAT:DEMO_PJAN(1.0),Population on 1 January by age and sex,A,Annual,NR,Number,Y83,83 years,F,Females,SI,Slovenia,2023,,7238,,,,,
dataflow,ESTAT:DEMO_PJAN(1.0),Population on 1 January by age and sex,A,Annual,NR,Number,Y83,83 years,F,Females,SI,Slovenia,2024,,7339,,,,,
dataflow,ESTAT:DEMO_PJAN(1.0),Population on 1 January by age and sex,A,Annual,NR,Number,Y83,83 years,F,Females,SI,Slovenia,2025,,7294,,,,,
dataflow,ESTAT:DEMO_PJAN(1.0),Population on 1 January by age and sex,A,Annual,NR,Number,Y83,83 years,M,Males,SI,Slovenia,2016,,3535,,,,,
dataflow,ESTAT:DEMO_PJAN(1.0),Population on 1 January by age and sex,A,Annual,NR,Number,Y83,83 years,M,Males,SI,Slovenia,2017,,3560,,,,,
dataflow,ESTAT:DEMO_PJAN(1.0),Population on 1 January by age and sex,A,Annual,NR,Number,Y83,83 years,M,Males,SI,Slovenia,2018,,3712,,,,,
dataflow,ESTAT:DEMO_PJAN(1.0),Population on 1 January by age and sex,A,Annual,NR,Number,Y83,83 years,M,Males,SI,Slovenia,2019,,4007,,,,,
dataflow,ESTAT:DEMO_PJAN(1.0),Population on 1 January by age and sex,A,Annual,NR,Number,Y83,83 years,M,Males,SI,Slovenia,2020,,4183,,,,,
dataflow,ESTAT:DEMO_PJAN(1.0),Population on 1 January by age and sex,A,Annual,NR,Number,Y83,83 years,M,Males,SI,Slovenia,2021,,4188,,,,,
dataflow,ESTAT:DEMO_PJAN(1.0),Population on 1 January by age and sex,A,Annual,NR,Number,Y83,83 years,M,Males,SI,Slovenia,2022,,4288,,,,,
dataflow,ESTAT:DEMO_PJAN(1.0),Population on 1 January by age and sex,A,Annual,NR,Number,Y83,83 years,M,Males,SI,Slovenia,2023,,4501,,,,,
dataflow,ESTAT:DEMO_PJAN(1.0),Population on 1 January by age and sex,A,Annual,NR,Number,Y83,83 years,M,Males,SI,Slovenia,2024,,4532,,,,,
dataflow,ESTAT:DEMO_PJAN(1.0),Population on 1 January by age and sex,A,Annual,NR,Number,Y83,83 years,M,Males,SI,Slovenia,2025,,4756,,,,,
dataflow,ESTAT:DEMO_PJAN(1.0),Population on 1 January by age and sex,A,Annual,NR,Number,Y83,83 years,T,Total,SI,Slovenia,2016,,10658,,,,,
dataflow,ESTAT:DEMO_PJAN(1.0),Population on 1 January by age and sex,A,Annual,NR,Number,Y83,83 years,T,Total,SI,Slovenia,2017,,10474,,,,,
dataflow,ESTAT:DEMO_PJAN(1.0),Population on 1 January by age and sex,A,Annual,NR,Number,Y83,83 years,T,Total,SI,Slovenia,2018,,10741,,,,,
dataflow,ESTAT:DEMO_PJAN(1.0),Population on 1 January by age and sex,A,Annual,NR,Number,Y83,83 years,T,Total,SI,Slovenia,2019,,10871,,,,,
dataflow,ESTAT:DEMO_PJAN(1.0),Population on 1 January by age and sex,A,Annual,NR,Number,Y83,83 years,T,Total,SI,Slovenia,2020,,11370,,,,,
dataflow,ESTAT:DEMO_PJAN(1.0),Population on 1 January by age and sex,A,Annual,NR,Number,Y83,83 years,T,Total,SI,Slovenia,2021,,11165,,,,,
dataflow,ESTAT:DEMO_PJAN(1.0),Population on 1 January by age and sex,A,Annual,NR,Number,Y83,83 years,T,Total,SI,Slovenia,2022,,11254,,,,,
dataflow,ESTAT:DEMO_PJAN(1.0),Population on 1 January by age and sex,A,Annual,NR,Number,Y83,83 years,T,Total,SI,Slovenia,2023,,11739,,,,,
dataflow,ESTAT:DEMO_PJAN(1.0),Population on 1 January by age and sex,A,Annual,NR,Number,Y83,83 years,T,Total,SI,Slovenia,2024,,11871,,,,,
dataflow,ESTAT:DEMO_PJAN(1.0),Population on 1 January by age and sex,A,Annual,NR,Number,Y83,83 years,T,Total,SI,Slovenia,2025,,12050,,,,,
dataflow,ESTAT:DEMO_PJAN(1.0),Population on 1 January by age and sex,A,Annual,NR,Number,Y84,84 years,F,Females,SI,Slovenia,2016,,6378,,,,,
dataflow,ESTAT:DEMO_PJAN(1.0),Population on 1 January by age and sex,A,Annual,NR,Number,Y84,84 years,F,Females,SI,Slovenia,2017,,6662,,,,,
dataflow,ESTAT:DEMO_PJAN(1.0),Population on 1 January by age and sex,A,Annual,NR,Number,Y84,84 years,F,Females,SI,Slovenia,2018,,6474,,,,,
dataflow,ESTAT:DEMO_PJAN(1.0),Population on 1 January by age and sex,A,Annual,NR,Number,Y84,84 years,F,Females,SI,Slovenia,2019,,6574,,,,,
dataflow,ESTAT:DEMO_PJAN(1.0),Population on 1 January by age and sex,A,Annual,NR,Number,Y84,84 years,F,Females,SI,Slovenia,2020,,6480,,,,,
dataflow,ESTAT:DEMO_PJAN(1.0),Population on 1 January by age and sex,A,Annual,NR,Number,Y84,84 years,F,Females,SI,Slovenia,2021,,6727,,,,,
dataflow,ESTAT:DEMO_PJAN(1.0),Population on 1 January by age and sex,A,Annual,NR,Number,Y84,84 years,F,Females,SI,Slovenia,2022,,6574,,,,,
dataflow,ESTAT:DEMO_PJAN(1.0),Population on 1 January by age and sex,A,Annual,NR,Number,Y84,84 years,F,Females,SI,Slovenia,2023,,6564,,,,,
dataflow,ESTAT:DEMO_PJAN(1.0),Population on 1 January by age and sex,A,Annual,NR,Number,Y84,84 years,F,Females,SI,Slovenia,2024,,6825,,,,,
dataflow,ESTAT:DEMO_PJAN(1.0),Population on 1 January by age and sex,A,Annual,NR,Number,Y84,84 years,F,Females,SI,Slovenia,2025,,6937,,,,,
dataflow,ESTAT:DEMO_PJAN(1.0),Population on 1 January by age and sex,A,Annual,NR,Number,Y84,84 years,M,Males,SI,Slovenia,2016,,3047,,,,,
dataflow,ESTAT:DEMO_PJAN(1.0),Population on 1 January by age and sex,A,Annual,NR,Number,Y84,84 years,M,Males,SI,Slovenia,2017,,3209,,,,,
dataflow,ESTAT:DEMO_PJAN(1.0),Population on 1 January by age and sex,A,Annual,NR,Number,Y84,84 years,M,Males,SI,Slovenia,2018,,3225,,,,,
dataflow,ESTAT:DEMO_PJAN(1.0),Population on 1 January by age and sex,A,Annual,NR,Number,Y84,84 years,M,Males,SI,Slovenia,2019,,3391,,,,,
dataflow,ESTAT:DEMO_PJAN(1.0),Population on 1 January by age and sex,A,Annual,NR,Number,Y84,84 years,M,Males,SI,Slovenia,2020,,3664,,,,,
dataflow,ESTAT:DEMO_PJAN(1.0),Population on 1 January by age and sex,A,Annual,NR,Number,Y84,84 years,M,Males,SI,Slovenia,2021,,3799,,,,,
dataflow,ESTAT:DEMO_PJAN(1.0),Population on 1 January by age and sex,A,Annual,NR,Number,Y84,84 years,M,Males,SI,Slovenia,2022,,3794,,,,,
dataflow,ESTAT:DEMO_PJAN(1.0),Population on 1 January by age and sex,A,Annual,NR,Number,Y84,84 years,M,Males,SI,Slovenia,2023,,3899,,,,,
dataflow,ESTAT:DEMO_PJAN(1.0),Population on 1 January by age and sex,A,Annual,NR,Number,Y84,84 years,M,Males,SI,Slovenia,2024,,4090,,,,,
dataflow,ESTAT:DEMO_PJAN(1.0),Population on 1 January by age and sex,A,Annual,NR,Number,Y84,84 years,M,Males,SI,Slovenia,2025,,4192,,,,,
dataflow,ESTAT:DEMO_PJAN(1.0),Population on 1 January by age and sex,A,Annual,NR,Number,Y84,84 years,T,Total,SI,Slovenia,2016,,9425,,,,,
dataflow,ESTAT:DEMO_PJAN(1.0),Population on 1 January by age and sex,A,Annual,NR,Number,Y84,84 years,T,Total,SI,Slovenia,2017,,9871,,,,,
dataflow,ESTAT:DEMO_PJAN(1.0),Population on 1 January by age and sex,A,Annual,NR,Number,Y84,84 years,T,Total,SI,Slovenia,2018,,9699,,,,,
dataflow,ESTAT:DEMO_PJAN(1.0),Population on 1 January by age and sex,A,Annual,NR,Number,Y84,84 years,T,Total,SI,Slovenia,2019,,9965,,,,,
dataflow,ESTAT:DEMO_PJAN(1.0),Population on 1 January by age and sex,A,Annual,NR,Number,Y84,84 years,T,Total,SI,Slovenia,2020,,10144,,,,,
dataflow,ESTAT:DEMO_PJAN(1.0),Population on 1 January by age and sex,A,Annual,NR,Number,Y84,84 years,T,Total,SI,Slovenia,2021,,10526,,,,,
dataflow,ESTAT:DEMO_PJAN(1.0),Population on 1 January by age and sex,A,Annual,NR,Number,Y84,84 years,T,Total,SI,Slovenia,2022,,10368,,,,,
dataflow,ESTAT:DEMO_PJAN(1.0),Population on 1 January by age and sex,A,Annual,NR,Number,Y84,84 years,T,Total,SI,Slovenia,2023,,10463,,,,,
dataflow,ESTAT:DEMO_PJAN(1.0),Population on 1 January by age and sex,A,Annual,NR,Number,Y84,84 years,T,Total,SI,Slovenia,2024,,10915,,,,,
dataflow,ESTAT:DEMO_PJAN(1.0),Population on 1 January by age and sex,A,Annual,NR,Number,Y84,84 years,T,Total,SI,Slovenia,2025,,11129,,,,,
dataflow,ESTAT:DEMO_PJAN(1.0),Population on 1 January by age and sex,A,Annual,NR,Number,Y85,85 years,F,Females,SI,Slovenia,2016,,6176,,,,,
dataflow,ESTAT:DEMO_PJAN(1.0),Population on 1 January by age and sex,A,Annual,NR,Number,Y85,85 years,F,Females,SI,Slovenia,2017,,5928,,,,,
dataflow,ESTAT:DEMO_PJAN(1.0),Population on 1 January by age and sex,A,Annual,NR,Number,Y85,85 years,F,Females,SI,Slovenia,2018,,6178,,,,,
dataflow,ESTAT:DEMO_PJAN(1.0),Population on 1 January by age and sex,A,Annual,NR,Number,Y85,85 years,F,Females,SI,Slovenia,2019,,6048,,,,,
dataflow,ESTAT:DEMO_PJAN(1.0),Population on 1 January by age and sex,A,Annual,NR,Number,Y85,85 years,F,Females,SI,Slovenia,2020,,6135,,,,,
dataflow,ESTAT:DEMO_PJAN(1.0),Population on 1 January by age and sex,A,Annual,NR,Number,Y85,85 years,F,Females,SI,Slovenia,2021,,5972,,,,,
dataflow,ESTAT:DEMO_PJAN(1.0),Population on 1 January by age and sex,A,Annual,NR,Number,Y85,85 years,F,Females,SI,Slovenia,2022,,6254,,,,,
dataflow,ESTAT:DEMO_PJAN(1.0),Population on 1 January by age and sex,A,Annual,NR,Number,Y85,85 years,F,Females,SI,Slovenia,2023,,6082,,,,,
dataflow,ESTAT:DEMO_PJAN(1.0),Population on 1 January by age and sex,A,Annual,NR,Number,Y85,85 years,F,Females,SI,Slovenia,2024,,6188,,,,,
dataflow,ESTAT:DEMO_PJAN(1.0),Population on 1 January by age and sex,A,Annual,NR,Number,Y85,85 years,F,Females,SI,Slovenia,2025,,6394,,,,,
dataflow,ESTAT:DEMO_PJAN(1.0),Population on 1 January by age and sex,A,Annual,NR,Number,Y85,85 years,M,Males,SI,Slovenia,2016,,2806,,,,,
dataflow,ESTAT:DEMO_PJAN(1.0),Population on 1 January by age and sex,A,Annual,NR,Number,Y85,85 years,M,Males,SI,Slovenia,2017,,2711,,,,,
dataflow,ESTAT:DEMO_PJAN(1.0),Population on 1 January by age and sex,A,Annual,NR,Number,Y85,85 years,M,Males,SI,Slovenia,2018,,2877,,,,,
dataflow,ESTAT:DEMO_PJAN(1.0),Population on 1 January by age and sex,A,Annual,NR,Number,Y85,85 years,M,Males,SI,Slovenia,2019,,2919,,,,,
dataflow,ESTAT:DEMO_PJAN(1.0),Population on 1 January by age and sex,A,Annual,NR,Number,Y85,85 years,M,Males,SI,Slovenia,2020,,3077,,,,,
dataflow,ESTAT:DEMO_PJAN(1.0),Population on 1 January by age and sex,A,Annual,NR,Number,Y85,85 years,M,Males,SI,Slovenia,2021,,3299,,,,,
dataflow,ESTAT:DEMO_PJAN(1.0),Population on 1 January by age and sex,A,Annual,NR,Number,Y85,85 years,M,Males,SI,Slovenia,2022,,3370,,,,,
dataflow,ESTAT:DEMO_PJAN(1.0),Population on 1 January by age and sex,A,Annual,NR,Number,Y85,85 years,M,Males,SI,Slovenia,2023,,3412,,,,,
dataflow,ESTAT:DEMO_PJAN(1.0),Population on 1 January by age and sex,A,Annual,NR,Number,Y85,85 years,M,Males,SI,Slovenia,2024,,3546,,,,,
dataflow,ESTAT:DEMO_PJAN(1.0),Population on 1 January by age and sex,A,Annual,NR,Number,Y85,85 years,M,Males,SI,Slovenia,2025,,3693,,,,,
dataflow,ESTAT:DEMO_PJAN(1.0),Population on 1 January by age and sex,A,Annual,NR,Number,Y85,85 years,T,Total,SI,Slovenia,2016,,8982,,,,,
dataflow,ESTAT:DEMO_PJAN(1.0),Population on 1 January by age and sex,A,Annual,NR,Number,Y85,85 years,T,Total,SI,Slovenia,2017,,8639,,,,,
dataflow,ESTAT:DEMO_PJAN(1.0),Population on 1 January by age and sex,A,Annual,NR,Number,Y85,85 years,T,Total,SI,Slovenia,2018,,9055,,,,,
dataflow,ESTAT:DEMO_PJAN(1.0),Population on 1 January by age and sex,A,Annual,NR,Number,Y85,85 years,T,Total,SI,Slovenia,2019,,8967,,,,,
dataflow,ESTAT:DEMO_PJAN(1.0),Population on 1 January by age and sex,A,Annual,NR,Number,Y85,85 years,T,Total,SI,Slovenia,2020,,9212,,,,,
dataflow,ESTAT:DEMO_PJAN(1.0),Population on 1 January by age and sex,A,Annual,NR,Number,Y85,85 years,T,Total,SI,Slovenia,2021,,9271,,,,,
dataflow,ESTAT:DEMO_PJAN(1.0),Population on 1 January by age and sex,A,Annual,NR,Number,Y85,85 years,T,Total,SI,Slovenia,2022,,9624,,,,,
dataflow,ESTAT:DEMO_PJAN(1.0),Population on 1 January by age and sex,A,Annual,NR,Number,Y85,85 years,T,Total,SI,Slovenia,2023,,9494,,,,,
dataflow,ESTAT:DEMO_PJAN(1.0),Population on 1 January by age and sex,A,Annual,NR,Number,Y85,85 years,T,Total,SI,Slovenia,2024,,9734,,,,,
dataflow,ESTAT:DEMO_PJAN(1.0),Population on 1 January by age and sex,A,Annual,NR,Number,Y85,85 years,T,Total,SI,Slovenia,2025,,10087,,,,,
dataflow,ESTAT:DEMO_PJAN(1.0),Population on 1 January by age and sex,A,Annual,NR,Number,Y86,86 years,F,Females,SI,Slovenia,2016,,5145,,,,,
dataflow,ESTAT:DEMO_PJAN(1.0),Population on 1 January by age and sex,A,Annual,NR,Number,Y86,86 years,F,Females,SI,Slovenia,2017,,5693,,,,,
dataflow,ESTAT:DEMO_PJAN(1.0),Population on 1 January by age and sex,A,Annual,NR,Number,Y86,86 years,F,Females,SI,Slovenia,2018,,5448,,,,,
dataflow,ESTAT:DEMO_PJAN(1.0),Population on 1 January by age and sex,A,Annual,NR,Number,Y86,86 years,F,Females,SI,Slovenia,2019,,5653,,,,,
dataflow,ESTAT:DEMO_PJAN(1.0),Population on 1 January by age and sex,A,Annual,NR,Number,Y86,86 years,F,Females,SI,Slovenia,2020,,5570,,,,,
dataflow,ESTAT:DEMO_PJAN(1.0),Population on 1 January by age and sex,A,Annual,NR,Number,Y86,86 years,F,Females,SI,Slovenia,2021,,5593,,,,,
dataflow,ESTAT:DEMO_PJAN(1.0),Population on 1 January by age and sex,A,Annual,NR,Number,Y86,86 years,F,Females,SI,Slovenia,2022,,5491,,,,,
dataflow,ESTAT:DEMO_PJAN(1.0),Population on 1 January by age and sex,A,Annual,NR,Number,Y86,86 years,F,Females,SI,Slovenia,2023,,5717,,,,,
dataflow,ESTAT:DEMO_PJAN(1.0),Population on 1 January by age and sex,A,Annual,NR,Number,Y86,86 years,F,Females,SI,Slovenia,2024,,5667,,,,,
dataflow,ESTAT:DEMO_PJAN(1.0),Population on 1 January by age and sex,A,Annual,NR,Number,Y86,86 years,F,Females,SI,Slovenia,2025,,5727,,,,,
dataflow,ESTAT:DEMO_PJAN(1.0),Population on 1 January by age and sex,A,Annual,NR,Number,Y86,86 years,M,Males,SI,Slovenia,2016,,2094,,,,,
dataflow,ESTAT:DEMO_PJAN(1.0),Population on 1 January by age and sex,A,Annual,NR,Number,Y86,86 years,M,Males,SI,Slovenia,2017,,2474,,,,,
dataflow,ESTAT:DEMO_PJAN(1.0),Population on 1 January by age and sex,A,Annual,NR,Number,Y86,86 years,M,Males,SI,Slovenia,2018,,2375,,,,,
dataflow,ESTAT:DEMO_PJAN(1.0),Population on 1 January by age and sex,A,Annual,NR,Number,Y86,86 years,M,Males,SI,Slovenia,2019,,2541,,,,,
dataflow,ESTAT:DEMO_PJAN(1.0),Population on 1 January by age and sex,A,Annual,NR,Number,Y86,86 years,M,Males,SI,Slovenia,2020,,2610,,,,,
dataflow,ESTAT:DEMO_PJAN(1.0),Population on 1 January by age and sex,A,Annual,NR,Number,Y86,86 years,M,Males,SI,Slovenia,2021,,2712,,,,,
dataflow,ESTAT:DEMO_PJAN(1.0),Population on 1 January by age and sex,A,Annual,NR,Number,Y86,86 years,M,Males,SI,Slovenia,2022,,2893,,,,,
dataflow,ESTAT:DEMO_PJAN(1.0),Population on 1 January by age and sex,A,Annual,NR,Number,Y86,86 years,M,Males,SI,Slovenia,2023,,2988,,,,,
dataflow,ESTAT:DEMO_PJAN(1.0),Population on 1 January by age and sex,A,Annual,NR,Number,Y86,86 years,M,Males,SI,Slovenia,2024,,3059,,,,,
dataflow,ESTAT:DEMO_PJAN(1.0),Population on 1 January by age and sex,A,Annual,NR,Number,Y86,86 years,M,Males,SI,Slovenia,2025,,3209,,,,,
dataflow,ESTAT:DEMO_PJAN(1.0),Population on 1 January by age and sex,A,Annual,NR,Number,Y86,86 years,T,Total,SI,Slovenia,2016,,7239,,,,,
dataflow,ESTAT:DEMO_PJAN(1.0),Population on 1 January by age and sex,A,Annual,NR,Number,Y86,86 years,T,Total,SI,Slovenia,2017,,8167,,,,,
dataflow,ESTAT:DEMO_PJAN(1.0),Population on 1 January by age and sex,A,Annual,NR,Number,Y86,86 years,T,Total,SI,Slovenia,2018,,7823,,,,,
dataflow,ESTAT:DEMO_PJAN(1.0),Population on 1 January by age and sex,A,Annual,NR,Number,Y86,86 years,T,Total,SI,Slovenia,2019,,8194,,,,,
dataflow,ESTAT:DEMO_PJAN(1.0),Population on 1 January by age and sex,A,Annual,NR,Number,Y86,86 years,T,Total,SI,Slovenia,2020,,8180,,,,,
dataflow,ESTAT:DEMO_PJAN(1.0),Population on 1 January by age and sex,A,Annual,NR,Number,Y86,86 years,T,Total,SI,Slovenia,2021,,8305,,,,,
dataflow,ESTAT:DEMO_PJAN(1.0),Population on 1 January by age and sex,A,Annual,NR,Number,Y86,86 years,T,Total,SI,Slovenia,2022,,8384,,,,,
dataflow,ESTAT:DEMO_PJAN(1.0),Population on 1 January by age and sex,A,Annual,NR,Number,Y86,86 years,T,Total,SI,Slovenia,2023,,8705,,,,,
dataflow,ESTAT:DEMO_PJAN(1.0),Population on 1 January by age and sex,A,Annual,NR,Number,Y86,86 years,T,Total,SI,Slovenia,2024,,8726,,,,,
dataflow,ESTAT:DEMO_PJAN(1.0),Population on 1 January by age and sex,A,Annual,NR,Number,Y86,86 years,T,Total,SI,Slovenia,2025,,8936,,,,,
dataflow,ESTAT:DEMO_PJAN(1.0),Population on 1 January by age and sex,A,Annual,NR,Number,Y87,87 years,F,Females,SI,Slovenia,2016,,4582,,,,,
dataflow,ESTAT:DEMO_PJAN(1.0),Population on 1 January by age and sex,A,Annual,NR,Number,Y87,87 years,F,Females,SI,Slovenia,2017,,4630,,,,,
dataflow,ESTAT:DEMO_PJAN(1.0),Population on 1 January by age and sex,A,Annual,NR,Number,Y87,87 years,F,Females,SI,Slovenia,2018,,5177,,,,,
dataflow,ESTAT:DEMO_PJAN(1.0),Population on 1 January by age and sex,A,Annual,NR,Number,Y87,87 years,F,Females,SI,Slovenia,2019,,4958,,,,,
dataflow,ESTAT:DEMO_PJAN(1.0),Population on 1 January by age and sex,A,Annual,NR,Number,Y87,87 years,F,Females,SI,Slovenia,2020,,5148,,,,,
dataflow,ESTAT:DEMO_PJAN(1.0),Population on 1 January by age and sex,A,Annual,NR,Number,Y87,87 years,F,Females,SI,Slovenia,2021,,5002,,,,,
dataflow,ESTAT:DEMO_PJAN(1.0),Population on 1 January by age and sex,A,Annual,NR,Number,Y87,87 years,F,Females,SI,Slovenia,2022,,5085,,,,,
dataflow,ESTAT:DEMO_PJAN(1.0),Population on 1 January by age and sex,A,Annual,NR,Number,Y87,87 years,F,Females,SI,Slovenia,2023,,4982,,,,,
dataflow,ESTAT:DEMO_PJAN(1.0),Population on 1 January by age and sex,A,Annual,NR,Number,Y87,87 years,F,Females,SI,Slovenia,2024,,5268,,,,,
dataflow,ESTAT:DEMO_PJAN(1.0),Population on 1 January by age and sex,A,Annual,NR,Number,Y87,87 years,F,Females,SI,Slovenia,2025,,5182,,,,,
dataflow,ESTAT:DEMO_PJAN(1.0),Population on 1 January by age and sex,A,Annual,NR,Number,Y87,87 years,M,Males,SI,Slovenia,2016,,1851,,,,,
dataflow,ESTAT:DEMO_PJAN(1.0),Population on 1 January by age and sex,A,Annual,NR,Number,Y87,87 years,M,Males,SI,Slovenia,2017,,1805,,,,,
dataflow,ESTAT:DEMO_PJAN(1.0),Population on 1 January by age and sex,A,Annual,NR,Number,Y87,87 years,M,Males,SI,Slovenia,2018,,2144,,,,,
dataflow,ESTAT:DEMO_PJAN(1.0),Population on 1 January by age and sex,A,Annual,NR,Number,Y87,87 years,M,Males,SI,Slovenia,2019,,2047,,,,,
dataflow,ESTAT:DEMO_PJAN(1.0),Population on 1 January by age and sex,A,Annual,NR,Number,Y87,87 years,M,Males,SI,Slovenia,2020,,2250,,,,,
dataflow,ESTAT:DEMO_PJAN(1.0),Population on 1 January by age and sex,A,Annual,NR,Number,Y87,87 years,M,Males,SI,Slovenia,2021,,2251,,,,,
dataflow,ESTAT:DEMO_PJAN(1.0),Population on 1 January by age and sex,A,Annual,NR,Number,Y87,87 years,M,Males,SI,Slovenia,2022,,2361,,,,,
dataflow,ESTAT:DEMO_PJAN(1.0),Population on 1 January by age and sex,A,Annual,NR,Number,Y87,87 years,M,Males,SI,Slovenia,2023,,2514,,,,,
dataflow,ESTAT:DEMO_PJAN(1.0),Population on 1 January by age and sex,A,Annual,NR,Number,Y87,87 years,M,Males,SI,Slovenia,2024,,2637,,,,,
dataflow,ESTAT:DEMO_PJAN(1.0),Population on 1 January by age and sex,A,Annual,NR,Number,Y87,87 years,M,Males,SI,Slovenia,2025,,2701,,,,,
dataflow,ESTAT:DEMO_PJAN(1.0),Population on 1 January by age and sex,A,Annual,NR,Number,Y87,87 years,T,Total,SI,Slovenia,2016,,6433,,,,,
dataflow,ESTAT:DEMO_PJAN(1.0),Population on 1 January by age and sex,A,Annual,NR,Number,Y87,87 years,T,Total,SI,Slovenia,2017,,6435,,,,,
dataflow,ESTAT:DEMO_PJAN(1.0),Population on 1 January by age and sex,A,Annual,NR,Number,Y87,87 years,T,Total,SI,Slovenia,2018,,7321,,,,,
dataflow,ESTAT:DEMO_PJAN(1.0),Population on 1 January by age and sex,A,Annual,NR,Number,Y87,87 years,T,Total,SI,Slovenia,2019,,7005,,,,,
dataflow,ESTAT:DEMO_PJAN(1.0),Population on 1 January by age and sex,A,Annual,NR,Number,Y87,87 years,T,Total,SI,Slovenia,2020,,7398,,,,,
dataflow,ESTAT:DEMO_PJAN(1.0),Population on 1 January by age and sex,A,Annual,NR,Number,Y87,87 years,T,Total,SI,Slovenia,2021,,7253,,,,,
dataflow,ESTAT:DEMO_PJAN(1.0),Population on 1 January by age and sex,A,Annual,NR,Number,Y87,87 years,T,Total,SI,Slovenia,2022,,7446,,,,,
dataflow,ESTAT:DEMO_PJAN(1.0),Population on 1 January by age and sex,A,Annual,NR,Number,Y87,87 years,T,Total,SI,Slovenia,2023,,7496,,,,,
dataflow,ESTAT:DEMO_PJAN(1.0),Population on 1 January by age and sex,A,Annual,NR,Number,Y87,87 years,T,Total,SI,Slovenia,2024,,7905,,,,,
dataflow,ESTAT:DEMO_PJAN(1.0),Population on 1 January by age and sex,A,Annual,NR,Number,Y87,87 years,T,Total,SI,Slovenia,2025,,7883,,,,,
dataflow,ESTAT:DEMO_PJAN(1.0),Population on 1 January by age and sex,A,Annual,NR,Number,Y88,88 years,F,Females,SI,Slovenia,2016,,3995,,,,,
dataflow,ESTAT:DEMO_PJAN(1.0),Population on 1 January by age and sex,A,Annual,NR,Number,Y88,88 years,F,Females,SI,Slovenia,2017,,4057,,,,,
dataflow,ESTAT:DEMO_PJAN(1.0),Population on 1 January by age and sex,A,Annual,NR,Number,Y88,88 years,F,Females,SI,Slovenia,2018,,4131,,,,,
dataflow,ESTAT:DEMO_PJAN(1.0),Population on 1 January by age and sex,A,Annual,NR,Number,Y88,88 years,F,Females,SI,Slovenia,2019,,4631,,,,,
dataflow,ESTAT:DEMO_PJAN(1.0),Population on 1 January by age and sex,A,Annual,NR,Number,Y88,88 years,F,Females,SI,Slovenia,2020,,4443,,,,,
dataflow,ESTAT:DEMO_PJAN(1.0),Population on 1 January by age and sex,A,Annual,NR,Number,Y88,88 years,F,Females,SI,Slovenia,2021,,4565,,,,,
dataflow,ESTAT:DEMO_PJAN(1.0),Population on 1 January by age and sex,A,Annual,NR,Number,Y88,88 years,F,Females,SI,Slovenia,2022,,4476,,,,,
dataflow,ESTAT:DEMO_PJAN(1.0),Population on 1 January by age and sex,A,Annual,NR,Number,Y88,88 years,F,Females,SI,Slovenia,2023,,4537,,,,,
dataflow,ESTAT:DEMO_PJAN(1.0),Population on 1 January by age and sex,A,Annual,NR,Number,Y88,88 years,F,Females,SI,Slovenia,2024,,4501,,,,,
dataflow,ESTAT:DEMO_PJAN(1.0),Population on 1 January by age and sex,A,Annual,NR,Number,Y88,88 years,F,Females,SI,Slovenia,2025,,4753,,,,,
dataflow,ESTAT:DEMO_PJAN(1.0),Population on 1 January by age and sex,A,Annual,NR,Number,Y88,88 years,M,Males,SI,Slovenia,2016,,1490,,,,,
dataflow,ESTAT:DEMO_PJAN(1.0),Population on 1 January by age and sex,A,Annual,NR,Number,Y88,88 years,M,Males,SI,Slovenia,2017,,1575,,,,,
dataflow,ESTAT:DEMO_PJAN(1.0),Population on 1 January by age and sex,A,Annual,NR,Number,Y88,88 years,M,Males,SI,Slovenia,2018,,1557,,,,,
dataflow,ESTAT:DEMO_PJAN(1.0),Population on 1 January by age and sex,A,Annual,NR,Number,Y88,88 years,M,Males,SI,Slovenia,2019,,1835,,,,,
dataflow,ESTAT:DEMO_PJAN(1.0),Population on 1 January by age and sex,A,Annual,NR,Number,Y88,88 years,M,Males,SI,Slovenia,2020,,1771,,,,,
dataflow,ESTAT:DEMO_PJAN(1.0),Population on 1 January by age and sex,A,Annual,NR,Number,Y88,88 years,M,Males,SI,Slovenia,2021,,1930,,,,,
dataflow,ESTAT:DEMO_PJAN(1.0),Population on 1 January by age and sex,A,Annual,NR,Number,Y88,88 years,M,Males,SI,Slovenia,2022,,1880,,,,,
dataflow,ESTAT:DEMO_PJAN(1.0),Population on 1 January by age and sex,A,Annual,NR,Number,Y88,88 years,M,Males,SI,Slovenia,2023,,2046,,,,,
dataflow,ESTAT:DEMO_PJAN(1.0),Population on 1 January by age and sex,A,Annual,NR,Number,Y88,88 years,M,Males,SI,Slovenia,2024,,2183,,,,,
dataflow,ESTAT:DEMO_PJAN(1.0),Population on 1 January by age and sex,A,Annual,NR,Number,Y88,88 years,M,Males,SI,Slovenia,2025,,2297,,,,,
dataflow,ESTAT:DEMO_PJAN(1.0),Population on 1 January by age and sex,A,Annual,NR,Number,Y88,88 years,T,Total,SI,Slovenia,2016,,5485,,,,,
dataflow,ESTAT:DEMO_PJAN(1.0),Population on 1 January by age and sex,A,Annual,NR,Number,Y88,88 years,T,Total,SI,Slovenia,2017,,5632,,,,,
dataflow,ESTAT:DEMO_PJAN(1.0),Population on 1 January by age and sex,A,Annual,NR,Number,Y88,88 years,T,Total,SI,Slovenia,2018,,5688,,,,,
dataflow,ESTAT:DEMO_PJAN(1.0),Population on 1 January by age and sex,A,Annual,NR,Number,Y88,88 years,T,Total,SI,Slovenia,2019,,6466,,,,,
dataflow,ESTAT:DEMO_PJAN(1.0),Population on 1 January by age and sex,A,Annual,NR,Number,Y88,88 years,T,Total,SI,Slovenia,2020,,6214,,,,,
dataflow,ESTAT:DEMO_PJAN(1.0),Population on 1 January by age and sex,A,Annual,NR,Number,Y88,88 years,T,Total,SI,Slovenia,2021,,6495,,,,,
dataflow,ESTAT:DEMO_PJAN(1.0),Population on 1 January by age and sex,A,Annual,NR,Number,Y88,88 years,T,Total,SI,Slovenia,2022,,6356,,,,,
dataflow,ESTAT:DEMO_PJAN(1.0),Population on 1 January by age and sex,A,Annual,NR,Number,Y88,88 years,T,Total,SI,Slovenia,2023,,6583,,,,,
dataflow,ESTAT:DEMO_PJAN(1.0),Population on 1 January by age and sex,A,Annual,NR,Number,Y88,88 years,T,Total,SI,Slovenia,2024,,6684,,,,,
dataflow,ESTAT:DEMO_PJAN(1.0),Population on 1 January by age and sex,A,Annual,NR,Number,Y88,88 years,T,Total,SI,Slovenia,2025,,7050,,,,,
dataflow,ESTAT:DEMO_PJAN(1.0),Population on 1 January by age and sex,A,Annual,NR,Number,Y89,89 years,F,Females,SI,Slovenia,2016,,3414,,,,,
dataflow,ESTAT:DEMO_PJAN(1.0),Population on 1 January by age and sex,A,Annual,NR,Number,Y89,89 years,F,Females,SI,Slovenia,2017,,3493,,,,,
dataflow,ESTAT:DEMO_PJAN(1.0),Population on 1 January by age and sex,A,Annual,NR,Number,Y89,89 years,F,Females,SI,Slovenia,2018,,3572,,,,,
dataflow,ESTAT:DEMO_PJAN(1.0),Population on 1 January by age and sex,A,Annual,NR,Number,Y89,89 years,F,Females,SI,Slovenia,2019,,3617,,,,,
dataflow,ESTAT:DEMO_PJAN(1.0),Population on 1 January by age and sex,A,Annual,NR,Number,Y89,89 years,F,Females,SI,Slovenia,2020,,4061,,,,,
dataflow,ESTAT:DEMO_PJAN(1.0),Population on 1 January by age and sex,A,Annual,NR,Number,Y89,89 years,F,Females,SI,Slovenia,2021,,3854,,,,,
dataflow,ESTAT:DEMO_PJAN(1.0),Population on 1 January by age and sex,A,Annual,NR,Number,Y89,89 years,F,Females,SI,Slovenia,2022,,3970,,,,,
dataflow,ESTAT:DEMO_PJAN(1.0),Population on 1 January by age and sex,A,Annual,NR,Number,Y89,89 years,F,Females,SI,Slovenia,2023,,3961,,,,,
dataflow,ESTAT:DEMO_PJAN(1.0),Population on 1 January by age and sex,A,Annual,NR,Number,Y89,89 years,F,Females,SI,Slovenia,2024,,3981,,,,,
dataflow,ESTAT:DEMO_PJAN(1.0),Population on 1 January by age and sex,A,Annual,NR,Number,Y89,89 years,F,Females,SI,Slovenia,2025,,3974,,,,,
dataflow,ESTAT:DEMO_PJAN(1.0),Population on 1 January by age and sex,A,Annual,NR,Number,Y89,89 years,M,Males,SI,Slovenia,2016,,1008,,,,,
dataflow,ESTAT:DEMO_PJAN(1.0),Population on 1 January by age and sex,A,Annual,NR,Number,Y89,89 years,M,Males,SI,Slovenia,2017,,1277,,,,,
dataflow,ESTAT:DEMO_PJAN(1.0),Population on 1 January by age and sex,A,Annual,NR,Number,Y89,89 years,M,Males,SI,Slovenia,2018,,1314,,,,,
dataflow,ESTAT:DEMO_PJAN(1.0),Population on 1 January by age and sex,A,Annual,NR,Number,Y89,89 years,M,Males,SI,Slovenia,2019,,1300,,,,,
dataflow,ESTAT:DEMO_PJAN(1.0),Population on 1 January by age and sex,A,Annual,NR,Number,Y89,89 years,M,Males,SI,Slovenia,2020,,1561,,,,,
dataflow,ESTAT:DEMO_PJAN(1.0),Population on 1 January by age and sex,A,Annual,NR,Number,Y89,89 years,M,Males,SI,Slovenia,2021,,1464,,,,,
dataflow,ESTAT:DEMO_PJAN(1.0),Population on 1 January by age and sex,A,Annual,NR,Number,Y89,89 years,M,Males,SI,Slovenia,2022,,1671,,,,,
dataflow,ESTAT:DEMO_PJAN(1.0),Population on 1 January by age and sex,A,Annual,NR,Number,Y89,89 years,M,Males,SI,Slovenia,2023,,1613,,,,,
dataflow,ESTAT:DEMO_PJAN(1.0),Population on 1 January by age and sex,A,Annual,NR,Number,Y89,89 years,M,Males,SI,Slovenia,2024,,1762,,,,,
dataflow,ESTAT:DEMO_PJAN(1.0),Population on 1 January by age and sex,A,Annual,NR,Number,Y89,89 years,M,Males,SI,Slovenia,2025,,1882,,,,,
dataflow,ESTAT:DEMO_PJAN(1.0),Population on 1 January by age and sex,A,Annual,NR,Number,Y89,89 years,T,Total,SI,Slovenia,2016,,4422,,,,,
dataflow,ESTAT:DEMO_PJAN(1.0),Population on 1 January by age and sex,A,Annual,NR,Number,Y89,89 years,T,Total,SI,Slovenia,2017,,4770,,,,,
dataflow,ESTAT:DEMO_PJAN(1.0),Population on 1 January by age and sex,A,Annual,NR,Number,Y89,89 years,T,Total,SI,Slovenia,2018,,4886,,,,,
dataflow,ESTAT:DEMO_PJAN(1.0),Population on 1 January by age and sex,A,Annual,NR,Number,Y89,89 years,T,Total,SI,Slovenia,2019,,4917,,,,,
dataflow,ESTAT:DEMO_PJAN(1.0),Population on 1 January by age and sex,A,Annual,NR,Number,Y89,89 years,T,Total,SI,Slovenia,2020,,5622,,,,,
dataflow,ESTAT:DEMO_PJAN(1.0),Population on 1 January by age and sex,A,Annual,NR,Number,Y89,89 years,T,Total,SI,Slovenia,2021,,5318,,,,,
dataflow,ESTAT:DEMO_PJAN(1.0),Population on 1 January by age and sex,A,Annual,NR,Number,Y89,89 years,T,Total,SI,Slovenia,2022,,5641,,,,,
dataflow,ESTAT:DEMO_PJAN(1.0),Population on 1 January by age and sex,A,Annual,NR,Number,Y89,89 years,T,Total,SI,Slovenia,2023,,5574,,,,,
dataflow,ESTAT:DEMO_PJAN(1.0),Population on 1 January by age and sex,A,Annual,NR,Number,Y89,89 years,T,Total,SI,Slovenia,2024,,5743,,,,,
dataflow,ESTAT:DEMO_PJAN(1.0),Population on 1 January by age and sex,A,Annual,NR,Number,Y89,89 years,T,Total,SI,Slovenia,2025,,5856,,,,,
dataflow,ESTAT:DEMO_PJAN(1.0),Population on 1 January by age and sex,A,Annual,NR,Number,Y9,9 years,F,Females,SI,Slovenia,2016,,9495,,,,,
dataflow,ESTAT:DEMO_PJAN(1.0),Population on 1 January by age and sex,A,Annual,NR,Number,Y9,9 years,F,Females,SI,Slovenia,2017,,10031,,,,,
dataflow,ESTAT:DEMO_PJAN(1.0),Population on 1 January by age and sex,A,Annual,NR,Number,Y9,9 years,F,Females,SI,Slovenia,2018,,10992,,,,,
dataflow,ESTAT:DEMO_PJAN(1.0),Population on 1 January by age and sex,A,Annual,NR,Number,Y9,9 years,F,Females,SI,Slovenia,2019,,10704,,,,,
dataflow,ESTAT:DEMO_PJAN(1.0),Population on 1 January by age and sex,A,Annual,NR,Number,Y9,9 years,F,Females,SI,Slovenia,2020,,11097,,,,,
dataflow,ESTAT:DEMO_PJAN(1.0),Population on 1 January by age and sex,A,Annual,NR,Number,Y9,9 years,F,Females,SI,Slovenia,2021,,10934,,,,,
dataflow,ESTAT:DEMO_PJAN(1.0),Population on 1 January by age and sex,A,Annual,NR,Number,Y9,9 years,F,Females,SI,Slovenia,2022,,10876,,,,,
dataflow,ESTAT:DEMO_PJAN(1.0),Population on 1 January by age and sex,A,Annual,NR,Number,Y9,9 years,F,Females,SI,Slovenia,2023,,10618,,,,,
dataflow,ESTAT:DEMO_PJAN(1.0),Population on 1 January by age and sex,A,Annual,NR,Number,Y9,9 years,F,Females,SI,Slovenia,2024,,10632,,,,,
dataflow,ESTAT:DEMO_PJAN(1.0),Population on 1 January by age and sex,A,Annual,NR,Number,Y9,9 years,F,Females,SI,Slovenia,2025,,10433,,,,,
dataflow,ESTAT:DEMO_PJAN(1.0),Population on 1 January by age and sex,A,Annual,NR,Number,Y9,9 years,M,Males,SI,Slovenia,2016,,10131,,,,,
dataflow,ESTAT:DEMO_PJAN(1.0),Population on 1 January by age and sex,A,Annual,NR,Number,Y9,9 years,M,Males,SI,Slovenia,2017,,10597,,,,,
dataflow,ESTAT:DEMO_PJAN(1.0),Population on 1 January by age and sex,A,Annual,NR,Number,Y9,9 years,M,Males,SI,Slovenia,2018,,11422,,,,,
dataflow,ESTAT:DEMO_PJAN(1.0),Population on 1 January by age and sex,A,Annual,NR,Number,Y9,9 years,M,Males,SI,Slovenia,2019,,11531,,,,,
dataflow,ESTAT:DEMO_PJAN(1.0),Population on 1 January by age and sex,A,Annual,NR,Number,Y9,9 years,M,Males,SI,Slovenia,2020,,11822,,,,,
dataflow,ESTAT:DEMO_PJAN(1.0),Population on 1 January by age and sex,A,Annual,NR,Number,Y9,9 years,M,Males,SI,Slovenia,2021,,11566,,,,,
dataflow,ESTAT:DEMO_PJAN(1.0),Population on 1 January by age and sex,A,Annual,NR,Number,Y9,9 years,M,Males,SI,Slovenia,2022,,11689,,,,,
dataflow,ESTAT:DEMO_PJAN(1.0),Population on 1 January by age and sex,A,Annual,NR,Number,Y9,9 years,M,Males,SI,Slovenia,2023,,11157,,,,,
dataflow,ESTAT:DEMO_PJAN(1.0),Population on 1 January by age and sex,A,Annual,NR,Number,Y9,9 years,M,Males,SI,Slovenia,2024,,11332,,,,,
dataflow,ESTAT:DEMO_PJAN(1.0),Population on 1 January by age and sex,A,Annual,NR,Number,Y9,9 years,M,Males,SI,Slovenia,2025,,11084,,,,,
dataflow,ESTAT:DEMO_PJAN(1.0),Population on 1 January by age and sex,A,Annual,NR,Number,Y9,9 years,T,Total,SI,Slovenia,2016,,19626,,,,,
dataflow,ESTAT:DEMO_PJAN(1.0),Population on 1 January by age and sex,A,Annual,NR,Number,Y9,9 years,T,Total,SI,Slovenia,2017,,20628,,,,,
dataflow,ESTAT:DEMO_PJAN(1.0),Population on 1 January by age and sex,A,Annual,NR,Number,Y9,9 years,T,Total,SI,Slovenia,2018,,22414,,,,,
dataflow,ESTAT:DEMO_PJAN(1.0),Population on 1 January by age and sex,A,Annual,NR,Number,Y9,9 years,T,Total,SI,Slovenia,2019,,22235,,,,,
dataflow,ESTAT:DEMO_PJAN(1.0),Population on 1 January by age and sex,A,Annual,NR,Number,Y9,9 years,T,Total,SI,Slovenia,2020,,22919,,,,,
dataflow,ESTAT:DEMO_PJAN(1.0),Population on 1 January by age and sex,A,Annual,NR,Number,Y9,9 years,T,Total,SI,Slovenia,2021,,22500,,,,,
dataflow,ESTAT:DEMO_PJAN(1.0),Population on 1 January by age and sex,A,Annual,NR,Number,Y9,9 years,T,Total,SI,Slovenia,2022,,22565,,,,,
dataflow,ESTAT:DEMO_PJAN(1.0),Population on 1 January by age and sex,A,Annual,NR,Number,Y9,9 years,T,Total,SI,Slovenia,2023,,21775,,,,,
dataflow,ESTAT:DEMO_PJAN(1.0),Population on 1 January by age and sex,A,Annual,NR,Number,Y9,9 years,T,Total,SI,Slovenia,2024,,21964,,,,,
dataflow,ESTAT:DEMO_PJAN(1.0),Population on 1 January by age and sex,A,Annual,NR,Number,Y9,9 years,T,Total,SI,Slovenia,2025,,21517,,,,,
dataflow,ESTAT:DEMO_PJAN(1.0),Population on 1 January by age and sex,A,Annual,NR,Number,Y90,90 years,F,Females,SI,Slovenia,2016,,2871,,,,,
dataflow,ESTAT:DEMO_PJAN(1.0),Population on 1 January by age and sex,A,Annual,NR,Number,Y90,90 years,F,Females,SI,Slovenia,2017,,2959,,,,,
dataflow,ESTAT:DEMO_PJAN(1.0),Population on 1 January by age and sex,A,Annual,NR,Number,Y90,90 years,F,Females,SI,Slovenia,2018,,3029,,,,,
dataflow,ESTAT:DEMO_PJAN(1.0),Population on 1 January by age and sex,A,Annual,NR,Number,Y90,90 years,F,Females,SI,Slovenia,2019,,3121,,,,,
dataflow,ESTAT:DEMO_PJAN(1.0),Population on 1 January by age and sex,A,Annual,NR,Number,Y90,90 years,F,Females,SI,Slovenia,2020,,3140,,,,,
dataflow,ESTAT:DEMO_PJAN(1.0),Population on 1 January by age and sex,A,Annual,NR,Number,Y90,90 years,F,Females,SI,Slovenia,2021,,3449,,,,,
dataflow,ESTAT:DEMO_PJAN(1.0),Population on 1 January by age and sex,A,Annual,NR,Number,Y90,90 years,F,Females,SI,Slovenia,2022,,3334,,,,,
dataflow,ESTAT:DEMO_PJAN(1.0),Population on 1 January by age and sex,A,Annual,NR,Number,Y90,90 years,F,Females,SI,Slovenia,2023,,3441,,,,,
dataflow,ESTAT:DEMO_PJAN(1.0),Population on 1 January by age and sex,A,Annual,NR,Number,Y90,90 years,F,Females,SI,Slovenia,2024,,3427,,,,,
dataflow,ESTAT:DEMO_PJAN(1.0),Population on 1 January by age and sex,A,Annual,NR,Number,Y90,90 years,F,Females,SI,Slovenia,2025,,3524,,,,,
dataflow,ESTAT:DEMO_PJAN(1.0),Population on 1 January by age and sex,A,Annual,NR,Number,Y90,90 years,M,Males,SI,Slovenia,2016,,869,,,,,
dataflow,ESTAT:DEMO_PJAN(1.0),Population on 1 January by age and sex,A,Annual,NR,Number,Y90,90 years,M,Males,SI,Slovenia,2017,,854,,,,,
dataflow,ESTAT:DEMO_PJAN(1.0),Population on 1 January by age and sex,A,Annual,NR,Number,Y90,90 years,M,Males,SI,Slovenia,2018,,1041,,,,,
dataflow,ESTAT:DEMO_PJAN(1.0),Population on 1 January by age and sex,A,Annual,NR,Number,Y90,90 years,M,Males,SI,Slovenia,2019,,1083,,,,,
dataflow,ESTAT:DEMO_PJAN(1.0),Population on 1 January by age and sex,A,Annual,NR,Number,Y90,90 years,M,Males,SI,Slovenia,2020,,1081,,,,,
dataflow,ESTAT:DEMO_PJAN(1.0),Population on 1 January by age and sex,A,Annual,NR,Number,Y90,90 years,M,Males,SI,Slovenia,2021,,1253,,,,,
dataflow,ESTAT:DEMO_PJAN(1.0),Population on 1 January by age and sex,A,Annual,NR,Number,Y90,90 years,M,Males,SI,Slovenia,2022,,1192,,,,,
dataflow,ESTAT:DEMO_PJAN(1.0),Population on 1 January by age and sex,A,Annual,NR,Number,Y90,90 years,M,Males,SI,Slovenia,2023,,1347,,,,,
dataflow,ESTAT:DEMO_PJAN(1.0),Population on 1 January by age and sex,A,Annual,NR,Number,Y90,90 years,M,Males,SI,Slovenia,2024,,1354,,,,,
dataflow,ESTAT:DEMO_PJAN(1.0),Population on 1 January by age and sex,A,Annual,NR,Number,Y90,90 years,M,Males,SI,Slovenia,2025,,1484,,,,,
dataflow,ESTAT:DEMO_PJAN(1.0),Population on 1 January by age and sex,A,Annual,NR,Number,Y90,90 years,T,Total,SI,Slovenia,2016,,3740,,,,,
dataflow,ESTAT:DEMO_PJAN(1.0),Population on 1 January by age and sex,A,Annual,NR,Number,Y90,90 years,T,Total,SI,Slovenia,2017,,3813,,,,,
dataflow,ESTAT:DEMO_PJAN(1.0),Population on 1 January by age and sex,A,Annual,NR,Number,Y90,90 years,T,Total,SI,Slovenia,2018,,4070,,,,,
dataflow,ESTAT:DEMO_PJAN(1.0),Population on 1 January by age and sex,A,Annual,NR,Number,Y90,90 years,T,Total,SI,Slovenia,2019,,4204,,,,,
dataflow,ESTAT:DEMO_PJAN(1.0),Population on 1 January by age and sex,A,Annual,NR,Number,Y90,90 years,T,Total,SI,Slovenia,2020,,4221,,,,,
dataflow,ESTAT:DEMO_PJAN(1.0),Population on 1 January by age and sex,A,Annual,NR,Number,Y90,90 years,T,Total,SI,Slovenia,2021,,4702,,,,,
dataflow,ESTAT:DEMO_PJAN(1.0),Population on 1 January by age and sex,A,Annual,NR,Number,Y90,90 years,T,Total,SI,Slovenia,2022,,4526,,,,,
dataflow,ESTAT:DEMO_PJAN(1.0),Population on 1 January by age and sex,A,Annual,NR,Number,Y90,90 years,T,Total,SI,Slovenia,2023,,4788,,,,,
dataflow,ESTAT:DEMO_PJAN(1.0),Population on 1 January by age and sex,A,Annual,NR,Number,Y90,90 years,T,Total,SI,Slovenia,2024,,4781,,,,,
dataflow,ESTAT:DEMO_PJAN(1.0),Population on 1 January by age and sex,A,Annual,NR,Number,Y90,90 years,T,Total,SI,Slovenia,2025,,5008,,,,,
dataflow,ESTAT:DEMO_PJAN(1.0),Population on 1 January by age and sex,A,Annual,NR,Number,Y91,91 years,F,Females,SI,Slovenia,2016,,2191,,,,,
dataflow,ESTAT:DEMO_PJAN(1.0),Population on 1 January by age and sex,A,Annual,NR,Number,Y91,91 years,F,Females,SI,Slovenia,2017,,2441,,,,,
dataflow,ESTAT:DEMO_PJAN(1.0),Population on 1 January by age and sex,A,Annual,NR,Number,Y91,91 years,F,Females,SI,Slovenia,2018,,2498,,,,,
dataflow,ESTAT:DEMO_PJAN(1.0),Population on 1 January by age and sex,A,Annual,NR,Number,Y91,91 years,F,Females,SI,Slovenia,2019,,2617,,,,,
dataflow,ESTAT:DEMO_PJAN(1.0),Population on 1 January by age and sex,A,Annual,NR,Number,Y91,91 years,F,Females,SI,Slovenia,2020,,2643,,,,,
dataflow,ESTAT:DEMO_PJAN(1.0),Population on 1 January by age and sex,A,Annual,NR,Number,Y91,91 years,F,Females,SI,Slovenia,2021,,2566,,,,,
dataflow,ESTAT:DEMO_PJAN(1.0),Population on 1 January by age and sex,A,Annual,NR,Number,Y91,91 years,F,Females,SI,Slovenia,2022,,2920,,,,,
dataflow,ESTAT:DEMO_PJAN(1.0),Population on 1 January by age and sex,A,Annual,NR,Number,Y91,91 years,F,Females,SI,Slovenia,2023,,2795,,,,,
dataflow,ESTAT:DEMO_PJAN(1.0),Population on 1 January by age and sex,A,Annual,NR,Number,Y91,91 years,F,Females,SI,Slovenia,2024,,2922,,,,,
dataflow,ESTAT:DEMO_PJAN(1.0),Population on 1 January by age and sex,A,Annual,NR,Number,Y91,91 years,F,Females,SI,Slovenia,2025,,2921,,,,,
dataflow,ESTAT:DEMO_PJAN(1.0),Population on 1 January by age and sex,A,Annual,NR,Number,Y91,91 years,M,Males,SI,Slovenia,2016,,592,,,,,
dataflow,ESTAT:DEMO_PJAN(1.0),Population on 1 January by age and sex,A,Annual,NR,Number,Y91,91 years,M,Males,SI,Slovenia,2017,,697,,,,,
dataflow,ESTAT:DEMO_PJAN(1.0),Population on 1 January by age and sex,A,Annual,NR,Number,Y91,91 years,M,Males,SI,Slovenia,2018,,699,,,,,
dataflow,ESTAT:DEMO_PJAN(1.0),Population on 1 January by age and sex,A,Annual,NR,Number,Y91,91 years,M,Males,SI,Slovenia,2019,,845,,,,,
dataflow,ESTAT:DEMO_PJAN(1.0),Population on 1 January by age and sex,A,Annual,NR,Number,Y91,91 years,M,Males,SI,Slovenia,2020,,898,,,,,
dataflow,ESTAT:DEMO_PJAN(1.0),Population on 1 January by age and sex,A,Annual,NR,Number,Y91,91 years,M,Males,SI,Slovenia,2021,,850,,,,,
dataflow,ESTAT:DEMO_PJAN(1.0),Population on 1 January by age and sex,A,Annual,NR,Number,Y91,91 years,M,Males,SI,Slovenia,2022,,1001,,,,,
dataflow,ESTAT:DEMO_PJAN(1.0),Population on 1 January by age and sex,A,Annual,NR,Number,Y91,91 years,M,Males,SI,Slovenia,2023,,986,,,,,
dataflow,ESTAT:DEMO_PJAN(1.0),Population on 1 January by age and sex,A,Annual,NR,Number,Y91,91 years,M,Males,SI,Slovenia,2024,,1111,,,,,
dataflow,ESTAT:DEMO_PJAN(1.0),Population on 1 January by age and sex,A,Annual,NR,Number,Y91,91 years,M,Males,SI,Slovenia,2025,,1105,,,,,
dataflow,ESTAT:DEMO_PJAN(1.0),Population on 1 January by age and sex,A,Annual,NR,Number,Y91,91 years,T,Total,SI,Slovenia,2016,,2783,,,,,
dataflow,ESTAT:DEMO_PJAN(1.0),Population on 1 January by age and sex,A,Annual,NR,Number,Y91,91 years,T,Total,SI,Slovenia,2017,,3138,,,,,
dataflow,ESTAT:DEMO_PJAN(1.0),Population on 1 January by age and sex,A,Annual,NR,Number,Y91,91 years,T,Total,SI,Slovenia,2018,,3197,,,,,
dataflow,ESTAT:DEMO_PJAN(1.0),Population on 1 January by age and sex,A,Annual,NR,Number,Y91,91 years,T,Total,SI,Slovenia,2019,,3462,,,,,
dataflow,ESTAT:DEMO_PJAN(1.0),Population on 1 January by age and sex,A,Annual,NR,Number,Y91,91 years,T,Total,SI,Slovenia,2020,,3541,,,,,
dataflow,ESTAT:DEMO_PJAN(1.0),Population on 1 January by age and sex,A,Annual,NR,Number,Y91,91 years,T,Total,SI,Slovenia,2021,,3416,,,,,
dataflow,ESTAT:DEMO_PJAN(1.0),Population on 1 January by age and sex,A,Annual,NR,Number,Y91,91 years,T,Total,SI,Slovenia,2022,,3921,,,,,
dataflow,ESTAT:DEMO_PJAN(1.0),Population on 1 January by age and sex,A,Annual,NR,Number,Y91,91 years,T,Total,SI,Slovenia,2023,,3781,,,,,
dataflow,ESTAT:DEMO_PJAN(1.0),Population on 1 January by age and sex,A,Annual,NR,Number,Y91,91 years,T,Total,SI,Slovenia,2024,,4033,,,,,
dataflow,ESTAT:DEMO_PJAN(1.0),Population on 1 January by age and sex,A,Annual,NR,Number,Y91,91 years,T,Total,SI,Slovenia,2025,,4026,,,,,
dataflow,ESTAT:DEMO_PJAN(1.0),Population on 1 January by age and sex,A,Annual,NR,Number,Y92,92 years,F,Females,SI,Slovenia,2016,,1837,,,,,
dataflow,ESTAT:DEMO_PJAN(1.0),Population on 1 January by age and sex,A,Annual,NR,Number,Y92,92 years,F,Females,SI,Slovenia,2017,,1804,,,,,
dataflow,ESTAT:DEMO_PJAN(1.0),Population on 1 January by age and sex,A,Annual,NR,Number,Y92,92 years,F,Females,SI,Slovenia,2018,,1998,,,,,
dataflow,ESTAT:DEMO_PJAN(1.0),Population on 1 January by age and sex,A,Annual,NR,Number,Y92,92 years,F,Females,SI,Slovenia,2019,,2061,,,,,
dataflow,ESTAT:DEMO_PJAN(1.0),Population on 1 January by age and sex,A,Annual,NR,Number,Y92,92 years,F,Females,SI,Slovenia,2020,,2200,,,,,
dataflow,ESTAT:DEMO_PJAN(1.0),Population on 1 January by age and sex,A,Annual,NR,Number,Y92,92 years,F,Females,SI,Slovenia,2021,,2141,,,,,
dataflow,ESTAT:DEMO_PJAN(1.0),Population on 1 January by age and sex,A,Annual,NR,Number,Y92,92 years,F,Females,SI,Slovenia,2022,,2124,,,,,
dataflow,ESTAT:DEMO_PJAN(1.0),Population on 1 January by age and sex,A,Annual,NR,Number,Y92,92 years,F,Females,SI,Slovenia,2023,,2382,,,,,
dataflow,ESTAT:DEMO_PJAN(1.0),Population on 1 January by age and sex,A,Annual,NR,Number,Y92,92 years,F,Females,SI,Slovenia,2024,,2333,,,,,
dataflow,ESTAT:DEMO_PJAN(1.0),Population on 1 January by age and sex,A,Annual,NR,Number,Y92,92 years,F,Females,SI,Slovenia,2025,,2443,,,,,
dataflow,ESTAT:DEMO_PJAN(1.0),Population on 1 January by age and sex,A,Annual,NR,Number,Y92,92 years,M,Males,SI,Slovenia,2016,,453,,,,,
dataflow,ESTAT:DEMO_PJAN(1.0),Population on 1 January by age and sex,A,Annual,NR,Number,Y92,92 years,M,Males,SI,Slovenia,2017,,473,,,,,
dataflow,ESTAT:DEMO_PJAN(1.0),Population on 1 January by age and sex,A,Annual,NR,Number,Y92,92 years,M,Males,SI,Slovenia,2018,,534,,,,,
dataflow,ESTAT:DEMO_PJAN(1.0),Population on 1 January by age and sex,A,Annual,NR,Number,Y92,92 years,M,Males,SI,Slovenia,2019,,540,,,,,
dataflow,ESTAT:DEMO_PJAN(1.0),Population on 1 January by age and sex,A,Annual,NR,Number,Y92,92 years,M,Males,SI,Slovenia,2020,,670,,,,,
dataflow,ESTAT:DEMO_PJAN(1.0),Population on 1 January by age and sex,A,Annual,NR,Number,Y92,92 years,M,Males,SI,Slovenia,2021,,674,,,,,
dataflow,ESTAT:DEMO_PJAN(1.0),Population on 1 January by age and sex,A,Annual,NR,Number,Y92,92 years,M,Males,SI,Slovenia,2022,,657,,,,,
dataflow,ESTAT:DEMO_PJAN(1.0),Population on 1 January by age and sex,A,Annual,NR,Number,Y92,92 years,M,Males,SI,Slovenia,2023,,778,,,,,
dataflow,ESTAT:DEMO_PJAN(1.0),Population on 1 January by age and sex,A,Annual,NR,Number,Y92,92 years,M,Males,SI,Slovenia,2024,,793,,,,,
dataflow,ESTAT:DEMO_PJAN(1.0),Population on 1 January by age and sex,A,Annual,NR,Number,Y92,92 years,M,Males,SI,Slovenia,2025,,869,,,,,
dataflow,ESTAT:DEMO_PJAN(1.0),Population on 1 January by age and sex,A,Annual,NR,Number,Y92,92 years,T,Total,SI,Slovenia,2016,,2290,,,,,
dataflow,ESTAT:DEMO_PJAN(1.0),Population on 1 January by age and sex,A,Annual,NR,Number,Y92,92 years,T,Total,SI,Slovenia,2017,,2277,,,,,
dataflow,ESTAT:DEMO_PJAN(1.0),Population on 1 January by age and sex,A,Annual,NR,Number,Y92,92 years,T,Total,SI,Slovenia,2018,,2532,,,,,
dataflow,ESTAT:DEMO_PJAN(1.0),Population on 1 January by age and sex,A,Annual,NR,Number,Y92,92 years,T,Total,SI,Slovenia,2019,,2601,,,,,
dataflow,ESTAT:DEMO_PJAN(1.0),Population on 1 January by age and sex,A,Annual,NR,Number,Y92,92 years,T,Total,SI,Slovenia,2020,,2870,,,,,
dataflow,ESTAT:DEMO_PJAN(1.0),Population on 1 January by age and sex,A,Annual,NR,Number,Y92,92 years,T,Total,SI,Slovenia,2021,,2815,,,,,
dataflow,ESTAT:DEMO_PJAN(1.0),Population on 1 January by age and sex,A,Annual,NR,Number,Y92,92 years,T,Total,SI,Slovenia,2022,,2781,,,,,
dataflow,ESTAT:DEMO_PJAN(1.0),Population on 1 January by age and sex,A,Annual,NR,Number,Y92,92 years,T,Total,SI,Slovenia,2023,,3160,,,,,
dataflow,ESTAT:DEMO_PJAN(1.0),Population on 1 January by age and sex,A,Annual,NR,Number,Y92,92 years,T,Total,SI,Slovenia,2024,,3126,,,,,
dataflow,ESTAT:DEMO_PJAN(1.0),Population on 1 January by age and sex,A,Annual,NR,Number,Y92,92 years,T,Total,SI,Slovenia,2025,,3312,,,,,
dataflow,ESTAT:DEMO_PJAN(1.0),Population on 1 January by age and sex,A,Annual,NR,Number,Y93,93 years,F,Females,SI,Slovenia,2016,,1320,,,,,
dataflow,ESTAT:DEMO_PJAN(1.0),Population on 1 January by age and sex,A,Annual,NR,Number,Y93,93 years,F,Females,SI,Slovenia,2017,,1477,,,,,
dataflow,ESTAT:DEMO_PJAN(1.0),Population on 1 January by age and sex,A,Annual,NR,Number,Y93,93 years,F,Females,SI,Slovenia,2018,,1479,,,,,
dataflow,ESTAT:DEMO_PJAN(1.0),Population on 1 January by age and sex,A,Annual,NR,Number,Y93,93 years,F,Females,SI,Slovenia,2019,,1624,,,,,
dataflow,ESTAT:DEMO_PJAN(1.0),Population on 1 January by age and sex,A,Annual,NR,Number,Y93,93 years,F,Females,SI,Slovenia,2020,,1669,,,,,
dataflow,ESTAT:DEMO_PJAN(1.0),Population on 1 January by age and sex,A,Annual,NR,Number,Y93,93 years,F,Females,SI,Slovenia,2021,,1692,,,,,
dataflow,ESTAT:DEMO_PJAN(1.0),Population on 1 January by age and sex,A,Annual,NR,Number,Y93,93 years,F,Females,SI,Slovenia,2022,,1713,,,,,
dataflow,ESTAT:DEMO_PJAN(1.0),Population on 1 January by age and sex,A,Annual,NR,Number,Y93,93 years,F,Females,SI,Slovenia,2023,,1693,,,,,
dataflow,ESTAT:DEMO_PJAN(1.0),Population on 1 January by age and sex,A,Annual,NR,Number,Y93,93 years,F,Females,SI,Slovenia,2024,,1926,,,,,
dataflow,ESTAT:DEMO_PJAN(1.0),Population on 1 January by age and sex,A,Annual,NR,Number,Y93,93 years,F,Females,SI,Slovenia,2025,,1894,,,,,
dataflow,ESTAT:DEMO_PJAN(1.0),Population on 1 January by age and sex,A,Annual,NR,Number,Y93,93 years,M,Males,SI,Slovenia,2016,,339,,,,,
dataflow,ESTAT:DEMO_PJAN(1.0),Population on 1 January by age and sex,A,Annual,NR,Number,Y93,93 years,M,Males,SI,Slovenia,2017,,351,,,,,
dataflow,ESTAT:DEMO_PJAN(1.0),Population on 1 January by age and sex,A,Annual,NR,Number,Y93,93 years,M,Males,SI,Slovenia,2018,,350,,,,,
dataflow,ESTAT:DEMO_PJAN(1.0),Population on 1 January by age and sex,A,Annual,NR,Number,Y93,93 years,M,Males,SI,Slovenia,2019,,404,,,,,
dataflow,ESTAT:DEMO_PJAN(1.0),Population on 1 January by age and sex,A,Annual,NR,Number,Y93,93 years,M,Males,SI,Slovenia,2020,,429,,,,,
dataflow,ESTAT:DEMO_PJAN(1.0),Population on 1 January by age and sex,A,Annual,NR,Number,Y93,93 years,M,Males,SI,Slovenia,2021,,494,,,,,
dataflow,ESTAT:DEMO_PJAN(1.0),Population on 1 January by age and sex,A,Annual,NR,Number,Y93,93 years,M,Males,SI,Slovenia,2022,,535,,,,,
dataflow,ESTAT:DEMO_PJAN(1.0),Population on 1 January by age and sex,A,Annual,NR,Number,Y93,93 years,M,Males,SI,Slovenia,2023,,501,,,,,
dataflow,ESTAT:DEMO_PJAN(1.0),Population on 1 January by age and sex,A,Annual,NR,Number,Y93,93 years,M,Males,SI,Slovenia,2024,,577,,,,,
dataflow,ESTAT:DEMO_PJAN(1.0),Population on 1 January by age and sex,A,Annual,NR,Number,Y93,93 years,M,Males,SI,Slovenia,2025,,599,,,,,
dataflow,ESTAT:DEMO_PJAN(1.0),Population on 1 January by age and sex,A,Annual,NR,Number,Y93,93 years,T,Total,SI,Slovenia,2016,,1659,,,,,
dataflow,ESTAT:DEMO_PJAN(1.0),Population on 1 January by age and sex,A,Annual,NR,Number,Y93,93 years,T,Total,SI,Slovenia,2017,,1828,,,,,
dataflow,ESTAT:DEMO_PJAN(1.0),Population on 1 January by age and sex,A,Annual,NR,Number,Y93,93 years,T,Total,SI,Slovenia,2018,,1829,,,,,
dataflow,ESTAT:DEMO_PJAN(1.0),Population on 1 January by age and sex,A,Annual,NR,Number,Y93,93 years,T,Total,SI,Slovenia,2019,,2028,,,,,
dataflow,ESTAT:DEMO_PJAN(1.0),Population on 1 January by age and sex,A,Annual,NR,Number,Y93,93 years,T,Total,SI,Slovenia,2020,,2098,,,,,
dataflow,ESTAT:DEMO_PJAN(1.0),Population on 1 January by age and sex,A,Annual,NR,Number,Y93,93 years,T,Total,SI,Slovenia,2021,,2186,,,,,
dataflow,ESTAT:DEMO_PJAN(1.0),Population on 1 January by age and sex,A,Annual,NR,Number,Y93,93 years,T,Total,SI,Slovenia,2022,,2248,,,,,
dataflow,ESTAT:DEMO_PJAN(1.0),Population on 1 January by age and sex,A,Annual,NR,Number,Y93,93 years,T,Total,SI,Slovenia,2023,,2194,,,,,
dataflow,ESTAT:DEMO_PJAN(1.0),Population on 1 January by age and sex,A,Annual,NR,Number,Y93,93 years,T,Total,SI,Slovenia,2024,,2503,,,,,
dataflow,ESTAT:DEMO_PJAN(1.0),Population on 1 January by age and sex,A,Annual,NR,Number,Y93,93 years,T,Total,SI,Slovenia,2025,,2493,,,,,
dataflow,ESTAT:DEMO_PJAN(1.0),Population on 1 January by age and sex,A,Annual,NR,Number,Y94,94 years,F,Females,SI,Slovenia,2016,,944,,,,,
dataflow,ESTAT:DEMO_PJAN(1.0),Population on 1 January by age and sex,A,Annual,NR,Number,Y94,94 years,F,Females,SI,Slovenia,2017,,1045,,,,,
dataflow,ESTAT:DEMO_PJAN(1.0),Population on 1 January by age and sex,A,Annual,NR,Number,Y94,94 years,F,Females,SI,Slovenia,2018,,1153,,,,,
dataflow,ESTAT:DEMO_PJAN(1.0),Population on 1 January by age and sex,A,Annual,NR,Number,Y94,94 years,F,Females,SI,Slovenia,2019,,1177,,,,,
dataflow,ESTAT:DEMO_PJAN(1.0),Population on 1 January by age and sex,A,Annual,NR,Number,Y94,94 years,F,Females,SI,Slovenia,2020,,1261,,,,,
dataflow,ESTAT:DEMO_PJAN(1.0),Population on 1 January by age and sex,A,Annual,NR,Number,Y94,94 years,F,Females,SI,Slovenia,2021,,1281,,,,,
dataflow,ESTAT:DEMO_PJAN(1.0),Population on 1 January by age and sex,A,Annual,NR,Number,Y94,94 years,F,Females,SI,Slovenia,2022,,1325,,,,,
dataflow,ESTAT:DEMO_PJAN(1.0),Population on 1 January by age and sex,A,Annual,NR,Number,Y94,94 years,F,Females,SI,Slovenia,2023,,1329,,,,,
dataflow,ESTAT:DEMO_PJAN(1.0),Population on 1 January by age and sex,A,Annual,NR,Number,Y94,94 years,F,Females,SI,Slovenia,2024,,1365,,,,,
dataflow,ESTAT:DEMO_PJAN(1.0),Population on 1 January by age and sex,A,Annual,NR,Number,Y94,94 years,F,Females,SI,Slovenia,2025,,1544,,,,,
dataflow,ESTAT:DEMO_PJAN(1.0),Population on 1 January by age and sex,A,Annual,NR,Number,Y94,94 years,M,Males,SI,Slovenia,2016,,219,,,,,
dataflow,ESTAT:DEMO_PJAN(1.0),Population on 1 January by age and sex,A,Annual,NR,Number,Y94,94 years,M,Males,SI,Slovenia,2017,,259,,,,,
dataflow,ESTAT:DEMO_PJAN(1.0),Population on 1 January by age and sex,A,Annual,NR,Number,Y94,94 years,M,Males,SI,Slovenia,2018,,258,,,,,
dataflow,ESTAT:DEMO_PJAN(1.0),Population on 1 January by age and sex,A,Annual,NR,Number,Y94,94 years,M,Males,SI,Slovenia,2019,,272,,,,,
dataflow,ESTAT:DEMO_PJAN(1.0),Population on 1 January by age and sex,A,Annual,NR,Number,Y94,94 years,M,Males,SI,Slovenia,2020,,300,,,,,
dataflow,ESTAT:DEMO_PJAN(1.0),Population on 1 January by age and sex,A,Annual,NR,Number,Y94,94 years,M,Males,SI,Slovenia,2021,,298,,,,,
dataflow,ESTAT:DEMO_PJAN(1.0),Population on 1 January by age and sex,A,Annual,NR,Number,Y94,94 years,M,Males,SI,Slovenia,2022,,353,,,,,
dataflow,ESTAT:DEMO_PJAN(1.0),Population on 1 January by age and sex,A,Annual,NR,Number,Y94,94 years,M,Males,SI,Slovenia,2023,,420,,,,,
dataflow,ESTAT:DEMO_PJAN(1.0),Population on 1 January by age and sex,A,Annual,NR,Number,Y94,94 years,M,Males,SI,Slovenia,2024,,373,,,,,
dataflow,ESTAT:DEMO_PJAN(1.0),Population on 1 January by age and sex,A,Annual,NR,Number,Y94,94 years,M,Males,SI,Slovenia,2025,,446,,,,,
dataflow,ESTAT:DEMO_PJAN(1.0),Population on 1 January by age and sex,A,Annual,NR,Number,Y94,94 years,T,Total,SI,Slovenia,2016,,1163,,,,,
dataflow,ESTAT:DEMO_PJAN(1.0),Population on 1 January by age and sex,A,Annual,NR,Number,Y94,94 years,T,Total,SI,Slovenia,2017,,1304,,,,,
dataflow,ESTAT:DEMO_PJAN(1.0),Population on 1 January by age and sex,A,Annual,NR,Number,Y94,94 years,T,Total,SI,Slovenia,2018,,1411,,,,,
dataflow,ESTAT:DEMO_PJAN(1.0),Population on 1 January by age and sex,A,Annual,NR,Number,Y94,94 years,T,Total,SI,Slovenia,2019,,1449,,,,,
dataflow,ESTAT:DEMO_PJAN(1.0),Population on 1 January by age and sex,A,Annual,NR,Number,Y94,94 years,T,Total,SI,Slovenia,2020,,1561,,,,,
dataflow,ESTAT:DEMO_PJAN(1.0),Population on 1 January by age and sex,A,Annual,NR,Number,Y94,94 years,T,Total,SI,Slovenia,2021,,1579,,,,,
dataflow,ESTAT:DEMO_PJAN(1.0),Population on 1 January by age and sex,A,Annual,NR,Number,Y94,94 years,T,Total,SI,Slovenia,2022,,1678,,,,,
dataflow,ESTAT:DEMO_PJAN(1.0),Population on 1 January by age and sex,A,Annual,NR,Number,Y94,94 years,T,Total,SI,Slovenia,2023,,1749,,,,,
dataflow,ESTAT:DEMO_PJAN(1.0),Population on 1 January by age and sex,A,Annual,NR,Number,Y94,94 years,T,Total,SI,Slovenia,2024,,1738,,,,,
dataflow,ESTAT:DEMO_PJAN(1.0),Population on 1 January by age and sex,A,Annual,NR,Number,Y94,94 years,T,Total,SI,Slovenia,2025,,1990,,,,,
dataflow,ESTAT:DEMO_PJAN(1.0),Population on 1 January by age and sex,A,Annual,NR,Number,Y95,95 years,F,Females,SI,Slovenia,2016,,634,,,,,
dataflow,ESTAT:DEMO_PJAN(1.0),Population on 1 January by age and sex,A,Annual,NR,Number,Y95,95 years,F,Females,SI,Slovenia,2017,,726,,,,,
dataflow,ESTAT:DEMO_PJAN(1.0),Population on 1 January by age and sex,A,Annual,NR,Number,Y95,95 years,F,Females,SI,Slovenia,2018,,811,,,,,
dataflow,ESTAT:DEMO_PJAN(1.0),Population on 1 January by age and sex,A,Annual,NR,Number,Y95,95 years,F,Females,SI,Slovenia,2019,,905,,,,,
dataflow,ESTAT:DEMO_PJAN(1.0),Population on 1 January by age and sex,A,Annual,NR,Number,Y95,95 years,F,Females,SI,Slovenia,2020,,876,,,,,
dataflow,ESTAT:DEMO_PJAN(1.0),Population on 1 January by age and sex,A,Annual,NR,Number,Y95,95 years,F,Females,SI,Slovenia,2021,,891,,,,,
dataflow,ESTAT:DEMO_PJAN(1.0),Population on 1 January by age and sex,A,Annual,NR,Number,Y95,95 years,F,Females,SI,Slovenia,2022,,953,,,,,
dataflow,ESTAT:DEMO_PJAN(1.0),Population on 1 January by age and sex,A,Annual,NR,Number,Y95,95 years,F,Females,SI,Slovenia,2023,,985,,,,,
dataflow,ESTAT:DEMO_PJAN(1.0),Population on 1 January by age and sex,A,Annual,NR,Number,Y95,95 years,F,Females,SI,Slovenia,2024,,1022,,,,,
dataflow,ESTAT:DEMO_PJAN(1.0),Population on 1 January by age and sex,A,Annual,NR,Number,Y95,95 years,F,Females,SI,Slovenia,2025,,1057,,,,,
dataflow,ESTAT:DEMO_PJAN(1.0),Population on 1 January by age and sex,A,Annual,NR,Number,Y95,95 years,M,Males,SI,Slovenia,2016,,149,,,,,
dataflow,ESTAT:DEMO_PJAN(1.0),Population on 1 January by age and sex,A,Annual,NR,Number,Y95,95 years,M,Males,SI,Slovenia,2017,,168,,,,,
dataflow,ESTAT:DEMO_PJAN(1.0),Population on 1 January by age and sex,A,Annual,NR,Number,Y95,95 years,M,Males,SI,Slovenia,2018,,189,,,,,
dataflow,ESTAT:DEMO_PJAN(1.0),Population on 1 January by age and sex,A,Annual,NR,Number,Y95,95 years,M,Males,SI,Slovenia,2019,,189,,,,,
dataflow,ESTAT:DEMO_PJAN(1.0),Population on 1 January by age and sex,A,Annual,NR,Number,Y95,95 years,M,Males,SI,Slovenia,2020,,207,,,,,
dataflow,ESTAT:DEMO_PJAN(1.0),Population on 1 January by age and sex,A,Annual,NR,Number,Y95,95 years,M,Males,SI,Slovenia,2021,,197,,,,,
dataflow,ESTAT:DEMO_PJAN(1.0),Population on 1 January by age and sex,A,Annual,NR,Number,Y95,95 years,M,Males,SI,Slovenia,2022,,206,,,,,
dataflow,ESTAT:DEMO_PJAN(1.0),Population on 1 January by age and sex,A,Annual,NR,Number,Y95,95 years,M,Males,SI,Slovenia,2023,,261,,,,,
dataflow,ESTAT:DEMO_PJAN(1.0),Population on 1 January by age and sex,A,Annual,NR,Number,Y95,95 years,M,Males,SI,Slovenia,2024,,295,,,,,
dataflow,ESTAT:DEMO_PJAN(1.0),Population on 1 January by age and sex,A,Annual,NR,Number,Y95,95 years,M,Males,SI,Slovenia,2025,,271,,,,,
dataflow,ESTAT:DEMO_PJAN(1.0),Population on 1 January by age and sex,A,Annual,NR,Number,Y95,95 years,T,Total,SI,Slovenia,2016,,783,,,,,
dataflow,ESTAT:DEMO_PJAN(1.0),Population on 1 January by age and sex,A,Annual,NR,Number,Y95,95 years,T,Total,SI,Slovenia,2017,,894,,,,,
dataflow,ESTAT:DEMO_PJAN(1.0),Population on 1 January by age and sex,A,Annual,NR,Number,Y95,95 years,T,Total,SI,Slovenia,2018,,1000,,,,,
dataflow,ESTAT:DEMO_PJAN(1.0),Population on 1 January by age and sex,A,Annual,NR,Number,Y95,95 years,T,Total,SI,Slovenia,2019,,1094,,,,,
dataflow,ESTAT:DEMO_PJAN(1.0),Population on 1 January by age and sex,A,Annual,NR,Number,Y95,95 years,T,Total,SI,Slovenia,2020,,1083,,,,,
dataflow,ESTAT:DEMO_PJAN(1.0),Population on 1 January by age and sex,A,Annual,NR,Number,Y95,95 years,T,Total,SI,Slovenia,2021,,1088,,,,,
dataflow,ESTAT:DEMO_PJAN(1.0),Population on 1 January by age and sex,A,Annual,NR,Number,Y95,95 years,T,Total,SI,Slovenia,2022,,1159,,,,,
dataflow,ESTAT:DEMO_PJAN(1.0),Population on 1 January by age and sex,A,Annual,NR,Number,Y95,95 years,T,Total,SI,Slovenia,2023,,1246,,,,,
dataflow,ESTAT:DEMO_PJAN(1.0),Population on 1 January by age and sex,A,Annual,NR,Number,Y95,95 years,T,Total,SI,Slovenia,2024,,1317,,,,,
dataflow,ESTAT:DEMO_PJAN(1.0),Population on 1 January by age and sex,A,Annual,NR,Number,Y95,95 years,T,Total,SI,Slovenia,2025,,1328,,,,,
dataflow,ESTAT:DEMO_PJAN(1.0),Population on 1 January by age and sex,A,Annual,NR,Number,Y96,96 years,F,Females,SI,Slovenia,2016,,406,,,,,
dataflow,ESTAT:DEMO_PJAN(1.0),Population on 1 January by age and sex,A,Annual,NR,Number,Y96,96 years,F,Females,SI,Slovenia,2017,,442,,,,,
dataflow,ESTAT:DEMO_PJAN(1.0),Population on 1 January by age and sex,A,Annual,NR,Number,Y96,96 years,F,Females,SI,Slovenia,2018,,519,,,,,
dataflow,ESTAT:DEMO_PJAN(1.0),Population on 1 January by age and sex,A,Annual,NR,Number,Y96,96 years,F,Females,SI,Slovenia,2019,,620,,,,,
dataflow,ESTAT:DEMO_PJAN(1.0),Population on 1 January by age and sex,A,Annual,NR,Number,Y96,96 years,F,Females,SI,Slovenia,2020,,679,,,,,
dataflow,ESTAT:DEMO_PJAN(1.0),Population on 1 January by age and sex,A,Annual,NR,Number,Y96,96 years,F,Females,SI,Slovenia,2021,,625,,,,,
dataflow,ESTAT:DEMO_PJAN(1.0),Population on 1 January by age and sex,A,Annual,NR,Number,Y96,96 years,F,Females,SI,Slovenia,2022,,645,,,,,
dataflow,ESTAT:DEMO_PJAN(1.0),Population on 1 January by age and sex,A,Annual,NR,Number,Y96,96 years,F,Females,SI,Slovenia,2023,,701,,,,,
dataflow,ESTAT:DEMO_PJAN(1.0),Population on 1 January by age and sex,A,Annual,NR,Number,Y96,96 years,F,Females,SI,Slovenia,2024,,756,,,,,
dataflow,ESTAT:DEMO_PJAN(1.0),Population on 1 January by age and sex,A,Annual,NR,Number,Y96,96 years,F,Females,SI,Slovenia,2025,,764,,,,,
dataflow,ESTAT:DEMO_PJAN(1.0),Population on 1 January by age and sex,A,Annual,NR,Number,Y96,96 years,M,Males,SI,Slovenia,2016,,98,,,,,
dataflow,ESTAT:DEMO_PJAN(1.0),Population on 1 January by age and sex,A,Annual,NR,Number,Y96,96 years,M,Males,SI,Slovenia,2017,,113,,,,,
dataflow,ESTAT:DEMO_PJAN(1.0),Population on 1 January by age and sex,A,Annual,NR,Number,Y96,96 years,M,Males,SI,Slovenia,2018,,128,,,,,
dataflow,ESTAT:DEMO_PJAN(1.0),Population on 1 January by age and sex,A,Annual,NR,Number,Y96,96 years,M,Males,SI,Slovenia,2019,,136,,,,,
dataflow,ESTAT:DEMO_PJAN(1.0),Population on 1 January by age and sex,A,Annual,NR,Number,Y96,96 years,M,Males,SI,Slovenia,2020,,139,,,,,
dataflow,ESTAT:DEMO_PJAN(1.0),Population on 1 January by age and sex,A,Annual,NR,Number,Y96,96 years,M,Males,SI,Slovenia,2021,,133,,,,,
dataflow,ESTAT:DEMO_PJAN(1.0),Population on 1 January by age and sex,A,Annual,NR,Number,Y96,96 years,M,Males,SI,Slovenia,2022,,131,,,,,
dataflow,ESTAT:DEMO_PJAN(1.0),Population on 1 January by age and sex,A,Annual,NR,Number,Y96,96 years,M,Males,SI,Slovenia,2023,,151,,,,,
dataflow,ESTAT:DEMO_PJAN(1.0),Population on 1 January by age and sex,A,Annual,NR,Number,Y96,96 years,M,Males,SI,Slovenia,2024,,183,,,,,
dataflow,ESTAT:DEMO_PJAN(1.0),Population on 1 January by age and sex,A,Annual,NR,Number,Y96,96 years,M,Males,SI,Slovenia,2025,,214,,,,,
dataflow,ESTAT:DEMO_PJAN(1.0),Population on 1 January by age and sex,A,Annual,NR,Number,Y96,96 years,T,Total,SI,Slovenia,2016,,504,,,,,
dataflow,ESTAT:DEMO_PJAN(1.0),Population on 1 January by age and sex,A,Annual,NR,Number,Y96,96 years,T,Total,SI,Slovenia,2017,,555,,,,,
dataflow,ESTAT:DEMO_PJAN(1.0),Population on 1 January by age and sex,A,Annual,NR,Number,Y96,96 years,T,Total,SI,Slovenia,2018,,647,,,,,
dataflow,ESTAT:DEMO_PJAN(1.0),Population on 1 January by age and sex,A,Annual,NR,Number,Y96,96 years,T,Total,SI,Slovenia,2019,,756,,,,,
dataflow,ESTAT:DEMO_PJAN(1.0),Population on 1 January by age and sex,A,Annual,NR,Number,Y96,96 years,T,Total,SI,Slovenia,2020,,818,,,,,
dataflow,ESTAT:DEMO_PJAN(1.0),Population on 1 January by age and sex,A,Annual,NR,Number,Y96,96 years,T,Total,SI,Slovenia,2021,,758,,,,,
dataflow,ESTAT:DEMO_PJAN(1.0),Population on 1 January by age and sex,A,Annual,NR,Number,Y96,96 years,T,Total,SI,Slovenia,2022,,776,,,,,
dataflow,ESTAT:DEMO_PJAN(1.0),Population on 1 January by age and sex,A,Annual,NR,Number,Y96,96 years,T,Total,SI,Slovenia,2023,,852,,,,,
dataflow,ESTAT:DEMO_PJAN(1.0),Population on 1 January by age and sex,A,Annual,NR,Number,Y96,96 years,T,Total,SI,Slovenia,2024,,939,,,,,
dataflow,ESTAT:DEMO_PJAN(1.0),Population on 1 January by age and sex,A,Annual,NR,Number,Y96,96 years,T,Total,SI,Slovenia,2025,,978,,,,,
dataflow,ESTAT:DEMO_PJAN(1.0),Population on 1 January by age and sex,A,Annual,NR,Number,Y97,97 years,F,Females,SI,Slovenia,2016,,207,,,,,
dataflow,ESTAT:DEMO_PJAN(1.0),Population on 1 January by age and sex,A,Annual,NR,Number,Y97,97 years,F,Females,SI,Slovenia,2017,,295,,,,,
dataflow,ESTAT:DEMO_PJAN(1.0),Population on 1 January by age and sex,A,Annual,NR,Number,Y97,97 years,F,Females,SI,Slovenia,2018,,318,,,,,
dataflow,ESTAT:DEMO_PJAN(1.0),Population on 1 January by age and sex,A,Annual,NR,Number,Y97,97 years,F,Females,SI,Slovenia,2019,,386,,,,,
dataflow,ESTAT:DEMO_PJAN(1.0),Population on 1 January by age and sex,A,Annual,NR,Number,Y97,97 years,F,Females,SI,Slovenia,2020,,448,,,,,
dataflow,ESTAT:DEMO_PJAN(1.0),Population on 1 January by age and sex,A,Annual,NR,Number,Y97,97 years,F,Females,SI,Slovenia,2021,,459,,,,,
dataflow,ESTAT:DEMO_PJAN(1.0),Population on 1 January by age and sex,A,Annual,NR,Number,Y97,97 years,F,Females,SI,Slovenia,2022,,444,,,,,
dataflow,ESTAT:DEMO_PJAN(1.0),Population on 1 January by age and sex,A,Annual,NR,Number,Y97,97 years,F,Females,SI,Slovenia,2023,,474,,,,,
dataflow,ESTAT:DEMO_PJAN(1.0),Population on 1 January by age and sex,A,Annual,NR,Number,Y97,97 years,F,Females,SI,Slovenia,2024,,503,,,,,
dataflow,ESTAT:DEMO_PJAN(1.0),Population on 1 January by age and sex,A,Annual,NR,Number,Y97,97 years,F,Females,SI,Slovenia,2025,,556,,,,,
dataflow,ESTAT:DEMO_PJAN(1.0),Population on 1 January by age and sex,A,Annual,NR,Number,Y97,97 years,M,Males,SI,Slovenia,2016,,30,,,,,
dataflow,ESTAT:DEMO_PJAN(1.0),Population on 1 January by age and sex,A,Annual,NR,Number,Y97,97 years,M,Males,SI,Slovenia,2017,,77,,,,,
dataflow,ESTAT:DEMO_PJAN(1.0),Population on 1 January by age and sex,A,Annual,NR,Number,Y97,97 years,M,Males,SI,Slovenia,2018,,77,,,,,
dataflow,ESTAT:DEMO_PJAN(1.0),Population on 1 January by age and sex,A,Annual,NR,Number,Y97,97 years,M,Males,SI,Slovenia,2019,,98,,,,,
dataflow,ESTAT:DEMO_PJAN(1.0),Population on 1 January by age and sex,A,Annual,NR,Number,Y97,97 years,M,Males,SI,Slovenia,2020,,96,,,,,
dataflow,ESTAT:DEMO_PJAN(1.0),Population on 1 January by age and sex,A,Annual,NR,Number,Y97,97 years,M,Males,SI,Slovenia,2021,,91,,,,,
dataflow,ESTAT:DEMO_PJAN(1.0),Population on 1 January by age and sex,A,Annual,NR,Number,Y97,97 years,M,Males,SI,Slovenia,2022,,97,,,,,
dataflow,ESTAT:DEMO_PJAN(1.0),Population on 1 January by age and sex,A,Annual,NR,Number,Y97,97 years,M,Males,SI,Slovenia,2023,,81,,,,,
dataflow,ESTAT:DEMO_PJAN(1.0),Population on 1 January by age and sex,A,Annual,NR,Number,Y97,97 years,M,Males,SI,Slovenia,2024,,113,,,,,
dataflow,ESTAT:DEMO_PJAN(1.0),Population on 1 January by age and sex,A,Annual,NR,Number,Y97,97 years,M,Males,SI,Slovenia,2025,,128,,,,,
dataflow,ESTAT:DEMO_PJAN(1.0),Population on 1 January by age and sex,A,Annual,NR,Number,Y97,97 years,T,Total,SI,Slovenia,2016,,237,,,,,
dataflow,ESTAT:DEMO_PJAN(1.0),Population on 1 January by age and sex,A,Annual,NR,Number,Y97,97 years,T,Total,SI,Slovenia,2017,,372,,,,,
dataflow,ESTAT:DEMO_PJAN(1.0),Population on 1 January by age and sex,A,Annual,NR,Number,Y97,97 years,T,Total,SI,Slovenia,2018,,395,,,,,
dataflow,ESTAT:DEMO_PJAN(1.0),Population on 1 January by age and sex,A,Annual,NR,Number,Y97,97 years,T,Total,SI,Slovenia,2019,,484,,,,,
dataflow,ESTAT:DEMO_PJAN(1.0),Population on 1 January by age and sex,A,Annual,NR,Number,Y97,97 years,T,Total,SI,Slovenia,2020,,544,,,,,
dataflow,ESTAT:DEMO_PJAN(1.0),Population on 1 January by age and sex,A,Annual,NR,Number,Y97,97 years,T,Total,SI,Slovenia,2021,,550,,,,,
dataflow,ESTAT:DEMO_PJAN(1.0),Population on 1 January by age and sex,A,Annual,NR,Number,Y97,97 years,T,Total,SI,Slovenia,2022,,541,,,,,
dataflow,ESTAT:DEMO_PJAN(1.0),Population on 1 January by age and sex,A,Annual,NR,Number,Y97,97 years,T,Total,SI,Slovenia,2023,,555,,,,,
dataflow,ESTAT:DEMO_PJAN(1.0),Population on 1 January by age and sex,A,Annual,NR,Number,Y97,97 years,T,Total,SI,Slovenia,2024,,616,,,,,
dataflow,ESTAT:DEMO_PJAN(1.0),Population on 1 January by age and sex,A,Annual,NR,Number,Y97,97 years,T,Total,SI,Slovenia,2025,,684,,,,,
dataflow,ESTAT:DEMO_PJAN(1.0),Population on 1 January by age and sex,A,Annual,NR,Number,Y98,98 years,F,Females,SI,Slovenia,2016,,104,,,,,
dataflow,ESTAT:DEMO_PJAN(1.0),Population on 1 January by age and sex,A,Annual,NR,Number,Y98,98 years,F,Females,SI,Slovenia,2017,,137,,,,,
dataflow,ESTAT:DEMO_PJAN(1.0),Population on 1 January by age and sex,A,Annual,NR,Number,Y98,98 years,F,Females,SI,Slovenia,2018,,201,,,,,
dataflow,ESTAT:DEMO_PJAN(1.0),Population on 1 January by age and sex,A,Annual,NR,Number,Y98,98 years,F,Females,SI,Slovenia,2019,,219,,,,,
dataflow,ESTAT:DEMO_PJAN(1.0),Population on 1 January by age and sex,A,Annual,NR,Number,Y98,98 years,F,Females,SI,Slovenia,2020,,268,,,,,
dataflow,ESTAT:DEMO_PJAN(1.0),Population on 1 January by age and sex,A,Annual,NR,Number,Y98,98 years,F,Females,SI,Slovenia,2021,,280,,,,,
dataflow,ESTAT:DEMO_PJAN(1.0),Population on 1 January by age and sex,A,Annual,NR,Number,Y98,98 years,F,Females,SI,Slovenia,2022,,309,,,,,
dataflow,ESTAT:DEMO_PJAN(1.0),Population on 1 January by age and sex,A,Annual,NR,Number,Y98,98 years,F,Females,SI,Slovenia,2023,,284,,,,,
dataflow,ESTAT:DEMO_PJAN(1.0),Population on 1 January by age and sex,A,Annual,NR,Number,Y98,98 years,F,Females,SI,Slovenia,2024,,343,,,,,
dataflow,ESTAT:DEMO_PJAN(1.0),Population on 1 January by age and sex,A,Annual,NR,Number,Y98,98 years,F,Females,SI,Slovenia,2025,,346,,,,,
dataflow,ESTAT:DEMO_PJAN(1.0),Population on 1 January by age and sex,A,Annual,NR,Number,Y98,98 years,M,Males,SI,Slovenia,2016,,25,,,,,
dataflow,ESTAT:DEMO_PJAN(1.0),Population on 1 January by age and sex,A,Annual,NR,Number,Y98,98 years,M,Males,SI,Slovenia,2017,,23,,,,,
dataflow,ESTAT:DEMO_PJAN(1.0),Population on 1 January by age and sex,A,Annual,NR,Number,Y98,98 years,M,Males,SI,Slovenia,2018,,49,,,,,
dataflow,ESTAT:DEMO_PJAN(1.0),Population on 1 January by age and sex,A,Annual,NR,Number,Y98,98 years,M,Males,SI,Slovenia,2019,,50,,,,,
dataflow,ESTAT:DEMO_PJAN(1.0),Population on 1 January by age and sex,A,Annual,NR,Number,Y98,98 years,M,Males,SI,Slovenia,2020,,69,,,,,
dataflow,ESTAT:DEMO_PJAN(1.0),Population on 1 January by age and sex,A,Annual,NR,Number,Y98,98 years,M,Males,SI,Slovenia,2021,,62,,,,,
dataflow,ESTAT:DEMO_PJAN(1.0),Population on 1 January by age and sex,A,Annual,NR,Number,Y98,98 years,M,Males,SI,Slovenia,2022,,65,,,,,
dataflow,ESTAT:DEMO_PJAN(1.0),Population on 1 January by age and sex,A,Annual,NR,Number,Y98,98 years,M,Males,SI,Slovenia,2023,,64,,,,,
dataflow,ESTAT:DEMO_PJAN(1.0),Population on 1 January by age and sex,A,Annual,NR,Number,Y98,98 years,M,Males,SI,Slovenia,2024,,58,,,,,
dataflow,ESTAT:DEMO_PJAN(1.0),Population on 1 January by age and sex,A,Annual,NR,Number,Y98,98 years,M,Males,SI,Slovenia,2025,,80,,,,,
dataflow,ESTAT:DEMO_PJAN(1.0),Population on 1 January by age and sex,A,Annual,NR,Number,Y98,98 years,T,Total,SI,Slovenia,2016,,129,,,,,
dataflow,ESTAT:DEMO_PJAN(1.0),Population on 1 January by age and sex,A,Annual,NR,Number,Y98,98 years,T,Total,SI,Slovenia,2017,,160,,,,,
dataflow,ESTAT:DEMO_PJAN(1.0),Population on 1 January by age and sex,A,Annual,NR,Number,Y98,98 years,T,Total,SI,Slovenia,2018,,250,,,,,
dataflow,ESTAT:DEMO_PJAN(1.0),Population on 1 January by age and sex,A,Annual,NR,Number,Y98,98 years,T,Total,SI,Slovenia,2019,,269,,,,,
dataflow,ESTAT:DEMO_PJAN(1.0),Population on 1 January by age and sex,A,Annual,NR,Number,Y98,98 years,T,Total,SI,Slovenia,2020,,337,,,,,
dataflow,ESTAT:DEMO_PJAN(1.0),Population on 1 January by age and sex,A,Annual,NR,Number,Y98,98 years,T,Total,SI,Slovenia,2021,,342,,,,,
dataflow,ESTAT:DEMO_PJAN(1.0),Population on 1 January by age and sex,A,Annual,NR,Number,Y98,98 years,T,Total,SI,Slovenia,2022,,374,,,,,
dataflow,ESTAT:DEMO_PJAN(1.0),Population on 1 January by age and sex,A,Annual,NR,Number,Y98,98 years,T,Total,SI,Slovenia,2023,,348,,,,,
dataflow,ESTAT:DEMO_PJAN(1.0),Population on 1 January by age and sex,A,Annual,NR,Number,Y98,98 years,T,Total,SI,Slovenia,2024,,401,,,,,
dataflow,ESTAT:DEMO_PJAN(1.0),Population on 1 January by age and sex,A,Annual,NR,Number,Y98,98 years,T,Total,SI,Slovenia,2025,,426,,,,,
dataflow,ESTAT:DEMO_PJAN(1.0),Population on 1 January by age and sex,A,Annual,NR,Number,Y99,99 years,F,Females,SI,Slovenia,2016,,81,,,,,
dataflow,ESTAT:DEMO_PJAN(1.0),Population on 1 January by age and sex,A,Annual,NR,Number,Y99,99 years,F,Females,SI,Slovenia,2017,,65,,,,,
dataflow,ESTAT:DEMO_PJAN(1.0),Population on 1 January by age and sex,A,Annual,NR,Number,Y99,99 years,F,Females,SI,Slovenia,2018,,94,,,,,
dataflow,ESTAT:DEMO_PJAN(1.0),Population on 1 January by age and sex,A,Annual,NR,Number,Y99,99 years,F,Females,SI,Slovenia,2019,,152,,,,,
dataflow,ESTAT:DEMO_PJAN(1.0),Population on 1 January by age and sex,A,Annual,NR,Number,Y99,99 years,F,Females,SI,Slovenia,2020,,151,,,,,
dataflow,ESTAT:DEMO_PJAN(1.0),Population on 1 January by age and sex,A,Annual,NR,Number,Y99,99 years,F,Females,SI,Slovenia,2021,,174,,,,,
dataflow,ESTAT:DEMO_PJAN(1.0),Population on 1 January by age and sex,A,Annual,NR,Number,Y99,99 years,F,Females,SI,Slovenia,2022,,194,,,,,
dataflow,ESTAT:DEMO_PJAN(1.0),Population on 1 January by age and sex,A,Annual,NR,Number,Y99,99 years,F,Females,SI,Slovenia,2023,,208,,,,,
dataflow,ESTAT:DEMO_PJAN(1.0),Population on 1 January by age and sex,A,Annual,NR,Number,Y99,99 years,F,Females,SI,Slovenia,2024,,192,,,,,
dataflow,ESTAT:DEMO_PJAN(1.0),Population on 1 January by age and sex,A,Annual,NR,Number,Y99,99 years,F,Females,SI,Slovenia,2025,,236,,,,,
dataflow,ESTAT:DEMO_PJAN(1.0),Population on 1 January by age and sex,A,Annual,NR,Number,Y99,99 years,M,Males,SI,Slovenia,2016,,22,,,,,
dataflow,ESTAT:DEMO_PJAN(1.0),Population on 1 January by age and sex,A,Annual,NR,Number,Y99,99 years,M,Males,SI,Slovenia,2017,,18,,,,,
dataflow,ESTAT:DEMO_PJAN(1.0),Population on 1 January by age and sex,A,Annual,NR,Number,Y99,99 years,M,Males,SI,Slovenia,2018,,10,,,,,
dataflow,ESTAT:DEMO_PJAN(1.0),Population on 1 January by age and sex,A,Annual,NR,Number,Y99,99 years,M,Males,SI,Slovenia,2019,,39,,,,,
dataflow,ESTAT:DEMO_PJAN(1.0),Population on 1 January by age and sex,A,Annual,NR,Number,Y99,99 years,M,Males,SI,Slovenia,2020,,34,,,,,
dataflow,ESTAT:DEMO_PJAN(1.0),Population on 1 January by age and sex,A,Annual,NR,Number,Y99,99 years,M,Males,SI,Slovenia,2021,,42,,,,,
dataflow,ESTAT:DEMO_PJAN(1.0),Population on 1 January by age and sex,A,Annual,NR,Number,Y99,99 years,M,Males,SI,Slovenia,2022,,41,,,,,
dataflow,ESTAT:DEMO_PJAN(1.0),Population on 1 January by age and sex,A,Annual,NR,Number,Y99,99 years,M,Males,SI,Slovenia,2023,,40,,,,,
dataflow,ESTAT:DEMO_PJAN(1.0),Population on 1 January by age and sex,A,Annual,NR,Number,Y99,99 years,M,Males,SI,Slovenia,2024,,42,,,,,
dataflow,ESTAT:DEMO_PJAN(1.0),Population on 1 January by age and sex,A,Annual,NR,Number,Y99,99 years,M,Males,SI,Slovenia,2025,,37,,,,,
dataflow,ESTAT:DEMO_PJAN(1.0),Population on 1 January by age and sex,A,Annual,NR,Number,Y99,99 years,T,Total,SI,Slovenia,2016,,103,,,,,
dataflow,ESTAT:DEMO_PJAN(1.0),Population on 1 January by age and sex,A,Annual,NR,Number,Y99,99 years,T,Total,SI,Slovenia,2017,,83,,,,,
dataflow,ESTAT:DEMO_PJAN(1.0),Population on 1 January by age and sex,A,Annual,NR,Number,Y99,99 years,T,Total,SI,Slovenia,2018,,104,,,,,
dataflow,ESTAT:DEMO_PJAN(1.0),Population on 1 January by age and sex,A,Annual,NR,Number,Y99,99 years,T,Total,SI,Slovenia,2019,,191,,,,,
dataflow,ESTAT:DEMO_PJAN(1.0),Population on 1 January by age and sex,A,Annual,NR,Number,Y99,99 years,T,Total,SI,Slovenia,2020,,185,,,,,
dataflow,ESTAT:DEMO_PJAN(1.0),Population on 1 January by age and sex,A,Annual,NR,Number,Y99,99 years,T,Total,SI,Slovenia,2021,,216,,,,,
dataflow,ESTAT:DEMO_PJAN(1.0),Population on 1 January by age and sex,A,Annual,NR,Number,Y99,99 years,T,Total,SI,Slovenia,2022,,235,,,,,
dataflow,ESTAT:DEMO_PJAN(1.0),Population on 1 January by age and sex,A,Annual,NR,Number,Y99,99 years,T,Total,SI,Slovenia,2023,,248,,,,,
dataflow,ESTAT:DEMO_PJAN(1.0),Population on 1 January by age and sex,A,Annual,NR,Number,Y99,99 years,T,Total,SI,Slovenia,2024,,234,,,,,
dataflow,ESTAT:DEMO_PJAN(1.0),Population on 1 January by age and sex,A,Annual,NR,Number,Y99,99 years,T,Total,SI,Slovenia,2025,,273,,,,,
dataflow,ESTAT:DEMO_PJAN(1.0),Population on 1 January by age and sex,A,Annual,NR,Number,Y_LT1,Less than 1 year,F,Females,SI,Slovenia,2016,,10024,,,,,
dataflow,ESTAT:DEMO_PJAN(1.0),Population on 1 January by age and sex,A,Annual,NR,Number,Y_LT1,Less than 1 year,F,Females,SI,Slovenia,2017,,9967,,,,,
dataflow,ESTAT:DEMO_PJAN(1.0),Population on 1 January by age and sex,A,Annual,NR,Number,Y_LT1,Less than 1 year,F,Females,SI,Slovenia,2018,,9748,,,,,
dataflow,ESTAT:DEMO_PJAN(1.0),Population on 1 January by age and sex,A,Annual,NR,Number,Y_LT1,Less than 1 year,F,Females,SI,Slovenia,2019,,9428,,,,,
dataflow,ESTAT:DEMO_PJAN(1.0),Population on 1 January by age and sex,A,Annual,NR,Number,Y_LT1,Less than 1 year,F,Females,SI,Slovenia,2020,,9340,,,,,
dataflow,ESTAT:DEMO_PJAN(1.0),Population on 1 January by age and sex,A,Annual,NR,Number,Y_LT1,Less than 1 year,F,Females,SI,Slovenia,2021,,9059,,,,,
dataflow,ESTAT:DEMO_PJAN(1.0),Population on 1 January by age and sex,A,Annual,NR,Number,Y_LT1,Less than 1 year,F,Females,SI,Slovenia,2022,,9163,,,,,
dataflow,ESTAT:DEMO_PJAN(1.0),Population on 1 January by age and sex,A,Annual,NR,Number,Y_LT1,Less than 1 year,F,Females,SI,Slovenia,2023,,8561,,,,,
dataflow,ESTAT:DEMO_PJAN(1.0),Population on 1 January by age and sex,A,Annual,NR,Number,Y_LT1,Less than 1 year,F,Females,SI,Slovenia,2024,,8298,,,,,
dataflow,ESTAT:DEMO_PJAN(1.0),Population on 1 January by age and sex,A,Annual,NR,Number,Y_LT1,Less than 1 year,F,Females,SI,Slovenia,2025,,8031,,,,,
dataflow,ESTAT:DEMO_PJAN(1.0),Population on 1 January by age and sex,A,Annual,NR,Number,Y_LT1,Less than 1 year,M,Males,SI,Slovenia,2016,,10596,,,,,
dataflow,ESTAT:DEMO_PJAN(1.0),Population on 1 January by age and sex,A,Annual,NR,Number,Y_LT1,Less than 1 year,M,Males,SI,Slovenia,2017,,10357,,,,,
dataflow,ESTAT:DEMO_PJAN(1.0),Population on 1 January by age and sex,A,Annual,NR,Number,Y_LT1,Less than 1 year,M,Males,SI,Slovenia,2018,,10476,,,,,
dataflow,ESTAT:DEMO_PJAN(1.0),Population on 1 January by age and sex,A,Annual,NR,Number,Y_LT1,Less than 1 year,M,Males,SI,Slovenia,2019,,10143,,,,,
dataflow,ESTAT:DEMO_PJAN(1.0),Population on 1 January by age and sex,A,Annual,NR,Number,Y_LT1,Less than 1 year,M,Males,SI,Slovenia,2020,,9959,,,,,
dataflow,ESTAT:DEMO_PJAN(1.0),Population on 1 January by age and sex,A,Annual,NR,Number,Y_LT1,Less than 1 year,M,Males,SI,Slovenia,2021,,9675,,,,,
dataflow,ESTAT:DEMO_PJAN(1.0),Population on 1 January by age and sex,A,Annual,NR,Number,Y_LT1,Less than 1 year,M,Males,SI,Slovenia,2022,,9805,,,,,
dataflow,ESTAT:DEMO_PJAN(1.0),Population on 1 January by age and sex,A,Annual,NR,Number,Y_LT1,Less than 1 year,M,Males,SI,Slovenia,2023,,9023,,,,,
dataflow,ESTAT:DEMO_PJAN(1.0),Population on 1 January by age and sex,A,Annual,NR,Number,Y_LT1,Less than 1 year,M,Males,SI,Slovenia,2024,,8662,,,,,
dataflow,ESTAT:DEMO_PJAN(1.0),Population on 1 January by age and sex,A,Annual,NR,Number,Y_LT1,Less than 1 year,M,Males,SI,Slovenia,2025,,8833,,,,,
dataflow,ESTAT:DEMO_PJAN(1.0),Population on 1 January by age and sex,A,Annual,NR,Number,Y_LT1,Less than 1 year,T,Total,SI,Slovenia,2016,,20620,,,,,
dataflow,ESTAT:DEMO_PJAN(1.0),Population on 1 January by age and sex,A,Annual,NR,Number,Y_LT1,Less than 1 year,T,Total,SI,Slovenia,2017,,20324,,,,,
dataflow,ESTAT:DEMO_PJAN(1.0),Population on 1 January by age and sex,A,Annual,NR,Number,Y_LT1,Less than 1 year,T,Total,SI,Slovenia,2018,,20224,,,,,
dataflow,ESTAT:DEMO_PJAN(1.0),Population on 1 January by age and sex,A,Annual,NR,Number,Y_LT1,Less than 1 year,T,Total,SI,Slovenia,2019,,19571,,,,,
dataflow,ESTAT:DEMO_PJAN(1.0),Population on 1 January by age and sex,A,Annual,NR,Number,Y_LT1,Less than 1 year,T,Total,SI,Slovenia,2020,,19299,,,,,
dataflow,ESTAT:DEMO_PJAN(1.0),Population on 1 January by age and sex,A,Annual,NR,Number,Y_LT1,Less than 1 year,T,Total,SI,Slovenia,2021,,18734,,,,,
dataflow,ESTAT:DEMO_PJAN(1.0),Population on 1 January by age and sex,A,Annual,NR,Number,Y_LT1,Less than 1 year,T,Total,SI,Slovenia,2022,,18968,,,,,
dataflow,ESTAT:DEMO_PJAN(1.0),Population on 1 January by age and sex,A,Annual,NR,Number,Y_LT1,Less than 1 year,T,Total,SI,Slovenia,2023,,17584,,,,,
dataflow,ESTAT:DEMO_PJAN(1.0),Population on 1 January by age and sex,A,Annual,NR,Number,Y_LT1,Less than 1 year,T,Total,SI,Slovenia,2024,,16960,,,,,
dataflow,ESTAT:DEMO_PJAN(1.0),Population on 1 January by age and sex,A,Annual,NR,Number,Y_LT1,Less than 1 year,T,Total,SI,Slovenia,2025,,16864,,,,,
dataflow,ESTAT:DEMO_PJAN(1.0),Population on 1 January by age and sex,A,Annual,NR,Number,Y_OPEN,Open-ended age class,F,Females,SI,Slovenia,2016,,188,,,,,
dataflow,ESTAT:DEMO_PJAN(1.0),Population on 1 January by age and sex,A,Annual,NR,Number,Y_OPEN,Open-ended age class,F,Females,SI,Slovenia,2017,,185,,,,,
dataflow,ESTAT:DEMO_PJAN(1.0),Population on 1 January by age and sex,A,Annual,NR,Number,Y_OPEN,Open-ended age class,F,Females,SI,Slovenia,2018,,154,,,,,
dataflow,ESTAT:DEMO_PJAN(1.0),Population on 1 January by age and sex,A,Annual,NR,Number,Y_OPEN,Open-ended age class,F,Females,SI,Slovenia,2019,,161,,,,,
dataflow,ESTAT:DEMO_PJAN(1.0),Population on 1 January by age and sex,A,Annual,NR,Number,Y_OPEN,Open-ended age class,F,Females,SI,Slovenia,2020,,208,,,,,
dataflow,ESTAT:DEMO_PJAN(1.0),Population on 1 January by age and sex,A,Annual,NR,Number,Y_OPEN,Open-ended age class,F,Females,SI,Slovenia,2021,,230,,,,,
dataflow,ESTAT:DEMO_PJAN(1.0),Population on 1 January by age and sex,A,Annual,NR,Number,Y_OPEN,Open-ended age class,F,Females,SI,Slovenia,2022,,254,,,,,
dataflow,ESTAT:DEMO_PJAN(1.0),Population on 1 January by age and sex,A,Annual,NR,Number,Y_OPEN,Open-ended age class,F,Females,SI,Slovenia,2023,,300,,,,,
dataflow,ESTAT:DEMO_PJAN(1.0),Population on 1 January by age and sex,A,Annual,NR,Number,Y_OPEN,Open-ended age class,F,Females,SI,Slovenia,2024,,324,,,,,
dataflow,ESTAT:DEMO_PJAN(1.0),Population on 1 January by age and sex,A,Annual,NR,Number,Y_OPEN,Open-ended age class,F,Females,SI,Slovenia,2025,,324,,,,,
dataflow,ESTAT:DEMO_PJAN(1.0),Population on 1 January by age and sex,A,Annual,NR,Number,Y_OPEN,Open-ended age class,M,Males,SI,Slovenia,2016,,31,,,,,
dataflow,ESTAT:DEMO_PJAN(1.0),Population on 1 January by age and sex,A,Annual,NR,Number,Y_OPEN,Open-ended age class,M,Males,SI,Slovenia,2017,,36,,,,,
dataflow,ESTAT:DEMO_PJAN(1.0),Population on 1 January by age and sex,A,Annual,NR,Number,Y_OPEN,Open-ended age class,M,Males,SI,Slovenia,2018,,33,,,,,
dataflow,ESTAT:DEMO_PJAN(1.0),Population on 1 January by age and sex,A,Annual,NR,Number,Y_OPEN,Open-ended age class,M,Males,SI,Slovenia,2019,,28,,,,,
dataflow,ESTAT:DEMO_PJAN(1.0),Population on 1 January by age and sex,A,Annual,NR,Number,Y_OPEN,Open-ended age class,M,Males,SI,Slovenia,2020,,44,,,,,
dataflow,ESTAT:DEMO_PJAN(1.0),Population on 1 January by age and sex,A,Annual,NR,Number,Y_OPEN,Open-ended age class,M,Males,SI,Slovenia,2021,,51,,,,,
dataflow,ESTAT:DEMO_PJAN(1.0),Population on 1 January by age and sex,A,Annual,NR,Number,Y_OPEN,Open-ended age class,M,Males,SI,Slovenia,2022,,60,,,,,
dataflow,ESTAT:DEMO_PJAN(1.0),Population on 1 January by age and sex,A,Annual,NR,Number,Y_OPEN,Open-ended age class,M,Males,SI,Slovenia,2023,,63,,,,,
dataflow,ESTAT:DEMO_PJAN(1.0),Population on 1 January by age and sex,A,Annual,NR,Number,Y_OPEN,Open-ended age class,M,Males,SI,Slovenia,2024,,62,,,,,
dataflow,ESTAT:DEMO_PJAN(1.0),Population on 1 January by age and sex,A,Annual,NR,Number,Y_OPEN,Open-ended age class,M,Males,SI,Slovenia,2025,,64,,,,,
dataflow,ESTAT:DEMO_PJAN(1.0),Population on 1 January by age and sex,A,Annual,NR,Number,Y_OPEN,Open-ended age class,T,Total,SI,Slovenia,2016,,219,,,,,
dataflow,ESTAT:DEMO_PJAN(1.0),Population on 1 January by age and sex,A,Annual,NR,Number,Y_OPEN,Open-ended age class,T,Total,SI,Slovenia,2017,,221,,,,,
dataflow,ESTAT:DEMO_PJAN(1.0),Population on 1 January by age and sex,A,Annual,NR,Number,Y_OPEN,Open-ended age class,T,Total,SI,Slovenia,2018,,187,,,,,
dataflow,ESTAT:DEMO_PJAN(1.0),Population on 1 January by age and sex,A,Annual,NR,Number,Y_OPEN,Open-ended age class,T,Total,SI,Slovenia,2019,,189,,,,,
dataflow,ESTAT:DEMO_PJAN(1.0),Population on 1 January by age and sex,A,Annual,NR,Number,Y_OPEN,Open-ended age class,T,Total,SI,Slovenia,2020,,252,,,,,
dataflow,ESTAT:DEMO_PJAN(1.0),Population on 1 January by age and sex,A,Annual,NR,Number,Y_OPEN,Open-ended age class,T,Total,SI,Slovenia,2021,,281,,,,,
dataflow,ESTAT:DEMO_PJAN(1.0),Population on 1 January by age and sex,A,Annual,NR,Number,Y_OPEN,Open-ended age class,T,Total,SI,Slovenia,2022,,314,,,,,
dataflow,ESTAT:DEMO_PJAN(1.0),Population on 1 January by age and sex,A,Annual,NR,Number,Y_OPEN,Open-ended age class,T,Total,SI,Slovenia,2023,,363,,,,,
dataflow,ESTAT:DEMO_PJAN(1.0),Population on 1 January by age and sex,A,Annual,NR,Number,Y_OPEN,Open-ended age class,T,Total,SI,Slovenia,2024,,386,,,,,
dataflow,ESTAT:DEMO_PJAN(1.0),Population on 1 January by age and sex,A,Annual,NR,Number,Y_OPEN,Open-ended age class,T,Total,SI,Slovenia,2025,,388,,,,,
